state,market,commodity,arrival_date,variety,arrivals_mt,min_price,max_price,modal_price
Maharashtra,AGRICULTURE PRODUCE MARKET COMITEE CHANDWAD,Tomato,2026-02-01,Local,3.3,350.0,1575.0,1125.0
Maharashtra,Ahilyanagar APMC,Tomato,2026-02-01,Other,33.9,400.0,1300.0,850.0
Maharashtra,Akluj APMC,Tomato,2026-02-01,Local,2.0,800.0,1200.0,1000.0
Maharashtra,Amrawati(Frui & Veg. Market) APMC,Tomato,2026-02-01,Local,18.0,1000.0,1300.0,1150.0
Maharashtra,Bhusaval APMC,Tomato,2026-02-01,Other,5.3,1100.0,2000.0,1600.0
Maharashtra,Chattrapati Sambhajinagar APMC,Tomato,2026-02-01,Other,7.0,600.0,1600.0,1100.0
Maharashtra,Junnar(Narayangaon) APMC,Tomato,2026-02-01,Local,286.0,250.0,1250.0,750.0
Maharashtra,Kalmeshwar APMC,Tomato,2026-02-01,Other,2.4,615.0,1000.0,805.0
Maharashtra,Kolhapur APMC,Tomato,2026-02-01,Other,39.2,800.0,1600.0,1200.0
Maharashtra,Manchar APMC,Tomato,2026-02-01,Other,0.3,1800.0,3600.0,2700.0
Maharashtra,Mangal Wedha APMC,Tomato,2026-02-01,Local,5.7,500.0,1000.0,700.0
Maharashtra,Nasik APMC,Tomato,2026-02-01,Other,101.4,200.0,1250.0,750.0
Maharashtra,Panvel APMC,Tomato,2026-02-01,Other,55.5,3500.0,4000.0,3750.0
Maharashtra,Pimpalgaon Baswant APMC,Tomato,2026-02-01,Other,26.6,250.0,1355.0,755.0
Maharashtra,Pune APMC,Tomato,2026-02-01,Local,401.0,600.0,1600.0,1100.0
Maharashtra,Pune(Khadiki) APMC,Tomato,2026-02-01,Local,1.7,900.0,1300.0,1100.0
Maharashtra,Pune(Manjri) APMC,Tomato,2026-02-01,Other,48.2,1000.0,2000.0,1500.0
Maharashtra,Pune(Moshi) APMC,Tomato,2026-02-01,Local,91.2,1000.0,1500.0,1250.0
Maharashtra,Pune(Pimpri) APMC,Tomato,2026-02-01,Local,2.3,900.0,1600.0,1250.0
Maharashtra,Rahata APMC,Tomato,2026-02-01,Other,7.9,250.0,1500.0,900.0
Maharashtra,Rahuri APMC,Tomato,2026-02-01,Other,5.6,1500.0,2200.0,1850.0
Maharashtra,Ramtek APMC,Tomato,2026-02-01,Other,7.0,800.0,1000.0,900.0
Maharashtra,Sangamner APMC,Tomato,2026-02-01,Other,18.0,250.0,1500.0,851.0
Maharashtra,Satara APMC,Tomato,2026-02-01,Other,13.0,1000.0,1500.0,1200.0
Maharashtra,Shrirampur APMC,Tomato,2026-02-01,Other,2.6,1000.0,1500.0,1250.0
Maharashtra,Vadgaonpeth APMC,Tomato,2026-02-01,Local,5.0,900.0,1600.0,1000.0
Maharashtra,Vai APMC,Tomato,2026-02-01,Local,12.0,1000.0,2500.0,1800.0
Maharashtra,AGRICULTURE PRODUCE MARKET COMITEE CHANDWAD,Tomato,2026-02-02,Local,2.8,500.0,1625.0,1250.0
Maharashtra,Akluj APMC,Tomato,2026-02-02,Local,2.5,800.0,1500.0,1000.0
Maharashtra,Amrawati(Frui & Veg. Market) APMC,Tomato,2026-02-02,Local,16.8,1000.0,1200.0,1100.0
Maharashtra,Chattrapati Sambhajinagar APMC,Tomato,2026-02-02,Other,9.3,1000.0,2500.0,1750.0
Maharashtra,HINGNA - APMC,Tomato,2026-02-02,Local,15.8,150.0,2000.0,816.0
Maharashtra,Jalgaon APMC,Tomato,2026-02-02,Other,10.0,700.0,1200.0,950.0
Maharashtra,Junnar(Narayangaon) APMC,Tomato,2026-02-02,Local,224.5,250.0,1250.0,750.0
Maharashtra,Kalyan APMC,Tomato,2026-02-02,Other,0.3,1200.0,1500.0,1350.0
Maharashtra,Karad APMC,Tomato,2026-02-02,Other,1.8,800.0,1500.0,1500.0
Maharashtra,Kolhapur APMC,Tomato,2026-02-02,Other,23.4,1000.0,2000.0,1500.0
Maharashtra,Mangal Wedha APMC,Tomato,2026-02-02,Local,8.0,200.0,1400.0,1000.0
Maharashtra,Mumbai APMC,Tomato,2026-02-02,Other,217.6,1200.0,1600.0,1400.0
Maharashtra,Nagpur APMC,Tomato,2026-02-02,Other,50.0,1000.0,1200.0,1150.0
Maharashtra,Nasik APMC,Tomato,2026-02-02,Other,102.6,250.0,1100.0,675.0
Maharashtra,Pandharpur APMC,Tomato,2026-02-02,Other,2.5,500.0,1500.0,1000.0
Maharashtra,Panvel APMC,Tomato,2026-02-02,Other,76.0,2500.0,3000.0,2750.0
Maharashtra,Patan APMC,Tomato,2026-02-02,Other,0.7,1250.0,1450.0,1350.0
Maharashtra,Pimpalgaon Baswant APMC,Tomato,2026-02-02,Other,50.3,255.0,1505.0,905.0
Maharashtra,Pune APMC,Tomato,2026-02-02,Local,203.3,800.0,1600.0,1200.0
Maharashtra,Pune(Khadiki) APMC,Tomato,2026-02-02,Local,1.0,800.0,1300.0,1050.0
Maharashtra,Pune(Manjri) APMC,Tomato,2026-02-02,Other,40.4,1000.0,2500.0,1500.0
Maharashtra,Pune(Moshi) APMC,Tomato,2026-02-02,Local,64.7,1000.0,2000.0,1500.0
Maharashtra,Pune(Pimpri) APMC,Tomato,2026-02-02,Local,0.9,1400.0,1500.0,1450.0
Maharashtra,Rahuri APMC,Tomato,2026-02-02,Other,1.3,500.0,1500.0,1000.0
Maharashtra,Ratnagiri (Nachane) APMC,Tomato,2026-02-02,Other,2.7,1600.0,2500.0,2000.0
Maharashtra,SHRI.SIDDHESHWAR  APMC,Tomato,2026-02-02,Other,25.2,200.0,1000.0,700.0
Maharashtra,Sangamner APMC,Tomato,2026-02-02,Other,18.0,250.0,1500.0,875.0
Maharashtra,Satara APMC,Tomato,2026-02-02,Other,6.2,1000.0,1500.0,1250.0
Maharashtra,Shrirampur APMC,Tomato,2026-02-02,Other,2.8,1000.0,1500.0,1250.0
Maharashtra,Vai APMC,Tomato,2026-02-02,Local,1.5,1000.0,1800.0,1500.0
Maharashtra,Vita APMC,Tomato,2026-02-02,Other,10.0,500.0,1000.0,850.0
Maharashtra,Amrawati(Frui & Veg. Market) APMC,Tomato,2026-02-03,Local,16.8,1000.0,1300.0,1150.0
Maharashtra,Bhusaval APMC,Tomato,2026-02-03,Other,2.4,1200.0,2000.0,1500.0
Maharashtra,Chandrapur(Ganjwad) APMC,Tomato,2026-02-03,Other,38.0,400.0,800.0,600.0
Maharashtra,Chattrapati Sambhajinagar APMC,Tomato,2026-02-03,Other,7.7,600.0,1000.0,800.0
Maharashtra,HINGNA - APMC,Tomato,2026-02-03,Local,15.2,400.0,1500.0,731.0
Maharashtra,Islampur APMC,Tomato,2026-02-03,Other,10.8,500.0,1000.0,750.0
Maharashtra,Kalmeshwar APMC,Tomato,2026-02-03,Other,2.3,610.0,1000.0,820.0
Maharashtra,Karad APMC,Tomato,2026-02-03,Other,3.0,1000.0,1500.0,1500.0
Maharashtra,Khed(Chakan) APMC,Tomato,2026-02-03,Other,29.4,700.0,1500.0,1000.0
Maharashtra,Kolhapur APMC,Tomato,2026-02-03,Other,16.8,800.0,1500.0,1200.0
Maharashtra,Manchar APMC,Tomato,2026-02-03,Other,0.5,1000.0,2700.0,1850.0
Maharashtra,Mumbai APMC,Tomato,2026-02-03,Other,282.3,1600.0,2000.0,1800.0
Maharashtra,Nagpur APMC,Tomato,2026-02-03,Local,70.0,500.0,1500.0,1250.0
Maharashtra,Nagpur APMC,Tomato,2026-02-03,Other,70.0,1000.0,1500.0,1375.0
Maharashtra,Nasik APMC,Tomato,2026-02-03,Other,96.3,250.0,1350.0,800.0
Maharashtra,Palus APMC,Tomato,2026-02-03,Other,0.6,1000.0,1200.0,1100.0
Maharashtra,Panvel APMC,Tomato,2026-02-03,Other,74.0,2500.0,3000.0,2750.0
Maharashtra,Patan APMC,Tomato,2026-02-03,Other,0.7,850.0,1050.0,950.0
Maharashtra,Phaltan APMC,Tomato,2026-02-03,Other,8.3,500.0,1750.0,997.0
Maharashtra,Pimpalgaon Baswant APMC,Tomato,2026-02-03,Other,80.1,255.0,1255.0,755.0
Maharashtra,Pune APMC,Tomato,2026-02-03,Local,253.0,600.0,1500.0,1050.0
Maharashtra,Pune(Manjri) APMC,Tomato,2026-02-03,Other,42.1,800.0,2500.0,1500.0
Maharashtra,Pune(Moshi) APMC,Tomato,2026-02-03,Local,72.3,1000.0,2000.0,1500.0
Maharashtra,Pune(Pimpri) APMC,Tomato,2026-02-03,Local,0.6,2000.0,2000.0,2000.0
Maharashtra,Rahata APMC,Tomato,2026-02-03,Other,5.0,500.0,1500.0,1000.0
Maharashtra,Rahuri APMC,Tomato,2026-02-03,Other,3.1,1000.0,3000.0,2000.0
Maharashtra,Ramtek APMC,Tomato,2026-02-03,Other,4.6,600.0,800.0,700.0
Maharashtra,SHRI.SIDDHESHWAR  APMC,Tomato,2026-02-03,Other,29.0,100.0,1000.0,700.0
Maharashtra,Sangamner APMC,Tomato,2026-02-03,Other,15.0,250.0,1500.0,875.0
Maharashtra,Satara APMC,Tomato,2026-02-03,Other,9.3,1000.0,1500.0,1250.0
Maharashtra,Vadgaonpeth APMC,Tomato,2026-02-03,Local,6.6,1000.0,3000.0,2000.0
Maharashtra,AGRICULTURE PRODUCE MARKET COMITEE CHANDWAD,Tomato,2026-02-04,Local,2.7,500.0,1675.0,1250.0
Maharashtra,Akluj APMC,Tomato,2026-02-04,Local,2.5,800.0,1500.0,1000.0
Maharashtra,Amrawati(Frui & Veg. Market) APMC,Tomato,2026-02-04,Local,16.0,1000.0,1200.0,1100.0
Maharashtra,Bhusaval APMC,Tomato,2026-02-04,Other,3.0,1200.0,2000.0,1500.0
Maharashtra,Chandrapur(Ganjwad) APMC,Tomato,2026-02-04,Other,35.0,400.0,600.0,500.0
Maharashtra,Chattrapati Sambhajinagar APMC,Tomato,2026-02-04,Other,8.1,600.0,1000.0,800.0
Maharashtra,HINGNA - APMC,Tomato,2026-02-04,Local,9.6,300.0,2000.0,781.0
Maharashtra,Jalgaon APMC,Tomato,2026-02-04,Other,15.6,500.0,1000.0,700.0
Maharashtra,Kalmeshwar APMC,Tomato,2026-02-04,Other,2.6,615.0,1000.0,825.0
Maharashtra,Karad APMC,Tomato,2026-02-04,Other,3.9,1000.0,1200.0,1200.0
Maharashtra,Khed(Chakan) APMC,Tomato,2026-02-04,Other,26.9,800.0,1400.0,1000.0
Maharashtra,Kolhapur APMC,Tomato,2026-02-04,Other,26.4,1000.0,2000.0,1500.0
Maharashtra,Manchar APMC,Tomato,2026-02-04,Other,0.4,1500.0,3000.0,2300.0
Maharashtra,Mangal Wedha APMC,Tomato,2026-02-04,Local,4.5,200.0,1300.0,900.0
Maharashtra,Mumbai APMC,Tomato,2026-02-04,Other,59.1,1600.0,2200.0,1900.0
Maharashtra,Nagpur APMC,Tomato,2026-02-04,Other,50.0,1000.0,1500.0,1325.0
Maharashtra,Nasik APMC,Tomato,2026-02-04,Other,105.5,200.0,1100.0,650.0
Maharashtra,Pandharpur APMC,Tomato,2026-02-04,Other,2.5,500.0,1500.0,1000.0
Maharashtra,Panvel APMC,Tomato,2026-02-04,Other,62.6,3000.0,3500.0,3250.0
Maharashtra,Patan APMC,Tomato,2026-02-04,Other,0.9,1250.0,1450.0,1350.0
Maharashtra,Pimpalgaon Baswant APMC,Tomato,2026-02-04,Other,70.9,255.0,1255.0,855.0
Maharashtra,Pune APMC,Tomato,2026-02-04,Local,210.3,800.0,1600.0,1200.0
Maharashtra,Pune(Khadiki) APMC,Tomato,2026-02-04,Local,1.4,700.0,1300.0,1000.0
Maharashtra,Pune(Manjri) APMC,Tomato,2026-02-04,Other,42.8,500.0,1500.0,1000.0
Maharashtra,Pune(Pimpri) APMC,Tomato,2026-02-04,Local,1.0,1400.0,1500.0,1450.0
Maharashtra,Rahata APMC,Tomato,2026-02-04,Other,4.3,500.0,1000.0,800.0
Maharashtra,Rahuri APMC,Tomato,2026-02-04,Other,0.8,500.0,1500.0,1000.0
Maharashtra,SHRI.SIDDHESHWAR  APMC,Tomato,2026-02-04,Other,23.1,150.0,800.0,600.0
Maharashtra,Sangamner APMC,Tomato,2026-02-04,Other,19.0,250.0,1500.0,875.0
Maharashtra,Satara APMC,Tomato,2026-02-04,Other,5.6,1000.0,1200.0,1100.0
Maharashtra,Shrirampur APMC,Tomato,2026-02-04,Other,3.3,1000.0,1500.0,1250.0
Maharashtra,Vadgaonpeth APMC,Tomato,2026-02-04,Local,4.5,600.0,1500.0,1000.0
Maharashtra,AGRICULTURE PRODUCE MARKET COMITEE CHANDWAD,Tomato,2026-02-05,Local,2.8,500.0,1250.0,1075.0
Maharashtra,Akluj APMC,Tomato,2026-02-05,Local,2.5,1000.0,1600.0,1400.0
Maharashtra,Bhusaval APMC,Tomato,2026-02-05,Other,3.4,1200.0,2000.0,1500.0
Maharashtra,Chattrapati Sambhajinagar APMC,Tomato,2026-02-05,Other,9.3,800.0,1000.0,900.0
Maharashtra,Ghoti APMC,Tomato,2026-02-05,Other,6.9,1800.0,2000.0,1900.0
Maharashtra,HINGNA - APMC,Tomato,2026-02-05,Local,9.7,500.0,1750.0,943.0
Maharashtra,Jalgaon APMC,Tomato,2026-02-05,Other,16.0,500.0,1000.0,700.0
Maharashtra,Junnar(Narayangaon) APMC,Tomato,2026-02-05,Local,236.5,250.0,1250.0,750.0
Maharashtra,Kalmeshwar APMC,Tomato,2026-02-05,Other,2.2,1015.0,1500.0,1305.0
Maharashtra,Kalyan APMC,Tomato,2026-02-05,Other,0.3,1000.0,1500.0,1250.0
Maharashtra,Karad APMC,Tomato,2026-02-05,Other,3.9,1200.0,1300.0,1300.0
Maharashtra,Khed(Chakan) APMC,Tomato,2026-02-05,Other,27.4,800.0,1200.0,1000.0
Maharashtra,Kolhapur APMC,Tomato,2026-02-05,Other,17.1,800.0,1500.0,1200.0
Maharashtra,Mangal Wedha APMC,Tomato,2026-02-05,Local,4.2,200.0,1300.0,800.0
Maharashtra,Mumbai APMC,Tomato,2026-02-05,Other,281.1,1000.0,2000.0,1500.0
Maharashtra,Nagpur APMC,Tomato,2026-02-05,Local,2.5,1500.0,2000.0,1875.0
Maharashtra,Nasik APMC,Tomato,2026-02-05,Other,109.2,200.0,1000.0,650.0
Maharashtra,Pandharpur APMC,Tomato,2026-02-05,Other,2.5,400.0,1400.0,1000.0
Maharashtra,Panvel APMC,Tomato,2026-02-05,Other,72.0,3000.0,4000.0,3500.0
Maharashtra,Phaltan APMC,Tomato,2026-02-05,Other,3.7,500.0,2000.0,1207.0
Maharashtra,Pimpalgaon Baswant APMC,Tomato,2026-02-05,Other,53.8,255.0,1105.0,705.0
Maharashtra,Pune APMC,Tomato,2026-02-05,Local,241.1,600.0,1300.0,950.0
Maharashtra,Pune(Khadiki) APMC,Tomato,2026-02-05,Local,1.2,900.0,1300.0,1050.0
Maharashtra,Pune(Manjri) APMC,Tomato,2026-02-05,Other,45.5,600.0,1500.0,1000.0
Maharashtra,Pune(Moshi) APMC,Tomato,2026-02-05,Local,68.4,800.0,1500.0,1150.0
Maharashtra,Pune(Pimpri) APMC,Tomato,2026-02-05,Local,1.3,1400.0,1500.0,1450.0
Maharashtra,Rahata APMC,Tomato,2026-02-05,Other,8.3,250.0,1500.0,800.0
Maharashtra,Rahuri APMC,Tomato,2026-02-05,Other,0.7,500.0,1500.0,1000.0
Maharashtra,Ratnagiri (Nachane) APMC,Tomato,2026-02-05,Other,2.4,1500.0,2000.0,1700.0
Maharashtra,SHRI.SIDDHESHWAR  APMC,Tomato,2026-02-05,Other,16.8,200.0,700.0,600.0
Maharashtra,Sangamner APMC,Tomato,2026-02-05,Other,13.0,250.0,1250.0,750.0
Maharashtra,Satara APMC,Tomato,2026-02-05,Other,9.1,1000.0,1300.0,1150.0
Maharashtra,Shrirampur APMC,Tomato,2026-02-05,Other,2.5,1000.0,2000.0,1550.0
Maharashtra,Vadgaonpeth APMC,Tomato,2026-02-05,Local,6.0,900.0,1600.0,1200.0
Maharashtra,Vai APMC,Tomato,2026-02-05,Local,12.0,1000.0,1600.0,1300.0
Maharashtra,AGRICULTURE PRODUCE MARKET COMITEE CHANDWAD,Tomato,2026-02-06,Local,1.1,650.0,1250.0,850.0
Maharashtra,Akluj APMC,Tomato,2026-02-06,Local,2.2,1000.0,1700.0,1500.0
Maharashtra,Amrawati(Frui & Veg. Market) APMC,Tomato,2026-02-06,Local,18.0,1000.0,1200.0,1100.0
Maharashtra,Bhusaval APMC,Tomato,2026-02-06,Other,3.0,1500.0,2000.0,1800.0
Maharashtra,Chandrapur(Ganjwad) APMC,Tomato,2026-02-06,Other,32.0,400.0,600.0,500.0
Maharashtra,Ghoti APMC,Tomato,2026-02-06,Other,62.7,1400.0,1600.0,1500.0
Maharashtra,HINGNA - APMC,Tomato,2026-02-06,Local,7.4,400.0,1500.0,982.0
Maharashtra,Jalgaon APMC,Tomato,2026-02-06,Other,17.0,300.0,700.0,500.0
Maharashtra,Junnar(Narayangaon) APMC,Tomato,2026-02-06,Local,209.0,250.0,1250.0,750.0
Maharashtra,Kalmeshwar APMC,Tomato,2026-02-06,Other,2.6,810.0,1200.0,1020.0
Maharashtra,Khed(Chakan) APMC,Tomato,2026-02-06,Other,29.2,700.0,1300.0,1000.0
Maharashtra,Mangal Wedha APMC,Tomato,2026-02-06,Local,4.8,200.0,1000.0,700.0
Maharashtra,Mumbai APMC,Tomato,2026-02-06,Other,428.9,1600.0,2000.0,1800.0
Maharashtra,Nasik APMC,Tomato,2026-02-06,Other,115.7,200.0,1100.0,700.0
Maharashtra,Panvel APMC,Tomato,2026-02-06,Other,76.0,2500.0,3000.0,2750.0
Maharashtra,Patan APMC,Tomato,2026-02-06,Other,0.7,1050.0,1150.0,1100.0
Maharashtra,Pimpalgaon Baswant APMC,Tomato,2026-02-06,Other,39.3,255.0,1055.0,505.0
Maharashtra,Pune APMC,Tomato,2026-02-06,Local,243.0,600.0,1400.0,1000.0
Maharashtra,Pune(Khadiki) APMC,Tomato,2026-02-06,Local,1.1,800.0,1300.0,1050.0
Maharashtra,Pune(Manjri) APMC,Tomato,2026-02-06,Other,46.1,1000.0,2000.0,1500.0
Maharashtra,Pune(Moshi) APMC,Tomato,2026-02-06,Local,41.5,1000.0,2000.0,1500.0
Maharashtra,Pune(Pimpri) APMC,Tomato,2026-02-06,Local,1.4,800.0,1550.0,1170.0
Maharashtra,Rahata APMC,Tomato,2026-02-06,Other,4.6,300.0,1000.0,650.0
Maharashtra,Ratnagiri (Nachane) APMC,Tomato,2026-02-06,Other,2.9,2000.0,2500.0,2200.0
Maharashtra,Sangamner APMC,Tomato,2026-02-06,Other,15.0,250.0,1250.0,750.0
Maharashtra,Shrirampur APMC,Tomato,2026-02-06,Other,3.6,1000.0,1500.0,1250.0
Maharashtra,Vai APMC,Tomato,2026-02-06,Local,19.0,1300.0,1700.0,1450.0
Maharashtra,Ahilyanagar APMC,Tomato,2026-02-07,Other,25.0,300.0,1300.0,800.0
Maharashtra,Akluj APMC,Tomato,2026-02-07,Local,1.2,1000.0,1500.0,1300.0
Maharashtra,Amrawati(Frui & Veg. Market) APMC,Tomato,2026-02-07,Local,15.9,1000.0,1200.0,1100.0
Maharashtra,Bhusaval APMC,Tomato,2026-02-07,Other,1.4,1500.0,2000.0,1800.0
Maharashtra,HINGNA - APMC,Tomato,2026-02-07,Local,14.2,350.0,1200.0,801.0
Maharashtra,Jalgaon APMC,Tomato,2026-02-07,Other,14.5,500.0,1000.0,700.0
Maharashtra,Junnar(Narayangaon) APMC,Tomato,2026-02-07,Local,220.0,250.0,1250.0,750.0
Maharashtra,Kalmeshwar APMC,Tomato,2026-02-07,Other,2.4,815.0,1200.0,1005.0
Maharashtra,Kamthi APMC,Tomato,2026-02-07,Local,8.9,1020.0,1520.0,1270.0
Maharashtra,Mangal Wedha APMC,Tomato,2026-02-07,Local,3.9,100.0,1000.0,800.0
Maharashtra,Nagpur APMC,Tomato,2026-02-07,Local,20.0,1000.0,1500.0,1325.0
Maharashtra,Nagpur APMC,Tomato,2026-02-07,Other,18.0,1000.0,1700.0,1525.0
Maharashtra,Pune(Khadiki) APMC,Tomato,2026-02-07,Local,1.5,800.0,1200.0,1000.0
Maharashtra,Pune(Manjri) APMC,Tomato,2026-02-07,Other,35.6,1000.0,2500.0,1500.0
Maharashtra,Pune(Moshi) APMC,Tomato,2026-02-07,Local,69.5,1000.0,1500.0,1250.0
Maharashtra,Pune(Pimpri) APMC,Tomato,2026-02-07,Local,0.9,600.0,1400.0,1000.0
Maharashtra,Rahuri APMC,Tomato,2026-02-07,Other,0.7,500.0,1000.0,750.0
Maharashtra,Ramtek APMC,Tomato,2026-02-07,Other,3.5,600.0,800.0,700.0
Maharashtra,Shrirampur APMC,Tomato,2026-02-07,Other,2.5,800.0,1500.0,1150.0
Maharashtra,Ahilyanagar APMC,Tomato,2026-02-08,Other,27.2,300.0,1300.0,800.0
Maharashtra,Akluj APMC,Tomato,2026-02-08,Local,2.0,1000.0,1500.0,1300.0
Maharashtra,Amrawati(Frui & Veg. Market) APMC,Tomato,2026-02-08,Local,16.8,800.0,1200.0,1000.0
Maharashtra,Bhusaval APMC,Tomato,2026-02-08,Other,2.9,1500.0,2200.0,2000.0
Maharashtra,Chattrapati Sambhajinagar APMC,Tomato,2026-02-08,Other,7.0,600.0,1000.0,800.0
Maharashtra,Junnar(Narayangaon) APMC,Tomato,2026-02-08,Local,248.0,750.0,1750.0,1250.0
Maharashtra,Kalmeshwar APMC,Tomato,2026-02-08,Other,2.6,610.0,1000.0,820.0
Maharashtra,Kamthi APMC,Tomato,2026-02-08,Local,9.0,1040.0,1540.0,1290.0
Maharashtra,Khed(Chakan) APMC,Tomato,2026-02-08,Other,37.0,1000.0,2000.0,1500.0
Maharashtra,Kolhapur APMC,Tomato,2026-02-08,Other,26.2,500.0,1500.0,1000.0
Maharashtra,Mangal Wedha APMC,Tomato,2026-02-08,Local,2.8,500.0,1900.0,1000.0
Maharashtra,Palus APMC,Tomato,2026-02-08,Other,0.6,900.0,1200.0,1000.0
Maharashtra,Pimpalgaon Baswant APMC,Tomato,2026-02-08,Other,8.8,255.0,1005.0,500.0
Maharashtra,Pune APMC,Tomato,2026-02-08,Local,221.7,600.0,2000.0,1300.0
Maharashtra,Pune(Khadiki) APMC,Tomato,2026-02-08,Local,1.1,800.0,1300.0,1050.0
Maharashtra,Pune(Manjri) APMC,Tomato,2026-02-08,Other,43.4,1500.0,2500.0,2000.0
Maharashtra,Pune(Moshi) APMC,Tomato,2026-02-08,Local,59.9,900.0,1800.0,1350.0
Maharashtra,Pune(Pimpri) APMC,Tomato,2026-02-08,Local,1.5,1500.0,2200.0,1850.0
Maharashtra,Rahata APMC,Tomato,2026-02-08,Other,10.9,250.0,1000.0,700.0
Maharashtra,Rahuri APMC,Tomato,2026-02-08,Other,4.0,500.0,1000.0,750.0
Maharashtra,Ramtek APMC,Tomato,2026-02-08,Other,10.0,600.0,800.0,700.0
Maharashtra,Sangamner APMC,Tomato,2026-02-08,Other,12.0,250.0,1250.0,750.0
Maharashtra,Satara APMC,Tomato,2026-02-08,Other,14.8,1000.0,1800.0,1400.0
Maharashtra,Shrirampur APMC,Tomato,2026-02-08,Other,3.7,800.0,1500.0,1150.0
Maharashtra,Vadgaonpeth APMC,Tomato,2026-02-08,Local,5.5,700.0,1500.0,900.0
Maharashtra,Vai APMC,Tomato,2026-02-08,Local,1.5,1000.0,2000.0,1500.0
Maharashtra,Vita APMC,Tomato,2026-02-08,Other,6.0,500.0,1300.0,850.0
Maharashtra,Ahilyanagar APMC,Tomato,2026-02-09,Other,24.8,500.0,2200.0,1350.0
Maharashtra,Akluj APMC,Tomato,2026-02-09,Local,2.7,1000.0,1600.0,1300.0
Maharashtra,Amrawati(Frui & Veg. Market) APMC,Tomato,2026-02-09,Local,9.0,600.0,1200.0,900.0
Maharashtra,Chandrapur(Ganjwad) APMC,Tomato,2026-02-09,Other,30.0,400.0,600.0,500.0
Maharashtra,Chattrapati Sambhajinagar APMC,Tomato,2026-02-09,Other,7.6,600.0,1000.0,800.0
Maharashtra,Ghoti APMC,Tomato,2026-02-09,Other,2.4,1800.0,2000.0,1900.0
Maharashtra,HINGNA - APMC,Tomato,2026-02-09,Local,20.4,250.0,2000.0,737.0
Maharashtra,Jalgaon APMC,Tomato,2026-02-09,Other,10.0,500.0,1200.0,850.0
Maharashtra,Junnar(Narayangaon) APMC,Tomato,2026-02-09,Local,322.5,750.0,1750.0,1250.0
Maharashtra,Kalyan APMC,Tomato,2026-02-09,Other,0.3,800.0,1500.0,1150.0
Maharashtra,Karad APMC,Tomato,2026-02-09,Other,3.0,800.0,1000.0,1000.0
Maharashtra,Kolhapur APMC,Tomato,2026-02-09,Other,18.3,1000.0,2000.0,1500.0
Maharashtra,Mangal Wedha APMC,Tomato,2026-02-09,Local,2.3,400.0,2600.0,1500.0
Maharashtra,Mumbai APMC,Tomato,2026-02-09,Other,178.1,1500.0,1800.0,1650.0
Maharashtra,Nagpur APMC,Tomato,2026-02-09,Local,50.0,500.0,1000.0,825.0
Maharashtra,Nagpur APMC,Tomato,2026-02-09,Other,50.0,1000.0,1200.0,1150.0
Maharashtra,Nasik APMC,Tomato,2026-02-09,Other,111.4,200.0,1200.0,800.0
Maharashtra,Panvel APMC,Tomato,2026-02-09,Other,99.7,3000.0,3500.0,3250.0
Maharashtra,Patan APMC,Tomato,2026-02-09,Other,0.7,1250.0,1450.0,1350.0
Maharashtra,Pimpalgaon Baswant APMC,Tomato,2026-02-09,Other,63.9,255.0,1255.0,555.0
Maharashtra,Pune APMC,Tomato,2026-02-09,Local,162.3,600.0,2000.0,1300.0
Maharashtra,Pune(Khadiki) APMC,Tomato,2026-02-09,Local,1.3,700.0,1300.0,1000.0
Maharashtra,Pune(Manjri) APMC,Tomato,2026-02-09,Other,42.2,1500.0,2500.0,2000.0
Maharashtra,Pune(Moshi) APMC,Tomato,2026-02-09,Local,42.5,1000.0,2000.0,1500.0
Maharashtra,Pune(Pimpri) APMC,Tomato,2026-02-09,Local,1.1,1000.0,1650.0,1325.0
Maharashtra,Rahuri APMC,Tomato,2026-02-09,Other,0.6,500.0,1200.0,850.0
Maharashtra,Ratnagiri (Nachane) APMC,Tomato,2026-02-09,Other,2.7,700.0,1300.0,1000.0
Maharashtra,SHRI.SIDDHESHWAR  APMC,Tomato,2026-02-09,Other,26.5,200.0,1000.0,700.0
Maharashtra,Sangamner APMC,Tomato,2026-02-09,Other,12.0,250.0,1000.0,625.0
Maharashtra,Satara APMC,Tomato,2026-02-09,Other,6.0,1000.0,2000.0,1500.0
Maharashtra,Shrirampur APMC,Tomato,2026-02-09,Other,2.7,1000.0,1400.0,1200.0
Maharashtra,Vai APMC,Tomato,2026-02-09,Local,12.0,1000.0,2000.0,1500.0
Maharashtra,Vita APMC,Tomato,2026-02-09,Other,12.0,500.0,1200.0,950.0
Maharashtra,Amrawati(Frui & Veg. Market) APMC,Tomato,2026-02-10,Local,10.9,700.0,1000.0,850.0
Maharashtra,Bhusaval APMC,Tomato,2026-02-10,Other,2.9,1500.0,2000.0,1800.0
Maharashtra,Chandrapur(Ganjwad) APMC,Tomato,2026-02-10,Other,30.0,400.0,600.0,500.0
Maharashtra,Chattrapati Sambhajinagar APMC,Tomato,2026-02-10,Other,9.4,600.0,800.0,700.0
Maharashtra,HINGNA - APMC,Tomato,2026-02-10,Local,7.7,350.0,1250.0,904.0
Maharashtra,Islampur APMC,Tomato,2026-02-10,Other,10.0,1000.0,1500.0,1250.0
Maharashtra,Jalgaon APMC,Tomato,2026-02-10,Other,13.0,500.0,1000.0,700.0
Maharashtra,Kalmeshwar APMC,Tomato,2026-02-10,Other,2.5,820.0,1200.0,1040.0
Maharashtra,Karad APMC,Tomato,2026-02-10,Other,4.8,1000.0,1500.0,1500.0
Maharashtra,Khed(Chakan) APMC,Tomato,2026-02-10,Other,30.6,800.0,1400.0,1100.0
Maharashtra,Mumbai APMC,Tomato,2026-02-10,Other,213.8,1600.0,2000.0,1800.0
Maharashtra,Nagpur APMC,Tomato,2026-02-10,Other,50.0,1000.0,1500.0,1325.0
Maharashtra,Nasik APMC,Tomato,2026-02-10,Other,94.3,200.0,1100.0,650.0
Maharashtra,Palus APMC,Tomato,2026-02-10,Other,1.2,900.0,1200.0,1000.0
Maharashtra,Pandharpur APMC,Tomato,2026-02-10,Other,2.4,500.0,1600.0,1000.0
Maharashtra,Panvel APMC,Tomato,2026-02-10,Other,76.0,2500.0,3000.0,2750.0
Maharashtra,Patan APMC,Tomato,2026-02-10,Other,0.7,1250.0,1450.0,1350.0
Maharashtra,Pimpalgaon Baswant APMC,Tomato,2026-02-10,Other,51.1,255.0,1255.0,605.0
Maharashtra,Pune APMC,Tomato,2026-02-10,Local,271.9,600.0,1800.0,1200.0
Maharashtra,Pune(Khadiki) APMC,Tomato,2026-02-10,Local,1.3,700.0,1300.0,1000.0
Maharashtra,Pune(Manjri) APMC,Tomato,2026-02-10,Other,42.2,1000.0,3000.0,2200.0
Maharashtra,Pune(Moshi) APMC,Tomato,2026-02-10,Local,44.3,1500.0,2000.0,1750.0
Maharashtra,Pune(Pimpri) APMC,Tomato,2026-02-10,Local,0.9,1500.0,1500.0,1500.0
Maharashtra,Rahata APMC,Tomato,2026-02-10,Other,8.8,250.0,1500.0,875.0
Maharashtra,Rahuri APMC,Tomato,2026-02-10,Other,5.5,800.0,2000.0,1400.0
Maharashtra,SHRI.SIDDHESHWAR  APMC,Tomato,2026-02-10,Other,22.5,200.0,1000.0,700.0
Maharashtra,Sangamner APMC,Tomato,2026-02-10,Other,15.0,250.0,1250.0,700.0
Maharashtra,Satara APMC,Tomato,2026-02-10,Other,9.1,1000.0,1500.0,1250.0
Maharashtra,Vadgaonpeth APMC,Tomato,2026-02-10,Local,6.0,1000.0,1500.0,1200.0
Maharashtra,Akluj APMC,Tomato,2026-02-11,Local,2.5,800.0,1500.0,1200.0
Maharashtra,Amrawati(Frui & Veg. Market) APMC,Tomato,2026-02-11,Local,13.0,600.0,1000.0,800.0
Maharashtra,Bhusaval APMC,Tomato,2026-02-11,Other,3.5,1200.0,2000.0,1500.0
Maharashtra,Chandrapur(Ganjwad) APMC,Tomato,2026-02-11,Other,34.1,400.0,800.0,600.0
Maharashtra,Chattrapati Sambhajinagar APMC,Tomato,2026-02-11,Other,13.0,500.0,800.0,650.0
Maharashtra,HINGNA - APMC,Tomato,2026-02-11,Local,8.9,350.0,2000.0,734.0
Maharashtra,Jalgaon APMC,Tomato,2026-02-11,Other,14.5,500.0,900.0,700.0
Maharashtra,Junnar(Narayangaon) APMC,Tomato,2026-02-11,Local,218.0,500.0,1250.0,1000.0
Maharashtra,Kalmeshwar APMC,Tomato,2026-02-11,Other,2.7,615.0,1000.0,825.0
Maharashtra,Karad APMC,Tomato,2026-02-11,Other,4.8,1000.0,1500.0,1500.0
Maharashtra,Khed(Chakan) APMC,Tomato,2026-02-11,Other,24.8,700.0,1300.0,1000.0
Maharashtra,Kolhapur APMC,Tomato,2026-02-11,Other,33.4,1000.0,1500.0,1200.0
Maharashtra,Mangal Wedha APMC,Tomato,2026-02-11,Local,4.7,300.0,2200.0,1500.0
Maharashtra,Mumbai APMC,Tomato,2026-02-11,Other,254.1,1400.0,1600.0,1500.0
Maharashtra,Nagpur APMC,Tomato,2026-02-11,Local,40.0,500.0,900.0,725.0
Maharashtra,Nagpur APMC,Tomato,2026-02-11,Other,30.0,1000.0,1200.0,1150.0
Maharashtra,Nasik APMC,Tomato,2026-02-11,Other,84.0,200.0,1055.0,625.0
Maharashtra,Panvel APMC,Tomato,2026-02-11,Other,80.0,2500.0,3000.0,2750.0
Maharashtra,Patan APMC,Tomato,2026-02-11,Other,0.7,1150.0,1350.0,1250.0
Maharashtra,Pimpalgaon Baswant APMC,Tomato,2026-02-11,Other,32.8,255.0,1355.0,755.0
Maharashtra,Pune APMC,Tomato,2026-02-11,Local,201.7,600.0,1600.0,1100.0
Maharashtra,Pune(Khadiki) APMC,Tomato,2026-02-11,Local,1.3,800.0,1300.0,1050.0
Maharashtra,Pune(Manjri) APMC,Tomato,2026-02-11,Other,39.4,1000.0,2500.0,2000.0
Maharashtra,Pune(Pimpri) APMC,Tomato,2026-02-11,Local,3.0,1400.0,1700.0,1550.0
Maharashtra,Rahata APMC,Tomato,2026-02-11,Other,0.3,500.0,1000.0,800.0
Maharashtra,Rahuri APMC,Tomato,2026-02-11,Other,2.4,500.0,1800.0,1150.0
Maharashtra,Ramtek APMC,Tomato,2026-02-11,Other,2.0,300.0,500.0,400.0
Maharashtra,Ratnagiri (Nachane) APMC,Tomato,2026-02-11,Other,2.4,1500.0,2000.0,1800.0
Maharashtra,SHRI.SIDDHESHWAR  APMC,Tomato,2026-02-11,Other,15.2,200.0,1000.0,700.0
Maharashtra,Sangamner APMC,Tomato,2026-02-11,Other,15.0,250.0,1250.0,750.0
Maharashtra,Satara APMC,Tomato,2026-02-11,Other,6.1,1000.0,1500.0,1250.0
Maharashtra,Shrirampur APMC,Tomato,2026-02-11,Other,3.7,1000.0,1500.0,1250.0
Maharashtra,Vadgaonpeth APMC,Tomato,2026-02-11,Local,5.0,1000.0,2000.0,1400.0
Maharashtra,Vai APMC,Tomato,2026-02-11,Local,7.0,1000.0,1800.0,1500.0
Maharashtra,Ahilyanagar APMC,Tomato,2026-02-12,Other,44.0,500.0,1500.0,1000.0
Maharashtra,Akluj APMC,Tomato,2026-02-12,Local,2.8,800.0,1500.0,1200.0
Maharashtra,Bhusaval APMC,Tomato,2026-02-12,Other,2.9,1200.0,2000.0,1500.0
Maharashtra,Chattrapati Sambhajinagar APMC,Tomato,2026-02-12,Other,11.0,600.0,1200.0,900.0
Maharashtra,Ghoti APMC,Tomato,2026-02-12,Other,66.6,1800.0,2000.0,1900.0
Maharashtra,HINGNA - APMC,Tomato,2026-02-12,Local,10.0,150.0,1000.0,610.0
Maharashtra,Islampur APMC,Tomato,2026-02-12,Other,5.5,1000.0,1500.0,1250.0
Maharashtra,Jalgaon APMC,Tomato,2026-02-12,Other,10.6,300.0,700.0,500.0
Maharashtra,Junnar(Narayangaon) APMC,Tomato,2026-02-12,Local,295.0,500.0,1500.0,1000.0
Maharashtra,Kalmeshwar APMC,Tomato,2026-02-12,Other,2.5,620.0,1000.0,810.0
Maharashtra,Karad APMC,Tomato,2026-02-12,Other,1.8,1000.0,1200.0,1200.0
Maharashtra,Khed(Chakan) APMC,Tomato,2026-02-12,Other,31.8,800.0,1500.0,1100.0
Maharashtra,Kolhapur APMC,Tomato,2026-02-12,Other,28.6,500.0,1500.0,1000.0
Maharashtra,Mangal Wedha APMC,Tomato,2026-02-12,Local,5.9,400.0,1200.0,700.0
Maharashtra,Mumbai APMC,Tomato,2026-02-12,Other,254.6,1000.0,2000.0,1500.0
Maharashtra,Nagpur APMC,Tomato,2026-02-12,Local,50.0,500.0,1000.0,825.0
Maharashtra,Nagpur APMC,Tomato,2026-02-12,Other,30.0,700.0,1200.0,1025.0
Maharashtra,Nasik APMC,Tomato,2026-02-12,Other,97.8,200.0,1055.0,625.0
Maharashtra,Pandharpur APMC,Tomato,2026-02-12,Other,2.5,500.0,1800.0,1200.0
Maharashtra,Panvel APMC,Tomato,2026-02-12,Other,76.8,3000.0,4000.0,3500.0
Maharashtra,Phaltan APMC,Tomato,2026-02-12,Other,7.5,500.0,1750.0,1107.0
Maharashtra,Pimpalgaon Baswant APMC,Tomato,2026-02-12,Other,80.1,255.0,1405.0,805.0
Maharashtra,Pune APMC,Tomato,2026-02-12,Local,228.5,600.0,1600.0,1100.0
Maharashtra,Pune(Khadiki) APMC,Tomato,2026-02-12,Local,1.0,700.0,1300.0,1000.0
Maharashtra,Pune(Manjri) APMC,Tomato,2026-02-12,Other,40.4,1000.0,2800.0,2000.0
Maharashtra,Pune(Moshi) APMC,Tomato,2026-02-12,Local,67.2,1000.0,1500.0,1250.0
Maharashtra,Pune(Pimpri) APMC,Tomato,2026-02-12,Local,1.6,1300.0,1600.0,1450.0
Maharashtra,Rahata APMC,Tomato,2026-02-12,Other,6.3,500.0,1000.0,750.0
Maharashtra,Rahuri APMC,Tomato,2026-02-12,Other,6.5,800.0,2000.0,1400.0
Maharashtra,Ratnagiri (Nachane) APMC,Tomato,2026-02-12,Other,2.1,1000.0,1200.0,1100.0
Maharashtra,SHRI.SIDDHESHWAR  APMC,Tomato,2026-02-12,Other,21.5,200.0,1300.0,800.0
Maharashtra,Sangamner APMC,Tomato,2026-02-12,Other,18.0,250.0,1250.0,700.0
Maharashtra,Satara APMC,Tomato,2026-02-12,Other,9.4,1000.0,1500.0,1250.0
Maharashtra,Shrirampur APMC,Tomato,2026-02-12,Other,3.7,1000.0,1500.0,1250.0
Maharashtra,Vadgaonpeth APMC,Tomato,2026-02-12,Local,5.0,700.0,1500.0,1000.0
Maharashtra,Vita APMC,Tomato,2026-02-12,Other,8.0,500.0,1000.0,950.0
Maharashtra,Akluj APMC,Tomato,2026-02-13,Local,2.2,800.0,1500.0,1300.0
Maharashtra,Amrawati(Frui & Veg. Market) APMC,Tomato,2026-02-13,Local,15.9,700.0,1000.0,850.0
Maharashtra,Bhusaval APMC,Tomato,2026-02-13,Other,3.1,1000.0,2000.0,1500.0
Maharashtra,HINGNA - APMC,Tomato,2026-02-13,Local,7.6,200.0,2000.0,712.0
Maharashtra,Jalgaon APMC,Tomato,2026-02-13,Other,9.0,500.0,1000.0,700.0
Maharashtra,Junnar(Narayangaon) APMC,Tomato,2026-02-13,Local,248.5,750.0,1750.0,1250.0
Maharashtra,Kalmeshwar APMC,Tomato,2026-02-13,Other,2.8,820.0,1200.0,1040.0
Maharashtra,Kamthi APMC,Tomato,2026-02-13,Local,9.0,670.0,870.0,770.0
Maharashtra,Khed(Chakan) APMC,Tomato,2026-02-13,Other,30.2,800.0,1400.0,1100.0
Maharashtra,Mangal Wedha APMC,Tomato,2026-02-13,Local,3.7,200.0,1100.0,800.0
Maharashtra,Mumbai APMC,Tomato,2026-02-13,Other,275.4,1600.0,2000.0,1800.0
Maharashtra,Nasik APMC,Tomato,2026-02-13,Other,112.0,200.0,1155.0,650.0
Maharashtra,Palus APMC,Tomato,2026-02-13,Other,1.2,1000.0,1500.0,1200.0
Maharashtra,Pandharpur APMC,Tomato,2026-02-13,Other,2.7,500.0,1500.0,1000.0
Maharashtra,Panvel APMC,Tomato,2026-02-13,Other,78.0,2500.0,3000.0,2750.0
Maharashtra,Patan APMC,Tomato,2026-02-13,Other,0.9,950.0,1150.0,1050.0
Maharashtra,Pimpalgaon Baswant APMC,Tomato,2026-02-13,Other,43.3,255.0,1255.0,605.0
Maharashtra,Pune APMC,Tomato,2026-02-13,Local,235.1,600.0,1600.0,1100.0
Maharashtra,Pune(Khadiki) APMC,Tomato,2026-02-13,Local,1.3,800.0,1300.0,1050.0
Maharashtra,Pune(Manjri) APMC,Tomato,2026-02-13,Other,35.8,1000.0,2000.0,1500.0
Maharashtra,Pune(Moshi) APMC,Tomato,2026-02-13,Local,70.9,1000.0,2000.0,1500.0
Maharashtra,Pune(Pimpri) APMC,Tomato,2026-02-13,Local,0.7,1500.0,1600.0,1550.0
Maharashtra,Rahata APMC,Tomato,2026-02-13,Other,1.7,350.0,1000.0,675.0
Maharashtra,SHRI.SIDDHESHWAR  APMC,Tomato,2026-02-13,Other,22.5,200.0,1000.0,700.0
Maharashtra,Sangamner APMC,Tomato,2026-02-13,Other,21.0,250.0,1250.0,750.0
Maharashtra,Shrirampur APMC,Tomato,2026-02-13,Other,3.7,800.0,1500.0,1150.0
Maharashtra,Vadgaonpeth APMC,Tomato,2026-02-13,Local,5.3,800.0,1800.0,1000.0
Maharashtra,Vai APMC,Tomato,2026-02-13,Local,12.0,1000.0,2000.0,1500.0
Maharashtra,Ahilyanagar APMC,Tomato,2026-02-14,Other,22.6,400.0,1500.0,950.0
Maharashtra,Akluj APMC,Tomato,2026-02-14,Local,2.0,1000.0,1500.0,1200.0
Maharashtra,Amrawati(Frui & Veg. Market) APMC,Tomato,2026-02-14,Local,12.0,600.0,1000.0,800.0
Maharashtra,Bhusaval APMC,Tomato,2026-02-14,Other,1.4,1000.0,2000.0,1500.0
Maharashtra,Chandrapur(Ganjwad) APMC,Tomato,2026-02-14,Other,43.0,400.0,600.0,500.0
Maharashtra,Chattrapati Sambhajinagar APMC,Tomato,2026-02-14,Other,10.4,500.0,900.0,700.0
Maharashtra,Kalmeshwar APMC,Tomato,2026-02-14,Other,2.5,815.0,1200.0,1025.0
Maharashtra,Karad APMC,Tomato,2026-02-14,Other,0.9,1500.0,1700.0,1700.0
Maharashtra,Kolhapur APMC,Tomato,2026-02-14,Other,28.4,800.0,1500.0,1200.0
Maharashtra,Mangal Wedha APMC,Tomato,2026-02-14,Local,3.8,200.0,1300.0,1000.0
Maharashtra,Nagpur APMC,Tomato,2026-02-14,Local,50.0,700.0,1200.0,1025.0
Maharashtra,Nagpur APMC,Tomato,2026-02-14,Other,40.0,1000.0,1200.0,1150.0
Maharashtra,Panvel APMC,Tomato,2026-02-14,Other,84.0,3000.0,3500.0,3250.0
Maharashtra,Pune(Manjri) APMC,Tomato,2026-02-14,Other,44.9,1000.0,2500.0,1500.0
Maharashtra,Pune(Moshi) APMC,Tomato,2026-02-14,Local,53.9,1000.0,1500.0,1250.0
Maharashtra,Pune(Pimpri) APMC,Tomato,2026-02-14,Local,0.2,1200.0,1600.0,1400.0
Maharashtra,Rahata APMC,Tomato,2026-02-14,Other,3.6,500.0,1000.0,750.0
Maharashtra,Rahuri APMC,Tomato,2026-02-14,Other,3.7,1500.0,2000.0,1750.0
Maharashtra,SHRI.SIDDHESHWAR  APMC,Tomato,2026-02-14,Other,22.0,200.0,1200.0,800.0
Maharashtra,Sangamner APMC,Tomato,2026-02-14,Other,18.0,250.0,1250.0,750.0
Maharashtra,Shrirampur APMC,Tomato,2026-02-14,Other,2.6,1000.0,1500.0,1250.0
Maharashtra,Vadgaonpeth APMC,Tomato,2026-02-14,Local,5.0,800.0,2000.0,1400.0
Maharashtra,Vai APMC,Tomato,2026-02-14,Local,12.0,1000.0,1800.0,1400.0
Maharashtra,Akluj APMC,Tomato,2026-02-15,Local,1.0,1000.0,1700.0,1300.0
Maharashtra,Bhusaval APMC,Tomato,2026-02-15,Other,2.8,1000.0,2000.0,1500.0
Maharashtra,Chattrapati Sambhajinagar APMC,Tomato,2026-02-15,Other,8.2,500.0,700.0,600.0
Maharashtra,Junnar(Narayangaon) APMC,Tomato,2026-02-15,Local,222.5,750.0,1750.0,1250.0
Maharashtra,Kalmeshwar APMC,Tomato,2026-02-15,Other,2.7,815.0,1200.0,1025.0
Maharashtra,Kamthi APMC,Tomato,2026-02-15,Local,7.4,660.0,860.0,760.0
Maharashtra,Karad APMC,Tomato,2026-02-15,Other,1.8,1000.0,1200.0,1200.0
Maharashtra,Khed(Chakan) APMC,Tomato,2026-02-15,Other,30.4,800.0,1200.0,1000.0
Maharashtra,Kolhapur APMC,Tomato,2026-02-15,Other,14.9,500.0,1500.0,1000.0
Maharashtra,Mangal Wedha APMC,Tomato,2026-02-15,Local,1.7,500.0,2000.0,1500.0
Maharashtra,Nasik APMC,Tomato,2026-02-15,Other,101.5,200.0,1125.0,650.0
Maharashtra,Panvel APMC,Tomato,2026-02-15,Other,48.5,3000.0,3500.0,3250.0
Maharashtra,Pimpalgaon Baswant APMC,Tomato,2026-02-15,Other,13.5,250.0,1105.0,555.0
Maharashtra,Pune APMC,Tomato,2026-02-15,Local,224.3,600.0,2000.0,1300.0
Maharashtra,Pune(Manjri) APMC,Tomato,2026-02-15,Other,31.3,1000.0,2500.0,1600.0
Maharashtra,Pune(Moshi) APMC,Tomato,2026-02-15,Local,33.5,1000.0,1500.0,1250.0
Maharashtra,Pune(Pimpri) APMC,Tomato,2026-02-15,Local,2.4,800.0,1700.0,1250.0
Maharashtra,Rahata APMC,Tomato,2026-02-15,Other,9.1,400.0,1000.0,700.0
Maharashtra,Rahuri APMC,Tomato,2026-02-15,Other,3.4,800.0,2000.0,1400.0
Maharashtra,Ramtek APMC,Tomato,2026-02-15,Other,18.0,300.0,500.0,400.0
Maharashtra,Sangamner APMC,Tomato,2026-02-15,Other,15.0,250.0,1250.0,750.0
Maharashtra,Satara APMC,Tomato,2026-02-15,Other,7.3,1000.0,1200.0,1100.0
Maharashtra,Shrirampur APMC,Tomato,2026-02-15,Other,3.5,800.0,1400.0,1100.0
Maharashtra,Vadgaonpeth APMC,Tomato,2026-02-15,Local,5.0,900.0,1800.0,1200.0
Maharashtra,Ahilyanagar APMC,Tomato,2026-02-16,Other,16.7,500.0,1700.0,1100.0
Maharashtra,Akluj APMC,Tomato,2026-02-16,Local,2.5,900.0,1500.0,1200.0
Maharashtra,Amrawati(Frui & Veg. Market) APMC,Tomato,2026-02-16,Local,8.9,700.0,1000.0,850.0
Maharashtra,Chandrapur(Ganjwad) APMC,Tomato,2026-02-16,Other,20.0,400.0,800.0,600.0
Maharashtra,Chattrapati Sambhajinagar APMC,Tomato,2026-02-16,Other,5.7,400.0,1000.0,700.0
Maharashtra,HINGNA - APMC,Tomato,2026-02-16,Local,15.3,250.0,2000.0,715.0
Maharashtra,Junnar(Narayangaon) APMC,Tomato,2026-02-16,Local,182.5,750.0,1750.0,1250.0
Maharashtra,Kamthi APMC,Tomato,2026-02-16,Local,2.8,620.0,820.0,720.0
Maharashtra,Karad APMC,Tomato,2026-02-16,Other,1.8,800.0,1200.0,1200.0
Maharashtra,Kolhapur APMC,Tomato,2026-02-16,Other,28.7,500.0,1500.0,1000.0
Maharashtra,Mangal Wedha APMC,Tomato,2026-02-16,Local,6.4,200.0,1800.0,1100.0
Maharashtra,Mumbai APMC,Tomato,2026-02-16,Other,227.2,1000.0,2000.0,1500.0
Maharashtra,Nagpur APMC,Tomato,2026-02-16,Local,45.0,700.0,1000.0,925.0
Maharashtra,Nagpur APMC,Tomato,2026-02-16,Other,20.0,1000.0,1500.0,1425.0
Maharashtra,Nasik APMC,Tomato,2026-02-16,Other,98.2,200.0,1150.0,700.0
Maharashtra,Pandharpur APMC,Tomato,2026-02-16,Other,2.4,500.0,1700.0,1100.0
Maharashtra,Panvel APMC,Tomato,2026-02-16,Other,94.0,3000.0,4000.0,3500.0
Maharashtra,Patan APMC,Tomato,2026-02-16,Other,0.7,1250.0,1450.0,1350.0
Maharashtra,Pimpalgaon Baswant APMC,Tomato,2026-02-16,Other,61.7,255.0,1405.0,605.0
Maharashtra,Pune APMC,Tomato,2026-02-16,Local,223.8,1000.0,3000.0,2000.0
Maharashtra,Pune(Manjri) APMC,Tomato,2026-02-16,Other,58.5,1200.0,2500.0,2000.0
Maharashtra,Pune(Moshi) APMC,Tomato,2026-02-16,Local,55.0,1000.0,1500.0,1250.0
Maharashtra,Pune(Pimpri) APMC,Tomato,2026-02-16,Local,0.9,1500.0,1500.0,1500.0
Maharashtra,Rahuri APMC,Tomato,2026-02-16,Other,2.2,600.0,1300.0,950.0
Maharashtra,Ratnagiri (Nachane) APMC,Tomato,2026-02-16,Other,2.4,2000.0,2500.0,2300.0
Maharashtra,SHRI.SIDDHESHWAR  APMC,Tomato,2026-02-16,Other,28.6,200.0,1000.0,700.0
Maharashtra,Sangamner APMC,Tomato,2026-02-16,Other,11.0,250.0,1250.0,750.0
Maharashtra,Satara APMC,Tomato,2026-02-16,Other,4.4,1000.0,1300.0,1150.0
Maharashtra,Shrirampur APMC,Tomato,2026-02-16,Other,2.7,800.0,1500.0,1150.0
Maharashtra,Vai APMC,Tomato,2026-02-16,Local,12.0,1500.0,2600.0,2000.0
Maharashtra,Amrawati(Frui & Veg. Market) APMC,Tomato,2026-02-17,Local,15.0,700.0,1000.0,850.0
Maharashtra,Bhusaval APMC,Tomato,2026-02-17,Other,3.0,1200.0,2000.0,1500.0
Maharashtra,Chattrapati Sambhajinagar APMC,Tomato,2026-02-17,Other,10.5,500.0,1000.0,750.0
Maharashtra,HINGNA - APMC,Tomato,2026-02-17,Local,4.0,518.0,2000.0,1322.0
Maharashtra,Islampur APMC,Tomato,2026-02-17,Other,8.6,1000.0,1500.0,1250.0
Maharashtra,Jalgaon APMC,Tomato,2026-02-17,Other,13.7,400.0,1000.0,700.0
Maharashtra,Junnar(Narayangaon) APMC,Tomato,2026-02-17,Local,258.5,750.0,1500.0,1000.0
Maharashtra,Kalmeshwar APMC,Tomato,2026-02-17,Other,2.5,610.0,1000.0,820.0
Maharashtra,Kalyan APMC,Tomato,2026-02-17,Other,0.3,900.0,1400.0,1150.0
Maharashtra,Kamthi APMC,Tomato,2026-02-17,Local,5.3,760.0,960.0,860.0
Maharashtra,Karad APMC,Tomato,2026-02-17,Other,1.8,1000.0,1500.0,1500.0
Maharashtra,Khed(Chakan) APMC,Tomato,2026-02-17,Other,29.2,700.0,1300.0,1000.0
Maharashtra,Kolhapur APMC,Tomato,2026-02-17,Other,10.9,500.0,1300.0,1000.0
Maharashtra,Mumbai APMC,Tomato,2026-02-17,Other,168.7,1600.0,2000.0,1800.0
Maharashtra,Nagpur APMC,Tomato,2026-02-17,Local,40.0,500.0,1500.0,1225.0
Maharashtra,Nagpur APMC,Tomato,2026-02-17,Other,30.0,1200.0,1500.0,1425.0
Maharashtra,Palus APMC,Tomato,2026-02-17,Other,1.5,900.0,1400.0,1200.0
Maharashtra,Pandharpur APMC,Tomato,2026-02-17,Other,2.5,500.0,1500.0,1000.0
Maharashtra,Panvel APMC,Tomato,2026-02-17,Other,69.5,3000.0,4000.0,3500.0
Maharashtra,Pimpalgaon Baswant APMC,Tomato,2026-02-17,Other,82.1,255.0,1505.0,855.0
Maharashtra,Pune APMC,Tomato,2026-02-17,Local,244.5,600.0,1500.0,1050.0
Maharashtra,Pune(Khadiki) APMC,Tomato,2026-02-17,Local,1.3,800.0,1300.0,1050.0
Maharashtra,Pune(Manjri) APMC,Tomato,2026-02-17,Other,57.3,1000.0,2200.0,1800.0
Maharashtra,Pune(Moshi) APMC,Tomato,2026-02-17,Local,56.8,600.0,1500.0,1050.0
Maharashtra,Pune(Pimpri) APMC,Tomato,2026-02-17,Local,0.9,1300.0,1600.0,1450.0
Maharashtra,Rahata APMC,Tomato,2026-02-17,Other,5.1,500.0,1500.0,1000.0
Maharashtra,Rahuri APMC,Tomato,2026-02-17,Other,5.5,500.0,1800.0,1150.0
Maharashtra,Ramtek APMC,Tomato,2026-02-17,Other,2.1,800.0,1000.0,900.0
Maharashtra,SHRI.SIDDHESHWAR  APMC,Tomato,2026-02-17,Other,21.9,200.0,1200.0,800.0
Maharashtra,Sangamner APMC,Tomato,2026-02-17,Other,15.0,250.0,1400.0,825.0
Maharashtra,Satara APMC,Tomato,2026-02-17,Other,6.0,1000.0,1500.0,1250.0
Maharashtra,Vadgaonpeth APMC,Tomato,2026-02-17,Local,5.5,800.0,2000.0,1200.0
Maharashtra,Akluj APMC,Tomato,2026-02-18,Local,2.5,1000.0,1500.0,1300.0
Maharashtra,Amrawati(Frui & Veg. Market) APMC,Tomato,2026-02-18,Local,16.0,800.0,1000.0,900.0
Maharashtra,Bhusaval APMC,Tomato,2026-02-18,Other,5.8,700.0,1500.0,1000.0
Maharashtra,Chattrapati Sambhajinagar APMC,Tomato,2026-02-18,Other,13.0,700.0,900.0,800.0
Maharashtra,Junnar(Narayangaon) APMC,Tomato,2026-02-18,Local,245.5,500.0,1250.0,1000.0
Maharashtra,Kalmeshwar APMC,Tomato,2026-02-18,Other,2.8,610.0,1000.0,820.0
Maharashtra,Kamthi APMC,Tomato,2026-02-18,Local,7.4,810.0,1010.0,910.0
Maharashtra,Khed(Chakan) APMC,Tomato,2026-02-18,Other,26.8,700.0,1200.0,900.0
Maharashtra,Kolhapur APMC,Tomato,2026-02-18,Other,21.8,800.0,1200.0,1000.0
Maharashtra,Mangal Wedha APMC,Tomato,2026-02-18,Local,5.0,400.0,1500.0,900.0
Maharashtra,Mumbai APMC,Tomato,2026-02-18,Other,236.2,2000.0,2400.0,2200.0
Maharashtra,Nagpur APMC,Tomato,2026-02-18,Local,40.0,700.0,1200.0,1050.0
Maharashtra,Nagpur APMC,Tomato,2026-02-18,Other,25.0,1000.0,1500.0,1325.0
Maharashtra,Pandharpur APMC,Tomato,2026-02-18,Other,2.6,500.0,1600.0,1100.0
Maharashtra,Panvel APMC,Tomato,2026-02-18,Other,73.0,2500.0,3000.0,2750.0
Maharashtra,Patan APMC,Tomato,2026-02-18,Other,0.7,1250.0,1450.0,1350.0
Maharashtra,Pune APMC,Tomato,2026-02-18,Local,215.8,600.0,1600.0,1100.0
Maharashtra,Pune(Manjri) APMC,Tomato,2026-02-18,Other,48.4,500.0,2000.0,1500.0
Maharashtra,Pune(Pimpri) APMC,Tomato,2026-02-18,Local,1.1,1400.0,1700.0,1550.0
Maharashtra,Rahata APMC,Tomato,2026-02-18,Other,1.2,500.0,1500.0,1000.0
Maharashtra,Rahuri APMC,Tomato,2026-02-18,Other,6.0,800.0,1500.0,1150.0
Maharashtra,SHRI.SIDDHESHWAR  APMC,Tomato,2026-02-18,Other,27.9,200.0,1000.0,700.0
Maharashtra,Sangamner APMC,Tomato,2026-02-18,Other,12.0,250.0,1250.0,750.0
Maharashtra,Satara APMC,Tomato,2026-02-18,Other,6.5,1000.0,1500.0,1250.0
Maharashtra,Shrirampur APMC,Tomato,2026-02-18,Other,3.7,1000.0,1500.0,1250.0
Maharashtra,Ahilyanagar APMC,Tomato,2026-02-19,Other,37.2,500.0,1300.0,900.0
Maharashtra,Akluj APMC,Tomato,2026-02-19,Local,2.0,800.0,1500.0,1000.0
Maharashtra,Bhusaval APMC,Tomato,2026-02-19,Other,4.7,1000.0,1500.0,1200.0
Maharashtra,HINGNA - APMC,Tomato,2026-02-19,Local,9.4,280.0,1500.0,810.0
Maharashtra,Islampur APMC,Tomato,2026-02-19,Other,6.2,1000.0,1500.0,1250.0
Maharashtra,Junnar(Narayangaon) APMC,Tomato,2026-02-19,Local,304.0,500.0,1250.0,1000.0
Maharashtra,Kalmeshwar APMC,Tomato,2026-02-19,Other,2.6,815.0,1200.0,1025.0
Maharashtra,Kamthi APMC,Tomato,2026-02-19,Local,4.5,810.0,1010.0,910.0
Maharashtra,Khed(Chakan) APMC,Tomato,2026-02-19,Other,35.0,600.0,1200.0,900.0
Maharashtra,Kolhapur APMC,Tomato,2026-02-19,Other,22.8,500.0,1500.0,1000.0
Maharashtra,Mangal Wedha APMC,Tomato,2026-02-19,Local,4.5,200.0,1300.0,800.0
Maharashtra,Mumbai APMC,Tomato,2026-02-19,Other,224.8,1600.0,2200.0,1900.0
Maharashtra,Nasik APMC,Tomato,2026-02-19,Other,100.2,200.0,1250.0,700.0
Maharashtra,Panvel APMC,Tomato,2026-02-19,Other,79.0,3000.0,3500.0,3250.0
Maharashtra,Pimpalgaon Baswant APMC,Tomato,2026-02-19,Other,20.7,255.0,1505.0,855.0
Maharashtra,Pune APMC,Tomato,2026-02-19,Local,193.6,600.0,1600.0,1100.0
Maharashtra,Pune(Manjri) APMC,Tomato,2026-02-19,Other,41.8,1000.0,1700.0,1200.0
Maharashtra,Pune(Moshi) APMC,Tomato,2026-02-19,Local,91.3,1000.0,1500.0,1250.0
Maharashtra,Pune(Pimpri) APMC,Tomato,2026-02-19,Local,0.5,1400.0,1500.0,1450.0
Maharashtra,Rahata APMC,Tomato,2026-02-19,Other,9.4,250.0,1000.0,650.0
Maharashtra,Rahuri APMC,Tomato,2026-02-19,Other,0.7,500.0,1500.0,1000.0
Maharashtra,Ratnagiri (Nachane) APMC,Tomato,2026-02-19,Other,2.4,1200.0,1500.0,1400.0
Maharashtra,Sangamner APMC,Tomato,2026-02-19,Other,12.0,250.0,1250.0,750.0
Maharashtra,Satara APMC,Tomato,2026-02-19,Other,9.2,1000.0,1200.0,1100.0
Maharashtra,Shrirampur APMC,Tomato,2026-02-19,Other,3.0,800.0,1200.0,1000.0
Maharashtra,Vai APMC,Tomato,2026-02-19,Local,12.0,1000.0,2000.0,1500.0
Maharashtra,AGRICULTURE PRODUCE MARKET COMITEE CHANDWAD,Tomato,2026-02-20,Local,2.6,400.0,800.0,650.0
Maharashtra,Ahilyanagar APMC,Tomato,2026-02-20,Other,20.9,500.0,1400.0,950.0
Maharashtra,Akluj APMC,Tomato,2026-02-20,Local,2.2,1000.0,1600.0,1400.0
Maharashtra,Amrawati(Frui & Veg. Market) APMC,Tomato,2026-02-20,Local,17.9,800.0,1000.0,900.0
Maharashtra,Bhusaval APMC,Tomato,2026-02-20,Other,3.5,800.0,1500.0,1000.0
Maharashtra,Chandrapur(Ganjwad) APMC,Tomato,2026-02-20,Other,25.3,400.0,600.0,500.0
Maharashtra,HINGNA - APMC,Tomato,2026-02-20,Local,4.1,400.0,1000.0,660.0
Maharashtra,Islampur APMC,Tomato,2026-02-20,Other,10.2,1000.0,1500.0,1250.0
Maharashtra,Jalgaon APMC,Tomato,2026-02-20,Other,12.2,500.0,1000.0,700.0
Maharashtra,Kalmeshwar APMC,Tomato,2026-02-20,Other,2.8,810.0,1200.0,1020.0
Maharashtra,Kamthi APMC,Tomato,2026-02-20,Local,6.0,1020.0,1220.0,1120.0
Maharashtra,Khed(Chakan) APMC,Tomato,2026-02-20,Other,28.5,800.0,1200.0,1000.0
Maharashtra,Mangal Wedha APMC,Tomato,2026-02-20,Local,2.7,400.0,1800.0,1000.0
Maharashtra,Mumbai APMC,Tomato,2026-02-20,Other,239.0,1600.0,2000.0,1800.0
Maharashtra,Nasik APMC,Tomato,2026-02-20,Other,87.3,200.0,1200.0,675.0
Maharashtra,Palus APMC,Tomato,2026-02-20,Other,1.2,800.0,1500.0,1200.0
Maharashtra,Pandharpur APMC,Tomato,2026-02-20,Other,2.4,500.0,1300.0,1000.0
Maharashtra,Panvel APMC,Tomato,2026-02-20,Other,69.5,3000.0,4000.0,3500.0
Maharashtra,Patan APMC,Tomato,2026-02-20,Other,0.7,1250.0,1450.0,1350.0
Maharashtra,Pimpalgaon Baswant APMC,Tomato,2026-02-20,Other,50.1,255.0,1575.0,905.0
Maharashtra,Pune APMC,Tomato,2026-02-20,Local,233.4,600.0,1400.0,1000.0
Maharashtra,Pune(Manjri) APMC,Tomato,2026-02-20,Other,46.9,800.0,1700.0,1200.0
Maharashtra,Pune(Moshi) APMC,Tomato,2026-02-20,Local,66.9,1500.0,2000.0,1750.0
Maharashtra,Pune(Pimpri) APMC,Tomato,2026-02-20,Local,0.9,1400.0,1400.0,1400.0
Maharashtra,Rahata APMC,Tomato,2026-02-20,Other,3.4,500.0,750.0,625.0
Maharashtra,SHRI.SIDDHESHWAR  APMC,Tomato,2026-02-20,Other,15.7,200.0,1000.0,700.0
Maharashtra,Sangamner APMC,Tomato,2026-02-20,Other,12.0,250.0,1250.0,750.0
Maharashtra,Shrirampur APMC,Tomato,2026-02-20,Other,3.7,1000.0,1400.0,1200.0
Maharashtra,Vadgaonpeth APMC,Tomato,2026-02-20,Local,5.0,700.0,1400.0,900.0
Maharashtra,Vai APMC,Tomato,2026-02-20,Local,12.0,500.0,1500.0,1000.0
Maharashtra,Akluj APMC,Tomato,2026-02-21,Local,2.5,700.0,1400.0,1200.0
Maharashtra,Amrawati(Frui & Veg. Market) APMC,Tomato,2026-02-21,Local,15.9,700.0,1000.0,850.0
Maharashtra,Bhusaval APMC,Tomato,2026-02-21,Other,4.7,1000.0,1500.0,1200.0
Maharashtra,Chandrapur(Ganjwad) APMC,Tomato,2026-02-21,Other,28.7,400.0,600.0,500.0
Maharashtra,Chattrapati Sambhajinagar APMC,Tomato,2026-02-21,Other,14.0,500.0,1000.0,750.0
Maharashtra,HINGNA - APMC,Tomato,2026-02-21,Local,11.8,250.0,1500.0,678.0
Maharashtra,Jalgaon APMC,Tomato,2026-02-21,Other,14.0,500.0,1000.0,700.0
Maharashtra,Kalmeshwar APMC,Tomato,2026-02-21,Other,2.5,605.0,1000.0,815.0
Maharashtra,Kamthi APMC,Tomato,2026-02-21,Local,3.2,610.0,810.0,710.0
Maharashtra,Karad APMC,Tomato,2026-02-21,Other,3.0,1000.0,1500.0,1500.0
Maharashtra,Khed(Chakan) APMC,Tomato,2026-02-21,Other,33.2,800.0,1200.0,1000.0
Maharashtra,Kolhapur APMC,Tomato,2026-02-21,Other,21.9,500.0,1500.0,1000.0
Maharashtra,Mangal Wedha APMC,Tomato,2026-02-21,Local,4.0,400.0,1800.0,1300.0
Maharashtra,Nagpur APMC,Tomato,2026-02-21,Local,60.0,400.0,700.0,625.0
Maharashtra,Nagpur APMC,Tomato,2026-02-21,Other,50.0,1000.0,1500.0,1325.0
Maharashtra,Pandharpur APMC,Tomato,2026-02-21,Other,2.9,400.0,1000.0,700.0
Maharashtra,Pune(Khadiki) APMC,Tomato,2026-02-21,Local,1.6,900.0,1300.0,1100.0
Maharashtra,Pune(Manjri) APMC,Tomato,2026-02-21,Other,48.4,700.0,2000.0,1600.0
Maharashtra,Pune(Moshi) APMC,Tomato,2026-02-21,Local,56.2,800.0,1000.0,900.0
Maharashtra,Pune(Pimpri) APMC,Tomato,2026-02-21,Local,1.7,1000.0,1400.0,1200.0
Maharashtra,Rahata APMC,Tomato,2026-02-21,Other,1.8,250.0,1000.0,650.0
Maharashtra,Rahuri APMC,Tomato,2026-02-21,Other,3.9,500.0,1500.0,1000.0
Maharashtra,SHRI.SIDDHESHWAR  APMC,Tomato,2026-02-21,Other,16.1,200.0,1000.0,600.0
Maharashtra,Satara APMC,Tomato,2026-02-21,Other,7.4,1000.0,1500.0,1250.0
Maharashtra,Shrirampur APMC,Tomato,2026-02-21,Other,2.6,800.0,1500.0,1150.0
Maharashtra,Vadgaonpeth APMC,Tomato,2026-02-21,Local,4.6,700.0,1400.0,1000.0
Maharashtra,Vaduj APMC,Tomato,2026-02-21,Local,2.0,2000.0,3000.0,2500.0
Maharashtra,Akluj APMC,Tomato,2026-02-22,Local,2.2,700.0,1500.0,1200.0
Maharashtra,Amrawati(Frui & Veg. Market) APMC,Tomato,2026-02-22,Local,18.0,700.0,1000.0,850.0
Maharashtra,Bhusaval APMC,Tomato,2026-02-22,Other,11.3,500.0,1000.0,800.0
Maharashtra,Chattrapati Sambhajinagar APMC,Tomato,2026-02-22,Other,11.0,700.0,800.0,750.0
Maharashtra,Islampur APMC,Tomato,2026-02-22,Other,7.2,1000.0,1500.0,1250.0
Maharashtra,Junnar(Narayangaon) APMC,Tomato,2026-02-22,Local,297.5,500.0,1250.0,1000.0
Maharashtra,Kalmeshwar APMC,Tomato,2026-02-22,Other,2.8,610.0,1000.0,820.0
Maharashtra,Kamthi APMC,Tomato,2026-02-22,Local,7.4,810.0,1010.0,910.0
Maharashtra,Khed(Chakan) APMC,Tomato,2026-02-22,Other,39.0,800.0,1200.0,1000.0
Maharashtra,Kolhapur APMC,Tomato,2026-02-22,Other,18.5,600.0,1500.0,1000.0
Maharashtra,Manchar APMC,Tomato,2026-02-22,Other,0.2,1000.0,2500.0,1750.0
Maharashtra,Nasik APMC,Tomato,2026-02-22,Other,114.7,200.0,1250.0,750.0
Maharashtra,Panvel APMC,Tomato,2026-02-22,Other,50.5,3000.0,3500.0,3250.0
Maharashtra,Phaltan APMC,Tomato,2026-02-22,Other,7.0,520.0,1819.0,998.0
Maharashtra,Pimpalgaon Baswant APMC,Tomato,2026-02-22,Other,22.7,255.0,905.0,755.0
Maharashtra,Pune APMC,Tomato,2026-02-22,Local,241.2,600.0,1600.0,1100.0
Maharashtra,Pune(Khadiki) APMC,Tomato,2026-02-22,Local,1.4,700.0,1300.0,1000.0
Maharashtra,Pune(Manjri) APMC,Tomato,2026-02-22,Other,47.4,800.0,1500.0,1000.0
Maharashtra,Pune(Moshi) APMC,Tomato,2026-02-22,Local,106.4,1000.0,1500.0,1250.0
Maharashtra,Pune(Pimpri) APMC,Tomato,2026-02-22,Local,2.2,1400.0,1500.0,1450.0
Maharashtra,Rahata APMC,Tomato,2026-02-22,Other,7.2,300.0,1000.0,600.0
Maharashtra,Rahuri APMC,Tomato,2026-02-22,Other,5.7,500.0,1500.0,1000.0
Maharashtra,Sangamner APMC,Tomato,2026-02-22,Other,15.0,250.0,1250.0,750.0
Maharashtra,Satara APMC,Tomato,2026-02-22,Other,10.1,1000.0,2000.0,1500.0
Maharashtra,Shrirampur APMC,Tomato,2026-02-22,Other,3.7,800.0,1200.0,1000.0
Maharashtra,Vadgaonpeth APMC,Tomato,2026-02-22,Local,5.0,800.0,1400.0,1000.0
Maharashtra,Vai APMC,Tomato,2026-02-22,Local,12.0,500.0,1500.0,1000.0
Maharashtra,Akluj APMC,Tomato,2026-02-23,Local,2.5,800.0,1500.0,1000.0
Maharashtra,Amrawati(Frui & Veg. Market) APMC,Tomato,2026-02-23,Local,17.9,800.0,1000.0,900.0
Maharashtra,Chandrapur(Ganjwad) APMC,Tomato,2026-02-23,Other,25.8,400.0,600.0,500.0
Maharashtra,Chattrapati Sambhajinagar APMC,Tomato,2026-02-23,Other,13.5,600.0,800.0,700.0
Maharashtra,HINGNA - APMC,Tomato,2026-02-23,Local,22.4,250.0,2000.0,706.0
Maharashtra,Jalgaon APMC,Tomato,2026-02-23,Other,13.0,300.0,700.0,500.0
Maharashtra,Junnar(Narayangaon) APMC,Tomato,2026-02-23,Local,336.0,500.0,1500.0,1000.0
Maharashtra,Kamthi APMC,Tomato,2026-02-23,Local,5.1,660.0,860.0,760.0
Maharashtra,Karad APMC,Tomato,2026-02-23,Other,2.4,1000.0,1200.0,1200.0
Maharashtra,Kolhapur APMC,Tomato,2026-02-23,Other,32.4,500.0,1200.0,800.0
Maharashtra,Mangal Wedha APMC,Tomato,2026-02-23,Local,5.2,200.0,1200.0,800.0
Maharashtra,Mumbai APMC,Tomato,2026-02-23,Other,224.9,1200.0,1600.0,1400.0
Maharashtra,Nagpur APMC,Tomato,2026-02-23,Local,50.0,500.0,700.0,650.0
Maharashtra,Nagpur APMC,Tomato,2026-02-23,Other,30.0,1500.0,1700.0,1650.0
Maharashtra,Nasik APMC,Tomato,2026-02-23,Other,127.5,225.0,1205.0,700.0
Maharashtra,Pandharpur APMC,Tomato,2026-02-23,Other,3.2,500.0,800.0,700.0
Maharashtra,Panvel APMC,Tomato,2026-02-23,Other,73.0,2500.0,2800.0,2600.0
Maharashtra,Patan APMC,Tomato,2026-02-23,Other,0.8,1250.0,1450.0,1350.0
Maharashtra,Pimpalgaon Baswant APMC,Tomato,2026-02-23,Other,52.0,255.0,1355.0,755.0
Maharashtra,Pune(Khadiki) APMC,Tomato,2026-02-23,Local,1.4,700.0,1300.0,1000.0
Maharashtra,Pune(Manjri) APMC,Tomato,2026-02-23,Other,46.7,1000.0,2000.0,1500.0
Maharashtra,Pune(Moshi) APMC,Tomato,2026-02-23,Local,49.2,1000.0,1200.0,1100.0
Maharashtra,Pune(Pimpri) APMC,Tomato,2026-02-23,Local,1.1,1400.0,1500.0,1450.0
Maharashtra,Rahuri APMC,Tomato,2026-02-23,Other,4.4,800.0,1500.0,1150.0
Maharashtra,Ratnagiri (Nachane) APMC,Tomato,2026-02-23,Other,2.1,1200.0,1500.0,1400.0
Maharashtra,SHRI.SIDDHESHWAR  APMC,Tomato,2026-02-23,Other,19.4,200.0,800.0,600.0
Maharashtra,Sangamner APMC,Tomato,2026-02-23,Other,16.0,250.0,1150.0,700.0
Maharashtra,Satara APMC,Tomato,2026-02-23,Other,3.0,1000.0,1500.0,1250.0
Maharashtra,Shrirampur APMC,Tomato,2026-02-23,Other,2.6,800.0,1000.0,900.0
Maharashtra,Amrawati(Frui & Veg. Market) APMC,Tomato,2026-02-24,Local,16.8,700.0,1000.0,850.0
Maharashtra,Bhusaval APMC,Tomato,2026-02-24,Other,10.6,500.0,1000.0,800.0
Maharashtra,Chandrapur(Ganjwad) APMC,Tomato,2026-02-24,Other,17.3,400.0,800.0,600.0
Maharashtra,Chattrapati Sambhajinagar APMC,Tomato,2026-02-24,Other,14.0,500.0,700.0,600.0
Maharashtra,HINGNA - APMC,Tomato,2026-02-24,Local,11.5,280.0,2000.0,710.0
Maharashtra,Islampur APMC,Tomato,2026-02-24,Other,8.9,1000.0,1500.0,1250.0
Maharashtra,Jalgaon APMC,Tomato,2026-02-24,Other,10.0,500.0,1000.0,700.0
Maharashtra,Junnar(Narayangaon) APMC,Tomato,2026-02-24,Local,319.0,500.0,1250.0,1000.0
Maharashtra,Kalmeshwar APMC,Tomato,2026-02-24,Other,2.6,615.0,1000.0,825.0
Maharashtra,Karad APMC,Tomato,2026-02-24,Other,3.0,800.0,1200.0,1200.0
Maharashtra,Khed(Chakan) APMC,Tomato,2026-02-24,Other,30.4,800.0,1200.0,1000.0
Maharashtra,Mumbai APMC,Tomato,2026-02-24,Other,202.2,1200.0,1500.0,1350.0
Maharashtra,Nagpur APMC,Tomato,2026-02-24,Local,40.0,400.0,700.0,625.0
Maharashtra,Nagpur APMC,Tomato,2026-02-24,Other,30.0,1200.0,1500.0,1425.0
Maharashtra,Nasik APMC,Tomato,2026-02-24,Other,122.0,200.0,1150.0,675.0
Maharashtra,Palus APMC,Tomato,2026-02-24,Other,1.5,1000.0,1200.0,1100.0
Maharashtra,Pandharpur APMC,Tomato,2026-02-24,Other,2.8,300.0,1100.0,600.0
Maharashtra,Panvel APMC,Tomato,2026-02-24,Other,77.0,2500.0,3000.0,2750.0
Maharashtra,Pimpalgaon Baswant APMC,Tomato,2026-02-24,Other,66.1,255.0,1255.0,705.0
Maharashtra,Pune APMC,Tomato,2026-02-24,Local,273.3,600.0,1500.0,1050.0
Maharashtra,Pune(Khadiki) APMC,Tomato,2026-02-24,Local,1.4,700.0,1200.0,950.0
Maharashtra,Pune(Manjri) APMC,Tomato,2026-02-24,Other,49.3,800.0,2000.0,1500.0
Maharashtra,Pune(Pimpri) APMC,Tomato,2026-02-24,Local,1.6,1300.0,1500.0,1400.0
Maharashtra,Rahuri APMC,Tomato,2026-02-24,Other,3.1,1000.0,2000.0,1500.0
Maharashtra,SHRI.SIDDHESHWAR  APMC,Tomato,2026-02-24,Other,15.1,200.0,800.0,600.0
Maharashtra,Sangamner APMC,Tomato,2026-02-24,Other,12.0,250.0,1250.0,750.0
Maharashtra,Satara APMC,Tomato,2026-02-24,Other,5.6,1000.0,1500.0,1250.0
Maharashtra,Akluj APMC,Tomato,2026-02-25,Local,2.0,800.0,1500.0,1200.0
Maharashtra,Amrawati(Frui & Veg. Market) APMC,Tomato,2026-02-25,Local,18.0,800.0,1000.0,900.0
Maharashtra,Bhusaval APMC,Tomato,2026-02-25,Other,6.4,500.0,1000.0,800.0
Maharashtra,Chandrapur(Ganjwad) APMC,Tomato,2026-02-25,Other,16.5,400.0,800.0,600.0
Maharashtra,Chattrapati Sambhajinagar APMC,Tomato,2026-02-25,Other,14.0,400.0,700.0,550.0
Maharashtra,HINGNA - APMC,Tomato,2026-02-25,Local,3.7,350.0,2000.0,788.0
Maharashtra,Jalgaon APMC,Tomato,2026-02-25,Other,9.5,500.0,1000.0,700.0
Maharashtra,Junnar(Narayangaon) APMC,Tomato,2026-02-25,Local,264.0,500.0,1750.0,1500.0
Maharashtra,Kalmeshwar APMC,Tomato,2026-02-25,Other,2.7,620.0,1000.0,810.0
Maharashtra,Kalyan APMC,Tomato,2026-02-25,Other,0.3,1500.0,1600.0,1550.0
Maharashtra,Karad APMC,Tomato,2026-02-25,Other,7.8,800.0,1500.0,1500.0
Maharashtra,Khed(Chakan) APMC,Tomato,2026-02-25,Other,32.8,700.0,1200.0,1000.0
Maharashtra,Mangal Wedha APMC,Tomato,2026-02-25,Local,6.0,200.0,1100.0,800.0
Maharashtra,Mumbai APMC,Tomato,2026-02-25,Other,205.9,1200.0,1500.0,1350.0
Maharashtra,Nagpur APMC,Tomato,2026-02-25,Local,50.0,500.0,800.0,725.0
Maharashtra,Nagpur APMC,Tomato,2026-02-25,Other,50.0,800.0,1000.0,950.0
Maharashtra,Pandharpur APMC,Tomato,2026-02-25,Other,3.1,400.0,1000.0,700.0
Maharashtra,Panvel APMC,Tomato,2026-02-25,Other,77.6,1500.0,2000.0,1750.0
Maharashtra,Patan APMC,Tomato,2026-02-25,Other,0.8,1500.0,2000.0,1750.0
Maharashtra,Pimpalgaon Baswant APMC,Tomato,2026-02-25,Other,66.8,255.0,1355.0,755.0
Maharashtra,Pune APMC,Tomato,2026-02-25,Local,204.1,700.0,1500.0,1100.0
Maharashtra,Pune(Manjri) APMC,Tomato,2026-02-25,Other,41.1,1000.0,1500.0,1200.0
Maharashtra,Pune(Pimpri) APMC,Tomato,2026-02-25,Local,1.7,1000.0,1500.0,1250.0
Maharashtra,Rahuri APMC,Tomato,2026-02-25,Other,5.4,1000.0,1500.0,1250.0
Maharashtra,Ratnagiri (Nachane) APMC,Tomato,2026-02-25,Other,2.1,1000.0,1200.0,1100.0
Maharashtra,SHRI.SIDDHESHWAR  APMC,Tomato,2026-02-25,Other,13.6,400.0,800.0,500.0
Maharashtra,Sangamner APMC,Tomato,2026-02-25,Other,12.0,250.0,1150.0,700.0
Maharashtra,Satara APMC,Tomato,2026-02-25,Other,3.9,1000.0,1300.0,1150.0
Maharashtra,Shrirampur APMC,Tomato,2026-02-25,Other,3.1,800.0,1500.0,1150.0
Maharashtra,Vai APMC,Tomato,2026-02-25,Local,10.0,1000.0,1800.0,1500.0
Maharashtra,APMC CHANDRAPUR,Tomato,2026-02-26,Other,28.9,300.0,600.0,400.0
Maharashtra,Ahilyanagar APMC,Tomato,2026-02-26,Other,28.4,500.0,1400.0,950.0
Maharashtra,Akluj APMC,Tomato,2026-02-26,Local,2.7,700.0,1500.0,1000.0
Maharashtra,Bhusaval APMC,Tomato,2026-02-26,Other,4.3,500.0,1300.0,1000.0
Maharashtra,HINGNA - APMC,Tomato,2026-02-26,Local,6.3,400.0,1250.0,798.0
Maharashtra,Jalgaon APMC,Tomato,2026-02-26,Other,7.6,500.0,1000.0,700.0
Maharashtra,Junnar(Narayangaon) APMC,Tomato,2026-02-26,Local,239.0,500.0,1750.0,1500.0
Maharashtra,Kalmeshwar APMC,Tomato,2026-02-26,Other,2.3,815.0,1200.0,1005.0
Maharashtra,Kalyan APMC,Tomato,2026-02-26,Other,0.3,1500.0,1600.0,1550.0
Maharashtra,Karad APMC,Tomato,2026-02-26,Other,3.9,1000.0,1200.0,1200.0
Maharashtra,Khed(Chakan) APMC,Tomato,2026-02-26,Other,33.0,700.0,1200.0,1000.0
Maharashtra,Kolhapur APMC,Tomato,2026-02-26,Other,20.3,600.0,1200.0,800.0
Maharashtra,Mangal Wedha APMC,Tomato,2026-02-26,Local,3.9,200.0,1000.0,900.0
Maharashtra,Mumbai APMC,Tomato,2026-02-26,Other,222.7,1100.0,1500.0,1300.0
Maharashtra,Nagpur APMC,Tomato,2026-02-26,Local,50.0,500.0,900.0,800.0
Maharashtra,Nagpur APMC,Tomato,2026-02-26,Other,40.0,1000.0,1500.0,1325.0
Maharashtra,Nasik APMC,Tomato,2026-02-26,Other,134.7,225.0,1350.0,725.0
Maharashtra,Pandharpur APMC,Tomato,2026-02-26,Other,3.3,400.0,900.0,700.0
Maharashtra,Panvel APMC,Tomato,2026-02-26,Other,68.0,1500.0,2000.0,1750.0
Maharashtra,Phaltan APMC,Tomato,2026-02-26,Other,4.0,500.0,1500.0,1081.0
Maharashtra,Pimpalgaon Baswant APMC,Tomato,2026-02-26,Other,47.0,255.0,1405.0,805.0
Maharashtra,Pune APMC,Tomato,2026-02-26,Local,156.1,600.0,1400.0,1000.0
Maharashtra,Pune(Khadiki) APMC,Tomato,2026-02-26,Local,1.4,700.0,1300.0,1000.0
Maharashtra,Pune(Manjri) APMC,Tomato,2026-02-26,Other,42.6,1500.0,2500.0,2000.0
Maharashtra,Pune(Moshi) APMC,Tomato,2026-02-26,Local,87.8,1000.0,1500.0,1250.0
Maharashtra,Pune(Pimpri) APMC,Tomato,2026-02-26,Local,1.0,1400.0,1500.0,1450.0
Maharashtra,Rahata APMC,Tomato,2026-02-26,Other,9.2,500.0,1000.0,750.0
Maharashtra,Rahuri APMC,Tomato,2026-02-26,Other,0.7,500.0,1500.0,1000.0
Maharashtra,Ratnagiri (Nachane) APMC,Tomato,2026-02-26,Other,2.4,1000.0,1200.0,1100.0
Maharashtra,SHRI.SIDDHESHWAR  APMC,Tomato,2026-02-26,Other,16.4,200.0,800.0,600.0
Maharashtra,Sangamner APMC,Tomato,2026-02-26,Other,12.0,250.0,1150.0,700.0
Maharashtra,Satara APMC,Tomato,2026-02-26,Other,11.6,1000.0,1200.0,1100.0
Maharashtra,Shrirampur APMC,Tomato,2026-02-26,Other,3.1,800.0,1200.0,1000.0
Maharashtra,Vadgaonpeth APMC,Tomato,2026-02-26,Local,5.0,700.0,1500.0,1000.0
Maharashtra,Akluj APMC,Tomato,2026-02-27,Local,3.8,500.0,1500.0,1000.0
Maharashtra,Amrawati(Frui & Veg. Market) APMC,Tomato,2026-02-27,Local,16.7,800.0,1000.0,900.0
Maharashtra,Bhusaval APMC,Tomato,2026-02-27,Other,2.1,800.0,1300.0,1000.0
Maharashtra,Chandrapur(Ganjwad) APMC,Tomato,2026-02-27,Other,21.0,300.0,600.0,400.0
Maharashtra,HINGNA - APMC,Tomato,2026-02-27,Local,7.8,250.0,1000.0,643.0
Maharashtra,Jalgaon APMC,Tomato,2026-02-27,Other,6.0,500.0,1300.0,900.0
Maharashtra,Junnar(Narayangaon) APMC,Tomato,2026-02-27,Local,252.5,500.0,1750.0,1500.0
Maharashtra,Kalmeshwar APMC,Tomato,2026-02-27,Other,2.8,820.0,1200.0,1010.0
Maharashtra,Kalyan APMC,Tomato,2026-02-27,Other,0.3,1500.0,1600.0,1550.0
Maharashtra,Khed(Chakan) APMC,Tomato,2026-02-27,Other,30.0,700.0,1200.0,1000.0
Maharashtra,Mangal Wedha APMC,Tomato,2026-02-27,Local,3.8,200.0,900.0,600.0
Maharashtra,Mumbai APMC,Tomato,2026-02-27,Other,202.0,1100.0,1500.0,1300.0
Maharashtra,Nasik APMC,Tomato,2026-02-27,Other,113.4,225.0,1425.0,750.0
Maharashtra,Pandharpur APMC,Tomato,2026-02-27,Other,3.1,400.0,900.0,700.0
Maharashtra,Panvel APMC,Tomato,2026-02-27,Other,70.0,2500.0,3000.0,2750.0
Maharashtra,Patan APMC,Tomato,2026-02-27,Other,0.7,1500.0,2000.0,1750.0
Maharashtra,Pimpalgaon Baswant APMC,Tomato,2026-02-27,Other,40.7,255.0,1505.0,905.0
Maharashtra,Pune APMC,Tomato,2026-02-27,Local,233.3,600.0,1400.0,1000.0
Maharashtra,Pune(Khadiki) APMC,Tomato,2026-02-27,Local,1.6,600.0,1200.0,900.0
Maharashtra,Pune(Manjri) APMC,Tomato,2026-02-27,Other,41.6,1000.0,2000.0,1500.0
Maharashtra,Pune(Moshi) APMC,Tomato,2026-02-27,Local,44.6,1000.0,1500.0,1250.0
Maharashtra,Pune(Pimpri) APMC,Tomato,2026-02-27,Local,0.8,1200.0,1500.0,1350.0
Maharashtra,Rahata APMC,Tomato,2026-02-27,Other,2.0,300.0,700.0,500.0
Maharashtra,Rahuri APMC,Tomato,2026-02-27,Other,0.9,500.0,1500.0,1000.0
Maharashtra,Ratnagiri (Nachane) APMC,Tomato,2026-02-27,Other,2.1,1000.0,1200.0,1100.0
Maharashtra,SHRI.SIDDHESHWAR  APMC,Tomato,2026-02-27,Other,19.0,200.0,700.0,500.0
Maharashtra,Sangamner APMC,Tomato,2026-02-27,Other,10.5,250.0,1150.0,700.0
Maharashtra,Shrirampur APMC,Tomato,2026-02-27,Other,3.7,800.0,1200.0,1000.0
Maharashtra,Vadgaonpeth APMC,Tomato,2026-02-27,Local,5.0,700.0,1500.0,900.0
Maharashtra,Vai APMC,Tomato,2026-02-27,Local,12.0,500.0,1500.0,1000.0
Maharashtra,Ahilyanagar APMC,Tomato,2026-02-28,Other,25.3,300.0,1300.0,800.0
Maharashtra,Akluj APMC,Tomato,2026-02-28,Local,2.5,1000.0,1500.0,1200.0
Maharashtra,Amrawati(Frui & Veg. Market) APMC,Tomato,2026-02-28,Local,18.0,800.0,1000.0,900.0
Maharashtra,Bhusaval APMC,Tomato,2026-02-28,Other,383.8,800.0,1300.0,1000.0
Maharashtra,Chandrapur(Ganjwad) APMC,Tomato,2026-02-28,Other,28.9,300.0,600.0,400.0
Maharashtra,Chattrapati Sambhajinagar APMC,Tomato,2026-02-28,Other,11.0,400.0,700.0,550.0
Maharashtra,Jalgaon APMC,Tomato,2026-02-28,Other,11.0,500.0,1000.0,750.0
Maharashtra,Junnar(Narayangaon) APMC,Tomato,2026-02-28,Local,229.5,750.0,1625.0,1250.0
Maharashtra,Kalmeshwar APMC,Tomato,2026-02-28,Other,2.5,815.0,1200.0,1025.0
Maharashtra,Karad APMC,Tomato,2026-02-28,Other,1.8,1000.0,1500.0,1500.0
Maharashtra,Kolhapur APMC,Tomato,2026-02-28,Other,28.5,700.0,1500.0,1000.0
Maharashtra,Mangal Wedha APMC,Tomato,2026-02-28,Local,3.6,200.0,1100.0,600.0
Maharashtra,Panvel APMC,Tomato,2026-02-28,Other,77.0,2000.0,2500.0,2250.0
Maharashtra,Pune(Manjri) APMC,Tomato,2026-02-28,Other,42.4,1000.0,2000.0,1500.0
Maharashtra,Pune(Moshi) APMC,Tomato,2026-02-28,Local,63.2,800.0,1000.0,900.0
Maharashtra,Pune(Pimpri) APMC,Tomato,2026-02-28,Local,1.0,1200.0,1500.0,1350.0
Maharashtra,Rahata APMC,Tomato,2026-02-28,Other,2.9,500.0,1250.0,875.0
Maharashtra,Rahuri APMC,Tomato,2026-02-28,Other,4.0,1000.0,2000.0,1500.0
Maharashtra,SHRI.SIDDHESHWAR  APMC,Tomato,2026-02-28,Other,16.8,200.0,800.0,600.0
Maharashtra,Sangamner APMC,Tomato,2026-02-28,Other,10.5,250.0,1250.0,750.0
Maharashtra,Satara APMC,Tomato,2026-02-28,Other,6.0,1000.0,1200.0,1100.0
Maharashtra,Shrirampur APMC,Tomato,2026-02-28,Other,2.5,500.0,1000.0,750.0
Maharashtra,Vadgaonpeth APMC,Tomato,2026-02-28,Local,5.0,800.0,1400.0,1000.0
Maharashtra,Ahilyanagar APMC,Tomato,2026-03-01,Other,23.2,400.0,1300.0,850.0
Maharashtra,Akluj APMC,Tomato,2026-03-01,Local,2.3,800.0,1500.0,1000.0
Maharashtra,Amrawati(Frui & Veg. Market) APMC,Tomato,2026-03-01,Local,16.8,800.0,1000.0,900.0
Maharashtra,Bhusaval APMC,Tomato,2026-03-01,Other,11.3,500.0,1000.0,800.0
Maharashtra,Chattrapati Sambhajinagar APMC,Tomato,2026-03-01,Other,12.0,500.0,700.0,600.0
Maharashtra,Kalmeshwar APMC,Tomato,2026-03-01,Other,2.8,620.0,1000.0,810.0
Maharashtra,Kalyan APMC,Tomato,2026-03-01,Other,0.3,1200.0,1600.0,1400.0
Maharashtra,Kamthi APMC,Tomato,2026-03-01,Local,5.0,520.0,720.0,620.0
Maharashtra,Karad APMC,Tomato,2026-03-01,Other,1.8,800.0,1200.0,1200.0
Maharashtra,Khed(Chakan) APMC,Tomato,2026-03-01,Other,31.0,800.0,1400.0,1100.0
Maharashtra,Mangal Wedha APMC,Tomato,2026-03-01,Local,3.4,400.0,1000.0,700.0
Maharashtra,Nasik APMC,Tomato,2026-03-01,Other,106.2,200.0,1300.0,800.0
Maharashtra,Panvel APMC,Tomato,2026-03-01,Other,50.5,3000.0,3500.0,3250.0
Maharashtra,Phaltan APMC,Tomato,2026-03-01,Other,6.5,500.0,1750.0,1029.0
Maharashtra,Pimpalgaon Baswant APMC,Tomato,2026-03-01,Other,20.2,255.0,1405.0,755.0
Maharashtra,Pune APMC,Tomato,2026-03-01,Local,277.2,600.0,1600.0,1100.0
Maharashtra,Pune(Khadiki) APMC,Tomato,2026-03-01,Local,1.1,700.0,1200.0,950.0
Maharashtra,Pune(Manjri) APMC,Tomato,2026-03-01,Other,47.4,1000.0,2500.0,1500.0
Maharashtra,Pune(Moshi) APMC,Tomato,2026-03-01,Local,66.6,800.0,1000.0,900.0
Maharashtra,Pune(Pimpri) APMC,Tomato,2026-03-01,Local,3.0,1200.0,1500.0,1350.0
Maharashtra,Rahata APMC,Tomato,2026-03-01,Other,8.3,500.0,1250.0,800.0
Maharashtra,Rahuri APMC,Tomato,2026-03-01,Other,4.6,1500.0,2000.0,1750.0
Maharashtra,Satara APMC,Tomato,2026-03-01,Other,10.0,1000.0,1500.0,1250.0
Maharashtra,Shrirampur APMC,Tomato,2026-03-01,Other,3.3,800.0,1200.0,1000.0
Maharashtra,Vadgaonpeth APMC,Tomato,2026-03-01,Local,5.5,800.0,2100.0,1500.0
Maharashtra,Vai APMC,Tomato,2026-03-01,Local,12.0,1000.0,2000.0,1500.0
Maharashtra,Akluj APMC,Tomato,2026-03-02,Local,3.2,800.0,1600.0,1200.0
Maharashtra,Amrawati(Frui & Veg. Market) APMC,Tomato,2026-03-02,Local,17.8,700.0,1000.0,850.0
Maharashtra,Chandrapur(Ganjwad) APMC,Tomato,2026-03-02,Other,23.4,400.0,600.0,500.0
Maharashtra,Chattrapati Sambhajinagar APMC,Tomato,2026-03-02,Other,14.4,400.0,700.0,550.0
Maharashtra,Kalyan APMC,Tomato,2026-03-02,Other,0.3,1300.0,1700.0,1500.0
Maharashtra,Kamthi APMC,Tomato,2026-03-02,Local,6.0,450.0,650.0,550.0
Maharashtra,Karad APMC,Tomato,2026-03-02,Other,3.9,1000.0,1500.0,1500.0
Maharashtra,Kolhapur APMC,Tomato,2026-03-02,Other,21.0,1000.0,1500.0,1200.0
Maharashtra,Mangal Wedha APMC,Tomato,2026-03-02,Local,6.4,200.0,1500.0,1000.0
Maharashtra,Mumbai APMC,Tomato,2026-03-02,Other,250.9,1100.0,1500.0,1300.0
Maharashtra,Panvel APMC,Tomato,2026-03-02,Other,80.0,2500.0,3000.0,2750.0
Maharashtra,Patan APMC,Tomato,2026-03-02,Other,0.7,1500.0,2000.0,1750.0
Maharashtra,Pune(Khadiki) APMC,Tomato,2026-03-02,Local,1.1,700.0,1300.0,1000.0
Maharashtra,Pune(Manjri) APMC,Tomato,2026-03-02,Other,40.3,1000.0,2200.0,1500.0
Maharashtra,Pune(Pimpri) APMC,Tomato,2026-03-02,Local,0.6,1300.0,1400.0,1350.0
Maharashtra,Rahuri APMC,Tomato,2026-03-02,Other,2.8,800.0,2000.0,1400.0
Maharashtra,SHRI.SIDDHESHWAR  APMC,Tomato,2026-03-02,Other,11.7,200.0,1000.0,700.0
Maharashtra,Sangamner APMC,Tomato,2026-03-02,Other,12.0,250.0,1250.0,750.0
Maharashtra,Satara APMC,Tomato,2026-03-02,Other,3.0,1000.0,1800.0,1400.0
Maharashtra,Shrirampur APMC,Tomato,2026-03-02,Other,3.0,500.0,1000.0,750.0
Maharashtra,Vai APMC,Tomato,2026-03-02,Local,12.0,1000.0,2200.0,1500.0
Maharashtra,Amrawati(Frui & Veg. Market) APMC,Tomato,2026-03-03,Local,0.1,800.0,1000.0,900.0
Maharashtra,Islampur APMC,Tomato,2026-03-03,Other,2.6,1000.0,1500.0,1250.0
Maharashtra,Kalmeshwar APMC,Tomato,2026-03-03,Other,2.0,815.0,1200.0,1025.0
Maharashtra,Karad APMC,Tomato,2026-03-03,Other,1.8,800.0,1200.0,1200.0
Maharashtra,Khed(Chakan) APMC,Tomato,2026-03-03,Other,22.1,1500.0,2000.0,1700.0
Maharashtra,Kolhapur APMC,Tomato,2026-03-03,Other,13.4,500.0,1000.0,800.0
Maharashtra,Nasik APMC,Tomato,2026-03-03,Other,110.6,200.0,1250.0,750.0
Maharashtra,Palus APMC,Tomato,2026-03-03,Other,1.4,900.0,1200.0,1000.0
Maharashtra,Panvel APMC,Tomato,2026-03-03,Other,30.0,2500.0,3000.0,2750.0
Maharashtra,Patan APMC,Tomato,2026-03-03,Other,0.9,1500.0,2000.0,1750.0
Maharashtra,Pimpalgaon Baswant APMC,Tomato,2026-03-03,Other,30.9,255.0,1355.0,755.0
Maharashtra,Pune(Manjri) APMC,Tomato,2026-03-03,Other,24.3,1000.0,2000.0,1500.0
Maharashtra,Pune(Pimpri) APMC,Tomato,2026-03-03,Local,0.5,1200.0,1400.0,1300.0
Maharashtra,Rahuri APMC,Tomato,2026-03-03,Other,3.5,800.0,2000.0,1400.0
Maharashtra,Satara APMC,Tomato,2026-03-03,Other,5.0,1000.0,1500.0,1250.0
Maharashtra,AGRICULTURE PRODUCE MARKET COMITEE CHANDWAD,Tomato,2026-03-04,Local,4.3,500.0,1000.0,600.0
Maharashtra,Akluj APMC,Tomato,2026-03-04,Local,2.5,700.0,1000.0,900.0
Maharashtra,Bhusaval APMC,Tomato,2026-03-04,Other,3.2,800.0,1200.0,1000.0
Maharashtra,Chandrapur(Ganjwad) APMC,Tomato,2026-03-04,Other,20.1,400.0,600.0,500.0
Maharashtra,Chattrapati Sambhajinagar APMC,Tomato,2026-03-04,Other,15.5,300.0,600.0,450.0
Maharashtra,HINGNA - APMC,Tomato,2026-03-04,Local,6.5,250.0,1000.0,711.0
Maharashtra,Jalgaon APMC,Tomato,2026-03-04,Other,12.0,500.0,1000.0,700.0
Maharashtra,Junnar(Narayangaon) APMC,Tomato,2026-03-04,Local,222.7,750.0,1501.0,1001.0
Maharashtra,Kalmeshwar APMC,Tomato,2026-03-04,Other,2.3,820.0,1200.0,1010.0
Maharashtra,Kamthi APMC,Tomato,2026-03-04,Local,0.8,660.0,860.0,760.0
Maharashtra,Karad APMC,Tomato,2026-03-04,Other,0.9,1000.0,1200.0,1200.0
Maharashtra,Khed(Chakan) APMC,Tomato,2026-03-04,Other,33.8,1000.0,1500.0,1200.0
Maharashtra,Mangal Wedha APMC,Tomato,2026-03-04,Local,4.0,200.0,1100.0,800.0
Maharashtra,Mumbai APMC,Tomato,2026-03-04,Other,230.8,1600.0,2000.0,1800.0
Maharashtra,Nagpur APMC,Tomato,2026-03-04,Local,45.0,500.0,700.0,650.0
Maharashtra,Nagpur APMC,Tomato,2026-03-04,Other,25.0,1000.0,1200.0,1150.0
Maharashtra,Nasik APMC,Tomato,2026-03-04,Other,109.4,200.0,1200.0,700.0
Maharashtra,Panvel APMC,Tomato,2026-03-04,Other,81.0,2000.0,3000.0,2650.0
Maharashtra,Patan APMC,Tomato,2026-03-04,Other,0.9,1500.0,2000.0,1750.0
Maharashtra,Pimpalgaon Baswant APMC,Tomato,2026-03-04,Other,51.1,255.0,1405.0,805.0
Maharashtra,Pune APMC,Tomato,2026-03-04,Local,254.4,600.0,1600.0,1100.0
Maharashtra,Pune(Manjri) APMC,Tomato,2026-03-04,Other,49.3,1000.0,2000.0,1500.0
Maharashtra,Pune(Pimpri) APMC,Tomato,2026-03-04,Local,2.2,1400.0,1500.0,1450.0
Maharashtra,Rahata APMC,Tomato,2026-03-04,Other,3.6,500.0,1000.0,750.0
Maharashtra,Rahuri APMC,Tomato,2026-03-04,Other,2.4,800.0,2000.0,1400.0
Maharashtra,Ratnagiri (Nachane) APMC,Tomato,2026-03-04,Other,1.6,1000.0,1200.0,1100.0
Maharashtra,SHRI.SIDDHESHWAR  APMC,Tomato,2026-03-04,Other,16.0,200.0,1200.0,700.0
Maharashtra,Sangamner APMC,Tomato,2026-03-04,Other,6.5,250.0,1250.0,750.0
Maharashtra,Satara APMC,Tomato,2026-03-04,Other,4.2,1000.0,2000.0,1500.0
Maharashtra,Shrirampur APMC,Tomato,2026-03-04,Other,3.0,500.0,1000.0,750.0
Maharashtra,Vadgaonpeth APMC,Tomato,2026-03-04,Local,11.5,1000.0,1200.0,1100.0
Maharashtra,Ahilyanagar APMC,Tomato,2026-03-05,Other,23.6,300.0,1400.0,850.0
Maharashtra,Akluj APMC,Tomato,2026-03-05,Local,3.5,700.0,1200.0,1000.0
Maharashtra,Bhusaval APMC,Tomato,2026-03-05,Other,5.1,1000.0,1600.0,1300.0
Maharashtra,Chandrapur(Ganjwad) APMC,Tomato,2026-03-05,Other,18.4,400.0,800.0,600.0
Maharashtra,Chattrapati Sambhajinagar APMC,Tomato,2026-03-05,Other,12.5,600.0,800.0,700.0
Maharashtra,HINGNA - APMC,Tomato,2026-03-05,Local,4.3,500.0,1000.0,840.0
Maharashtra,Islampur APMC,Tomato,2026-03-05,Other,2.6,1500.0,2000.0,1750.0
Maharashtra,Junnar(Narayangaon) APMC,Tomato,2026-03-05,Local,236.5,750.0,1501.0,1001.0
Maharashtra,Kalmeshwar APMC,Tomato,2026-03-05,Other,2.1,615.0,1000.0,825.0
Maharashtra,Kamthi APMC,Tomato,2026-03-05,Local,4.6,640.0,840.0,740.0
Maharashtra,Khed(Chakan) APMC,Tomato,2026-03-05,Other,30.4,800.0,1200.0,1000.0
Maharashtra,Kolhapur APMC,Tomato,2026-03-05,Other,24.9,500.0,1200.0,800.0
Maharashtra,Mangal Wedha APMC,Tomato,2026-03-05,Local,5.2,200.0,1000.0,700.0
Maharashtra,Mumbai APMC,Tomato,2026-03-05,Other,115.9,1600.0,2000.0,1800.0
Maharashtra,Nagpur APMC,Tomato,2026-03-05,Local,45.0,500.0,1000.0,825.0
Maharashtra,Nagpur APMC,Tomato,2026-03-05,Other,10.0,1200.0,1500.0,1425.0
Maharashtra,Nasik APMC,Tomato,2026-03-05,Other,114.3,200.0,1300.0,800.0
Maharashtra,Pandharpur APMC,Tomato,2026-03-05,Other,2.8,400.0,950.0,750.0
Maharashtra,Panvel APMC,Tomato,2026-03-05,Other,3.0,2000.0,2500.0,2250.0
Maharashtra,Pimpalgaon Baswant APMC,Tomato,2026-03-05,Other,89.4,255.0,1255.0,755.0
Maharashtra,Pune APMC,Tomato,2026-03-05,Local,205.9,600.0,1400.0,1000.0
Maharashtra,Pune(Khadiki) APMC,Tomato,2026-03-05,Local,1.8,600.0,1300.0,950.0
Maharashtra,Pune(Manjri) APMC,Tomato,2026-03-05,Other,48.9,1000.0,2000.0,1500.0
Maharashtra,Pune(Moshi) APMC,Tomato,2026-03-05,Local,89.1,800.0,1000.0,900.0
Maharashtra,Pune(Pimpri) APMC,Tomato,2026-03-05,Local,0.9,1500.0,1500.0,1500.0
Maharashtra,Rahuri APMC,Tomato,2026-03-05,Other,4.8,800.0,1500.0,1150.0
Maharashtra,Ratnagiri (Nachane) APMC,Tomato,2026-03-05,Other,2.7,1000.0,1500.0,1300.0
Maharashtra,SHRI.SIDDHESHWAR  APMC,Tomato,2026-03-05,Other,18.8,200.0,1000.0,700.0
Maharashtra,Sangamner APMC,Tomato,2026-03-05,Other,9.0,250.0,1250.0,750.0
Maharashtra,Satara APMC,Tomato,2026-03-05,Other,4.6,1000.0,2000.0,1500.0
Maharashtra,Shrirampur APMC,Tomato,2026-03-05,Other,3.4,800.0,1000.0,900.0
Maharashtra,Vadgaonpeth APMC,Tomato,2026-03-05,Local,13.0,1000.0,1800.0,1400.0
Maharashtra,Ahilyanagar APMC,Tomato,2026-03-06,Other,21.6,400.0,1300.0,850.0
Maharashtra,Akluj APMC,Tomato,2026-03-06,Local,3.2,700.0,1000.0,900.0
Maharashtra,Amrawati(Frui & Veg. Market) APMC,Tomato,2026-03-06,Local,13.7,1200.0,1400.0,1300.0
Maharashtra,Bhusaval APMC,Tomato,2026-03-06,Other,2.7,1000.0,1600.0,1200.0
Maharashtra,Chandrapur(Ganjwad) APMC,Tomato,2026-03-06,Other,24.2,400.0,600.0,500.0
Maharashtra,HINGNA - APMC,Tomato,2026-03-06,Local,6.5,400.0,2000.0,842.0
Maharashtra,Islampur APMC,Tomato,2026-03-06,Other,2.9,1000.0,2000.0,1550.0
Maharashtra,Jalgaon APMC,Tomato,2026-03-06,Other,9.0,500.0,1000.0,700.0
Maharashtra,Junnar(Narayangaon) APMC,Tomato,2026-03-06,Local,255.0,1000.0,2250.0,1750.0
Maharashtra,Kalmeshwar APMC,Tomato,2026-03-06,Other,2.6,615.0,1000.0,825.0
Maharashtra,Khed(Chakan) APMC,Tomato,2026-03-06,Other,27.0,700.0,1300.0,1000.0
Maharashtra,Mangal Wedha APMC,Tomato,2026-03-06,Local,2.2,300.0,1300.0,900.0
Maharashtra,Mumbai APMC,Tomato,2026-03-06,Other,182.6,1600.0,2000.0,1800.0
Maharashtra,Nasik APMC,Tomato,2026-03-06,Other,123.2,200.0,1150.0,650.0
Maharashtra,Pandharpur APMC,Tomato,2026-03-06,Other,3.1,350.0,950.0,650.0
Maharashtra,Panvel APMC,Tomato,2026-03-06,Other,79.0,2000.0,2500.0,2250.0
Maharashtra,Patan APMC,Tomato,2026-03-06,Other,0.9,1000.0,1200.0,1100.0
Maharashtra,Pimpalgaon Baswant APMC,Tomato,2026-03-06,Other,67.6,255.0,1505.0,905.0
Maharashtra,Pune APMC,Tomato,2026-03-06,Local,238.9,600.0,1500.0,1050.0
Maharashtra,Pune(Manjri) APMC,Tomato,2026-03-06,Other,43.9,1000.0,2000.0,1500.0
Maharashtra,Pune(Moshi) APMC,Tomato,2026-03-06,Local,54.4,1000.0,1200.0,1100.0
Maharashtra,Pune(Pimpri) APMC,Tomato,2026-03-06,Local,1.0,1400.0,1500.0,1450.0
Maharashtra,Rahata APMC,Tomato,2026-03-06,Other,2.0,375.0,750.0,550.0
Maharashtra,Ratnagiri (Nachane) APMC,Tomato,2026-03-06,Other,2.1,1000.0,1500.0,1300.0
Maharashtra,SHRI.SIDDHESHWAR  APMC,Tomato,2026-03-06,Other,11.7,200.0,800.0,600.0
Maharashtra,Sangamner APMC,Tomato,2026-03-06,Other,12.0,250.0,1250.0,750.0
Maharashtra,Shrirampur APMC,Tomato,2026-03-06,Other,3.7,800.0,1400.0,1100.0
Maharashtra,Vadgaonpeth APMC,Tomato,2026-03-06,Local,4.5,800.0,2000.0,1400.0
Maharashtra,Vai APMC,Tomato,2026-03-06,Local,12.0,1500.0,3000.0,2200.0
Maharashtra,Akluj APMC,Tomato,2026-03-07,Local,2.3,800.0,1300.0,1000.0
Maharashtra,Amrawati(Frui & Veg. Market) APMC,Tomato,2026-03-07,Local,14.9,1200.0,1400.0,1300.0
Maharashtra,Bhusaval APMC,Tomato,2026-03-07,Other,2.3,1000.0,1600.0,1200.0
Maharashtra,Chandrapur(Ganjwad) APMC,Tomato,2026-03-07,Other,27.2,350.0,600.0,400.0
Maharashtra,Chattrapati Sambhajinagar APMC,Tomato,2026-03-07,Other,14.0,600.0,900.0,750.0
Maharashtra,HINGNA - APMC,Tomato,2026-03-07,Local,9.6,250.0,2000.0,876.0
Maharashtra,Junnar(Narayangaon) APMC,Tomato,2026-03-07,Local,254.1,1000.0,2000.0,1500.0
Maharashtra,Kalmeshwar APMC,Tomato,2026-03-07,Other,2.4,615.0,1000.0,825.0
Maharashtra,Karad APMC,Tomato,2026-03-07,Other,4.8,800.0,1200.0,1200.0
Maharashtra,Kolhapur APMC,Tomato,2026-03-07,Other,15.7,500.0,1000.0,800.0
Maharashtra,Mangal Wedha APMC,Tomato,2026-03-07,Local,3.2,400.0,1600.0,1100.0
Maharashtra,Nagpur APMC,Tomato,2026-03-07,Local,50.0,600.0,1200.0,1050.0
Maharashtra,Nagpur APMC,Tomato,2026-03-07,Other,30.0,1500.0,1700.0,1650.0
Maharashtra,Panvel APMC,Tomato,2026-03-07,Other,79.0,2500.0,3000.0,2750.0
Maharashtra,Phaltan APMC,Tomato,2026-03-07,Other,3.2,750.0,2000.0,1443.0
Maharashtra,Pune(Khadiki) APMC,Tomato,2026-03-07,Local,1.2,700.0,1200.0,950.0
Maharashtra,Pune(Manjri) APMC,Tomato,2026-03-07,Other,53.3,1000.0,2000.0,1500.0
Maharashtra,Pune(Moshi) APMC,Tomato,2026-03-07,Local,54.4,1000.0,1200.0,1100.0
Maharashtra,Pune(Pimpri) APMC,Tomato,2026-03-07,Local,1.2,1200.0,1500.0,1350.0
Maharashtra,SHRI.SIDDHESHWAR  APMC,Tomato,2026-03-07,Other,18.4,200.0,1300.0,800.0
Maharashtra,Sangamner APMC,Tomato,2026-03-07,Other,15.0,250.0,1500.0,875.0
Maharashtra,Satara APMC,Tomato,2026-03-07,Other,5.3,1000.0,2000.0,1500.0
Maharashtra,Shrirampur APMC,Tomato,2026-03-07,Other,2.7,500.0,1000.0,750.0
Maharashtra,Vadgaonpeth APMC,Tomato,2026-03-07,Local,4.8,1000.0,2000.0,1400.0
Maharashtra,Vai APMC,Tomato,2026-03-07,Local,12.0,1500.0,2500.0,2000.0
Maharashtra,AGRICULTURE PRODUCE MARKET COMITEE CHANDWAD,Tomato,2026-03-08,Local,2.0,450.0,1150.0,750.0
Maharashtra,Ahilyanagar APMC,Tomato,2026-03-08,Other,25.5,400.0,1600.0,1000.0
Maharashtra,Akluj APMC,Tomato,2026-03-08,Local,1.8,600.0,1000.0,700.0
Maharashtra,Amrawati(Frui & Veg. Market) APMC,Tomato,2026-03-08,Local,16.7,1000.0,1400.0,1200.0
Maharashtra,Bhusaval APMC,Tomato,2026-03-08,Other,5.2,1000.0,1600.0,1200.0
Maharashtra,Chattrapati Sambhajinagar APMC,Tomato,2026-03-08,Other,16.0,500.0,700.0,600.0
Maharashtra,Junnar(Narayangaon) APMC,Tomato,2026-03-08,Local,253.0,1250.0,2500.0,2000.0
Maharashtra,Kalmeshwar APMC,Tomato,2026-03-08,Other,2.8,615.0,1000.0,805.0
Maharashtra,Kamthi APMC,Tomato,2026-03-08,Local,6.1,620.0,820.0,720.0
Maharashtra,Khed(Chakan) APMC,Tomato,2026-03-08,Other,35.6,1000.0,1500.0,1200.0
Maharashtra,Kolhapur APMC,Tomato,2026-03-08,Other,8.0,500.0,1500.0,1000.0
Maharashtra,Mangal Wedha APMC,Tomato,2026-03-08,Local,3.3,200.0,1600.0,1300.0
Maharashtra,Nagpur APMC,Tomato,2026-03-08,Local,60.0,600.0,1200.0,1100.0
Maharashtra,Nagpur APMC,Tomato,2026-03-08,Other,40.0,1700.0,2000.0,1925.0
Maharashtra,Nasik APMC,Tomato,2026-03-08,Other,108.1,250.0,1375.0,875.0
Maharashtra,Pimpalgaon Baswant APMC,Tomato,2026-03-08,Other,11.2,250.0,1505.0,855.0
Maharashtra,Pune APMC,Tomato,2026-03-08,Local,274.0,600.0,1500.0,1150.0
Maharashtra,Pune(Khadiki) APMC,Tomato,2026-03-08,Local,1.3,600.0,1200.0,900.0
Maharashtra,Pune(Manjri) APMC,Tomato,2026-03-08,Other,43.8,1000.0,2200.0,1500.0
Maharashtra,Pune(Moshi) APMC,Tomato,2026-03-08,Local,60.9,800.0,1000.0,900.0
Maharashtra,Pune(Pimpri) APMC,Tomato,2026-03-08,Local,2.9,1400.0,1500.0,1450.0
Maharashtra,Rahata APMC,Tomato,2026-03-08,Other,5.8,500.0,1250.0,800.0
Maharashtra,Sangamner APMC,Tomato,2026-03-08,Other,4.5,250.0,1750.0,1000.0
Maharashtra,Satara APMC,Tomato,2026-03-08,Other,5.3,1000.0,2000.0,1500.0
Maharashtra,Shrirampur APMC,Tomato,2026-03-08,Other,1.2,500.0,1000.0,750.0
Maharashtra,Vai APMC,Tomato,2026-03-08,Local,12.0,1000.0,2500.0,1500.0
Maharashtra,AGRICULTURE PRODUCE MARKET COMITEE CHANDWAD,Tomato,2026-03-09,Local,2.8,750.0,1800.0,1125.0
Maharashtra,Akluj APMC,Tomato,2026-03-09,Local,2.7,800.0,1200.0,1000.0
Maharashtra,Amrawati(Frui & Veg. Market) APMC,Tomato,2026-03-09,Local,14.9,1000.0,1400.0,1200.0
Maharashtra,Chandrapur(Ganjwad) APMC,Tomato,2026-03-09,Other,27.0,400.0,800.0,600.0
Maharashtra,Chattrapati Sambhajinagar APMC,Tomato,2026-03-09,Other,7.9,500.0,1300.0,900.0
Maharashtra,HINGNA - APMC,Tomato,2026-03-09,Local,12.8,400.0,2000.0,1244.0
Maharashtra,Jalgaon APMC,Tomato,2026-03-09,Other,9.3,500.0,1000.0,700.0
Maharashtra,Junnar(Narayangaon) APMC,Tomato,2026-03-09,Local,212.0,1000.0,2250.0,2000.0
Maharashtra,Kamthi APMC,Tomato,2026-03-09,Local,4.8,620.0,820.0,720.0
Maharashtra,Karad APMC,Tomato,2026-03-09,Other,3.9,700.0,1200.0,1200.0
Maharashtra,Kolhapur APMC,Tomato,2026-03-09,Other,19.2,500.0,1200.0,800.0
Maharashtra,Mangal Wedha APMC,Tomato,2026-03-09,Local,6.7,200.0,2300.0,1000.0
Maharashtra,Mumbai APMC,Tomato,2026-03-09,Other,254.5,1600.0,2400.0,2000.0
Maharashtra,Nagpur APMC,Tomato,2026-03-09,Local,60.0,700.0,1000.0,825.0
Maharashtra,Nagpur APMC,Tomato,2026-03-09,Other,30.0,1000.0,2000.0,1875.0
Maharashtra,Nasik APMC,Tomato,2026-03-09,Other,113.2,250.0,1350.0,875.0
Maharashtra,Pandharpur APMC,Tomato,2026-03-09,Other,3.1,400.0,900.0,700.0
Maharashtra,Panvel APMC,Tomato,2026-03-09,Other,86.0,2000.0,2500.0,2250.0
Maharashtra,Patan APMC,Tomato,2026-03-09,Other,0.9,1500.0,2000.0,1750.0
Maharashtra,Pimpalgaon Baswant APMC,Tomato,2026-03-09,Other,57.2,300.0,1755.0,1155.0
Maharashtra,Pune APMC,Tomato,2026-03-09,Local,158.3,800.0,1600.0,1200.0
Maharashtra,Pune(Khadiki) APMC,Tomato,2026-03-09,Local,1.3,700.0,1200.0,950.0
Maharashtra,Pune(Manjri) APMC,Tomato,2026-03-09,Other,41.1,1500.0,2500.0,2000.0
Maharashtra,Pune(Moshi) APMC,Tomato,2026-03-09,Local,56.2,1000.0,1500.0,1250.0
Maharashtra,Pune(Pimpri) APMC,Tomato,2026-03-09,Local,1.1,1300.0,1600.0,1450.0
Maharashtra,Rahuri APMC,Tomato,2026-03-09,Other,4.7,800.0,1500.0,1150.0
Maharashtra,Ratnagiri (Nachane) APMC,Tomato,2026-03-09,Other,2.1,1000.0,1500.0,1400.0
Maharashtra,SHRI.SIDDHESHWAR  APMC,Tomato,2026-03-09,Other,12.4,300.0,1400.0,800.0
Maharashtra,Sangamner APMC,Tomato,2026-03-09,Other,7.5,500.0,1750.0,1125.0
Maharashtra,Satara APMC,Tomato,2026-03-09,Other,5.4,1000.0,2500.0,1700.0
Maharashtra,Shrirampur APMC,Tomato,2026-03-09,Other,2.2,500.0,900.0,700.0
Maharashtra,Vai APMC,Tomato,2026-03-09,Local,2.0,1000.0,2500.0,1600.0
Maharashtra,Amrawati(Frui & Veg. Market) APMC,Tomato,2026-03-10,Local,14.9,1200.0,1400.0,1300.0
Maharashtra,Bhusaval APMC,Tomato,2026-03-10,Other,2.3,1000.0,1600.0,1200.0
Maharashtra,Chandrapur(Ganjwad) APMC,Tomato,2026-03-10,Other,14.2,600.0,1000.0,800.0
Maharashtra,Chattrapati Sambhajinagar APMC,Tomato,2026-03-10,Other,13.0,550.0,650.0,600.0
Maharashtra,Jalgaon APMC,Tomato,2026-03-10,Other,9.0,500.0,1000.0,700.0
Maharashtra,Kalmeshwar APMC,Tomato,2026-03-10,Other,2.6,810.0,1200.0,1020.0
Maharashtra,Kamthi APMC,Tomato,2026-03-10,Local,5.1,630.0,830.0,730.0
Maharashtra,Karad APMC,Tomato,2026-03-10,Other,4.5,700.0,1300.0,1300.0
Maharashtra,Khed(Chakan) APMC,Tomato,2026-03-10,Other,30.9,1000.0,1500.0,1200.0
Maharashtra,Kolhapur APMC,Tomato,2026-03-10,Other,8.6,600.0,1200.0,800.0
Maharashtra,Mumbai APMC,Tomato,2026-03-10,Other,121.0,1800.0,2400.0,2100.0
Maharashtra,Nagpur APMC,Tomato,2026-03-10,Local,70.0,500.0,1000.0,825.0
Maharashtra,Nagpur APMC,Tomato,2026-03-10,Other,40.0,1000.0,1500.0,1325.0
Maharashtra,Nasik APMC,Tomato,2026-03-10,Other,135.6,250.0,1400.0,925.0
Maharashtra,Pandharpur APMC,Tomato,2026-03-10,Other,2.9,400.0,850.0,700.0
Maharashtra,Panvel APMC,Tomato,2026-03-10,Other,87.0,2000.0,2500.0,2250.0
Maharashtra,Patan APMC,Tomato,2026-03-10,Other,0.9,1500.0,2000.0,1750.0
Maharashtra,Phaltan APMC,Tomato,2026-03-10,Other,6.0,500.0,1500.0,975.0
Maharashtra,Pimpalgaon Baswant APMC,Tomato,2026-03-10,Other,79.8,250.0,1605.0,1005.0
Maharashtra,Pune APMC,Tomato,2026-03-10,Local,227.4,600.0,1500.0,1050.0
Maharashtra,Pune(Manjri) APMC,Tomato,2026-03-10,Other,38.4,1500.0,2500.0,2000.0
Maharashtra,Pune(Moshi) APMC,Tomato,2026-03-10,Local,61.0,1000.0,1500.0,1250.0
Maharashtra,Pune(Pimpri) APMC,Tomato,2026-03-10,Local,0.2,1500.0,1700.0,1600.0
Maharashtra,Rahuri APMC,Tomato,2026-03-10,Other,2.0,800.0,1500.0,1150.0
Maharashtra,SHRI.SIDDHESHWAR  APMC,Tomato,2026-03-10,Other,12.6,300.0,1400.0,1000.0
Maharashtra,Sangamner APMC,Tomato,2026-03-10,Other,7.5,400.0,1500.0,850.0
Maharashtra,Satara APMC,Tomato,2026-03-10,Other,5.0,2000.0,2500.0,2200.0
Maharashtra,Vadgaonpeth APMC,Tomato,2026-03-10,Local,5.0,800.0,1700.0,1000.0
Maharashtra,AGRICULTURE PRODUCE MARKET COMITEE CHANDWAD,Tomato,2026-03-11,Local,3.3,250.0,1450.0,900.0
Maharashtra,Akluj APMC,Tomato,2026-03-11,Local,2.2,800.0,1500.0,1000.0
Maharashtra,Amrawati(Frui & Veg. Market) APMC,Tomato,2026-03-11,Local,16.7,800.0,1000.0,900.0
Maharashtra,Bhusaval APMC,Tomato,2026-03-11,Other,3.1,800.0,1200.0,1000.0
Maharashtra,Chandrapur(Ganjwad) APMC,Tomato,2026-03-11,Other,29.1,400.0,800.0,600.0
Maharashtra,Chattrapati Sambhajinagar APMC,Tomato,2026-03-11,Other,14.5,600.0,1200.0,900.0
Maharashtra,Ghoti APMC,Tomato,2026-03-11,Other,162.3,1600.0,2500.0,1700.0
Maharashtra,Jalgaon APMC,Tomato,2026-03-11,Other,10.0,500.0,1000.0,750.0
Maharashtra,Junnar(Narayangaon) APMC,Tomato,2026-03-11,Local,258.0,1000.0,2000.0,1500.0
Maharashtra,Kalmeshwar APMC,Tomato,2026-03-11,Other,2.7,615.0,1000.0,825.0
Maharashtra,Kamthi APMC,Tomato,2026-03-11,Local,2.5,610.0,810.0,710.0
Maharashtra,Karad APMC,Tomato,2026-03-11,Other,3.9,2000.0,2500.0,2500.0
Maharashtra,Khed(Chakan) APMC,Tomato,2026-03-11,Other,28.2,1000.0,1600.0,1200.0
Maharashtra,Kolhapur APMC,Tomato,2026-03-11,Other,12.8,500.0,1000.0,800.0
Maharashtra,Mangal Wedha APMC,Tomato,2026-03-11,Local,3.5,300.0,2000.0,1100.0
Maharashtra,Mumbai APMC,Tomato,2026-03-11,Other,275.9,1600.0,2000.0,1800.0
Maharashtra,Nagpur APMC,Tomato,2026-03-11,Local,40.0,600.0,800.0,750.0
Maharashtra,Nagpur APMC,Tomato,2026-03-11,Other,40.0,1500.0,1700.0,1650.0
Maharashtra,Nasik APMC,Tomato,2026-03-11,Other,116.0,250.0,1500.0,950.0
Maharashtra,Pandharpur APMC,Tomato,2026-03-11,Other,2.7,400.0,900.0,700.0
Maharashtra,Panvel APMC,Tomato,2026-03-11,Other,72.0,2000.0,3000.0,2500.0
Maharashtra,Patan APMC,Tomato,2026-03-11,Other,0.7,1500.0,2000.0,1750.0
Maharashtra,Pimpalgaon Baswant APMC,Tomato,2026-03-11,Other,45.4,250.0,1555.0,955.0
Maharashtra,Pune APMC,Tomato,2026-03-11,Local,187.1,600.0,2000.0,1300.0
Maharashtra,Pune(Khadiki) APMC,Tomato,2026-03-11,Local,1.8,700.0,1200.0,950.0
Maharashtra,Pune(Manjri) APMC,Tomato,2026-03-11,Other,41.7,1000.0,3000.0,2000.0
Maharashtra,Pune(Pimpri) APMC,Tomato,2026-03-11,Local,1.9,700.0,1500.0,1100.0
Maharashtra,Rahuri APMC,Tomato,2026-03-11,Other,3.0,500.0,2000.0,1250.0
Maharashtra,Ratnagiri (Nachane) APMC,Tomato,2026-03-11,Other,2.2,1000.0,1500.0,1300.0
Maharashtra,SHRI.SIDDHESHWAR  APMC,Tomato,2026-03-11,Other,18.6,300.0,1200.0,800.0
Maharashtra,Sangamner APMC,Tomato,2026-03-11,Other,12.0,500.0,1750.0,1125.0
Maharashtra,Satara APMC,Tomato,2026-03-11,Other,4.3,2000.0,2500.0,2200.0
Maharashtra,Shrirampur APMC,Tomato,2026-03-11,Other,1.5,800.0,1000.0,900.0
Maharashtra,Vadgaonpeth APMC,Tomato,2026-03-11,Local,9.0,800.0,1500.0,1000.0
Maharashtra,AGRICULTURE PRODUCE MARKET COMITEE CHANDWAD,Tomato,2026-03-12,Local,2.0,450.0,1500.0,1075.0
Maharashtra,Akluj APMC,Tomato,2026-03-12,Local,2.5,900.0,1800.0,1300.0
Maharashtra,Bhusaval APMC,Tomato,2026-03-12,Other,3.7,1000.0,1600.0,1400.0
Maharashtra,Chandrapur(Ganjwad) APMC,Tomato,2026-03-12,Other,27.7,300.0,600.0,400.0
Maharashtra,Chattrapati Sambhajinagar APMC,Tomato,2026-03-12,Other,13.0,500.0,1200.0,850.0
Maharashtra,Islampur APMC,Tomato,2026-03-12,Other,7.1,1000.0,2000.0,1450.0
Maharashtra,Jalgaon APMC,Tomato,2026-03-12,Other,10.0,700.0,1200.0,950.0
Maharashtra,Kalmeshwar APMC,Tomato,2026-03-12,Other,2.3,820.0,1200.0,1010.0
Maharashtra,Kamthi APMC,Tomato,2026-03-12,Local,2.4,630.0,830.0,730.0
Maharashtra,Khed(Chakan) APMC,Tomato,2026-03-12,Other,29.6,1000.0,1500.0,1200.0
Maharashtra,Kolhapur APMC,Tomato,2026-03-12,Other,11.2,500.0,1500.0,1000.0
Maharashtra,Mangal Wedha APMC,Tomato,2026-03-12,Local,4.8,500.0,2000.0,1100.0
Maharashtra,Mumbai APMC,Tomato,2026-03-12,Other,188.1,1600.0,2200.0,1900.0
Maharashtra,Nagpur APMC,Tomato,2026-03-12,Local,70.0,500.0,1000.0,825.0
Maharashtra,Nagpur APMC,Tomato,2026-03-12,Other,60.0,1500.0,2000.0,1875.0
Maharashtra,Nasik APMC,Tomato,2026-03-12,Other,160.0,325.0,1625.0,850.0
Maharashtra,Pandharpur APMC,Tomato,2026-03-12,Other,3.3,300.0,900.0,550.0
Maharashtra,Panvel APMC,Tomato,2026-03-12,Other,74.8,2000.0,3000.0,2750.0
Maharashtra,Phaltan APMC,Tomato,2026-03-12,Other,3.2,500.0,1500.0,1062.0
Maharashtra,Pimpalgaon Baswant APMC,Tomato,2026-03-12,Other,42.5,250.0,1505.0,905.0
Maharashtra,Pune APMC,Tomato,2026-03-12,Local,174.9,600.0,1500.0,1050.0
Maharashtra,Pune(Manjri) APMC,Tomato,2026-03-12,Other,37.8,1000.0,2500.0,2000.0
Maharashtra,Pune(Moshi) APMC,Tomato,2026-03-12,Local,73.2,700.0,1000.0,850.0
Maharashtra,Pune(Pimpri) APMC,Tomato,2026-03-12,Local,1.4,1200.0,1800.0,1500.0
Maharashtra,Rahata APMC,Tomato,2026-03-12,Other,6.2,500.0,1500.0,1000.0
Maharashtra,Rahuri APMC,Tomato,2026-03-12,Other,8.4,800.0,1500.0,1150.0
Maharashtra,Ratnagiri (Nachane) APMC,Tomato,2026-03-12,Other,2.0,1000.0,2000.0,1500.0
Maharashtra,SHRI.SIDDHESHWAR  APMC,Tomato,2026-03-12,Other,17.6,300.0,1200.0,800.0
Maharashtra,Sangamner APMC,Tomato,2026-03-12,Other,7.5,500.0,1500.0,1000.0
Maharashtra,Satara APMC,Tomato,2026-03-12,Other,8.1,1000.0,2000.0,1500.0
Maharashtra,Shrirampur APMC,Tomato,2026-03-12,Other,2.2,800.0,1000.0,900.0
Maharashtra,Vadgaonpeth APMC,Tomato,2026-03-12,Local,6.0,900.0,1500.0,1000.0
Maharashtra,Akluj APMC,Tomato,2026-03-13,Local,2.0,900.0,1500.0,1300.0
Maharashtra,Amrawati(Frui & Veg. Market) APMC,Tomato,2026-03-13,Local,15.9,800.0,1000.0,900.0
Maharashtra,Bhusaval APMC,Tomato,2026-03-13,Other,3.9,800.0,1600.0,1000.0
Maharashtra,HINGNA - APMC,Tomato,2026-03-13,Local,3.2,400.0,2000.0,946.0
Maharashtra,Islampur APMC,Tomato,2026-03-13,Other,6.4,1000.0,2000.0,1550.0
Maharashtra,Jalgaon APMC,Tomato,2026-03-13,Other,9.0,500.0,1300.0,900.0
Maharashtra,Junnar(Narayangaon) APMC,Tomato,2026-03-13,Local,244.5,500.0,1500.0,1000.0
Maharashtra,Kalmeshwar APMC,Tomato,2026-03-13,Other,2.7,840.0,1200.0,1020.0
Maharashtra,Kamthi APMC,Tomato,2026-03-13,Local,3.2,620.0,820.0,720.0
Maharashtra,Khed(Chakan) APMC,Tomato,2026-03-13,Other,25.8,1000.0,1600.0,1300.0
Maharashtra,Mangal Wedha APMC,Tomato,2026-03-13,Local,2.8,200.0,1600.0,1100.0
Maharashtra,Mumbai APMC,Tomato,2026-03-13,Other,162.6,1600.0,2000.0,1800.0
Maharashtra,Nasik APMC,Tomato,2026-03-13,Other,136.6,325.0,1555.0,900.0
Maharashtra,Pandharpur APMC,Tomato,2026-03-13,Other,3.0,200.0,850.0,500.0
Maharashtra,Panvel APMC,Tomato,2026-03-13,Other,72.0,2000.0,2500.0,2250.0
Maharashtra,Patan APMC,Tomato,2026-03-13,Other,0.7,1500.0,2000.0,1750.0
Maharashtra,Pimpalgaon Baswant APMC,Tomato,2026-03-13,Other,62.6,250.0,1405.0,755.0
Maharashtra,Pune APMC,Tomato,2026-03-13,Local,251.8,600.0,1500.0,1050.0
Maharashtra,Pune(Manjri) APMC,Tomato,2026-03-13,Other,39.1,1000.0,2500.0,1500.0
Maharashtra,Pune(Moshi) APMC,Tomato,2026-03-13,Local,42.2,800.0,1000.0,900.0
Maharashtra,Pune(Pimpri) APMC,Tomato,2026-03-13,Local,1.0,1500.0,1600.0,1550.0
Maharashtra,Rahata APMC,Tomato,2026-03-13,Other,2.1,500.0,1250.0,875.0
Maharashtra,Rahuri APMC,Tomato,2026-03-13,Other,0.7,500.0,1500.0,1000.0
Maharashtra,Ratnagiri (Nachane) APMC,Tomato,2026-03-13,Other,1.9,2000.0,2300.0,2100.0
Maharashtra,SHRI.SIDDHESHWAR  APMC,Tomato,2026-03-13,Other,20.1,200.0,1200.0,800.0
Maharashtra,Sangamner APMC,Tomato,2026-03-13,Other,8.5,250.0,1375.0,813.0
Maharashtra,Shrirampur APMC,Tomato,2026-03-13,Other,2.6,500.0,1000.0,750.0
Maharashtra,Vadgaonpeth APMC,Tomato,2026-03-13,Local,6.0,900.0,1500.0,1200.0
Maharashtra,Vai APMC,Tomato,2026-03-13,Local,12.0,500.0,2000.0,1400.0
Maharashtra,Akluj APMC,Tomato,2026-03-14,Local,2.5,800.0,1500.0,1200.0
Maharashtra,Amrawati(Frui & Veg. Market) APMC,Tomato,2026-03-14,Local,16.6,700.0,1000.0,850.0
Maharashtra,Bhusaval APMC,Tomato,2026-03-14,Other,1.7,1000.0,1600.0,1200.0
Maharashtra,Chandrapur(Ganjwad) APMC,Tomato,2026-03-14,Other,25.4,300.0,600.0,500.0
Maharashtra,Chattrapati Sambhajinagar APMC,Tomato,2026-03-14,Other,9.3,1000.0,1200.0,1100.0
Maharashtra,HINGNA - APMC,Tomato,2026-03-14,Local,7.0,500.0,1148.0,786.0
Maharashtra,Jalgaon APMC,Tomato,2026-03-14,Other,10.0,500.0,1500.0,1000.0
Maharashtra,Junnar(Narayangaon) APMC,Tomato,2026-03-14,Local,238.0,500.0,1500.0,1000.0
Maharashtra,Kalmeshwar APMC,Tomato,2026-03-14,Other,2.3,815.0,1200.0,1025.0
Maharashtra,Kamthi APMC,Tomato,2026-03-14,Local,3.4,810.0,1010.0,910.0
Maharashtra,Karad APMC,Tomato,2026-03-14,Other,3.9,1000.0,1500.0,1500.0
Maharashtra,Kolhapur APMC,Tomato,2026-03-14,Other,16.2,500.0,1500.0,1000.0
Maharashtra,Mangal Wedha APMC,Tomato,2026-03-14,Local,5.0,200.0,1500.0,1100.0
Maharashtra,Nagpur APMC,Tomato,2026-03-14,Local,90.0,500.0,800.0,725.0
Maharashtra,Nagpur APMC,Tomato,2026-03-14,Other,50.0,1200.0,1500.0,1425.0
Maharashtra,Pandharpur APMC,Tomato,2026-03-14,Other,3.2,300.0,900.0,550.0
Maharashtra,Panvel APMC,Tomato,2026-03-14,Other,82.0,2000.0,2500.0,2250.0
Maharashtra,Phaltan APMC,Tomato,2026-03-14,Other,4.0,500.0,1500.0,1059.0
Maharashtra,Pune(Khadiki) APMC,Tomato,2026-03-14,Local,1.6,700.0,1200.0,950.0
Maharashtra,Pune(Manjri) APMC,Tomato,2026-03-14,Other,43.0,1000.0,2500.0,1500.0
Maharashtra,Pune(Moshi) APMC,Tomato,2026-03-14,Local,70.3,800.0,1000.0,900.0
Maharashtra,Pune(Pimpri) APMC,Tomato,2026-03-14,Local,1.7,1200.0,1500.0,1350.0
Maharashtra,Rahata APMC,Tomato,2026-03-14,Other,2.5,500.0,1250.0,875.0
Maharashtra,Rahuri APMC,Tomato,2026-03-14,Other,5.8,1000.0,1500.0,1250.0
Maharashtra,SHRI.SIDDHESHWAR  APMC,Tomato,2026-03-14,Other,16.5,200.0,1000.0,700.0
Maharashtra,Sangamner APMC,Tomato,2026-03-14,Other,9.0,250.0,1250.0,750.0
Maharashtra,Satara APMC,Tomato,2026-03-14,Other,7.4,1000.0,2000.0,1500.0
Maharashtra,Shrirampur APMC,Tomato,2026-03-14,Other,2.4,500.0,1000.0,750.0
Maharashtra,Vadgaonpeth APMC,Tomato,2026-03-14,Local,4.0,700.0,1500.0,1000.0
Maharashtra,Vai APMC,Tomato,2026-03-14,Local,12.0,1000.0,2500.0,1800.0
Maharashtra,Akluj APMC,Tomato,2026-03-15,Local,1.9,1000.0,1500.0,1300.0
Maharashtra,Amrawati(Frui & Veg. Market) APMC,Tomato,2026-03-15,Local,16.8,800.0,1000.0,900.0
Maharashtra,Bhusaval APMC,Tomato,2026-03-15,Other,5.3,1000.0,2000.0,1500.0
Maharashtra,Chattrapati Sambhajinagar APMC,Tomato,2026-03-15,Other,11.2,600.0,1000.0,800.0
Maharashtra,Islampur APMC,Tomato,2026-03-15,Other,5.4,1000.0,2000.0,1550.0
Maharashtra,Junnar(Narayangaon) APMC,Tomato,2026-03-15,Local,231.0,500.0,1500.0,1000.0
Maharashtra,Kalmeshwar APMC,Tomato,2026-03-15,Other,2.7,850.0,1200.0,1030.0
Maharashtra,Kamthi APMC,Tomato,2026-03-15,Local,5.4,810.0,1010.0,910.0
Maharashtra,Karad APMC,Tomato,2026-03-15,Other,1.8,1000.0,2000.0,2000.0
Maharashtra,Khed(Chakan) APMC,Tomato,2026-03-15,Other,34.6,800.0,1200.0,1000.0
Maharashtra,Kolhapur APMC,Tomato,2026-03-15,Other,13.1,500.0,1500.0,1000.0
Maharashtra,Manchar APMC,Tomato,2026-03-15,Other,0.1,1800.0,3000.0,2400.0
Maharashtra,Mangal Wedha APMC,Tomato,2026-03-15,Local,4.1,300.0,1500.0,700.0
Maharashtra,Nasik APMC,Tomato,2026-03-15,Other,144.0,325.0,1500.0,900.0
Maharashtra,Panvel APMC,Tomato,2026-03-15,Other,58.5,2500.0,3000.0,2750.0
Maharashtra,Phaltan APMC,Tomato,2026-03-15,Other,6.0,500.0,3500.0,1180.0
Maharashtra,Pimpalgaon Baswant APMC,Tomato,2026-03-15,Other,25.5,250.0,1505.0,905.0
Maharashtra,Pune APMC,Tomato,2026-03-15,Local,285.3,600.0,1500.0,1050.0
Maharashtra,Pune(Khadiki) APMC,Tomato,2026-03-15,Local,1.2,700.0,1200.0,950.0
Maharashtra,Pune(Manjri) APMC,Tomato,2026-03-15,Other,38.2,1000.0,2500.0,1500.0
Maharashtra,Pune(Moshi) APMC,Tomato,2026-03-15,Local,62.7,800.0,1000.0,900.0
Maharashtra,Pune(Pimpri) APMC,Tomato,2026-03-15,Local,2.8,700.0,1600.0,1150.0
Maharashtra,Rahata APMC,Tomato,2026-03-15,Other,9.0,250.0,1500.0,900.0
Maharashtra,Rahuri APMC,Tomato,2026-03-15,Other,6.2,1000.0,1300.0,1150.0
Maharashtra,Sangamner APMC,Tomato,2026-03-15,Other,5.0,250.0,1250.0,750.0
Maharashtra,Satara APMC,Tomato,2026-03-15,Other,9.9,1000.0,2000.0,1500.0
Maharashtra,Shrirampur APMC,Tomato,2026-03-15,Other,2.8,800.0,1000.0,900.0
Maharashtra,Vai APMC,Tomato,2026-03-15,Local,12.0,1200.0,2200.0,1700.0
Maharashtra,Ahilyanagar APMC,Tomato,2026-03-16,Other,24.0,400.0,1600.0,1000.0
Maharashtra,Akluj APMC,Tomato,2026-03-16,Local,3.5,700.0,1500.0,1000.0
Maharashtra,Amrawati(Frui & Veg. Market) APMC,Tomato,2026-03-16,Local,17.9,700.0,1000.0,850.0
Maharashtra,Chandrapur(Ganjwad) APMC,Tomato,2026-03-16,Other,17.5,400.0,600.0,500.0
Maharashtra,Chattrapati Sambhajinagar APMC,Tomato,2026-03-16,Other,9.3,1000.0,1500.0,1250.0
Maharashtra,HINGNA - APMC,Tomato,2026-03-16,Local,15.8,400.0,2000.0,833.0
Maharashtra,Jalgaon APMC,Tomato,2026-03-16,Other,9.3,700.0,1200.0,950.0
Maharashtra,Junnar(Narayangaon) APMC,Tomato,2026-03-16,Local,251.5,500.0,1500.0,1000.0
Maharashtra,Kolhapur APMC,Tomato,2026-03-16,Other,26.8,600.0,1200.0,900.0
Maharashtra,Mangal Wedha APMC,Tomato,2026-03-16,Local,9.2,200.0,1400.0,900.0
Maharashtra,Mumbai APMC,Tomato,2026-03-16,Other,169.7,1600.0,2000.0,1800.0
Maharashtra,Nagpur APMC,Tomato,2026-03-16,Local,70.0,500.0,900.0,725.0
Maharashtra,Nagpur APMC,Tomato,2026-03-16,Other,30.0,1000.0,1700.0,1525.0
Maharashtra,Nasik APMC,Tomato,2026-03-16,Other,180.2,300.0,1500.0,875.0
Maharashtra,Pandharpur APMC,Tomato,2026-03-16,Other,3.3,300.0,850.0,500.0
Maharashtra,Panvel APMC,Tomato,2026-03-16,Other,71.6,2000.0,2500.0,2250.0
Maharashtra,Patan APMC,Tomato,2026-03-16,Other,0.7,1500.0,2500.0,2000.0
Maharashtra,Pimpalgaon Baswant APMC,Tomato,2026-03-16,Other,57.5,250.0,1555.0,1005.0
Maharashtra,Pune APMC,Tomato,2026-03-16,Local,227.4,600.0,1500.0,1050.0
Maharashtra,Pune(Khadiki) APMC,Tomato,2026-03-16,Local,1.1,700.0,1200.0,950.0
Maharashtra,Pune(Manjri) APMC,Tomato,2026-03-16,Other,36.2,1000.0,2000.0,1500.0
Maharashtra,Pune(Moshi) APMC,Tomato,2026-03-16,Local,68.7,1000.0,1000.0,1000.0
Maharashtra,Pune(Pimpri) APMC,Tomato,2026-03-16,Local,0.7,1500.0,1500.0,1500.0
Maharashtra,Rahuri APMC,Tomato,2026-03-16,Other,0.7,500.0,1500.0,1000.0
Maharashtra,Ratnagiri (Nachane) APMC,Tomato,2026-03-16,Other,2.4,2000.0,2200.0,2100.0
Maharashtra,SHRI.SIDDHESHWAR  APMC,Tomato,2026-03-16,Other,15.4,200.0,1000.0,700.0
Maharashtra,Sangamner APMC,Tomato,2026-03-16,Other,6.0,250.0,1250.0,750.0
Maharashtra,Satara APMC,Tomato,2026-03-16,Other,5.3,1000.0,2000.0,1500.0
Maharashtra,Shrirampur APMC,Tomato,2026-03-16,Other,2.3,800.0,1000.0,900.0
Maharashtra,Vai APMC,Tomato,2026-03-16,Local,8.0,1000.0,2500.0,1800.0
Maharashtra,Ahilyanagar APMC,Tomato,2026-03-17,Other,21.3,400.0,1600.0,1000.0
Maharashtra,Amrawati(Frui & Veg. Market) APMC,Tomato,2026-03-17,Local,18.0,800.0,1100.0,950.0
Maharashtra,Chattrapati Sambhajinagar APMC,Tomato,2026-03-17,Other,7.2,600.0,1000.0,800.0
Maharashtra,HINGNA - APMC,Tomato,2026-03-17,Local,8.2,250.0,2000.0,854.0
Maharashtra,Islampur APMC,Tomato,2026-03-17,Other,7.8,1000.0,2000.0,1550.0
Maharashtra,Jalgaon APMC,Tomato,2026-03-17,Other,10.7,500.0,1000.0,700.0
Maharashtra,Junnar(Narayangaon) APMC,Tomato,2026-03-17,Local,256.6,500.0,1250.0,1000.0
Maharashtra,Kalmeshwar APMC,Tomato,2026-03-17,Other,2.3,810.0,1200.0,1020.0
Maharashtra,Kamthi APMC,Tomato,2026-03-17,Local,5.5,620.0,820.0,720.0
Maharashtra,Karad APMC,Tomato,2026-03-17,Other,0.9,1000.0,1200.0,1200.0
Maharashtra,Khed(Chakan) APMC,Tomato,2026-03-17,Other,30.8,1000.0,1500.0,1200.0
Maharashtra,Kolhapur APMC,Tomato,2026-03-17,Other,19.2,500.0,1200.0,800.0
Maharashtra,Mumbai APMC,Tomato,2026-03-17,Other,213.8,1600.0,2000.0,1800.0
Maharashtra,Nagpur APMC,Tomato,2026-03-17,Local,70.0,400.0,700.0,625.0
Maharashtra,Nagpur APMC,Tomato,2026-03-17,Other,40.0,1000.0,1700.0,1550.0
Maharashtra,Nasik APMC,Tomato,2026-03-17,Other,165.2,300.0,1400.0,800.0
Maharashtra,Panvel APMC,Tomato,2026-03-17,Other,67.5,2000.0,2500.0,2250.0
Maharashtra,Pimpalgaon Baswant APMC,Tomato,2026-03-17,Other,71.7,250.0,1405.0,755.0
Maharashtra,Pune APMC,Tomato,2026-03-17,Local,199.5,600.0,1500.0,1050.0
Maharashtra,Pune(Khadiki) APMC,Tomato,2026-03-17,Local,1.4,700.0,1200.0,950.0
Maharashtra,Pune(Moshi) APMC,Tomato,2026-03-17,Local,60.0,800.0,1000.0,900.0
Maharashtra,Pune(Pimpri) APMC,Tomato,2026-03-17,Local,0.9,1500.0,1600.0,1550.0
Maharashtra,Rahata APMC,Tomato,2026-03-17,Other,7.5,250.0,1500.0,850.0
Maharashtra,Rahuri APMC,Tomato,2026-03-17,Other,1.5,1000.0,1500.0,1250.0
Maharashtra,Ramtek APMC,Tomato,2026-03-17,Other,3.8,800.0,1000.0,900.0
Maharashtra,SHRI.SIDDHESHWAR  APMC,Tomato,2026-03-17,Other,18.6,200.0,1500.0,1000.0
Maharashtra,Sangamner APMC,Tomato,2026-03-17,Other,9.0,500.0,1500.0,1000.0
Maharashtra,Satara APMC,Tomato,2026-03-17,Other,8.0,1000.0,2000.0,1500.0
Maharashtra,AGRICULTURE PRODUCE MARKET COMITEE CHANDWAD,Tomato,2026-03-18,Local,3.5,250.0,850.0,500.0
Maharashtra,Akluj APMC,Tomato,2026-03-18,Local,2.7,800.0,1500.0,1200.0
Maharashtra,Amrawati(Frui & Veg. Market) APMC,Tomato,2026-03-18,Local,16.0,1000.0,1200.0,1100.0
Maharashtra,Bhusaval APMC,Tomato,2026-03-18,Other,4.8,1200.0,2000.0,1800.0
Maharashtra,Chandrapur(Ganjwad) APMC,Tomato,2026-03-18,Other,24.2,400.0,600.0,500.0
Maharashtra,Chattrapati Sambhajinagar APMC,Tomato,2026-03-18,Other,14.0,700.0,900.0,800.0
Maharashtra,HINGNA - APMC,Tomato,2026-03-18,Local,7.8,375.0,1000.0,659.0
Maharashtra,Jalgaon APMC,Tomato,2026-03-18,Other,13.0,500.0,1000.0,700.0
Maharashtra,Kalmeshwar APMC,Tomato,2026-03-18,Other,2.5,815.0,1200.0,1025.0
Maharashtra,Kamthi APMC,Tomato,2026-03-18,Local,4.8,670.0,870.0,770.0
Maharashtra,Karad APMC,Tomato,2026-03-18,Other,2.7,800.0,1500.0,1500.0
Maharashtra,Khed(Chakan) APMC,Tomato,2026-03-18,Other,26.4,800.0,1400.0,1000.0
Maharashtra,Kolhapur APMC,Tomato,2026-03-18,Other,28.4,500.0,1500.0,1000.0
Maharashtra,Mangal Wedha APMC,Tomato,2026-03-18,Local,4.1,200.0,1000.0,700.0
Maharashtra,Mumbai APMC,Tomato,2026-03-18,Other,195.3,1600.0,2000.0,1800.0
Maharashtra,Panvel APMC,Tomato,2026-03-18,Other,77.6,2500.0,3000.0,2750.0
Maharashtra,Patan APMC,Tomato,2026-03-18,Other,0.9,1500.0,1700.0,1600.0
Maharashtra,Pimpalgaon Baswant APMC,Tomato,2026-03-18,Other,56.4,250.0,1305.0,705.0
Maharashtra,Pune APMC,Tomato,2026-03-18,Local,221.0,600.0,1400.0,1000.0
Maharashtra,Pune(Khadiki) APMC,Tomato,2026-03-18,Local,1.2,900.0,1200.0,1050.0
Maharashtra,Pune(Manjri) APMC,Tomato,2026-03-18,Other,31.2,1000.0,2000.0,1500.0
Maharashtra,Pune(Pimpri) APMC,Tomato,2026-03-18,Local,1.3,1000.0,1700.0,1350.0
Maharashtra,Rahuri APMC,Tomato,2026-03-18,Other,1.0,500.0,1200.0,850.0
Maharashtra,Ratnagiri (Nachane) APMC,Tomato,2026-03-18,Other,2.7,1800.0,2000.0,1900.0
Maharashtra,SHRI.SIDDHESHWAR  APMC,Tomato,2026-03-18,Other,19.8,300.0,1000.0,700.0
Maharashtra,Sangamner APMC,Tomato,2026-03-18,Other,6.5,250.0,1250.0,750.0
Maharashtra,Satara APMC,Tomato,2026-03-18,Other,5.5,1000.0,2000.0,1500.0
Maharashtra,Shrirampur APMC,Tomato,2026-03-18,Other,2.9,500.0,1000.0,750.0
Maharashtra,Vadgaonpeth APMC,Tomato,2026-03-18,Local,5.5,600.0,1500.0,800.0
Maharashtra,AGRICULTURE PRODUCE MARKET COMITEE CHANDWAD,Tomato,2026-03-19,Local,0.8,250.0,1100.0,750.0
Maharashtra,Akluj APMC,Tomato,2026-03-19,Local,2.2,700.0,1600.0,1000.0
Maharashtra,Bhusaval APMC,Tomato,2026-03-19,Other,1.9,1500.0,2000.0,1800.0
Maharashtra,Chattrapati Sambhajinagar APMC,Tomato,2026-03-19,Other,13.0,400.0,1000.0,700.0
Maharashtra,Islampur APMC,Tomato,2026-03-19,Other,5.9,1000.0,1500.0,1350.0
Maharashtra,Junnar(Narayangaon) APMC,Tomato,2026-03-19,Local,215.0,500.0,1500.0,1000.0
Maharashtra,Kalmeshwar APMC,Tomato,2026-03-19,Other,1.5,810.0,1200.0,1020.0
Maharashtra,Kamthi APMC,Tomato,2026-03-19,Local,4.5,640.0,840.0,740.0
Maharashtra,Kolhapur APMC,Tomato,2026-03-19,Other,18.5,500.0,1500.0,1000.0
Maharashtra,Mangal Wedha APMC,Tomato,2026-03-19,Local,2.6,400.0,1100.0,700.0
Maharashtra,Mumbai APMC,Tomato,2026-03-19,Other,211.7,1600.0,2000.0,1800.0
Maharashtra,Nasik APMC,Tomato,2026-03-19,Other,137.6,225.0,1050.0,650.0
Maharashtra,Pandharpur APMC,Tomato,2026-03-19,Other,2.6,100.0,600.0,400.0
Maharashtra,Pimpalgaon Baswant APMC,Tomato,2026-03-19,Other,29.9,250.0,1255.0,605.0
Maharashtra,Pune APMC,Tomato,2026-03-19,Local,131.9,600.0,1600.0,1100.0
Maharashtra,Pune(Khadiki) APMC,Tomato,2026-03-19,Local,1.3,700.0,1200.0,950.0
Maharashtra,Pune(Manjri) APMC,Tomato,2026-03-19,Other,25.3,1000.0,2500.0,2000.0
Maharashtra,Pune(Moshi) APMC,Tomato,2026-03-19,Local,67.9,1000.0,1500.0,1250.0
Maharashtra,Pune(Pimpri) APMC,Tomato,2026-03-19,Local,0.5,1400.0,1500.0,1450.0
Maharashtra,Rahata APMC,Tomato,2026-03-19,Other,8.3,300.0,1500.0,900.0
Maharashtra,Rahuri APMC,Tomato,2026-03-19,Other,8.9,400.0,1500.0,950.0
Maharashtra,Ratnagiri (Nachane) APMC,Tomato,2026-03-19,Other,2.1,1000.0,1500.0,1300.0
Maharashtra,Sangamner APMC,Tomato,2026-03-19,Other,7.5,250.0,1250.0,750.0
Maharashtra,Satara APMC,Tomato,2026-03-19,Other,8.3,1000.0,1500.0,1200.0
Maharashtra,Shrirampur APMC,Tomato,2026-03-19,Other,2.4,500.0,1000.0,750.0
Maharashtra,Vadgaonpeth APMC,Tomato,2026-03-19,Local,6.0,800.0,2000.0,1300.0
Maharashtra,Vaduj APMC,Tomato,2026-03-19,Local,7.0,2500.0,3000.0,2750.0
Maharashtra,Vai APMC,Tomato,2026-03-19,Local,2.5,1000.0,1800.0,1500.0
Maharashtra,AGRICULTURE PRODUCE MARKET COMITEE CHANDWAD,Tomato,2026-03-20,Local,1.6,250.0,1125.0,800.0
Maharashtra,Ahilyanagar APMC,Tomato,2026-03-20,Other,21.9,400.0,1600.0,1000.0
Maharashtra,Akluj APMC,Tomato,2026-03-20,Local,2.2,900.0,1500.0,1300.0
Maharashtra,Amrawati(Frui & Veg. Market) APMC,Tomato,2026-03-20,Local,16.8,800.0,1200.0,1000.0
Maharashtra,Bhusaval APMC,Tomato,2026-03-20,Other,2.8,1500.0,2000.0,1800.0
Maharashtra,Chandrapur(Ganjwad) APMC,Tomato,2026-03-20,Other,9.0,300.0,600.0,400.0
Maharashtra,HINGNA - APMC,Tomato,2026-03-20,Local,11.4,240.0,2500.0,644.0
Maharashtra,Jalgaon APMC,Tomato,2026-03-20,Other,10.0,500.0,1000.0,700.0
Maharashtra,Junnar(Narayangaon) APMC,Tomato,2026-03-20,Local,210.0,500.0,1250.0,1000.0
Maharashtra,Kalmeshwar APMC,Tomato,2026-03-20,Other,2.0,815.0,1200.0,1025.0
Maharashtra,Kamthi APMC,Tomato,2026-03-20,Local,5.8,620.0,820.0,720.0
Maharashtra,Karad APMC,Tomato,2026-03-20,Other,1.2,800.0,1000.0,1000.0
Maharashtra,Mangal Wedha APMC,Tomato,2026-03-20,Local,5.3,500.0,1400.0,900.0
Maharashtra,Mumbai APMC,Tomato,2026-03-20,Other,190.3,1600.0,2000.0,1800.0
Maharashtra,Nasik APMC,Tomato,2026-03-20,Other,153.6,225.0,1000.0,500.0
Maharashtra,Pandharpur APMC,Tomato,2026-03-20,Other,3.4,200.0,700.0,400.0
Maharashtra,Panvel APMC,Tomato,2026-03-20,Other,66.0,1500.0,2500.0,2000.0
Maharashtra,Patan APMC,Tomato,2026-03-20,Other,0.7,1500.0,2000.0,1750.0
Maharashtra,Pimpalgaon Baswant APMC,Tomato,2026-03-20,Other,91.3,250.0,1225.0,555.0
Maharashtra,Pune APMC,Tomato,2026-03-20,Local,127.3,800.0,1800.0,1300.0
Maharashtra,Pune(Khadiki) APMC,Tomato,2026-03-20,Local,1.2,700.0,1200.0,950.0
Maharashtra,Pune(Manjri) APMC,Tomato,2026-03-20,Other,34.0,1500.0,3500.0,2500.0
Maharashtra,Pune(Moshi) APMC,Tomato,2026-03-20,Local,42.3,1000.0,1500.0,1250.0
Maharashtra,Pune(Pimpri) APMC,Tomato,2026-03-20,Local,0.9,1400.0,1500.0,1450.0
Maharashtra,Ratnagiri (Nachane) APMC,Tomato,2026-03-20,Other,2.0,1000.0,1500.0,1200.0
Maharashtra,SHRI.SIDDHESHWAR  APMC,Tomato,2026-03-20,Other,10.9,400.0,1400.0,800.0
Maharashtra,Sangamner APMC,Tomato,2026-03-20,Other,9.0,250.0,1000.0,625.0
Maharashtra,Shrirampur APMC,Tomato,2026-03-20,Other,3.4,500.0,1000.0,750.0
Maharashtra,Vadgaonpeth APMC,Tomato,2026-03-20,Local,5.0,800.0,2000.0,1500.0
Maharashtra,Vai APMC,Tomato,2026-03-20,Local,12.0,500.0,2200.0,1600.0
Maharashtra,Akluj APMC,Tomato,2026-03-21,Local,2.0,1000.0,1500.0,1300.0
Maharashtra,Bhusaval APMC,Tomato,2026-03-21,Other,5.2,1000.0,1500.0,1300.0
Maharashtra,Mangal Wedha APMC,Tomato,2026-03-21,Local,3.7,300.0,1100.0,900.0
Maharashtra,Mumbai APMC,Tomato,2026-03-21,Other,157.4,1200.0,1600.0,1400.0
Maharashtra,Pandharpur APMC,Tomato,2026-03-21,Other,2.5,200.0,600.0,400.0
Maharashtra,Panvel APMC,Tomato,2026-03-21,Other,64.3,2000.0,2500.0,2250.0
Maharashtra,Phaltan APMC,Tomato,2026-03-21,Other,3.2,500.0,1500.0,1057.0
Maharashtra,Pune(Khadiki) APMC,Tomato,2026-03-21,Local,1.1,700.0,1200.0,950.0
Maharashtra,Pune(Manjri) APMC,Tomato,2026-03-21,Other,54.6,1200.0,3000.0,2000.0
Maharashtra,Pune(Moshi) APMC,Tomato,2026-03-21,Local,64.7,500.0,1000.0,750.0
Maharashtra,Pune(Pimpri) APMC,Tomato,2026-03-21,Local,0.8,1200.0,1400.0,1300.0
Maharashtra,Rahuri APMC,Tomato,2026-03-21,Other,4.3,800.0,1200.0,1000.0
Maharashtra,Vaduj APMC,Tomato,2026-03-21,Local,2.5,2000.0,3000.0,2500.0
Maharashtra,Vai APMC,Tomato,2026-03-21,Local,12.0,500.0,2300.0,1800.0
Maharashtra,Ahilyanagar APMC,Tomato,2026-03-22,Other,15.3,400.0,1300.0,850.0
Maharashtra,Akluj APMC,Tomato,2026-03-22,Local,1.8,800.0,1500.0,1200.0
Maharashtra,Amrawati(Frui & Veg. Market) APMC,Tomato,2026-03-22,Local,18.0,800.0,1200.0,1000.0
Maharashtra,Bhusaval APMC,Tomato,2026-03-22,Other,6.9,1000.0,1500.0,1200.0
Maharashtra,Chattrapati Sambhajinagar APMC,Tomato,2026-03-22,Other,12.0,500.0,1100.0,800.0
Maharashtra,Kalmeshwar APMC,Tomato,2026-03-22,Other,1.5,625.0,1000.0,815.0
Maharashtra,Kamthi APMC,Tomato,2026-03-22,Local,2.3,660.0,860.0,760.0
Maharashtra,Karad APMC,Tomato,2026-03-22,Other,6.0,1000.0,1200.0,1200.0
Maharashtra,Khed(Chakan) APMC,Tomato,2026-03-22,Other,34.6,700.0,1200.0,1000.0
Maharashtra,Kolhapur APMC,Tomato,2026-03-22,Other,19.9,500.0,1500.0,1000.0
Maharashtra,Mangal Wedha APMC,Tomato,2026-03-22,Local,7.9,300.0,600.0,500.0
Maharashtra,Nagpur APMC,Tomato,2026-03-22,Local,50.0,300.0,700.0,625.0
Maharashtra,Nagpur APMC,Tomato,2026-03-22,Other,50.0,1000.0,1500.0,1325.0
Maharashtra,Nasik APMC,Tomato,2026-03-22,Other,199.3,200.0,925.0,500.0
Maharashtra,Panvel APMC,Tomato,2026-03-22,Other,68.4,2500.0,3000.0,2750.0
Maharashtra,Pimpalgaon Baswant APMC,Tomato,2026-03-22,Other,13.0,250.0,1155.0,500.0
Maharashtra,Pune APMC,Tomato,2026-03-22,Local,336.8,600.0,1600.0,1100.0
Maharashtra,Pune(Khadiki) APMC,Tomato,2026-03-22,Local,1.1,700.0,1200.0,950.0
Maharashtra,Pune(Manjri) APMC,Tomato,2026-03-22,Other,41.9,500.0,1500.0,1000.0
Maharashtra,Pune(Moshi) APMC,Tomato,2026-03-22,Local,56.8,500.0,1000.0,750.0
Maharashtra,Rahata APMC,Tomato,2026-03-22,Other,7.0,300.0,1250.0,800.0
Maharashtra,Rahuri APMC,Tomato,2026-03-22,Other,5.9,1000.0,2000.0,1500.0
Maharashtra,Satara APMC,Tomato,2026-03-22,Other,7.8,1000.0,1500.0,1200.0
Maharashtra,Shrirampur APMC,Tomato,2026-03-22,Other,3.7,500.0,1000.0,750.0
Maharashtra,Vadgaonpeth APMC,Tomato,2026-03-22,Local,5.0,700.0,2000.0,1200.0
Maharashtra,Akluj APMC,Tomato,2026-03-23,Local,3.5,800.0,1500.0,1200.0
Maharashtra,Amrawati(Frui & Veg. Market) APMC,Tomato,2026-03-23,Local,16.7,1000.0,1200.0,1100.0
Maharashtra,Chattrapati Sambhajinagar APMC,Tomato,2026-03-23,Other,14.0,1000.0,1300.0,1150.0
Maharashtra,HINGNA - APMC,Tomato,2026-03-23,Local,30.3,220.0,1250.0,551.0
Maharashtra,Jalgaon APMC,Tomato,2026-03-23,Other,14.0,500.0,700.0,600.0
Maharashtra,Junnar(Narayangaon) APMC,Tomato,2026-03-23,Local,243.5,500.0,1250.0,1000.0
Maharashtra,Kamthi APMC,Tomato,2026-03-23,Local,1.6,640.0,840.0,740.0
Maharashtra,Karad APMC,Tomato,2026-03-23,Other,2.4,1000.0,1500.0,1500.0
Maharashtra,Kolhapur APMC,Tomato,2026-03-23,Other,38.5,500.0,1500.0,1000.0
Maharashtra,Mangal Wedha APMC,Tomato,2026-03-23,Local,8.4,200.0,1100.0,800.0
Maharashtra,Mumbai APMC,Tomato,2026-03-23,Other,236.8,1200.0,1600.0,1400.0
Maharashtra,Nagpur APMC,Tomato,2026-03-23,Local,50.0,500.0,900.0,825.0
Maharashtra,Nagpur APMC,Tomato,2026-03-23,Other,50.0,1500.0,2000.0,1875.0
Maharashtra,Nasik APMC,Tomato,2026-03-23,Other,175.2,225.0,1050.0,550.0
Maharashtra,Pandharpur APMC,Tomato,2026-03-23,Other,2.8,200.0,600.0,400.0
Maharashtra,Panvel APMC,Tomato,2026-03-23,Other,76.6,2000.0,2500.0,2250.0
Maharashtra,Pimpalgaon Baswant APMC,Tomato,2026-03-23,Other,63.4,250.0,1505.0,905.0
Maharashtra,Pune APMC,Tomato,2026-03-23,Local,252.3,600.0,1400.0,1000.0
Maharashtra,Pune(Khadiki) APMC,Tomato,2026-03-23,Local,1.2,700.0,1200.0,950.0
Maharashtra,Pune(Manjri) APMC,Tomato,2026-03-23,Other,39.0,500.0,1500.0,1200.0
Maharashtra,Pune(Moshi) APMC,Tomato,2026-03-23,Local,69.7,500.0,800.0,650.0
Maharashtra,Pune(Pimpri) APMC,Tomato,2026-03-23,Local,0.4,1400.0,1400.0,1400.0
Maharashtra,Rahuri APMC,Tomato,2026-03-23,Other,1.0,500.0,1500.0,1000.0
Maharashtra,Ratnagiri (Nachane) APMC,Tomato,2026-03-23,Other,2.1,1000.0,1500.0,1400.0
Maharashtra,SHRI.SIDDHESHWAR  APMC,Tomato,2026-03-23,Other,19.3,200.0,900.0,700.0
Maharashtra,Sangamner APMC,Tomato,2026-03-23,Other,9.0,250.0,1000.0,625.0
Maharashtra,Satara APMC,Tomato,2026-03-23,Other,6.6,1000.0,1500.0,1250.0
Maharashtra,Shrirampur APMC,Tomato,2026-03-23,Other,2.5,500.0,900.0,700.0
Maharashtra,Vai APMC,Tomato,2026-03-23,Local,12.0,500.0,2000.0,1500.0
Maharashtra,Ahilyanagar APMC,Tomato,2026-03-24,Other,16.1,300.0,1500.0,900.0
Maharashtra,Amrawati(Frui & Veg. Market) APMC,Tomato,2026-03-24,Local,16.8,800.0,1200.0,1000.0
Maharashtra,Bhusaval APMC,Tomato,2026-03-24,Other,5.0,900.0,1500.0,1200.0
Maharashtra,Chandrapur(Ganjwad) APMC,Tomato,2026-03-24,Other,19.4,200.0,400.0,300.0
Maharashtra,HINGNA - APMC,Tomato,2026-03-24,Local,6.3,250.0,800.0,567.0
Maharashtra,Islampur APMC,Tomato,2026-03-24,Other,6.4,1000.0,1500.0,1200.0
Maharashtra,Kalmeshwar APMC,Tomato,2026-03-24,Other,2.1,610.0,1000.0,820.0
Maharashtra,Kamthi APMC,Tomato,2026-03-24,Local,3.8,660.0,860.0,760.0
Maharashtra,Karad APMC,Tomato,2026-03-24,Other,6.0,1000.0,1200.0,1200.0
Maharashtra,Khed(Chakan) APMC,Tomato,2026-03-24,Other,30.4,800.0,1400.0,1100.0
Maharashtra,Kolhapur APMC,Tomato,2026-03-24,Other,18.5,500.0,1500.0,1000.0
Maharashtra,Manchar APMC,Tomato,2026-03-24,Other,0.2,1000.0,2000.0,1500.0
Maharashtra,Mumbai APMC,Tomato,2026-03-24,Other,210.4,700.0,1500.0,1100.0
Maharashtra,Nagpur APMC,Tomato,2026-03-24,Local,50.0,300.0,700.0,600.0
Maharashtra,Nagpur APMC,Tomato,2026-03-24,Other,30.0,500.0,1000.0,825.0
Maharashtra,Pandharpur APMC,Tomato,2026-03-24,Other,2.5,200.0,600.0,400.0
Maharashtra,Panvel APMC,Tomato,2026-03-24,Other,78.5,1500.0,2000.0,1750.0
Maharashtra,Patan APMC,Tomato,2026-03-24,Other,0.6,1500.0,2000.0,1750.0
Maharashtra,Pimpalgaon Baswant APMC,Tomato,2026-03-24,Other,104.3,250.0,1555.0,1005.0
Maharashtra,Pune APMC,Tomato,2026-03-24,Local,219.1,500.0,1400.0,950.0
Maharashtra,Pune(Manjri) APMC,Tomato,2026-03-24,Other,34.1,1000.0,2000.0,1500.0
Maharashtra,Pune(Moshi) APMC,Tomato,2026-03-24,Local,64.7,700.0,1000.0,850.0
Maharashtra,Pune(Pimpri) APMC,Tomato,2026-03-24,Local,0.5,1300.0,1400.0,1350.0
Maharashtra,Rahata APMC,Tomato,2026-03-24,Other,11.3,250.0,1250.0,800.0
Maharashtra,Rahuri APMC,Tomato,2026-03-24,Other,6.8,500.0,1500.0,1000.0
Maharashtra,Ratnagiri (Nachane) APMC,Tomato,2026-03-24,Other,2.4,1600.0,1800.0,1700.0
Maharashtra,SHRI.SIDDHESHWAR  APMC,Tomato,2026-03-24,Other,25.1,200.0,1200.0,800.0
Maharashtra,Sangamner APMC,Tomato,2026-03-24,Other,9.0,250.0,1000.0,625.0
Maharashtra,Satara APMC,Tomato,2026-03-24,Other,5.3,1000.0,1500.0,1250.0
Maharashtra,Vadgaonpeth APMC,Tomato,2026-03-24,Local,5.0,800.0,1500.0,1000.0
Maharashtra,Akluj APMC,Tomato,2026-03-25,Local,2.6,800.0,1500.0,1200.0
Maharashtra,Amrawati(Frui & Veg. Market) APMC,Tomato,2026-03-25,Local,18.0,700.0,1000.0,850.0
Maharashtra,Bhusaval APMC,Tomato,2026-03-25,Other,4.0,1000.0,1500.0,1200.0
Maharashtra,Chattrapati Sambhajinagar APMC,Tomato,2026-03-25,Other,9.6,600.0,1200.0,900.0
Maharashtra,HINGNA - APMC,Tomato,2026-03-25,Local,6.5,280.0,2000.0,651.0
Maharashtra,Jalgaon APMC,Tomato,2026-03-25,Other,14.0,300.0,700.0,500.0
Maharashtra,Kalmeshwar APMC,Tomato,2026-03-25,Other,24.0,615.0,1000.0,805.0
Maharashtra,Kamthi APMC,Tomato,2026-03-25,Local,2.6,840.0,1040.0,940.0
Maharashtra,Khed(Chakan) APMC,Tomato,2026-03-25,Other,27.5,800.0,1300.0,1000.0
Maharashtra,Kolhapur APMC,Tomato,2026-03-25,Other,24.2,500.0,1500.0,1000.0
Maharashtra,Mangal Wedha APMC,Tomato,2026-03-25,Local,6.5,200.0,1300.0,800.0
Maharashtra,Mumbai APMC,Tomato,2026-03-25,Other,200.8,1600.0,2000.0,1800.0
Maharashtra,Nagpur APMC,Tomato,2026-03-25,Local,30.0,400.0,800.0,700.0
Maharashtra,Nagpur APMC,Tomato,2026-03-25,Other,30.0,500.0,1000.0,825.0
Maharashtra,Pandharpur APMC,Tomato,2026-03-25,Other,2.5,200.0,600.0,400.0
Maharashtra,Panvel APMC,Tomato,2026-03-25,Other,76.0,1500.0,2000.0,1750.0
Maharashtra,Patan APMC,Tomato,2026-03-25,Other,0.3,1500.0,2000.0,1750.0
Maharashtra,Pune APMC,Tomato,2026-03-25,Local,143.5,600.0,1400.0,1000.0
Maharashtra,Pune(Khadiki) APMC,Tomato,2026-03-25,Local,1.1,700.0,1200.0,950.0
Maharashtra,Pune(Manjri) APMC,Tomato,2026-03-25,Other,35.7,1000.0,2000.0,1500.0
Maharashtra,Pune(Pimpri) APMC,Tomato,2026-03-25,Local,1.3,1400.0,1400.0,1400.0
Maharashtra,Rahuri APMC,Tomato,2026-03-25,Other,0.6,500.0,1500.0,1000.0
Maharashtra,SHRI.SIDDHESHWAR  APMC,Tomato,2026-03-25,Other,11.2,400.0,1000.0,600.0
Maharashtra,Sangamner APMC,Tomato,2026-03-25,Other,10.5,250.0,900.0,575.0
Maharashtra,Satara APMC,Tomato,2026-03-25,Other,4.9,1000.0,1500.0,1250.0
Maharashtra,Shrirampur APMC,Tomato,2026-03-25,Other,2.8,500.0,1000.0,750.0
Maharashtra,Vadgaonpeth APMC,Tomato,2026-03-25,Local,5.5,900.0,2000.0,1400.0
Maharashtra,Ahilyanagar APMC,Tomato,2026-03-26,Other,27.2,300.0,1300.0,800.0
Maharashtra,Akluj APMC,Tomato,2026-03-26,Local,2.5,800.0,1500.0,1200.0
Maharashtra,Bhusaval APMC,Tomato,2026-03-26,Other,2.9,1000.0,1500.0,1200.0
Maharashtra,Chattrapati Sambhajinagar APMC,Tomato,2026-03-26,Other,13.0,500.0,1100.0,800.0
Maharashtra,Islampur APMC,Tomato,2026-03-26,Other,7.6,1500.0,2000.0,1750.0
Maharashtra,Junnar(Narayangaon) APMC,Tomato,2026-03-26,Local,238.5,500.0,1250.0,1000.0
Maharashtra,Kamthi APMC,Tomato,2026-03-26,Local,2.4,640.0,840.0,740.0
Maharashtra,Khed(Chakan) APMC,Tomato,2026-03-26,Other,26.9,1000.0,1500.0,1200.0
Maharashtra,Kolhapur APMC,Tomato,2026-03-26,Other,9.7,500.0,1500.0,1000.0
Maharashtra,Mumbai APMC,Tomato,2026-03-26,Other,173.7,1200.0,1600.0,1400.0
Maharashtra,Nasik APMC,Tomato,2026-03-26,Other,190.4,200.0,1050.0,500.0
Maharashtra,Panvel APMC,Tomato,2026-03-26,Other,79.0,1500.0,2000.0,1750.0
Maharashtra,Pimpalgaon Baswant APMC,Tomato,2026-03-26,Other,46.0,250.0,1855.0,1255.0
Maharashtra,Pune APMC,Tomato,2026-03-26,Local,156.4,600.0,1400.0,1000.0
Maharashtra,Pune(Khadiki) APMC,Tomato,2026-03-26,Local,1.3,700.0,1200.0,950.0
Maharashtra,Pune(Pimpri) APMC,Tomato,2026-03-26,Local,0.5,1300.0,1400.0,1350.0
Maharashtra,Rahata APMC,Tomato,2026-03-26,Other,7.6,500.0,1250.0,900.0
Maharashtra,Rahuri APMC,Tomato,2026-03-26,Other,0.8,500.0,1500.0,1000.0
Maharashtra,Shrirampur APMC,Tomato,2026-03-26,Other,2.7,500.0,1000.0,750.0
Maharashtra,Akluj APMC,Tomato,2026-03-27,Local,2.3,1000.0,1600.0,1300.0
Maharashtra,Amrawati(Frui & Veg. Market) APMC,Tomato,2026-03-27,Local,16.8,1000.0,1200.0,1100.0
Maharashtra,Bhusaval APMC,Tomato,2026-03-27,Other,2.4,1000.0,1500.0,1200.0
Maharashtra,HINGNA - APMC,Tomato,2026-03-27,Local,14.6,400.0,2000.0,853.0
Maharashtra,Islampur APMC,Tomato,2026-03-27,Other,6.1,1500.0,2000.0,1750.0
Maharashtra,Jalgaon APMC,Tomato,2026-03-27,Other,12.0,300.0,700.0,500.0
Maharashtra,Junnar(Narayangaon) APMC,Tomato,2026-03-27,Local,215.0,500.0,1250.0,1000.0
Maharashtra,Kalmeshwar APMC,Tomato,2026-03-27,Other,2.4,625.0,1000.0,815.0
Maharashtra,Kamthi APMC,Tomato,2026-03-27,Local,5.0,660.0,860.0,760.0
Maharashtra,Khed(Chakan) APMC,Tomato,2026-03-27,Other,26.4,1000.0,1500.0,1200.0
Maharashtra,Mangal Wedha APMC,Tomato,2026-03-27,Local,5.2,200.0,900.0,600.0
Maharashtra,Mumbai APMC,Tomato,2026-03-27,Other,187.0,1000.0,1500.0,1250.0
Maharashtra,Nasik APMC,Tomato,2026-03-27,Other,206.0,200.0,900.0,500.0
Maharashtra,Pandharpur APMC,Tomato,2026-03-27,Other,3.0,100.0,600.0,350.0
Maharashtra,Panvel APMC,Tomato,2026-03-27,Other,85.0,1800.0,2000.0,1900.0
Maharashtra,Pimpalgaon Baswant APMC,Tomato,2026-03-27,Other,88.9,300.0,1905.0,1305.0
Maharashtra,Pune APMC,Tomato,2026-03-27,Local,196.0,600.0,1600.0,1100.0
Maharashtra,Pune(Moshi) APMC,Tomato,2026-03-27,Local,49.3,1000.0,1000.0,1000.0
Maharashtra,Pune(Pimpri) APMC,Tomato,2026-03-27,Local,0.9,1400.0,1700.0,1550.0
Maharashtra,Rahata APMC,Tomato,2026-03-27,Other,4.9,500.0,1000.0,750.0
Maharashtra,Rahuri APMC,Tomato,2026-03-27,Other,0.7,500.0,1500.0,1000.0
Maharashtra,Ratnagiri (Nachane) APMC,Tomato,2026-03-27,Other,2.0,1500.0,2000.0,1800.0
Maharashtra,SHRI.SIDDHESHWAR  APMC,Tomato,2026-03-27,Other,16.8,200.0,800.0,600.0
Maharashtra,Shrirampur APMC,Tomato,2026-03-27,Other,3.2,800.0,1000.0,900.0
Maharashtra,Vadgaonpeth APMC,Tomato,2026-03-27,Local,5.5,800.0,1900.0,1200.0
Maharashtra,Vai APMC,Tomato,2026-03-27,Local,2.5,1000.0,2500.0,1800.0
Maharashtra,Ahilyanagar APMC,Tomato,2026-03-28,Other,22.5,300.0,1300.0,800.0
Maharashtra,Akluj APMC,Tomato,2026-03-28,Local,2.0,900.0,1600.0,1200.0
Maharashtra,Amrawati(Frui & Veg. Market) APMC,Tomato,2026-03-28,Local,15.9,800.0,1200.0,1000.0
Maharashtra,Bhusaval APMC,Tomato,2026-03-28,Other,2.9,1000.0,1500.0,1200.0
Maharashtra,Chandrapur(Ganjwad) APMC,Tomato,2026-03-28,Other,18.7,400.0,800.0,600.0
Maharashtra,Chattrapati Sambhajinagar APMC,Tomato,2026-03-28,Other,14.0,550.0,1000.0,775.0
Maharashtra,Jalgaon APMC,Tomato,2026-03-28,Other,11.0,300.0,700.0,500.0
Maharashtra,Kalmeshwar APMC,Tomato,2026-03-28,Other,1.5,610.0,1000.0,820.0
Maharashtra,Kamthi APMC,Tomato,2026-03-28,Local,1.8,650.0,850.0,750.0
Maharashtra,Karad APMC,Tomato,2026-03-28,Other,0.9,1200.0,1500.0,1500.0
Maharashtra,Khed(Chakan) APMC,Tomato,2026-03-28,Other,29.4,1000.0,1500.0,1200.0
Maharashtra,Kolhapur APMC,Tomato,2026-03-28,Other,24.3,500.0,1500.0,1000.0
Maharashtra,Mangal Wedha APMC,Tomato,2026-03-28,Local,6.1,200.0,900.0,600.0
Maharashtra,Mumbai APMC,Tomato,2026-03-28,Other,180.3,1200.0,1600.0,1400.0
Maharashtra,Nagpur APMC,Tomato,2026-03-28,Local,50.0,500.0,1000.0,875.0
Maharashtra,Nagpur APMC,Tomato,2026-03-28,Other,50.0,1200.0,1700.0,1575.0
Maharashtra,Pandharpur APMC,Tomato,2026-03-28,Other,2.9,250.0,600.0,450.0
Maharashtra,Panvel APMC,Tomato,2026-03-28,Other,73.0,1500.0,2000.0,1750.0
Maharashtra,Patan APMC,Tomato,2026-03-28,Other,0.9,1500.0,2000.0,1750.0
Maharashtra,Pune(Khadiki) APMC,Tomato,2026-03-28,Local,1.3,700.0,1200.0,950.0
Maharashtra,Pune(Manjri) APMC,Tomato,2026-03-28,Other,38.4,1000.0,2700.0,2000.0
Maharashtra,Pune(Moshi) APMC,Tomato,2026-03-28,Local,73.3,500.0,1000.0,750.0
Maharashtra,Pune(Pimpri) APMC,Tomato,2026-03-28,Local,1.1,1200.0,1600.0,1400.0
Maharashtra,Rahuri APMC,Tomato,2026-03-28,Other,3.1,400.0,1500.0,950.0
Maharashtra,SHRI.SIDDHESHWAR  APMC,Tomato,2026-03-28,Other,19.2,200.0,1000.0,700.0
Maharashtra,Sangamner APMC,Tomato,2026-03-28,Other,9.0,250.0,1000.0,625.0
Maharashtra,Satara APMC,Tomato,2026-03-28,Other,6.7,1000.0,1500.0,1250.0
Maharashtra,Shrirampur APMC,Tomato,2026-03-28,Other,2.7,500.0,800.0,650.0
Maharashtra,Vadgaonpeth APMC,Tomato,2026-03-28,Local,4.0,800.0,1800.0,1000.0
Maharashtra,Akluj APMC,Tomato,2026-03-29,Local,2.5,800.0,1500.0,1000.0
Maharashtra,Amrawati(Frui & Veg. Market) APMC,Tomato,2026-03-29,Local,18.0,800.0,1000.0,900.0
Maharashtra,Bhusaval APMC,Tomato,2026-03-29,Other,5.5,1000.0,1500.0,1200.0
Maharashtra,Chattrapati Sambhajinagar APMC,Tomato,2026-03-29,Other,14.0,500.0,900.0,700.0
Maharashtra,Islampur APMC,Tomato,2026-03-29,Other,7.2,1000.0,1500.0,1250.0
Maharashtra,Kalmeshwar APMC,Tomato,2026-03-29,Other,2.3,615.0,1000.0,825.0
Maharashtra,Kamthi APMC,Tomato,2026-03-29,Local,4.4,810.0,1010.0,910.0
Maharashtra,Karad APMC,Tomato,2026-03-29,Other,0.3,1000.0,1500.0,1500.0
Maharashtra,Khed(Chakan) APMC,Tomato,2026-03-29,Other,33.0,1000.0,1500.0,1300.0
Maharashtra,Kolhapur APMC,Tomato,2026-03-29,Other,16.6,800.0,1600.0,1200.0
Maharashtra,Mangal Wedha APMC,Tomato,2026-03-29,Local,3.6,200.0,1000.0,600.0
Maharashtra,Nasik APMC,Tomato,2026-03-29,Other,190.5,200.0,900.0,500.0
Maharashtra,Panvel APMC,Tomato,2026-03-29,Other,61.5,3000.0,3500.0,3250.0
Maharashtra,Phaltan APMC,Tomato,2026-03-29,Other,5.0,750.0,1750.0,1219.0
Maharashtra,Pimpalgaon Baswant APMC,Tomato,2026-03-29,Other,58.2,300.0,2105.0,1505.0
Maharashtra,Pune APMC,Tomato,2026-03-29,Local,345.2,600.0,1400.0,1000.0
Maharashtra,Pune(Khadiki) APMC,Tomato,2026-03-29,Local,1.2,700.0,1200.0,950.0
Maharashtra,Pune(Manjri) APMC,Tomato,2026-03-29,Other,40.7,1000.0,2700.0,1500.0
Maharashtra,Pune(Moshi) APMC,Tomato,2026-03-29,Local,68.5,700.0,10000.0,850.0
Maharashtra,Pune(Pimpri) APMC,Tomato,2026-03-29,Local,2.4,1200.0,1500.0,1350.0
Maharashtra,Rahata APMC,Tomato,2026-03-29,Other,8.4,400.0,1000.0,700.0
Maharashtra,Rahuri APMC,Tomato,2026-03-29,Other,5.9,500.0,2000.0,1250.0
Maharashtra,Sangamner APMC,Tomato,2026-03-29,Other,12.0,250.0,1000.0,625.0
Maharashtra,Satara APMC,Tomato,2026-03-29,Other,10.6,1000.0,1500.0,1250.0
Maharashtra,Shrirampur APMC,Tomato,2026-03-29,Other,3.7,500.0,1000.0,750.0
Maharashtra,Vadgaonpeth APMC,Tomato,2026-03-29,Local,5.0,800.0,1600.0,1000.0
Maharashtra,Akluj APMC,Tomato,2026-03-30,Local,2.7,850.0,1500.0,1000.0
Maharashtra,Amrawati(Frui & Veg. Market) APMC,Tomato,2026-03-30,Local,16.6,800.0,1200.0,1000.0
Maharashtra,Chandrapur(Ganjwad) APMC,Tomato,2026-03-30,Other,25.9,300.0,600.0,400.0
Maharashtra,Chattrapati Sambhajinagar APMC,Tomato,2026-03-30,Other,13.5,300.0,800.0,550.0
Maharashtra,HINGNA - APMC,Tomato,2026-03-30,Local,15.5,200.0,1400.0,672.0
Maharashtra,Jalgaon APMC,Tomato,2026-03-30,Other,8.2,300.0,700.0,500.0
Maharashtra,Kamthi APMC,Tomato,2026-03-30,Local,2.4,810.0,1010.0,910.0
Maharashtra,Karad APMC,Tomato,2026-03-30,Other,0.9,800.0,1500.0,1500.0
Maharashtra,Kolhapur APMC,Tomato,2026-03-30,Other,33.4,500.0,1500.0,1000.0
Maharashtra,Mangal Wedha APMC,Tomato,2026-03-30,Local,5.6,300.0,1400.0,800.0
Maharashtra,Mumbai APMC,Tomato,2026-03-30,Other,222.4,1200.0,1600.0,1400.0
Maharashtra,Nagpur APMC,Tomato,2026-03-30,Local,50.0,700.0,1000.0,925.0
Maharashtra,Nagpur APMC,Tomato,2026-03-30,Other,50.0,1000.0,1200.0,1150.0
Maharashtra,Nasik APMC,Tomato,2026-03-30,Other,170.1,225.0,1005.0,575.0
Maharashtra,Pandharpur APMC,Tomato,2026-03-30,Other,2.8,100.0,500.0,350.0
Maharashtra,Panvel APMC,Tomato,2026-03-30,Other,86.4,1500.0,2000.0,1750.0
Maharashtra,Patan APMC,Tomato,2026-03-30,Other,0.7,1500.0,2000.0,1750.0
Maharashtra,Pune APMC,Tomato,2026-03-30,Local,217.6,600.0,1400.0,1000.0
Maharashtra,Pune(Khadiki) APMC,Tomato,2026-03-30,Local,1.4,700.0,1200.0,950.0
Maharashtra,Pune(Manjri) APMC,Tomato,2026-03-30,Other,39.1,1000.0,2200.0,1500.0
Maharashtra,Pune(Moshi) APMC,Tomato,2026-03-30,Local,68.3,800.0,1000.0,900.0
Maharashtra,Pune(Pimpri) APMC,Tomato,2026-03-30,Local,0.5,1400.0,1600.0,1500.0
Maharashtra,Rahuri APMC,Tomato,2026-03-30,Other,5.5,1000.0,2000.0,1500.0
Maharashtra,Ratnagiri (Nachane) APMC,Tomato,2026-03-30,Other,1.8,1000.0,2000.0,1500.0
Maharashtra,SHRI.SIDDHESHWAR  APMC,Tomato,2026-03-30,Other,12.0,300.0,900.0,600.0
Maharashtra,Sangamner APMC,Tomato,2026-03-30,Other,12.0,250.0,1000.0,625.0
Maharashtra,Satara APMC,Tomato,2026-03-30,Other,6.4,1000.0,1500.0,1250.0
Maharashtra,Shrirampur APMC,Tomato,2026-03-30,Other,2.5,500.0,900.0,700.0
Maharashtra,Vai APMC,Tomato,2026-03-30,Local,7.0,1000.0,2000.0,1500.0
Maharashtra,Ahilyanagar APMC,Tomato,2026-03-31,Other,17.6,400.0,1500.0,950.0
Maharashtra,Amrawati(Frui & Veg. Market) APMC,Tomato,2026-03-31,Local,18.0,1000.0,1200.0,1100.0
Maharashtra,Bhusaval APMC,Tomato,2026-03-31,Other,4.4,1000.0,1500.0,1200.0
Maharashtra,Chattrapati Sambhajinagar APMC,Tomato,2026-03-31,Other,11.2,500.0,900.0,700.0
Maharashtra,HINGNA - APMC,Tomato,2026-03-31,Local,6.8,250.0,1000.0,766.0
Maharashtra,Islampur APMC,Tomato,2026-03-31,Other,3.6,1000.0,1800.0,1450.0
Maharashtra,Jalgaon APMC,Tomato,2026-03-31,Other,8.5,500.0,1000.0,700.0
Maharashtra,Junnar(Narayangaon) APMC,Tomato,2026-03-31,Local,217.5,500.0,1250.0,1000.0
Maharashtra,Kalmeshwar APMC,Tomato,2026-03-31,Other,2.0,610.0,1000.0,820.0
Maharashtra,Kamthi APMC,Tomato,2026-03-31,Local,4.7,810.0,1010.0,910.0
Maharashtra,Karad APMC,Tomato,2026-03-31,Other,1.5,1000.0,1200.0,1200.0
Maharashtra,Khed(Chakan) APMC,Tomato,2026-03-31,Other,27.5,1000.0,1500.0,1200.0
Maharashtra,Kolhapur APMC,Tomato,2026-03-31,Other,15.3,500.0,1500.0,1000.0
Maharashtra,Mumbai APMC,Tomato,2026-03-31,Other,217.2,1200.0,1600.0,1400.0
Maharashtra,Nagpur APMC,Tomato,2026-03-31,Local,70.0,700.0,1000.0,925.0
Maharashtra,Nasik APMC,Tomato,2026-03-31,Other,155.8,200.0,900.0,500.0
Maharashtra,Pandharpur APMC,Tomato,2026-03-31,Other,3.1,200.0,550.0,350.0
Maharashtra,Panvel APMC,Tomato,2026-03-31,Other,65.0,1500.0,2000.0,1750.0
Maharashtra,Pimpalgaon Baswant APMC,Tomato,2026-03-31,Other,150.9,300.0,1255.0,605.0
Maharashtra,Pune APMC,Tomato,2026-03-31,Local,214.6,600.0,1600.0,1100.0
Maharashtra,Pune(Khadiki) APMC,Tomato,2026-03-31,Local,1.1,700.0,1200.0,950.0
Maharashtra,Pune(Manjri) APMC,Tomato,2026-03-31,Other,34.7,1000.0,2000.0,1500.0
Maharashtra,Pune(Moshi) APMC,Tomato,2026-03-31,Local,64.3,700.0,1000.0,850.0
Maharashtra,Pune(Pimpri) APMC,Tomato,2026-03-31,Local,1.1,1200.0,1400.0,1300.0
Maharashtra,Rahuri APMC,Tomato,2026-03-31,Other,5.5,500.0,1300.0,900.0
Maharashtra,SHRI.SIDDHESHWAR  APMC,Tomato,2026-03-31,Other,18.5,300.0,1000.0,700.0
Maharashtra,Sangamner APMC,Tomato,2026-03-31,Other,9.0,250.0,1000.0,625.0
Maharashtra,Satara APMC,Tomato,2026-03-31,Other,5.9,1000.0,1500.0,1250.0
Maharashtra,Vita APMC,Tomato,2026-03-31,Other,4.0,2000.0,2500.0,2200.0
Maharashtra,Akluj APMC,Tomato,2026-04-01,Local,2.5,900.0,1600.0,1200.0
Maharashtra,Amrawati(Frui & Veg. Market) APMC,Tomato,2026-04-01,Local,18.0,800.0,1200.0,1000.0
Maharashtra,Bhusaval APMC,Tomato,2026-04-01,Other,2.7,1000.0,1500.0,1200.0
Maharashtra,Chandrapur(Ganjwad) APMC,Tomato,2026-04-01,Other,21.1,400.0,800.0,600.0
Maharashtra,Chattrapati Sambhajinagar APMC,Tomato,2026-04-01,Other,14.0,500.0,700.0,600.0
Maharashtra,HINGNA - APMC,Tomato,2026-04-01,Local,5.6,250.0,1350.0,808.0
Maharashtra,Jalgaon APMC,Tomato,2026-04-01,Other,12.0,300.0,700.0,500.0
Maharashtra,Junnar(Narayangaon) APMC,Tomato,2026-04-01,Local,290.0,500.0,1250.0,1000.0
Maharashtra,Kalmeshwar APMC,Tomato,2026-04-01,Other,1.5,615.0,1000.0,805.0
Maharashtra,Karad APMC,Tomato,2026-04-01,Other,1.2,1000.0,1500.0,1500.0
Maharashtra,Khed(Chakan) APMC,Tomato,2026-04-01,Other,29.2,1000.0,1500.0,1200.0
Maharashtra,Kolhapur APMC,Tomato,2026-04-01,Other,24.8,500.0,1500.0,1000.0
Maharashtra,Mangal Wedha APMC,Tomato,2026-04-01,Local,5.3,300.0,1300.0,800.0
Maharashtra,Mumbai APMC,Tomato,2026-04-01,Other,94.9,800.0,1600.0,1200.0
Maharashtra,Nagpur APMC,Tomato,2026-04-01,Local,50.0,500.0,1000.0,825.0
Maharashtra,Nagpur APMC,Tomato,2026-04-01,Other,30.0,1000.0,1200.0,1150.0
Maharashtra,Nasik APMC,Tomato,2026-04-01,Other,173.0,225.0,950.0,550.0
Maharashtra,Pandharpur APMC,Tomato,2026-04-01,Other,1.5,450.0,450.0,450.0
Maharashtra,Patan APMC,Tomato,2026-04-01,Other,0.9,1500.0,2000.0,1750.0
Maharashtra,Phaltan APMC,Tomato,2026-04-01,Other,6.0,500.0,1850.0,1276.0
Maharashtra,Pimpalgaon Baswant APMC,Tomato,2026-04-01,Other,112.3,300.0,1105.0,555.0
Maharashtra,Pune APMC,Tomato,2026-04-01,Local,182.2,600.0,1400.0,1000.0
Maharashtra,Pune(Manjri) APMC,Tomato,2026-04-01,Other,38.5,1000.0,2000.0,1500.0
Maharashtra,Pune(Pimpri) APMC,Tomato,2026-04-01,Local,1.2,1200.0,1500.0,1350.0
Maharashtra,Rahata APMC,Tomato,2026-04-01,Other,5.4,250.0,1000.0,650.0
Maharashtra,Rahuri APMC,Tomato,2026-04-01,Other,4.7,200.0,1000.0,600.0
Maharashtra,Ratnagiri (Nachane) APMC,Tomato,2026-04-01,Other,2.4,1500.0,2000.0,1800.0
Maharashtra,SHRI.SIDDHESHWAR  APMC,Tomato,2026-04-01,Other,17.1,300.0,1000.0,600.0
Maharashtra,Sangamner APMC,Tomato,2026-04-01,Other,12.0,250.0,1000.0,625.0
Maharashtra,Satara APMC,Tomato,2026-04-01,Other,6.6,1000.0,1500.0,1250.0
Maharashtra,Shrirampur APMC,Tomato,2026-04-01,Other,3.2,500.0,1000.0,750.0
Maharashtra,Ahilyanagar APMC,Tomato,2026-04-02,Other,16.9,400.0,1600.0,1000.0
Maharashtra,Akluj APMC,Tomato,2026-04-02,Local,2.5,1000.0,1500.0,1200.0
Maharashtra,Bhusaval APMC,Tomato,2026-04-02,Other,2.5,1000.0,1500.0,1200.0
Maharashtra,Chattrapati Sambhajinagar APMC,Tomato,2026-04-02,Other,14.0,600.0,800.0,700.0
Maharashtra,HINGNA - APMC,Tomato,2026-04-02,Local,6.8,250.0,1000.0,673.0
Maharashtra,Kalmeshwar APMC,Tomato,2026-04-02,Other,1.6,405.0,800.0,615.0
Maharashtra,Kamthi APMC,Tomato,2026-04-02,Local,5.4,810.0,1010.0,910.0
Maharashtra,Khed(Chakan) APMC,Tomato,2026-04-02,Other,29.8,1000.0,1500.0,1200.0
Maharashtra,Kolhapur APMC,Tomato,2026-04-02,Other,15.0,500.0,1500.0,1000.0
Maharashtra,Mangal Wedha APMC,Tomato,2026-04-02,Local,4.4,200.0,900.0,700.0
Maharashtra,Mumbai APMC,Tomato,2026-04-02,Other,211.2,700.0,1500.0,1100.0
Maharashtra,Nagpur APMC,Tomato,2026-04-02,Local,60.0,600.0,1000.0,900.0
Maharashtra,Nagpur APMC,Tomato,2026-04-02,Other,50.0,1000.0,1500.0,1325.0
Maharashtra,Panvel APMC,Tomato,2026-04-02,Other,89.2,1500.0,2000.0,1750.0
Maharashtra,Pune APMC,Tomato,2026-04-02,Local,176.4,600.0,1200.0,900.0
Maharashtra,Pune(Khadiki) APMC,Tomato,2026-04-02,Local,1.2,700.0,1200.0,950.0
Maharashtra,Pune(Manjri) APMC,Tomato,2026-04-02,Other,26.3,500.0,2000.0,1500.0
Maharashtra,Pune(Moshi) APMC,Tomato,2026-04-02,Local,83.7,700.0,1000.0,850.0
Maharashtra,Pune(Pimpri) APMC,Tomato,2026-04-02,Local,1.0,1200.0,1500.0,1350.0
Maharashtra,Rahata APMC,Tomato,2026-04-02,Other,7.0,250.0,1000.0,600.0
Maharashtra,Rahuri APMC,Tomato,2026-04-02,Other,7.7,400.0,1200.0,800.0
Maharashtra,Ratnagiri (Nachane) APMC,Tomato,2026-04-02,Other,2.1,1500.0,1800.0,1700.0
Maharashtra,SHRI.SIDDHESHWAR  APMC,Tomato,2026-04-02,Other,17.4,200.0,700.0,500.0
Maharashtra,Sangamner APMC,Tomato,2026-04-02,Other,10.5,250.0,1000.0,625.0
Maharashtra,Satara APMC,Tomato,2026-04-02,Other,7.0,1000.0,1500.0,1250.0
Maharashtra,Shrirampur APMC,Tomato,2026-04-02,Other,2.5,500.0,900.0,700.0
Maharashtra,Akluj APMC,Tomato,2026-04-03,Local,2.0,800.0,1500.0,1000.0
Maharashtra,Amrawati(Frui & Veg. Market) APMC,Tomato,2026-04-03,Local,15.0,1300.0,1500.0,1400.0
Maharashtra,Bhusaval APMC,Tomato,2026-04-03,Other,3.4,500.0,1200.0,1000.0
Maharashtra,Islampur APMC,Tomato,2026-04-03,Other,6.6,1000.0,1500.0,1200.0
Maharashtra,Junnar(Narayangaon) APMC,Tomato,2026-04-03,Local,266.0,500.0,1250.0,1000.0
Maharashtra,Kalmeshwar APMC,Tomato,2026-04-03,Other,1.6,410.0,800.0,620.0
Maharashtra,Kamthi APMC,Tomato,2026-04-03,Local,8.0,620.0,820.0,720.0
Maharashtra,Khed(Chakan) APMC,Tomato,2026-04-03,Other,25.4,800.0,1200.0,1000.0
Maharashtra,Mangal Wedha APMC,Tomato,2026-04-03,Local,2.5,500.0,1500.0,1000.0
Maharashtra,Mumbai APMC,Tomato,2026-04-03,Other,148.8,1000.0,1500.0,1250.0
Maharashtra,Nasik APMC,Tomato,2026-04-03,Other,173.8,200.0,900.0,500.0
Maharashtra,Patan APMC,Tomato,2026-04-03,Other,0.9,1500.0,2000.0,1750.0
Maharashtra,Pimpalgaon Baswant APMC,Tomato,2026-04-03,Other,102.5,250.0,1255.0,605.0
Maharashtra,Pune APMC,Tomato,2026-04-03,Local,134.6,600.0,1600.0,1100.0
Maharashtra,Pune(Khadiki) APMC,Tomato,2026-04-03,Local,1.2,700.0,1200.0,950.0
Maharashtra,Pune(Manjri) APMC,Tomato,2026-04-03,Other,31.8,1000.0,2000.0,1500.0
Maharashtra,Pune(Moshi) APMC,Tomato,2026-04-03,Local,55.8,700.0,1000.0,850.0
Maharashtra,Pune(Pimpri) APMC,Tomato,2026-04-03,Local,1.0,1200.0,1400.0,1300.0
Maharashtra,Rahata APMC,Tomato,2026-04-03,Other,0.7,500.0,700.0,600.0
Maharashtra,SHRI.SIDDHESHWAR  APMC,Tomato,2026-04-03,Other,15.0,200.0,1000.0,600.0
Maharashtra,Shrirampur APMC,Tomato,2026-04-03,Other,3.6,500.0,900.0,700.0
Maharashtra,Akluj APMC,Tomato,2026-04-04,Local,2.3,700.0,1500.0,1100.0
Maharashtra,Bhusaval APMC,Tomato,2026-04-04,Other,4.1,1000.0,1500.0,1200.0
Maharashtra,Chandrapur(Ganjwad) APMC,Tomato,2026-04-04,Other,31.8,400.0,800.0,600.0
Maharashtra,Chattrapati Sambhajinagar APMC,Tomato,2026-04-04,Other,13.0,500.0,800.0,650.0
Maharashtra,HINGNA - APMC,Tomato,2026-04-04,Local,12.4,266.0,1000.0,676.0
Maharashtra,Jalgaon APMC,Tomato,2026-04-04,Other,13.5,300.0,1000.0,700.0
Maharashtra,Junnar(Narayangaon) APMC,Tomato,2026-04-04,Local,254.5,500.0,1250.0,1000.0
Maharashtra,Kalmeshwar APMC,Tomato,2026-04-04,Other,2.1,415.0,800.0,605.0
Maharashtra,Kamthi APMC,Tomato,2026-04-04,Local,3.8,810.0,1010.0,910.0
Maharashtra,Karad APMC,Tomato,2026-04-04,Other,3.0,1500.0,1700.0,1700.0
Maharashtra,Kolhapur APMC,Tomato,2026-04-04,Other,30.3,500.0,1500.0,1000.0
Maharashtra,Mangal Wedha APMC,Tomato,2026-04-04,Local,5.9,200.0,1400.0,900.0
Maharashtra,Mumbai APMC,Tomato,2026-04-04,Other,149.4,1000.0,1500.0,1250.0
Maharashtra,Nagpur APMC,Tomato,2026-04-04,Local,40.0,700.0,1200.0,1025.0
Maharashtra,Nagpur APMC,Tomato,2026-04-04,Other,30.0,1000.0,1500.0,1325.0
Maharashtra,Panvel APMC,Tomato,2026-04-04,Other,77.5,1500.0,2000.0,1750.0
Maharashtra,Pune(Manjri) APMC,Tomato,2026-04-04,Other,42.8,1000.0,2500.0,2000.0
Maharashtra,Pune(Moshi) APMC,Tomato,2026-04-04,Local,62.7,700.0,1000.0,850.0
Maharashtra,Pune(Pimpri) APMC,Tomato,2026-04-04,Local,0.3,1200.0,1400.0,1300.0
Maharashtra,Rahata APMC,Tomato,2026-04-04,Other,3.9,500.0,1000.0,750.0
Maharashtra,Ramtek APMC,Tomato,2026-04-04,Other,2.6,800.0,1000.0,900.0
Maharashtra,SHRI.SIDDHESHWAR  APMC,Tomato,2026-04-04,Other,23.5,200.0,1000.0,600.0
Maharashtra,Sangamner APMC,Tomato,2026-04-04,Other,12.0,250.0,1000.0,625.0
Maharashtra,Satara APMC,Tomato,2026-04-04,Other,6.6,1000.0,1500.0,1250.0
Maharashtra,Shrirampur APMC,Tomato,2026-04-04,Other,2.7,800.0,1000.0,900.0
Maharashtra,Ahilyanagar APMC,Tomato,2026-04-05,Other,16.0,800.0,1000.0,900.0
Maharashtra,Akluj APMC,Tomato,2026-04-05,Local,2.7,600.0,1500.0,1000.0
Maharashtra,Amrawati(Frui & Veg. Market) APMC,Tomato,2026-04-05,Local,21.8,1200.0,1500.0,1350.0
Maharashtra,Bhusaval APMC,Tomato,2026-04-05,Other,11.0,1000.0,1500.0,1200.0
Maharashtra,Chattrapati Sambhajinagar APMC,Tomato,2026-04-05,Other,17.0,400.0,500.0,450.0
Maharashtra,Islampur APMC,Tomato,2026-04-05,Other,5.5,1000.0,1500.0,1250.0
Maharashtra,Kalmeshwar APMC,Tomato,2026-04-05,Other,1.9,410.0,800.0,620.0
Maharashtra,Kamthi APMC,Tomato,2026-04-05,Local,4.3,810.0,1010.0,910.0
Maharashtra,Karad APMC,Tomato,2026-04-05,Other,4.2,1000.0,1200.0,1200.0
Maharashtra,Khed(Chakan) APMC,Tomato,2026-04-05,Other,35.7,800.0,1200.0,1000.0
Maharashtra,Kolhapur APMC,Tomato,2026-04-05,Other,16.1,500.0,1500.0,1000.0
Maharashtra,Manchar APMC,Tomato,2026-04-05,Other,0.1,1200.0,2500.0,1900.0
Maharashtra,Mangal Wedha APMC,Tomato,2026-04-05,Local,4.0,200.0,1500.0,700.0
Maharashtra,Nagpur APMC,Tomato,2026-04-05,Local,60.0,500.0,1200.0,1025.0
Maharashtra,Nagpur APMC,Tomato,2026-04-05,Other,50.0,1200.0,1700.0,1625.0
Maharashtra,Nasik APMC,Tomato,2026-04-05,Other,190.4,225.0,925.0,550.0
Maharashtra,Palus APMC,Tomato,2026-04-05,Other,0.9,1000.0,1500.0,1300.0
Maharashtra,Panvel APMC,Tomato,2026-04-05,Other,57.0,2000.0,3000.0,2500.0
Maharashtra,Pimpalgaon Baswant APMC,Tomato,2026-04-05,Other,25.4,250.0,1155.0,505.0
Maharashtra,Pune APMC,Tomato,2026-04-05,Local,321.4,600.0,1200.0,900.0
Maharashtra,Pune(Khadiki) APMC,Tomato,2026-04-05,Local,1.3,700.0,1200.0,950.0
Maharashtra,Pune(Manjri) APMC,Tomato,2026-04-05,Other,48.5,1000.0,2500.0,1500.0
Maharashtra,Pune(Moshi) APMC,Tomato,2026-04-05,Local,70.2,700.0,1000.0,850.0
Maharashtra,Pune(Pimpri) APMC,Tomato,2026-04-05,Local,2.9,1200.0,1500.0,1350.0
Maharashtra,Rahata APMC,Tomato,2026-04-05,Other,7.1,250.0,1250.0,800.0
Maharashtra,Rahuri APMC,Tomato,2026-04-05,Other,4.5,500.0,1000.0,750.0
Maharashtra,Sangamner APMC,Tomato,2026-04-05,Other,12.0,250.0,1000.0,625.0
Maharashtra,Satara APMC,Tomato,2026-04-05,Other,13.7,1000.0,1500.0,1250.0
Maharashtra,Shrirampur APMC,Tomato,2026-04-05,Other,3.7,500.0,900.0,700.0
Maharashtra,Vai APMC,Tomato,2026-04-05,Local,14.0,1000.0,2200.0,1700.0
Maharashtra,Akluj APMC,Tomato,2026-04-06,Local,2.5,900.0,1500.0,1400.0
Maharashtra,Amrawati(Frui & Veg. Market) APMC,Tomato,2026-04-06,Local,34.6,800.0,1200.0,1000.0
Maharashtra,Chandrapur(Ganjwad) APMC,Tomato,2026-04-06,Other,31.8,400.0,800.0,600.0
Maharashtra,Chattrapati Sambhajinagar APMC,Tomato,2026-04-06,Other,11.2,500.0,700.0,600.0
Maharashtra,HINGNA - APMC,Tomato,2026-04-06,Local,15.3,400.0,2000.0,960.0
Maharashtra,Jalgaon APMC,Tomato,2026-04-06,Other,18.0,400.0,700.0,600.0
Maharashtra,Junnar(Narayangaon) APMC,Tomato,2026-04-06,Local,291.0,750.0,1500.0,1000.0
Maharashtra,Kamthi APMC,Tomato,2026-04-06,Local,3.5,810.0,1010.0,910.0
Maharashtra,Karad APMC,Tomato,2026-04-06,Other,6.0,1000.0,1500.0,1500.0
Maharashtra,Kolhapur APMC,Tomato,2026-04-06,Other,27.8,500.0,1500.0,1000.0
Maharashtra,Manchar APMC,Tomato,2026-04-06,Other,0.2,2000.0,2500.0,2250.0
Maharashtra,Mangal Wedha APMC,Tomato,2026-04-06,Local,8.7,200.0,2200.0,1000.0
Maharashtra,Mumbai APMC,Tomato,2026-04-06,Other,601.3,1200.0,1600.0,1400.0
Maharashtra,Nagpur APMC,Tomato,2026-04-06,Local,50.0,500.0,1000.0,825.0
Maharashtra,Nagpur APMC,Tomato,2026-04-06,Other,30.0,1000.0,1500.0,1325.0
Maharashtra,Nasik APMC,Tomato,2026-04-06,Other,227.8,200.0,650.0,500.0
Maharashtra,Panvel APMC,Tomato,2026-04-06,Other,76.0,1500.0,2000.0,1750.0
Maharashtra,Patan APMC,Tomato,2026-04-06,Other,0.9,1250.0,1450.0,1350.0
Maharashtra,Pimpalgaon Baswant APMC,Tomato,2026-04-06,Other,205.4,250.0,1255.0,655.0
Maharashtra,Pune APMC,Tomato,2026-04-06,Local,223.6,600.0,1500.0,1050.0
Maharashtra,Pune(Khadiki) APMC,Tomato,2026-04-06,Local,1.2,700.0,1200.0,950.0
Maharashtra,Pune(Manjri) APMC,Tomato,2026-04-06,Other,42.3,1000.0,2500.0,1500.0
Maharashtra,Pune(Moshi) APMC,Tomato,2026-04-06,Local,64.8,700.0,1000.0,850.0
Maharashtra,Pune(Pimpri) APMC,Tomato,2026-04-06,Local,1.0,1400.0,1500.0,1450.0
Maharashtra,Rahuri APMC,Tomato,2026-04-06,Other,1.0,500.0,1000.0,750.0
Maharashtra,Ratnagiri (Nachane) APMC,Tomato,2026-04-06,Other,2.1,1500.0,2000.0,1800.0
Maharashtra,SHRI.SIDDHESHWAR  APMC,Tomato,2026-04-06,Other,13.9,200.0,900.0,500.0
Maharashtra,Sangamner APMC,Tomato,2026-04-06,Other,12.0,250.0,850.0,500.0
Maharashtra,Satara APMC,Tomato,2026-04-06,Other,7.2,1000.0,1200.0,1100.0
Maharashtra,Shrirampur APMC,Tomato,2026-04-06,Other,2.6,500.0,1000.0,750.0
Maharashtra,Vai APMC,Tomato,2026-04-06,Local,2.5,500.0,1700.0,1000.0
Maharashtra,Vita APMC,Tomato,2026-04-06,Other,12.0,500.0,1000.0,750.0
Maharashtra,Ahilyanagar APMC,Tomato,2026-04-07,Other,17.6,500.0,1200.0,850.0
Maharashtra,Amrawati(Frui & Veg. Market) APMC,Tomato,2026-04-07,Local,27.8,1000.0,1300.0,1150.0
Maharashtra,Bhusaval APMC,Tomato,2026-04-07,Other,3.8,1000.0,1500.0,1200.0
Maharashtra,Chandrapur(Ganjwad) APMC,Tomato,2026-04-07,Other,30.6,400.0,600.0,500.0
Maharashtra,Chattrapati Sambhajinagar APMC,Tomato,2026-04-07,Other,11.9,400.0,600.0,500.0
Maharashtra,HINGNA - APMC,Tomato,2026-04-07,Local,8.8,100.0,1500.0,909.0
Maharashtra,Islampur APMC,Tomato,2026-04-07,Other,4.6,1000.0,1500.0,1250.0
Maharashtra,Jalgaon APMC,Tomato,2026-04-07,Other,17.0,300.0,750.0,500.0
Maharashtra,Kalmeshwar APMC,Tomato,2026-04-07,Other,1.5,620.0,1000.0,840.0
Maharashtra,Kamthi APMC,Tomato,2026-04-07,Local,5.6,810.0,1010.0,910.0
Maharashtra,Karad APMC,Tomato,2026-04-07,Other,1.8,1000.0,1500.0,1500.0
Maharashtra,Khed(Chakan) APMC,Tomato,2026-04-07,Other,32.8,800.0,1200.0,1000.0
Maharashtra,Kolhapur APMC,Tomato,2026-04-07,Other,17.0,600.0,1800.0,1200.0
Maharashtra,Mumbai APMC,Tomato,2026-04-07,Other,266.0,1000.0,1200.0,1100.0
Maharashtra,Nagpur APMC,Tomato,2026-04-07,Local,70.0,500.0,900.0,825.0
Maharashtra,Nagpur APMC,Tomato,2026-04-07,Other,40.0,1000.0,1300.0,1225.0
Maharashtra,Nasik APMC,Tomato,2026-04-07,Other,180.7,250.0,1000.0,550.0
Maharashtra,Palus APMC,Tomato,2026-04-07,Other,1.5,1000.0,1200.0,1100.0
Maharashtra,Pandharpur APMC,Tomato,2026-04-07,Other,3.3,250.0,500.0,350.0
Maharashtra,Panvel APMC,Tomato,2026-04-07,Other,75.5,1500.0,2000.0,1750.0
Maharashtra,Patan APMC,Tomato,2026-04-07,Other,0.7,1500.0,2000.0,1750.0
Maharashtra,Phaltan APMC,Tomato,2026-04-07,Other,6.0,500.0,1750.0,1000.0
Maharashtra,Pimpalgaon Baswant APMC,Tomato,2026-04-07,Other,130.6,250.0,1355.0,755.0
Maharashtra,Pune APMC,Tomato,2026-04-07,Local,268.9,600.0,1400.0,1000.0
Maharashtra,Pune(Khadiki) APMC,Tomato,2026-04-07,Local,1.6,700.0,1200.0,950.0
Maharashtra,Pune(Manjri) APMC,Tomato,2026-04-07,Other,44.1,700.0,2000.0,1500.0
Maharashtra,Pune(Moshi) APMC,Tomato,2026-04-07,Local,63.2,700.0,1000.0,850.0
Maharashtra,Pune(Pimpri) APMC,Tomato,2026-04-07,Local,1.1,1300.0,1400.0,1350.0
Maharashtra,Rahuri APMC,Tomato,2026-04-07,Other,5.7,300.0,1000.0,650.0
Maharashtra,SHRI.SIDDHESHWAR  APMC,Tomato,2026-04-07,Other,24.9,200.0,1200.0,700.0
Maharashtra,Sangamner APMC,Tomato,2026-04-07,Other,15.0,250.0,1000.0,625.0
Maharashtra,Satara APMC,Tomato,2026-04-07,Other,6.8,1000.0,1500.0,1250.0
Maharashtra,Vadgaonpeth APMC,Tomato,2026-04-07,Local,8.5,1000.0,2500.0,2000.0
Maharashtra,Vai APMC,Tomato,2026-04-07,Local,12.0,500.0,1700.0,1100.0
Maharashtra,Akluj APMC,Tomato,2026-04-08,Local,2.5,1000.0,1500.0,1200.0
Maharashtra,Amrawati(Frui & Veg. Market) APMC,Tomato,2026-04-08,Local,35.9,800.0,1200.0,1000.0
Maharashtra,Bhusaval APMC,Tomato,2026-04-08,Other,6.1,500.0,1000.0,800.0
Maharashtra,Chandrapur(Ganjwad) APMC,Tomato,2026-04-08,Other,26.9,400.0,800.0,600.0
Maharashtra,Chattrapati Sambhajinagar APMC,Tomato,2026-04-08,Other,13.0,400.0,500.0,450.0
Maharashtra,HINGNA - APMC,Tomato,2026-04-08,Local,9.2,400.0,1100.0,806.0
Maharashtra,Jalgaon APMC,Tomato,2026-04-08,Other,10.8,500.0,700.0,600.0
Maharashtra,Junnar(Narayangaon) APMC,Tomato,2026-04-08,Local,268.0,500.0,1250.0,1000.0
Maharashtra,Kalmeshwar APMC,Tomato,2026-04-08,Other,1.5,610.0,1000.0,820.0
Maharashtra,Kamthi APMC,Tomato,2026-04-08,Local,5.3,810.0,1010.0,910.0
Maharashtra,Karad APMC,Tomato,2026-04-08,Other,3.0,1500.0,2000.0,2000.0
Maharashtra,Khed(Chakan) APMC,Tomato,2026-04-08,Other,28.7,800.0,1200.0,1000.0
Maharashtra,Kolhapur APMC,Tomato,2026-04-08,Other,18.9,500.0,1500.0,1000.0
Maharashtra,Mangal Wedha APMC,Tomato,2026-04-08,Local,5.2,200.0,1600.0,1100.0
Maharashtra,Mumbai APMC,Tomato,2026-04-08,Other,215.0,1000.0,1400.0,1200.0
Maharashtra,Nagpur APMC,Tomato,2026-04-08,Local,45.0,500.0,1000.0,950.0
Maharashtra,Nagpur APMC,Tomato,2026-04-08,Other,30.0,700.0,1000.0,925.0
Maharashtra,Nasik APMC,Tomato,2026-04-08,Other,171.5,250.0,1055.0,600.0
Maharashtra,Pandharpur APMC,Tomato,2026-04-08,Other,3.0,300.0,600.0,500.0
Maharashtra,Panvel APMC,Tomato,2026-04-08,Other,70.5,1500.0,2000.0,1750.0
Maharashtra,Patan APMC,Tomato,2026-04-08,Other,0.3,1500.0,2000.0,1750.0
Maharashtra,Phaltan APMC,Tomato,2026-04-08,Other,4.5,500.0,1500.0,1200.0
Maharashtra,Pimpalgaon Baswant APMC,Tomato,2026-04-08,Other,151.0,250.0,1255.0,655.0
Maharashtra,Pune APMC,Tomato,2026-04-08,Local,176.8,600.0,1300.0,950.0
Maharashtra,Pune(Khadiki) APMC,Tomato,2026-04-08,Local,1.5,700.0,1200.0,950.0
Maharashtra,Pune(Manjri) APMC,Tomato,2026-04-08,Other,39.7,1000.0,2500.0,1500.0
Maharashtra,Pune(Pimpri) APMC,Tomato,2026-04-08,Local,1.7,1300.0,1400.0,1350.0
Maharashtra,Rahata APMC,Tomato,2026-04-08,Other,1.2,500.0,600.0,550.0
Maharashtra,Rahuri APMC,Tomato,2026-04-08,Other,2.9,500.0,1000.0,750.0
Maharashtra,Ratnagiri (Nachane) APMC,Tomato,2026-04-08,Other,1.9,1200.0,1500.0,1300.0
Maharashtra,SHRI.SIDDHESHWAR  APMC,Tomato,2026-04-08,Other,17.2,200.0,900.0,600.0
Maharashtra,Sangamner APMC,Tomato,2026-04-08,Other,13.0,250.0,1000.0,625.0
Maharashtra,Satara APMC,Tomato,2026-04-08,Other,6.1,1000.0,1500.0,1200.0
Maharashtra,Shrirampur APMC,Tomato,2026-04-08,Other,3.6,800.0,1000.0,900.0
Maharashtra,Vadgaonpeth APMC,Tomato,2026-04-08,Local,5.3,1000.0,2000.0,1400.0
Maharashtra,AGRICULTURE PRODUCE MARKET COMITEE CHANDWAD,Tomato,2026-04-09,Local,2.5,150.0,1000.0,625.0
Maharashtra,Ahilyanagar APMC,Tomato,2026-04-09,Other,15.0,500.0,1200.0,850.0
Maharashtra,Akluj APMC,Tomato,2026-04-09,Local,2.5,800.0,1500.0,1000.0
Maharashtra,Bhusaval APMC,Tomato,2026-04-09,Other,1.4,900.0,1500.0,1300.0
Maharashtra,Chandrapur(Ganjwad) APMC,Tomato,2026-04-09,Other,26.5,400.0,600.0,500.0
Maharashtra,Chattrapati Sambhajinagar APMC,Tomato,2026-04-09,Other,15.7,500.0,600.0,550.0
Maharashtra,HINGNA - APMC,Tomato,2026-04-09,Local,6.7,250.0,1250.0,740.0
Maharashtra,Islampur APMC,Tomato,2026-04-09,Other,2.9,1000.0,1500.0,1250.0
Maharashtra,Jalgaon APMC,Tomato,2026-04-09,Other,13.0,400.0,800.0,500.0
Maharashtra,Junnar(Narayangaon) APMC,Tomato,2026-04-09,Local,266.5,500.0,1250.0,1000.0
Maharashtra,Kalmeshwar APMC,Tomato,2026-04-09,Other,1.1,815.0,1200.0,1005.0
Maharashtra,Kalyan APMC,Tomato,2026-04-09,Other,0.3,400.0,500.0,450.0
Maharashtra,Kamthi APMC,Tomato,2026-04-09,Local,2.2,810.0,1010.0,910.0
Maharashtra,Karad APMC,Tomato,2026-04-09,Other,1.5,1000.0,1500.0,1500.0
Maharashtra,Khed(Chakan) APMC,Tomato,2026-04-09,Other,29.3,1000.0,1500.0,1200.0
Maharashtra,Kolhapur APMC,Tomato,2026-04-09,Other,19.9,500.0,1500.0,1000.0
Maharashtra,Manchar APMC,Tomato,2026-04-09,Other,0.3,1150.0,2500.0,1830.0
Maharashtra,Mangal Wedha APMC,Tomato,2026-04-09,Local,6.2,200.0,1200.0,1000.0
Maharashtra,Mumbai APMC,Tomato,2026-04-09,Other,169.8,1000.0,1400.0,1200.0
Maharashtra,Nagpur APMC,Tomato,2026-04-09,Local,70.0,600.0,1300.0,1125.0
Maharashtra,Nagpur APMC,Tomato,2026-04-09,Other,30.0,1000.0,1300.0,1225.0
Maharashtra,Pandharpur APMC,Tomato,2026-04-09,Other,3.1,100.0,600.0,350.0
Maharashtra,Panvel APMC,Tomato,2026-04-09,Other,74.5,1500.0,2000.0,1750.0
Maharashtra,Phaltan APMC,Tomato,2026-04-09,Other,4.5,500.0,1500.0,1285.0
Maharashtra,Pimpalgaon Baswant APMC,Tomato,2026-04-09,Other,90.0,250.0,1205.0,605.0
Maharashtra,Pune APMC,Tomato,2026-04-09,Local,176.9,600.0,1500.0,1050.0
Maharashtra,Pune(Khadiki) APMC,Tomato,2026-04-09,Local,1.1,700.0,1200.0,950.0
Maharashtra,Pune(Manjri) APMC,Tomato,2026-04-09,Other,40.9,1000.0,2000.0,1500.0
Maharashtra,Pune(Moshi) APMC,Tomato,2026-04-09,Local,69.9,500.0,1000.0,750.0
Maharashtra,Pune(Pimpri) APMC,Tomato,2026-04-09,Local,0.8,1200.0,1400.0,1300.0
Maharashtra,Rahata APMC,Tomato,2026-04-09,Other,8.0,250.0,1050.0,650.0
Maharashtra,Rahuri APMC,Tomato,2026-04-09,Other,7.6,500.0,1000.0,750.0
Maharashtra,Ramtek APMC,Tomato,2026-04-09,Other,4.9,600.0,800.0,700.0
Maharashtra,Ratnagiri (Nachane) APMC,Tomato,2026-04-09,Other,1.9,1400.0,1600.0,1500.0
Maharashtra,SHRI.SIDDHESHWAR  APMC,Tomato,2026-04-09,Other,18.5,200.0,800.0,500.0
Maharashtra,Sangamner APMC,Tomato,2026-04-09,Other,15.0,250.0,1000.0,625.0
Maharashtra,Satara APMC,Tomato,2026-04-09,Other,11.4,1000.0,1200.0,1100.0
Maharashtra,Shrirampur APMC,Tomato,2026-04-09,Other,2.8,800.0,1000.0,900.0
Maharashtra,Vadgaonpeth APMC,Tomato,2026-04-09,Local,5.5,1000.0,2500.0,1600.0
Maharashtra,Vita APMC,Tomato,2026-04-09,Other,6.0,1000.0,1200.0,1150.0
Maharashtra,Ahilyanagar APMC,Tomato,2026-04-10,Other,13.0,500.0,1300.0,900.0
Maharashtra,Akluj APMC,Tomato,2026-04-10,Local,2.6,500.0,1500.0,1000.0
Maharashtra,Amrawati(Frui & Veg. Market) APMC,Tomato,2026-04-10,Local,27.8,1400.0,1600.0,1500.0
Maharashtra,Bhusaval APMC,Tomato,2026-04-10,Other,3.0,800.0,1200.0,1000.0
Maharashtra,Chandrapur(Ganjwad) APMC,Tomato,2026-04-10,Other,28.2,400.0,800.0,600.0
Maharashtra,HINGNA - APMC,Tomato,2026-04-10,Local,7.3,250.0,1500.0,717.0
Maharashtra,Islampur APMC,Tomato,2026-04-10,Other,3.3,1000.0,1500.0,1250.0
Maharashtra,Jalgaon APMC,Tomato,2026-04-10,Other,12.0,500.0,700.0,600.0
Maharashtra,Junnar(Narayangaon) APMC,Tomato,2026-04-10,Local,310.0,500.0,1250.0,1000.0
Maharashtra,Kalmeshwar APMC,Tomato,2026-04-10,Other,1.7,810.0,1200.0,1020.0
Maharashtra,Kamthi APMC,Tomato,2026-04-10,Local,6.4,810.0,1010.0,910.0
Maharashtra,Khed(Chakan) APMC,Tomato,2026-04-10,Other,20.8,800.0,1400.0,1200.0
Maharashtra,Mangal Wedha APMC,Tomato,2026-04-10,Local,4.4,200.0,1300.0,1000.0
Maharashtra,Mumbai APMC,Tomato,2026-04-10,Other,186.9,1000.0,1400.0,1200.0
Maharashtra,Nasik APMC,Tomato,2026-04-10,Other,156.1,300.0,1025.0,550.0
Maharashtra,Palus APMC,Tomato,2026-04-10,Other,1.4,1000.0,1400.0,1200.0
Maharashtra,Pandharpur APMC,Tomato,2026-04-10,Other,3.2,200.0,500.0,300.0
Maharashtra,Panvel APMC,Tomato,2026-04-10,Other,79.5,1500.0,2000.0,1750.0
Maharashtra,Patan APMC,Tomato,2026-04-10,Other,0.7,1500.0,2000.0,1750.0
Maharashtra,Phaltan APMC,Tomato,2026-04-10,Other,4.5,500.0,1500.0,1015.0
Maharashtra,Pimpalgaon Baswant APMC,Tomato,2026-04-10,Other,92.9,250.0,1255.0,655.0
Maharashtra,Pune APMC,Tomato,2026-04-10,Local,216.0,600.0,1400.0,1000.0
Maharashtra,Pune(Khadiki) APMC,Tomato,2026-04-10,Local,1.4,700.0,1100.0,900.0
Maharashtra,Pune(Manjri) APMC,Tomato,2026-04-10,Other,46.6,1000.0,2200.0,1500.0
Maharashtra,Pune(Pimpri) APMC,Tomato,2026-04-10,Local,0.3,800.0,1400.0,1100.0
Maharashtra,Rahata APMC,Tomato,2026-04-10,Other,1.9,500.0,1000.0,750.0
Maharashtra,Rahuri APMC,Tomato,2026-04-10,Other,0.9,500.0,1000.0,750.0
Maharashtra,Ratnagiri (Nachane) APMC,Tomato,2026-04-10,Other,2.5,1400.0,1600.0,1500.0
Maharashtra,SHRI.SIDDHESHWAR  APMC,Tomato,2026-04-10,Other,19.6,200.0,1000.0,600.0
Maharashtra,Sangamner APMC,Tomato,2026-04-10,Other,24.0,250.0,1000.0,625.0
Maharashtra,Shrirampur APMC,Tomato,2026-04-10,Other,3.7,500.0,1000.0,750.0
Maharashtra,Vadgaonpeth APMC,Tomato,2026-04-10,Local,5.3,900.0,2000.0,1400.0
Maharashtra,Vai APMC,Tomato,2026-04-10,Local,12.0,500.0,1500.0,1000.0
Maharashtra,Vita APMC,Tomato,2026-04-10,Other,12.0,700.0,1200.0,950.0
Maharashtra,Akluj APMC,Tomato,2026-04-11,Local,2.3,1000.0,1500.0,1300.0
Maharashtra,Amrawati(Frui & Veg. Market) APMC,Tomato,2026-04-11,Local,24.9,1400.0,1600.0,1500.0
Maharashtra,Bhusaval APMC,Tomato,2026-04-11,Other,3.9,800.0,1200.0,1000.0
Maharashtra,Chandrapur(Ganjwad) APMC,Tomato,2026-04-11,Other,33.0,400.0,800.0,600.0
Maharashtra,Chattrapati Sambhajinagar APMC,Tomato,2026-04-11,Other,7.4,500.0,1300.0,900.0
Maharashtra,HINGNA - APMC,Tomato,2026-04-11,Local,8.0,350.0,2000.0,994.0
Maharashtra,Jalgaon APMC,Tomato,2026-04-11,Other,15.0,500.0,1000.0,700.0
Maharashtra,Junnar(Narayangaon) APMC,Tomato,2026-04-11,Local,282.5,750.0,1500.0,1000.0
Maharashtra,Kalmeshwar APMC,Tomato,2026-04-11,Other,1.4,815.0,1200.0,1005.0
Maharashtra,Kamthi APMC,Tomato,2026-04-11,Local,1.1,640.0,840.0,740.0
Maharashtra,Karad APMC,Tomato,2026-04-11,Other,1.8,1000.0,1300.0,1300.0
Maharashtra,Khed(Chakan) APMC,Tomato,2026-04-11,Other,33.0,800.0,1300.0,1000.0
Maharashtra,Kolhapur APMC,Tomato,2026-04-11,Other,26.6,500.0,1500.0,1000.0
Maharashtra,Mangal Wedha APMC,Tomato,2026-04-11,Local,5.2,200.0,1500.0,1000.0
Maharashtra,Mumbai APMC,Tomato,2026-04-11,Other,253.7,1000.0,1500.0,1250.0
Maharashtra,Nagpur APMC,Tomato,2026-04-11,Local,60.0,800.0,1700.0,1475.0
Maharashtra,Nagpur APMC,Tomato,2026-04-11,Other,50.0,1000.0,1500.0,1325.0
Maharashtra,Pandharpur APMC,Tomato,2026-04-11,Other,3.0,100.0,500.0,300.0
Maharashtra,Panvel APMC,Tomato,2026-04-11,Other,94.0,1500.0,2000.0,1750.0
Maharashtra,Patan APMC,Tomato,2026-04-11,Other,0.7,1500.0,2000.0,1750.0
Maharashtra,Phaltan APMC,Tomato,2026-04-11,Other,3.7,500.0,1250.0,890.0
Maharashtra,Pune(Khadiki) APMC,Tomato,2026-04-11,Local,1.2,700.0,1200.0,950.0
Maharashtra,Pune(Manjri) APMC,Tomato,2026-04-11,Other,47.7,1000.0,2000.0,1500.0
Maharashtra,Pune(Moshi) APMC,Tomato,2026-04-11,Local,55.1,800.0,1000.0,900.0
Maharashtra,Pune(Pimpri) APMC,Tomato,2026-04-11,Local,1.8,1200.0,1400.0,1300.0
Maharashtra,Rahata APMC,Tomato,2026-04-11,Other,4.3,500.0,1000.0,750.0
Maharashtra,Rahuri APMC,Tomato,2026-04-11,Other,3.2,500.0,1000.0,750.0
Maharashtra,Ramtek APMC,Tomato,2026-04-11,Other,1.9,600.0,1000.0,800.0
Maharashtra,SHRI.SIDDHESHWAR  APMC,Tomato,2026-04-11,Other,18.8,200.0,1200.0,700.0
Maharashtra,Satara APMC,Tomato,2026-04-11,Other,8.6,1000.0,1200.0,1100.0
Maharashtra,Shrirampur APMC,Tomato,2026-04-11,Other,2.9,800.0,1000.0,900.0
Maharashtra,Vadgaonpeth APMC,Tomato,2026-04-11,Local,6.7,1000.0,1500.0,1250.0
Maharashtra,Vai APMC,Tomato,2026-04-11,Local,11.0,1000.0,2400.0,1700.0
Maharashtra,Vita APMC,Tomato,2026-04-11,Other,4.0,500.0,1300.0,1000.0
Maharashtra,Ahilyanagar APMC,Tomato,2026-04-12,Other,11.9,1000.0,1200.0,1100.0
Maharashtra,Akluj APMC,Tomato,2026-04-12,Local,2.5,700.0,1600.0,1200.0
Maharashtra,Amrawati(Frui & Veg. Market) APMC,Tomato,2026-04-12,Local,30.8,1200.0,1600.0,1400.0
Maharashtra,Bhusaval APMC,Tomato,2026-04-12,Other,5.3,1000.0,1500.0,1200.0
Maharashtra,Chattrapati Sambhajinagar APMC,Tomato,2026-04-12,Other,13.7,500.0,900.0,700.0
Maharashtra,Islampur APMC,Tomato,2026-04-12,Other,4.7,1000.0,1500.0,1250.0
Maharashtra,Junnar(Narayangaon) APMC,Tomato,2026-04-12,Local,246.7,750.0,1500.0,1000.0
Maharashtra,Kalmeshwar APMC,Tomato,2026-04-12,Other,1.7,810.0,1200.0,1030.0
Maharashtra,Kamthi APMC,Tomato,2026-04-12,Local,4.4,810.0,1020.0,915.0
Maharashtra,Karad APMC,Tomato,2026-04-12,Other,3.0,1000.0,1500.0,1500.0
Maharashtra,Khed(Chakan) APMC,Tomato,2026-04-12,Other,34.6,1000.0,1500.0,1200.0
Maharashtra,Kolhapur APMC,Tomato,2026-04-12,Other,19.7,1000.0,2000.0,1500.0
Maharashtra,Mangal Wedha APMC,Tomato,2026-04-12,Local,2.9,300.0,1800.0,1200.0
Maharashtra,Nagpur APMC,Tomato,2026-04-12,Local,40.0,1200.0,2000.0,1800.0
Maharashtra,Nasik APMC,Tomato,2026-04-12,Other,151.2,300.0,1255.0,650.0
Maharashtra,Palus APMC,Tomato,2026-04-12,Other,0.9,1000.0,1400.0,1200.0
Maharashtra,Panvel APMC,Tomato,2026-04-12,Other,63.5,2000.0,25000.0,2250.0
Maharashtra,Phaltan APMC,Tomato,2026-04-12,Other,8.2,500.0,1750.0,1092.0
Maharashtra,Pimpalgaon Baswant APMC,Tomato,2026-04-12,Other,57.3,250.0,1755.0,1105.0
Maharashtra,Pune APMC,Tomato,2026-04-12,Local,262.9,600.0,1800.0,1200.0
Maharashtra,Pune(Manjri) APMC,Tomato,2026-04-12,Other,39.0,1500.0,2500.0,2000.0
Maharashtra,Pune(Moshi) APMC,Tomato,2026-04-12,Local,61.9,500.0,1000.0,750.0
Maharashtra,Pune(Pimpri) APMC,Tomato,2026-04-12,Local,2.4,1200.0,1400.0,1300.0
Maharashtra,Rahata APMC,Tomato,2026-04-12,Other,4.7,500.0,1000.0,800.0
Maharashtra,Rahuri APMC,Tomato,2026-04-12,Other,4.7,1000.0,1500.0,1250.0
Maharashtra,Ramtek APMC,Tomato,2026-04-12,Other,2.9,800.0,1000.0,900.0
Maharashtra,Sangamner APMC,Tomato,2026-04-12,Other,15.0,250.0,1500.0,875.0
Maharashtra,Satara APMC,Tomato,2026-04-12,Other,5.6,1000.0,1200.0,1100.0
Maharashtra,Shrirampur APMC,Tomato,2026-04-12,Other,3.5,800.0,1000.0,900.0
Maharashtra,Vadgaonpeth APMC,Tomato,2026-04-12,Local,5.0,1000.0,2000.0,1400.0
Maharashtra,Vita APMC,Tomato,2026-04-12,Other,6.0,500.0,1000.0,850.0
Maharashtra,Akluj APMC,Tomato,2026-04-13,Local,2.8,1000.0,1600.0,1200.0
Maharashtra,Amrawati(Frui & Veg. Market) APMC,Tomato,2026-04-13,Local,36.7,1000.0,1500.0,1250.0
Maharashtra,Chattrapati Sambhajinagar APMC,Tomato,2026-04-13,Other,14.0,400.0,700.0,550.0
Maharashtra,HINGNA - APMC,Tomato,2026-04-13,Local,15.3,400.0,1900.0,1194.0
Maharashtra,Jalgaon APMC,Tomato,2026-04-13,Other,7.5,500.0,1000.0,700.0
Maharashtra,Junnar(Narayangaon) APMC,Tomato,2026-04-13,Local,257.5,750.0,1500.0,1000.0
Maharashtra,Kamthi APMC,Tomato,2026-04-13,Local,5.4,810.0,1010.0,910.0
Maharashtra,Karad APMC,Tomato,2026-04-13,Other,3.9,1000.0,1200.0,1200.0
Maharashtra,Kolhapur APMC,Tomato,2026-04-13,Other,24.1,500.0,1500.0,1000.0
Maharashtra,Mangal Wedha APMC,Tomato,2026-04-13,Local,7.1,300.0,1800.0,1200.0
Maharashtra,Mumbai APMC,Tomato,2026-04-13,Other,138.2,1400.0,1800.0,1600.0
Maharashtra,Nagpur APMC,Tomato,2026-04-13,Local,70.0,500.0,2000.0,1875.0
Maharashtra,Nasik APMC,Tomato,2026-04-13,Other,149.4,350.0,1750.0,900.0
Maharashtra,Pandharpur APMC,Tomato,2026-04-13,Other,2.5,200.0,600.0,400.0
Maharashtra,Panvel APMC,Tomato,2026-04-13,Other,63.5,2000.0,2500.0,2250.0
Maharashtra,Patan APMC,Tomato,2026-04-13,Other,0.9,1500.0,2000.0,1750.0
Maharashtra,Pimpalgaon Baswant APMC,Tomato,2026-04-13,Other,238.2,250.0,1855.0,1255.0
Maharashtra,Pune APMC,Tomato,2026-04-13,Local,168.6,600.0,2000.0,1300.0
Maharashtra,Pune(Khadiki) APMC,Tomato,2026-04-13,Local,1.4,700.0,1100.0,900.0
Maharashtra,Pune(Manjri) APMC,Tomato,2026-04-13,Other,34.9,1500.0,3500.0,2500.0
Maharashtra,Pune(Moshi) APMC,Tomato,2026-04-13,Local,70.4,700.0,1000.0,850.0
Maharashtra,Pune(Pimpri) APMC,Tomato,2026-04-13,Local,0.5,1200.0,1200.0,1200.0
Maharashtra,Rahuri APMC,Tomato,2026-04-13,Other,4.2,500.0,1100.0,800.0
Maharashtra,Ratnagiri (Nachane) APMC,Tomato,2026-04-13,Other,1.9,1500.0,1700.0,1600.0
Maharashtra,SHRI.SIDDHESHWAR  APMC,Tomato,2026-04-13,Other,13.3,300.0,1000.0,700.0
Maharashtra,Satara APMC,Tomato,2026-04-13,Other,27.0,1000.0,1500.0,1250.0
Maharashtra,Shrirampur APMC,Tomato,2026-04-13,Other,3.7,500.0,1000.0,750.0
Maharashtra,Vai APMC,Tomato,2026-04-13,Local,12.0,1000.0,2400.0,1800.0
Maharashtra,Vita APMC,Tomato,2026-04-13,Other,10.0,1000.0,1500.0,1350.0
Maharashtra,Ahilyanagar APMC,Tomato,2026-04-14,Other,9.4,1000.0,1200.0,1100.0
Maharashtra,Amrawati(Frui & Veg. Market) APMC,Tomato,2026-04-14,Local,34.7,1200.0,1400.0,1300.0
Maharashtra,Bhusaval APMC,Tomato,2026-04-14,Other,3.4,1000.0,1500.0,1200.0
Maharashtra,Chattrapati Sambhajinagar APMC,Tomato,2026-04-14,Other,13.0,500.0,1000.0,750.0
Maharashtra,HINGNA - APMC,Tomato,2026-04-14,Local,6.8,500.0,2000.0,1224.0
Maharashtra,Islampur APMC,Tomato,2026-04-14,Other,6.4,1000.0,2500.0,1750.0
Maharashtra,Junnar(Narayangaon) APMC,Tomato,2026-04-14,Local,261.5,500.0,1250.0,1000.0
Maharashtra,Kalmeshwar APMC,Tomato,2026-04-14,Other,1.4,815.0,1200.0,1025.0
Maharashtra,Kamthi APMC,Tomato,2026-04-14,Local,2.1,1020.0,1520.0,1270.0
Maharashtra,Karad APMC,Tomato,2026-04-14,Other,7.8,1000.0,1500.0,1500.0
Maharashtra,Khed(Chakan) APMC,Tomato,2026-04-14,Other,29.4,1000.0,1500.0,1200.0
Maharashtra,Kolhapur APMC,Tomato,2026-04-14,Other,23.6,500.0,1500.0,1000.0
Maharashtra,Mumbai APMC,Tomato,2026-04-14,Other,172.1,1600.0,2000.0,1800.0
Maharashtra,Nagpur APMC,Tomato,2026-04-14,Local,50.0,1000.0,1700.0,1550.0
Maharashtra,Nagpur APMC,Tomato,2026-04-14,Other,50.0,1000.0,1500.0,1325.0
Maharashtra,Nasik APMC,Tomato,2026-04-14,Other,141.1,350.0,2000.0,1100.0
Maharashtra,Palus APMC,Tomato,2026-04-14,Other,1.2,1000.0,1200.0,1100.0
Maharashtra,Panvel APMC,Tomato,2026-04-14,Other,69.0,2500.0,3000.0,2750.0
Maharashtra,Patan APMC,Tomato,2026-04-14,Other,0.7,1500.0,2000.0,1750.0
Maharashtra,Phaltan APMC,Tomato,2026-04-14,Other,6.0,500.0,2000.0,1040.0
Maharashtra,Pimpalgaon Baswant APMC,Tomato,2026-04-14,Other,91.3,250.0,2255.0,1605.0
Maharashtra,Pune APMC,Tomato,2026-04-14,Local,215.6,800.0,1800.0,1100.0
Maharashtra,Pune(Khadiki) APMC,Tomato,2026-04-14,Local,1.1,700.0,1200.0,950.0
Maharashtra,Pune(Manjri) APMC,Tomato,2026-04-14,Other,40.5,1000.0,3000.0,1800.0
Maharashtra,Pune(Pimpri) APMC,Tomato,2026-04-14,Local,0.4,1200.0,1300.0,1250.0
Maharashtra,Rahata APMC,Tomato,2026-04-14,Other,8.5,250.0,1000.0,600.0
Maharashtra,Rahuri APMC,Tomato,2026-04-14,Other,4.3,500.0,1300.0,900.0
Maharashtra,Ramtek APMC,Tomato,2026-04-14,Other,1.8,800.0,1000.0,900.0
Maharashtra,Sangamner APMC,Tomato,2026-04-14,Other,23.0,500.0,1500.0,1000.0
Maharashtra,Satara APMC,Tomato,2026-04-14,Other,8.0,1000.0,1200.0,1100.0
Maharashtra,Vita APMC,Tomato,2026-04-14,Other,8.0,800.0,1500.0,1300.0
Maharashtra,AGRICULTURE PRODUCE MARKET COMITEE CHANDWAD,Tomato,2026-04-15,Local,3.5,250.0,1255.0,850.0
Maharashtra,Amrawati(Frui & Veg. Market) APMC,Tomato,2026-04-15,Local,31.6,1000.0,1400.0,1200.0
Maharashtra,Bhusaval APMC,Tomato,2026-04-15,Other,2.1,1000.0,1500.0,1200.0
Maharashtra,Chandrapur(Ganjwad) APMC,Tomato,2026-04-15,Other,27.5,400.0,800.0,600.0
Maharashtra,Chattrapati Sambhajinagar APMC,Tomato,2026-04-15,Other,14.5,500.0,1300.0,900.0
Maharashtra,HINGNA - APMC,Tomato,2026-04-15,Local,3.9,600.0,2250.0,1307.0
Maharashtra,Jalgaon APMC,Tomato,2026-04-15,Other,4.5,500.0,1250.0,700.0
Maharashtra,Junnar(Narayangaon) APMC,Tomato,2026-04-15,Local,307.5,1000.0,2000.0,1500.0
Maharashtra,Kalmeshwar APMC,Tomato,2026-04-15,Other,1.4,810.0,1200.0,1020.0
Maharashtra,Kamthi APMC,Tomato,2026-04-15,Local,4.4,1040.0,1540.0,1290.0
Maharashtra,Karad APMC,Tomato,2026-04-15,Other,3.9,1000.0,1500.0,1500.0
Maharashtra,Khed(Chakan) APMC,Tomato,2026-04-15,Other,25.6,1000.0,1500.0,1200.0
Maharashtra,Kolhapur APMC,Tomato,2026-04-15,Other,23.1,700.0,1300.0,1000.0
Maharashtra,Manchar APMC,Tomato,2026-04-15,Other,0.2,1000.0,3200.0,2120.0
Maharashtra,Mangal Wedha APMC,Tomato,2026-04-15,Local,8.1,200.0,1500.0,1100.0
Maharashtra,Mumbai APMC,Tomato,2026-04-15,Other,265.0,1600.0,2000.0,1800.0
Maharashtra,Nagpur APMC,Tomato,2026-04-15,Local,30.0,1000.0,1500.0,1325.0
Maharashtra,Nagpur APMC,Tomato,2026-04-15,Other,40.0,1000.0,2000.0,1875.0
Maharashtra,Nasik APMC,Tomato,2026-04-15,Other,133.0,350.0,2000.0,1100.0
Maharashtra,Pandharpur APMC,Tomato,2026-04-15,Other,2.8,100.0,500.0,350.0
Maharashtra,Patan APMC,Tomato,2026-04-15,Other,0.9,1500.0,2000.0,1750.0
Maharashtra,Phaltan APMC,Tomato,2026-04-15,Other,4.2,500.0,1750.0,1031.0
Maharashtra,Pimpalgaon Baswant APMC,Tomato,2026-04-15,Other,202.7,300.0,2205.0,1505.0
Maharashtra,Pune APMC,Tomato,2026-04-15,Local,166.5,800.0,1600.0,1200.0
Maharashtra,Pune(Manjri) APMC,Tomato,2026-04-15,Other,47.2,700.0,2000.0,1500.0
Maharashtra,Pune(Pimpri) APMC,Tomato,2026-04-15,Local,0.2,1300.0,1300.0,1300.0
Maharashtra,Rahuri APMC,Tomato,2026-04-15,Other,5.8,500.0,1200.0,850.0
Maharashtra,Ramtek APMC,Tomato,2026-04-15,Other,2.0,800.0,1000.0,900.0
Maharashtra,Ratnagiri (Nachane) APMC,Tomato,2026-04-15,Other,2.0,1400.0,1600.0,1500.0
Maharashtra,SHRI.SIDDHESHWAR  APMC,Tomato,2026-04-15,Other,23.9,300.0,1000.0,700.0
Maharashtra,Sangamner APMC,Tomato,2026-04-15,Other,18.0,500.0,1625.0,1063.0
Maharashtra,Satara APMC,Tomato,2026-04-15,Other,8.0,1000.0,1200.0,1100.0
Maharashtra,Shrirampur APMC,Tomato,2026-04-15,Other,3.6,500.0,1000.0,750.0
Maharashtra,Vadgaonpeth APMC,Tomato,2026-04-15,Local,6.0,1000.0,2100.0,1500.0
Maharashtra,Vai APMC,Tomato,2026-04-15,Local,10.0,1000.0,2500.0,2000.0
Maharashtra,AGRICULTURE PRODUCE MARKET COMITEE CHANDWAD,Tomato,2026-04-16,Local,3.0,500.0,1200.0,750.0
Maharashtra,Akluj APMC,Tomato,2026-04-16,Local,2.7,1000.0,1800.0,1500.0
Maharashtra,Bhusaval APMC,Tomato,2026-04-16,Other,3.5,1000.0,1500.0,1200.0
Maharashtra,Chandrapur(Ganjwad) APMC,Tomato,2026-04-16,Other,31.5,600.0,1000.0,800.0
Maharashtra,Chattrapati Sambhajinagar APMC,Tomato,2026-04-16,Other,11.5,400.0,1200.0,800.0
Maharashtra,Ghoti APMC,Tomato,2026-04-16,Other,89.0,1500.0,2500.0,1800.0
Maharashtra,HINGNA - APMC,Tomato,2026-04-16,Local,4.3,500.0,2000.0,1167.0
Maharashtra,Islampur APMC,Tomato,2026-04-16,Other,4.6,1000.0,2000.0,1550.0
Maharashtra,Jalgaon APMC,Tomato,2026-04-16,Other,6.5,500.0,1100.0,700.0
Maharashtra,Kalmeshwar APMC,Tomato,2026-04-16,Other,1.5,1020.0,1500.0,1340.0
Maharashtra,Kamthi APMC,Tomato,2026-04-16,Local,3.7,1040.0,1540.0,1290.0
Maharashtra,Karad APMC,Tomato,2026-04-16,Other,2.4,1000.0,1200.0,1200.0
Maharashtra,Khed(Chakan) APMC,Tomato,2026-04-16,Other,29.2,800.0,1400.0,1200.0
Maharashtra,Kolhapur APMC,Tomato,2026-04-16,Other,18.7,500.0,1500.0,1000.0
Maharashtra,Manchar APMC,Tomato,2026-04-16,Other,0.1,1200.0,2750.0,1975.0
Maharashtra,Mangal Wedha APMC,Tomato,2026-04-16,Local,7.2,200.0,1300.0,1000.0
Maharashtra,Mumbai APMC,Tomato,2026-04-16,Other,177.0,1600.0,2000.0,1800.0
Maharashtra,Nagpur APMC,Tomato,2026-04-16,Local,50.0,1500.0,2200.0,2025.0
Maharashtra,Nagpur APMC,Tomato,2026-04-16,Other,30.0,1500.0,2000.0,1875.0
Maharashtra,Nasik APMC,Tomato,2026-04-16,Other,160.7,300.0,1755.0,1000.0
Maharashtra,Palus APMC,Tomato,2026-04-16,Other,1.1,1200.0,1500.0,1300.0
Maharashtra,Pandharpur APMC,Tomato,2026-04-16,Other,2.7,100.0,600.0,300.0
Maharashtra,Panvel APMC,Tomato,2026-04-16,Other,91.0,2500.0,3000.0,2750.0
Maharashtra,Phaltan APMC,Tomato,2026-04-16,Other,3.5,500.0,1250.0,800.0
Maharashtra,Pimpalgaon Baswant APMC,Tomato,2026-04-16,Other,157.3,300.0,2405.0,1755.0
Maharashtra,Pune APMC,Tomato,2026-04-16,Local,185.9,800.0,1600.0,1200.0
Maharashtra,Pune(Khadiki) APMC,Tomato,2026-04-16,Local,1.1,700.0,1200.0,950.0
Maharashtra,Pune(Moshi) APMC,Tomato,2026-04-16,Local,64.3,800.0,1000.0,900.0
Maharashtra,Pune(Pimpri) APMC,Tomato,2026-04-16,Local,0.7,1400.0,1700.0,1550.0
Maharashtra,Rahata APMC,Tomato,2026-04-16,Other,6.7,300.0,1250.0,800.0
Maharashtra,Rahuri APMC,Tomato,2026-04-16,Other,6.9,800.0,1300.0,1050.0
Maharashtra,Ratnagiri (Nachane) APMC,Tomato,2026-04-16,Other,1.9,1400.0,1600.0,1500.0
Maharashtra,SHRI.SIDDHESHWAR  APMC,Tomato,2026-04-16,Other,18.9,300.0,1200.0,700.0
Maharashtra,Sangamner APMC,Tomato,2026-04-16,Other,25.0,500.0,1500.0,1000.0
Maharashtra,Satara APMC,Tomato,2026-04-16,Other,9.1,1000.0,1500.0,1250.0
Maharashtra,Shrirampur APMC,Tomato,2026-04-16,Other,2.6,500.0,1000.0,750.0
Maharashtra,Vadgaonpeth APMC,Tomato,2026-04-16,Local,11.0,1000.0,1500.0,1200.0
Maharashtra,Vita APMC,Tomato,2026-04-16,Other,10.0,1000.0,1500.0,1200.0
Maharashtra,Akluj APMC,Tomato,2026-04-17,Local,2.5,1000.0,1700.0,1500.0
Maharashtra,Amrawati(Frui & Veg. Market) APMC,Tomato,2026-04-17,Local,34.6,1000.0,1400.0,1200.0
Maharashtra,Bhusaval APMC,Tomato,2026-04-17,Other,1.6,1000.0,1500.0,1200.0
Maharashtra,Chandrapur(Ganjwad) APMC,Tomato,2026-04-17,Other,28.7,800.0,1200.0,1000.0
Maharashtra,HINGNA - APMC,Tomato,2026-04-17,Local,5.7,500.0,2250.0,1447.0
Maharashtra,Islampur APMC,Tomato,2026-04-17,Other,6.7,1000.0,2000.0,1500.0
Maharashtra,Jalgaon APMC,Tomato,2026-04-17,Other,15.0,500.0,1000.0,700.0
Maharashtra,Junnar(Narayangaon) APMC,Tomato,2026-04-17,Local,232.0,1250.0,2750.0,2000.0
Maharashtra,Kalmeshwar APMC,Tomato,2026-04-17,Other,1.5,1015.0,1500.0,1305.0
Maharashtra,Kalyan APMC,Tomato,2026-04-17,Other,0.3,1500.0,2000.0,1750.0
Maharashtra,Kamthi APMC,Tomato,2026-04-17,Local,2.3,1520.0,2020.0,1770.0
Maharashtra,Khed(Chakan) APMC,Tomato,2026-04-17,Other,24.8,1000.0,1500.0,1200.0
Maharashtra,Mangal Wedha APMC,Tomato,2026-04-17,Local,4.8,200.0,1500.0,1100.0
Maharashtra,Mumbai APMC,Tomato,2026-04-17,Other,150.0,1600.0,2000.0,1800.0
Maharashtra,Nasik APMC,Tomato,2026-04-17,Other,149.7,300.0,1850.0,1050.0
Maharashtra,Pandharpur APMC,Tomato,2026-04-17,Other,2.7,100.0,550.0,350.0
Maharashtra,Panvel APMC,Tomato,2026-04-17,Other,64.5,3000.0,3500.0,3250.0
Maharashtra,Patan APMC,Tomato,2026-04-17,Other,0.7,1500.0,2000.0,1750.0
Maharashtra,Pimpalgaon Baswant APMC,Tomato,2026-04-17,Other,258.3,300.0,2455.0,1855.0
Maharashtra,Pune APMC,Tomato,2026-04-17,Local,193.4,600.0,2000.0,1300.0
Maharashtra,Pune(Khadiki) APMC,Tomato,2026-04-17,Local,1.4,700.0,1300.0,1000.0
Maharashtra,Pune(Manjri) APMC,Tomato,2026-04-17,Other,47.1,1500.0,3000.0,2000.0
Maharashtra,Pune(Moshi) APMC,Tomato,2026-04-17,Local,48.2,500.0,1000.0,750.0
Maharashtra,Pune(Pimpri) APMC,Tomato,2026-04-17,Local,0.3,1400.0,1600.0,1500.0
Maharashtra,Rahata APMC,Tomato,2026-04-17,Other,2.4,500.0,1250.0,875.0
Maharashtra,Ratnagiri (Nachane) APMC,Tomato,2026-04-17,Other,1.8,1500.0,1800.0,1600.0
Maharashtra,SHRI.SIDDHESHWAR  APMC,Tomato,2026-04-17,Other,19.8,200.0,1000.0,600.0
Maharashtra,Sangamner APMC,Tomato,2026-04-17,Other,30.0,500.0,2000.0,1250.0
Maharashtra,Shrirampur APMC,Tomato,2026-04-17,Other,3.7,500.0,1000.0,750.0
Maharashtra,Vadgaonpeth APMC,Tomato,2026-04-17,Local,5.0,900.0,1800.0,1200.0
Maharashtra,Vai APMC,Tomato,2026-04-17,Local,12.0,500.0,1700.0,1200.0
Maharashtra,Vita APMC,Tomato,2026-04-17,Other,8.0,1200.0,1700.0,1500.0
Maharashtra,Ahilyanagar APMC,Tomato,2026-04-18,Other,10.0,1200.0,1500.0,1350.0
Maharashtra,Akluj APMC,Tomato,2026-04-18,Local,2.3,1000.0,1600.0,1300.0
Maharashtra,Amrawati(Frui & Veg. Market) APMC,Tomato,2026-04-18,Local,36.9,1000.0,1500.0,1250.0
Maharashtra,Bhusaval APMC,Tomato,2026-04-18,Other,3.2,1000.0,1500.0,1200.0
Maharashtra,Chandrapur(Ganjwad) APMC,Tomato,2026-04-18,Other,35.2,800.0,1200.0,1000.0
Maharashtra,Chattrapati Sambhajinagar APMC,Tomato,2026-04-18,Other,14.0,500.0,1000.0,750.0
Maharashtra,HINGNA - APMC,Tomato,2026-04-18,Local,9.4,350.0,3150.0,1408.0
Maharashtra,Jalgaon APMC,Tomato,2026-04-18,Other,9.0,700.0,1500.0,1000.0
Maharashtra,Junnar(Narayangaon) APMC,Tomato,2026-04-18,Local,332.5,1250.0,2750.0,2000.0
Maharashtra,Kalmeshwar APMC,Tomato,2026-04-18,Other,1.3,1010.0,1500.0,1320.0
Maharashtra,Kamthi APMC,Tomato,2026-04-18,Local,2.7,1520.0,2020.0,1770.0
Maharashtra,Khed(Chakan) APMC,Tomato,2026-04-18,Other,29.3,1000.0,1600.0,1200.0
Maharashtra,Kolhapur APMC,Tomato,2026-04-18,Other,29.7,500.0,1500.0,1000.0
Maharashtra,Mangal Wedha APMC,Tomato,2026-04-18,Local,6.4,200.0,1300.0,1000.0
Maharashtra,Mumbai APMC,Tomato,2026-04-18,Other,150.7,2000.0,2500.0,2250.0
Maharashtra,Nagpur APMC,Tomato,2026-04-18,Other,50.0,1500.0,2000.0,1875.0
Maharashtra,Pandharpur APMC,Tomato,2026-04-18,Other,2.8,100.0,600.0,300.0
Maharashtra,Panvel APMC,Tomato,2026-04-18,Other,70.0,3000.0,3500.0,3250.0
Maharashtra,Patan APMC,Tomato,2026-04-18,Other,0.9,1500.0,2000.0,1750.0
Maharashtra,Pune(Khadiki) APMC,Tomato,2026-04-18,Local,1.3,700.0,1200.0,950.0
Maharashtra,Pune(Manjri) APMC,Tomato,2026-04-18,Other,63.0,1500.0,2200.0,1800.0
Maharashtra,Pune(Moshi) APMC,Tomato,2026-04-18,Local,55.9,800.0,1000.0,900.0
Maharashtra,Pune(Pimpri) APMC,Tomato,2026-04-18,Local,1.3,1200.0,1400.0,1300.0
Maharashtra,Rahuri APMC,Tomato,2026-04-18,Other,3.2,500.0,1000.0,750.0
Maharashtra,SHRI.SIDDHESHWAR  APMC,Tomato,2026-04-18,Other,15.3,300.0,1200.0,800.0
Maharashtra,Sangamner APMC,Tomato,2026-04-18,Other,35.0,500.0,2000.0,1225.0
Maharashtra,Satara APMC,Tomato,2026-04-18,Other,9.8,1000.0,1200.0,1100.0
Maharashtra,Vadgaonpeth APMC,Tomato,2026-04-18,Local,8.0,1000.0,2000.0,1500.0
Maharashtra,Vita APMC,Tomato,2026-04-18,Other,10.0,1000.0,1500.0,1250.0
Maharashtra,Akluj APMC,Tomato,2026-04-19,Local,2.0,1000.0,1500.0,1200.0
Maharashtra,Amrawati(Frui & Veg. Market) APMC,Tomato,2026-04-19,Local,24.0,1000.0,1400.0,1200.0
Maharashtra,Bhusaval APMC,Tomato,2026-04-19,Other,2.3,1000.0,1500.0,1200.0
Maharashtra,Chattrapati Sambhajinagar APMC,Tomato,2026-04-19,Other,13.0,500.0,1000.0,750.0
Maharashtra,Islampur APMC,Tomato,2026-04-19,Other,5.5,1000.0,1500.0,1250.0
Maharashtra,Kalmeshwar APMC,Tomato,2026-04-19,Other,1.4,1020.0,1500.0,1310.0
Maharashtra,Kamthi APMC,Tomato,2026-04-19,Local,5.1,2060.0,2560.0,2310.0
Maharashtra,Karad APMC,Tomato,2026-04-19,Other,7.8,1000.0,1500.0,1500.0
Maharashtra,Khed(Chakan) APMC,Tomato,2026-04-19,Other,27.0,1000.0,2000.0,1500.0
Maharashtra,Kolhapur APMC,Tomato,2026-04-19,Other,23.6,1000.0,2000.0,1500.0
Maharashtra,Manchar APMC,Tomato,2026-04-19,Other,0.3,1500.0,3700.0,2575.0
Maharashtra,Mangal Wedha APMC,Tomato,2026-04-19,Local,5.6,200.0,1500.0,1000.0
Maharashtra,Palus APMC,Tomato,2026-04-19,Other,0.9,1000.0,1500.0,1200.0
Maharashtra,Panvel APMC,Tomato,2026-04-19,Other,55.5,3500.0,4000.0,3750.0
Maharashtra,Phaltan APMC,Tomato,2026-04-19,Other,5.0,500.0,1500.0,970.0
Maharashtra,Pimpalgaon Baswant APMC,Tomato,2026-04-19,Other,131.1,400.0,2455.0,1855.0
Maharashtra,Pune APMC,Tomato,2026-04-19,Local,326.0,600.0,2000.0,1300.0
Maharashtra,Pune(Khadiki) APMC,Tomato,2026-04-19,Local,1.2,700.0,1200.0,950.0
Maharashtra,Pune(Manjri) APMC,Tomato,2026-04-19,Other,46.5,1500.0,3000.0,2000.0
Maharashtra,Pune(Moshi) APMC,Tomato,2026-04-19,Local,80.0,700.0,1000.0,850.0
Maharashtra,Pune(Pimpri) APMC,Tomato,2026-04-19,Local,3.0,1200.0,1900.0,1550.0
Maharashtra,Rahata APMC,Tomato,2026-04-19,Other,8.3,300.0,1500.0,900.0
Maharashtra,Rahuri APMC,Tomato,2026-04-19,Other,5.1,500.0,1500.0,1000.0
Maharashtra,Sangamner APMC,Tomato,2026-04-19,Other,39.0,500.0,2200.0,1350.0
Maharashtra,Satara APMC,Tomato,2026-04-19,Other,13.1,1000.0,1200.0,1100.0
Maharashtra,Shrirampur APMC,Tomato,2026-04-19,Other,3.2,500.0,1000.0,750.0
Maharashtra,Vai APMC,Tomato,2026-04-19,Local,12.0,1500.0,2000.0,1800.0
Maharashtra,Vita APMC,Tomato,2026-04-19,Other,8.0,1000.0,1500.0,1350.0
Maharashtra,Akluj APMC,Tomato,2026-04-20,Local,2.5,1000.0,1500.0,1200.0
Maharashtra,Amrawati(Frui & Veg. Market) APMC,Tomato,2026-04-20,Local,27.1,1000.0,1500.0,1250.0
Maharashtra,Chandrapur(Ganjwad) APMC,Tomato,2026-04-20,Other,31.4,1000.0,1600.0,1200.0
Maharashtra,Chattrapati Sambhajinagar APMC,Tomato,2026-04-20,Other,12.0,600.0,800.0,700.0
Maharashtra,HINGNA - APMC,Tomato,2026-04-20,Local,14.0,750.0,2750.0,1794.0
Maharashtra,Junnar(Narayangaon) APMC,Tomato,2026-04-20,Local,350.0,1000.0,2000.0,1500.0
Maharashtra,Kalyan APMC,Tomato,2026-04-20,Other,0.3,2000.0,2500.0,2200.0
Maharashtra,Kamthi APMC,Tomato,2026-04-20,Local,3.4,2030.0,2530.0,2280.0
Maharashtra,Karad APMC,Tomato,2026-04-20,Other,6.0,1000.0,1500.0,1500.0
Maharashtra,Kolhapur APMC,Tomato,2026-04-20,Other,26.0,1000.0,2000.0,1500.0
Maharashtra,Manchar APMC,Tomato,2026-04-20,Other,1.9,1100.0,4050.0,2580.0
Maharashtra,Mangal Wedha APMC,Tomato,2026-04-20,Local,8.1,200.0,1800.0,1200.0
Maharashtra,Mumbai APMC,Tomato,2026-04-20,Other,140.9,2000.0,2500.0,2250.0
Maharashtra,Nasik APMC,Tomato,2026-04-20,Other,146.6,350.0,2550.0,1350.0
Maharashtra,Panvel APMC,Tomato,2026-04-20,Other,60.4,3000.0,4000.0,3500.0
Maharashtra,Patan APMC,Tomato,2026-04-20,Other,0.7,1500.0,2000.0,1750.0
Maharashtra,Pimpalgaon Baswant APMC,Tomato,2026-04-20,Other,203.7,300.0,2405.0,1805.0
Maharashtra,Pune APMC,Tomato,2026-04-20,Local,104.6,800.0,2000.0,1400.0
Maharashtra,Pune(Khadiki) APMC,Tomato,2026-04-20,Local,1.4,700.0,1200.0,950.0
Maharashtra,Pune(Manjri) APMC,Tomato,2026-04-20,Other,62.7,1200.0,2500.0,1700.0
Maharashtra,Pune(Moshi) APMC,Tomato,2026-04-20,Local,65.9,700.0,1000.0,850.0
Maharashtra,Pune(Pimpri) APMC,Tomato,2026-04-20,Local,1.2,1400.0,2000.0,1700.0
Maharashtra,Rahuri APMC,Tomato,2026-04-20,Other,4.4,500.0,1500.0,1000.0
Maharashtra,Ratnagiri (Nachane) APMC,Tomato,2026-04-20,Other,1.9,1500.0,1800.0,1600.0
Maharashtra,SHRI.SIDDHESHWAR  APMC,Tomato,2026-04-20,Other,14.0,300.0,1600.0,1000.0
Maharashtra,Sangamner APMC,Tomato,2026-04-20,Other,36.0,500.0,2250.0,1375.0
Maharashtra,Satara APMC,Tomato,2026-04-20,Other,5.6,1000.0,1500.0,1250.0
Maharashtra,Shrirampur APMC,Tomato,2026-04-20,Other,2.9,600.0,1000.0,800.0
Maharashtra,Vai APMC,Tomato,2026-04-20,Local,12.0,700.0,2000.0,1500.0
Maharashtra,Vita APMC,Tomato,2026-04-20,Other,12.0,1000.0,1500.0,1250.0
Maharashtra,Amrawati(Frui & Veg. Market) APMC,Tomato,2026-04-21,Local,30.8,1000.0,1400.0,1200.0
Maharashtra,Bhusaval APMC,Tomato,2026-04-21,Other,4.4,1000.0,1500.0,1200.0
Maharashtra,Chandrapur(Ganjwad) APMC,Tomato,2026-04-21,Other,32.7,600.0,1200.0,800.0
Maharashtra,Chattrapati Sambhajinagar APMC,Tomato,2026-04-21,Other,9.5,700.0,1000.0,850.0
Maharashtra,HINGNA - APMC,Tomato,2026-04-21,Local,8.7,500.0,2500.0,1393.0
Maharashtra,Islampur APMC,Tomato,2026-04-21,Other,7.8,1000.0,2000.0,1550.0
Maharashtra,Jalgaon APMC,Tomato,2026-04-21,Other,6.6,700.0,1500.0,1100.0
Maharashtra,Junnar(Narayangaon) APMC,Tomato,2026-04-21,Local,352.0,1000.0,2000.0,1500.0
Maharashtra,Kalmeshwar APMC,Tomato,2026-04-21,Other,1.4,1015.0,1500.0,1305.0
Maharashtra,Kamthi APMC,Tomato,2026-04-21,Local,7.8,1510.0,2010.0,1760.0
Maharashtra,Karad APMC,Tomato,2026-04-21,Other,1.8,1200.0,1800.0,1800.0
Maharashtra,Khed(Chakan) APMC,Tomato,2026-04-21,Other,27.8,1000.0,2000.0,1500.0
Maharashtra,Kolhapur APMC,Tomato,2026-04-21,Other,17.2,900.0,1800.0,1400.0
Maharashtra,Manchar APMC,Tomato,2026-04-21,Other,0.3,1300.0,4050.0,2680.0
Maharashtra,Mumbai APMC,Tomato,2026-04-21,Other,206.1,2000.0,2400.0,2200.0
Maharashtra,Nagpur APMC,Tomato,2026-04-21,Local,50.0,1000.0,2000.0,1750.0
Maharashtra,Nagpur APMC,Tomato,2026-04-21,Other,50.0,1500.0,2200.0,2025.0
Maharashtra,Nasik APMC,Tomato,2026-04-21,Other,119.6,350.0,2250.0,1250.0
Maharashtra,Pandharpur APMC,Tomato,2026-04-21,Other,3.0,250.0,800.0,500.0
Maharashtra,Panvel APMC,Tomato,2026-04-21,Other,60.0,3000.0,4000.0,3500.0
Maharashtra,Patan APMC,Tomato,2026-04-21,Other,0.9,1500.0,2000.0,1750.0
Maharashtra,Pimpalgaon Baswant APMC,Tomato,2026-04-21,Other,274.9,300.0,2355.0,1755.0
Maharashtra,Pune APMC,Tomato,2026-04-21,Local,243.0,800.0,1800.0,1300.0
Maharashtra,Pune(Manjri) APMC,Tomato,2026-04-21,Other,50.1,800.0,1700.0,1200.0
Maharashtra,Pune(Moshi) APMC,Tomato,2026-04-21,Local,64.8,800.0,1000.0,900.0
Maharashtra,Pune(Pimpri) APMC,Tomato,2026-04-21,Local,1.0,1400.0,2000.0,1700.0
Maharashtra,Rahuri APMC,Tomato,2026-04-21,Other,4.5,500.0,1800.0,1150.0
Maharashtra,SHRI.SIDDHESHWAR  APMC,Tomato,2026-04-21,Other,20.0,300.0,1700.0,1000.0
Maharashtra,Satara APMC,Tomato,2026-04-21,Other,7.9,1000.0,1500.0,1250.0
Maharashtra,Vadgaonpeth APMC,Tomato,2026-04-21,Local,16.5,1000.0,1500.0,1200.0
Maharashtra,Vita APMC,Tomato,2026-04-21,Other,8.0,1500.0,2000.0,1750.0
Maharashtra,AGRICULTURE PRODUCE MARKET COMITEE CHANDWAD,Tomato,2026-04-22,Local,2.1,500.0,2000.0,1400.0
Maharashtra,Akluj APMC,Tomato,2026-04-22,Local,2.5,1000.0,1700.0,1500.0
Maharashtra,Amrawati(Frui & Veg. Market) APMC,Tomato,2026-04-22,Local,34.6,1000.0,1400.0,1200.0
Maharashtra,Bhusaval APMC,Tomato,2026-04-22,Other,3.1,1000.0,1500.0,1200.0
Maharashtra,Chandrapur(Ganjwad) APMC,Tomato,2026-04-22,Other,39.3,600.0,1200.0,800.0
Maharashtra,Chattrapati Sambhajinagar APMC,Tomato,2026-04-22,Other,11.5,400.0,1300.0,850.0
Maharashtra,HINGNA - APMC,Tomato,2026-04-22,Local,5.5,250.0,2000.0,1071.0
Maharashtra,Jalgaon APMC,Tomato,2026-04-22,Other,7.0,700.0,1500.0,1100.0
Maharashtra,Kalmeshwar APMC,Tomato,2026-04-22,Other,1.4,1010.0,1500.0,1320.0
Maharashtra,Kamthi APMC,Tomato,2026-04-22,Local,2.5,1510.0,2010.0,1760.0
Maharashtra,Karad APMC,Tomato,2026-04-22,Other,3.0,800.0,1500.0,1500.0
Maharashtra,Khed(Chakan) APMC,Tomato,2026-04-22,Other,26.8,1000.0,1800.0,1400.0
Maharashtra,Kolhapur APMC,Tomato,2026-04-22,Other,30.9,1000.0,2000.0,1500.0
Maharashtra,Manchar APMC,Tomato,2026-04-22,Other,0.3,1000.0,4100.0,2550.0
Maharashtra,Mangal Wedha APMC,Tomato,2026-04-22,Local,4.7,400.0,2100.0,1300.0
Maharashtra,Mumbai APMC,Tomato,2026-04-22,Other,178.9,2000.0,2500.0,2250.0
Maharashtra,Nagpur APMC,Tomato,2026-04-22,Local,60.0,1200.0,2000.0,1800.0
Maharashtra,Nagpur APMC,Tomato,2026-04-22,Other,50.0,1500.0,2000.0,1875.0
Maharashtra,Nasik APMC,Tomato,2026-04-22,Other,168.9,300.0,1375.0,650.0
Maharashtra,Pandharpur APMC,Tomato,2026-04-22,Other,2.9,250.0,900.0,600.0
Maharashtra,Panvel APMC,Tomato,2026-04-22,Other,54.0,3000.0,4000.0,3550.0
Maharashtra,Patan APMC,Tomato,2026-04-22,Other,0.3,1500.0,2000.0,1750.0
Maharashtra,Phaltan APMC,Tomato,2026-04-22,Other,5.7,500.0,1750.0,981.0
Maharashtra,Pimpalgaon Baswant APMC,Tomato,2026-04-22,Other,262.5,300.0,2305.0,1705.0
Maharashtra,Pune APMC,Tomato,2026-04-22,Local,173.5,600.0,1600.0,1100.0
Maharashtra,Pune(Khadiki) APMC,Tomato,2026-04-22,Local,1.0,700.0,1200.0,950.0
Maharashtra,Pune(Manjri) APMC,Tomato,2026-04-22,Other,49.7,1000.0,2000.0,1500.0
Maharashtra,Pune(Pimpri) APMC,Tomato,2026-04-22,Local,2.4,1200.0,1700.0,1450.0
Maharashtra,Rahuri APMC,Tomato,2026-04-22,Other,4.0,500.0,1600.0,1050.0
Maharashtra,Ramtek APMC,Tomato,2026-04-22,Other,0.7,800.0,1500.0,1200.0
Maharashtra,Ratnagiri (Nachane) APMC,Tomato,2026-04-22,Other,1.7,1600.0,2000.0,1800.0
Maharashtra,SHRI.SIDDHESHWAR  APMC,Tomato,2026-04-22,Other,25.0,400.0,2000.0,1400.0
Maharashtra,Sangamner APMC,Tomato,2026-04-22,Other,42.0,500.0,2250.0,1375.0
Maharashtra,Satara APMC,Tomato,2026-04-22,Other,6.2,1000.0,2000.0,1500.0
Maharashtra,Shrirampur APMC,Tomato,2026-04-22,Other,3.4,500.0,1000.0,750.0
Maharashtra,Vadgaonpeth APMC,Tomato,2026-04-22,Local,6.0,1000.0,2000.0,1400.0
Maharashtra,Vai APMC,Tomato,2026-04-22,Local,12.0,500.0,1800.0,1400.0
Maharashtra,Akluj APMC,Tomato,2026-04-23,Local,2.7,1000.0,1500.0,1200.0
Maharashtra,Bhusaval APMC,Tomato,2026-04-23,Other,1.6,1000.0,1500.0,1200.0
Maharashtra,Chattrapati Sambhajinagar APMC,Tomato,2026-04-23,Other,12.0,500.0,700.0,600.0
Maharashtra,HINGNA - APMC,Tomato,2026-04-23,Local,5.0,500.0,2500.0,1525.0
Maharashtra,Islampur APMC,Tomato,2026-04-23,Other,4.9,1000.0,1500.0,1250.0
Maharashtra,Junnar(Narayangaon) APMC,Tomato,2026-04-23,Local,425.0,1000.0,2000.0,1500.0
Maharashtra,Kalmeshwar APMC,Tomato,2026-04-23,Other,1.3,1015.0,1500.0,1305.0
Maharashtra,Kamthi APMC,Tomato,2026-04-23,Local,5.3,1520.0,2020.0,1770.0
Maharashtra,Karad APMC,Tomato,2026-04-23,Other,6.0,1000.0,1800.0,1800.0
Maharashtra,Khed(Chakan) APMC,Tomato,2026-04-23,Other,33.0,1000.0,1500.0,1200.0
Maharashtra,Kolhapur APMC,Tomato,2026-04-23,Other,17.5,800.0,1800.0,1300.0
Maharashtra,Manchar APMC,Tomato,2026-04-23,Other,1.1,1000.0,4100.0,3055.0
Maharashtra,Mangal Wedha APMC,Tomato,2026-04-23,Local,4.8,200.0,1500.0,900.0
Maharashtra,Mumbai APMC,Tomato,2026-04-23,Other,211.4,1000.0,2000.0,1500.0
Maharashtra,Nagpur APMC,Tomato,2026-04-23,Local,60.0,1200.0,2000.0,1800.0
Maharashtra,Nagpur APMC,Tomato,2026-04-23,Other,50.0,1500.0,2000.0,1875.0
Maharashtra,Pandharpur APMC,Tomato,2026-04-23,Other,2.8,500.0,1000.0,800.0
Maharashtra,Panvel APMC,Tomato,2026-04-23,Other,67.5,3000.0,3500.0,3250.0
Maharashtra,Phaltan APMC,Tomato,2026-04-23,Other,4.7,500.0,1500.0,980.0
Maharashtra,Pimpalgaon Baswant APMC,Tomato,2026-04-23,Other,362.3,300.0,2405.0,1755.0
Maharashtra,Pune APMC,Tomato,2026-04-23,Local,216.3,500.0,1500.0,1000.0
Maharashtra,Pune(Khadiki) APMC,Tomato,2026-04-23,Local,1.4,700.0,1200.0,950.0
Maharashtra,Pune(Manjri) APMC,Tomato,2026-04-23,Other,54.0,1000.0,2500.0,1800.0
Maharashtra,Pune(Moshi) APMC,Tomato,2026-04-23,Local,71.4,1000.0,1000.0,1000.0
Maharashtra,Pune(Pimpri) APMC,Tomato,2026-04-23,Local,0.3,1500.0,1500.0,1500.0
Maharashtra,Ramtek APMC,Tomato,2026-04-23,Other,3.5,800.0,1500.0,1100.0
Maharashtra,Ratnagiri (Nachane) APMC,Tomato,2026-04-23,Other,1.9,1500.0,1800.0,1700.0
Maharashtra,SHRI.SIDDHESHWAR  APMC,Tomato,2026-04-23,Other,24.9,300.0,1800.0,1400.0
Maharashtra,Sangamner APMC,Tomato,2026-04-23,Other,46.0,500.0,1750.0,1125.0
Maharashtra,Satara APMC,Tomato,2026-04-23,Other,9.1,1000.0,1500.0,1250.0
Maharashtra,Shrirampur APMC,Tomato,2026-04-23,Other,2.7,800.0,1200.0,1000.0
Maharashtra,Vita APMC,Tomato,2026-04-23,Other,6.0,1000.0,1500.0,1350.0
Maharashtra,Akluj APMC,Tomato,2026-04-24,Local,2.5,1000.0,1700.0,1300.0
Maharashtra,Amrawati(Frui & Veg. Market) APMC,Tomato,2026-04-24,Local,16.9,1000.0,1300.0,1150.0
Maharashtra,Bhusaval APMC,Tomato,2026-04-24,Other,1.4,1000.0,1500.0,1200.0
Maharashtra,Chandrapur(Ganjwad) APMC,Tomato,2026-04-24,Other,42.4,800.0,1200.0,1000.0
Maharashtra,HINGNA - APMC,Tomato,2026-04-24,Local,4.0,500.0,2000.0,1274.0
Maharashtra,Jalgaon APMC,Tomato,2026-04-24,Other,18.0,700.0,1200.0,950.0
Maharashtra,Junnar(Narayangaon) APMC,Tomato,2026-04-24,Local,410.0,750.0,1750.0,1250.0
Maharashtra,Kalmeshwar APMC,Tomato,2026-04-24,Other,1.4,1015.0,1500.0,1305.0
Maharashtra,Kamthi APMC,Tomato,2026-04-24,Local,9.1,1520.0,2020.0,1770.0
Maharashtra,Khed(Chakan) APMC,Tomato,2026-04-24,Other,28.2,1000.0,1500.0,1200.0
Maharashtra,Mangal Wedha APMC,Tomato,2026-04-24,Local,4.2,400.0,2200.0,1300.0
Maharashtra,Mumbai APMC,Tomato,2026-04-24,Other,180.0,1200.0,1600.0,1400.0
Maharashtra,Nasik APMC,Tomato,2026-04-24,Other,167.3,350.0,1750.0,750.0
Maharashtra,Palus APMC,Tomato,2026-04-24,Other,1.3,1000.0,1500.0,1200.0
Maharashtra,Pandharpur APMC,Tomato,2026-04-24,Other,2.1,500.0,1200.0,800.0
Maharashtra,Panvel APMC,Tomato,2026-04-24,Other,77.0,2500.0,3000.0,2750.0
Maharashtra,Patan APMC,Tomato,2026-04-24,Other,0.9,1500.0,2000.0,1750.0
Maharashtra,Phaltan APMC,Tomato,2026-04-24,Other,3.5,500.0,2000.0,950.0
Maharashtra,Pimpalgaon Baswant APMC,Tomato,2026-04-24,Other,333.6,300.0,2255.0,1505.0
Maharashtra,Pune(Manjri) APMC,Tomato,2026-04-24,Other,56.1,700.0,2000.0,1500.0
Maharashtra,Pune(Moshi) APMC,Tomato,2026-04-24,Local,47.0,800.0,1000.0,900.0
Maharashtra,Pune(Pimpri) APMC,Tomato,2026-04-24,Local,0.7,1000.0,1500.0,1250.0
Maharashtra,Rahata APMC,Tomato,2026-04-24,Other,3.1,500.0,1000.0,750.0
Maharashtra,Ratnagiri (Nachane) APMC,Tomato,2026-04-24,Other,2.2,1600.0,1800.0,1700.0
Maharashtra,SHRI.SIDDHESHWAR  APMC,Tomato,2026-04-24,Other,29.4,300.0,1500.0,800.0
Maharashtra,Sangamner APMC,Tomato,2026-04-24,Other,48.0,500.0,1500.0,1000.0
Maharashtra,Shrirampur APMC,Tomato,2026-04-24,Other,3.3,800.0,1200.0,1000.0
Maharashtra,Vadgaonpeth APMC,Tomato,2026-04-24,Local,5.0,1000.0,2000.0,1600.0
Maharashtra,Vai APMC,Tomato,2026-04-24,Local,2.5,500.0,1700.0,1300.0
Maharashtra,Vita APMC,Tomato,2026-04-24,Other,8.0,1000.0,1500.0,1250.0
Maharashtra,Akluj APMC,Tomato,2026-04-25,Local,2.7,1000.0,1500.0,1300.0
Maharashtra,Amrawati(Frui & Veg. Market) APMC,Tomato,2026-04-25,Local,33.8,1000.0,1400.0,1200.0
Maharashtra,Bhusaval APMC,Tomato,2026-04-25,Other,1.3,1200.0,2000.0,1500.0
Maharashtra,Chandrapur(Ganjwad) APMC,Tomato,2026-04-25,Other,33.2,800.0,1200.0,1000.0
Maharashtra,Chattrapati Sambhajinagar APMC,Tomato,2026-04-25,Other,14.0,550.0,750.0,650.0
Maharashtra,HINGNA - APMC,Tomato,2026-04-25,Local,11.4,500.0,2500.0,1115.0
Maharashtra,Jalgaon APMC,Tomato,2026-04-25,Other,14.0,700.0,1700.0,1200.0
Maharashtra,Junnar(Narayangaon) APMC,Tomato,2026-04-25,Local,460.0,1000.0,2000.0,1500.0
Maharashtra,Kalmeshwar APMC,Tomato,2026-04-25,Other,1.7,1015.0,1500.0,1305.0
Maharashtra,Kamthi APMC,Tomato,2026-04-25,Local,3.5,1520.0,2020.0,1770.0
Maharashtra,Karad APMC,Tomato,2026-04-25,Other,1.8,1000.0,1200.0,1200.0
Maharashtra,Khed(Chakan) APMC,Tomato,2026-04-25,Other,31.6,1000.0,1800.0,1400.0
Maharashtra,Kolhapur APMC,Tomato,2026-04-25,Other,21.2,1000.0,2000.0,1500.0
Maharashtra,Mangal Wedha APMC,Tomato,2026-04-25,Local,3.3,500.0,2000.0,1500.0
Maharashtra,Mumbai APMC,Tomato,2026-04-25,Other,214.4,1400.0,2000.0,1700.0
Maharashtra,Nagpur APMC,Tomato,2026-04-25,Local,50.0,1500.0,2000.0,1875.0
Maharashtra,Nagpur APMC,Tomato,2026-04-25,Other,50.0,1500.0,2000.0,1875.0
Maharashtra,Panvel APMC,Tomato,2026-04-25,Other,75.2,2500.0,3000.0,2750.0
Maharashtra,Pune(Khadiki) APMC,Tomato,2026-04-25,Local,1.3,700.0,1200.0,950.0
Maharashtra,Pune(Manjri) APMC,Tomato,2026-04-25,Other,61.2,1000.0,2200.0,1500.0
Maharashtra,Pune(Moshi) APMC,Tomato,2026-04-25,Local,82.8,1000.0,1200.0,1100.0
Maharashtra,Pune(Pimpri) APMC,Tomato,2026-04-25,Local,0.5,1200.0,1500.0,1350.0
Maharashtra,Rahata APMC,Tomato,2026-04-25,Other,2.5,500.0,1000.0,750.0
Maharashtra,Rahuri APMC,Tomato,2026-04-25,Other,5.0,500.0,1500.0,1000.0
Maharashtra,Ramtek APMC,Tomato,2026-04-25,Other,1.7,800.0,1000.0,900.0
Maharashtra,SHRI.SIDDHESHWAR  APMC,Tomato,2026-04-25,Other,31.9,200.0,1500.0,1000.0
Maharashtra,Sangamner APMC,Tomato,2026-04-25,Other,124.0,500.0,1625.0,1062.0
Maharashtra,Satara APMC,Tomato,2026-04-25,Other,7.7,1000.0,1500.0,1200.0
Maharashtra,Shrirampur APMC,Tomato,2026-04-25,Other,3.1,800.0,1200.0,1000.0
Maharashtra,Vadgaonpeth APMC,Tomato,2026-04-25,Local,5.0,600.0,1500.0,1000.0
Maharashtra,Vai APMC,Tomato,2026-04-25,Local,12.0,1500.0,2200.0,1800.0
Maharashtra,Ahilyanagar APMC,Tomato,2026-04-26,Other,21.5,400.0,1700.0,1050.0
Maharashtra,Akluj APMC,Tomato,2026-04-26,Local,2.2,1000.0,1500.0,1300.0
Maharashtra,Amrawati(Frui & Veg. Market) APMC,Tomato,2026-04-26,Local,37.8,1000.0,1300.0,1150.0
Maharashtra,Bhusaval APMC,Tomato,2026-04-26,Other,5.4,1000.0,1800.0,1500.0
Maharashtra,Chattrapati Sambhajinagar APMC,Tomato,2026-04-26,Other,13.0,550.0,750.0,650.0
Maharashtra,Islampur APMC,Tomato,2026-04-26,Other,5.8,1000.0,2000.0,1550.0
Maharashtra,Kalmeshwar APMC,Tomato,2026-04-26,Other,1.4,1010.0,1500.0,1310.0
Maharashtra,Kamthi APMC,Tomato,2026-04-26,Local,2.9,1520.0,2020.0,1770.0
Maharashtra,Karad APMC,Tomato,2026-04-26,Other,9.9,1000.0,1400.0,1400.0
Maharashtra,Khed(Chakan) APMC,Tomato,2026-04-26,Other,32.8,1000.0,1800.0,1400.0
Maharashtra,Kolhapur APMC,Tomato,2026-04-26,Other,23.6,1000.0,2000.0,1500.0
Maharashtra,Manchar APMC,Tomato,2026-04-26,Other,0.4,1000.0,3690.0,2350.0
Maharashtra,Mangal Wedha APMC,Tomato,2026-04-26,Local,4.6,600.0,1900.0,1500.0
Maharashtra,Nasik APMC,Tomato,2026-04-26,Other,150.0,350.0,1605.0,800.0
Maharashtra,Panvel APMC,Tomato,2026-04-26,Other,56.0,3000.0,3500.0,3250.0
Maharashtra,Phaltan APMC,Tomato,2026-04-26,Other,4.5,500.0,1250.0,1000.0
Maharashtra,Pimpalgaon Baswant APMC,Tomato,2026-04-26,Other,125.3,300.0,2405.0,1755.0
Maharashtra,Pune(Khadiki) APMC,Tomato,2026-04-26,Local,1.4,700.0,1000.0,850.0
Maharashtra,Pune(Manjri) APMC,Tomato,2026-04-26,Other,51.8,1000.0,2000.0,1500.0
Maharashtra,Pune(Moshi) APMC,Tomato,2026-04-26,Local,51.4,900.0,1000.0,950.0
Maharashtra,Pune(Pimpri) APMC,Tomato,2026-04-26,Local,1.3,1200.0,1500.0,1350.0
Maharashtra,Rahata APMC,Tomato,2026-04-26,Other,7.2,500.0,1250.0,900.0
Maharashtra,Rahuri APMC,Tomato,2026-04-26,Other,5.0,200.0,2500.0,1350.0
Maharashtra,Ramtek APMC,Tomato,2026-04-26,Other,4.7,1000.0,2000.0,1500.0
Maharashtra,Sangamner APMC,Tomato,2026-04-26,Other,54.0,500.0,2000.0,1250.0
Maharashtra,Shrirampur APMC,Tomato,2026-04-26,Other,3.2,800.0,1000.0,900.0
Maharashtra,Vadgaonpeth APMC,Tomato,2026-04-26,Local,11.5,1000.0,2000.0,1400.0
Maharashtra,Vita APMC,Tomato,2026-04-26,Other,4.5,1000.0,1500.0,1350.0
Maharashtra,Ahilyanagar APMC,Tomato,2026-04-27,Other,21.7,300.0,2000.0,1150.0
Maharashtra,Akluj APMC,Tomato,2026-04-27,Local,3.5,400.0,1500.0,1000.0
Maharashtra,Amrawati(Frui & Veg. Market) APMC,Tomato,2026-04-27,Local,36.0,1000.0,1400.0,1200.0
Maharashtra,Chattrapati Sambhajinagar APMC,Tomato,2026-04-27,Other,6.9,500.0,1500.0,1000.0
Maharashtra,HINGNA - APMC,Tomato,2026-04-27,Local,8.1,400.0,3000.0,1752.0
Maharashtra,Jalgaon APMC,Tomato,2026-04-27,Other,7.9,500.0,1500.0,1000.0
Maharashtra,Kamthi APMC,Tomato,2026-04-27,Local,3.3,2040.0,2540.0,2290.0
Maharashtra,Karad APMC,Tomato,2026-04-27,Other,3.0,800.0,1200.0,1200.0
Maharashtra,Kolhapur APMC,Tomato,2026-04-27,Other,27.6,1000.0,2000.0,1500.0
Maharashtra,Mangal Wedha APMC,Tomato,2026-04-27,Local,7.8,400.0,1800.0,1400.0
Maharashtra,Mumbai APMC,Tomato,2026-04-27,Other,147.0,1600.0,2000.0,1800.0
Maharashtra,Nagpur APMC,Tomato,2026-04-27,Local,50.0,1500.0,2500.0,2250.0
Maharashtra,Nagpur APMC,Tomato,2026-04-27,Other,50.0,1500.0,2200.0,2025.0
Maharashtra,Nasik APMC,Tomato,2026-04-27,Other,197.0,350.0,2105.0,1050.0
Maharashtra,Panvel APMC,Tomato,2026-04-27,Other,81.0,3000.0,4000.0,3500.0
Maharashtra,Pimpalgaon Baswant APMC,Tomato,2026-04-27,Other,423.7,300.0,2505.0,1905.0
Maharashtra,Pune APMC,Tomato,2026-04-27,Local,124.5,1000.0,1600.0,1300.0
Maharashtra,Pune(Khadiki) APMC,Tomato,2026-04-27,Local,1.2,700.0,1200.0,950.0
Maharashtra,Pune(Manjri) APMC,Tomato,2026-04-27,Other,52.8,1500.0,3000.0,2000.0
Maharashtra,Pune(Moshi) APMC,Tomato,2026-04-27,Local,37.0,800.0,1000.0,900.0
Maharashtra,Pune(Pimpri) APMC,Tomato,2026-04-27,Local,1.0,1000.0,1400.0,1200.0
Maharashtra,Rahuri APMC,Tomato,2026-04-27,Other,4.5,400.0,1500.0,950.0
Maharashtra,Ratnagiri (Nachane) APMC,Tomato,2026-04-27,Other,1.9,1700.0,1900.0,1800.0
Maharashtra,SHRI.SIDDHESHWAR  APMC,Tomato,2026-04-27,Other,25.5,300.0,1700.0,900.0
Maharashtra,Sangamner APMC,Tomato,2026-04-27,Other,82.0,500.0,2500.0,1500.0
Maharashtra,Satara APMC,Tomato,2026-04-27,Other,4.5,1000.0,2000.0,1500.0
Maharashtra,Shrirampur APMC,Tomato,2026-04-27,Other,2.5,600.0,1000.0,800.0
Maharashtra,Vai APMC,Tomato,2026-04-27,Local,15.0,700.0,2000.0,1400.0
Maharashtra,Vita APMC,Tomato,2026-04-27,Other,5.0,1000.0,1500.0,1350.0
Maharashtra,Amrawati(Frui & Veg. Market) APMC,Tomato,2026-04-28,Local,22.0,1600.0,2000.0,1800.0
Maharashtra,Bhusaval APMC,Tomato,2026-04-28,Other,3.6,1000.0,1800.0,1200.0
Maharashtra,Chattrapati Sambhajinagar APMC,Tomato,2026-04-28,Other,6.2,800.0,2000.0,1400.0
Maharashtra,HINGNA - APMC,Tomato,2026-04-28,Local,7.3,500.0,3000.0,1870.0
Maharashtra,Jalgaon APMC,Tomato,2026-04-28,Other,5.2,1000.0,1500.0,1200.0
Maharashtra,Kalmeshwar APMC,Tomato,2026-04-28,Other,1.0,1505.0,2000.0,1815.0
Maharashtra,Kamthi APMC,Tomato,2026-04-28,Local,4.8,2040.0,2540.0,2290.0
Maharashtra,Karad APMC,Tomato,2026-04-28,Other,6.0,1000.0,1500.0,1500.0
Maharashtra,Khed(Chakan) APMC,Tomato,2026-04-28,Other,27.0,1000.0,2000.0,1500.0
Maharashtra,Kolhapur APMC,Tomato,2026-04-28,Other,17.6,1000.0,2000.0,1500.0
Maharashtra,Manchar APMC,Tomato,2026-04-28,Other,0.6,1000.0,3690.0,2995.0
Maharashtra,Mumbai APMC,Tomato,2026-04-28,Other,154.9,2000.0,2600.0,2300.0
Maharashtra,Nagpur APMC,Tomato,2026-04-28,Local,50.0,2000.0,3000.0,2750.0
Maharashtra,Nagpur APMC,Tomato,2026-04-28,Other,50.0,2000.0,2500.0,2375.0
Maharashtra,Nasik APMC,Tomato,2026-04-28,Other,125.6,350.0,2275.0,1275.0
Maharashtra,Palus APMC,Tomato,2026-04-28,Other,1.5,1200.0,1500.0,1300.0
Maharashtra,Pandharpur APMC,Tomato,2026-04-28,Other,2.3,300.0,1500.0,900.0
Maharashtra,Panvel APMC,Tomato,2026-04-28,Other,70.0,4000.0,4500.0,4250.0
Maharashtra,Patan APMC,Tomato,2026-04-28,Other,0.8,1500.0,2000.0,1750.0
Maharashtra,Pimpalgaon Baswant APMC,Tomato,2026-04-28,Other,364.9,300.0,2555.0,1905.0
Maharashtra,Pune APMC,Tomato,2026-04-28,Local,171.6,800.0,1600.0,1200.0
Maharashtra,Pune(Khadiki) APMC,Tomato,2026-04-28,Local,1.2,800.0,1300.0,950.0
Maharashtra,Pune(Manjri) APMC,Tomato,2026-04-28,Other,42.3,1500.0,3000.0,2000.0
Maharashtra,Pune(Moshi) APMC,Tomato,2026-04-28,Local,42.6,1000.0,1500.0,1250.0
Maharashtra,Pune(Pimpri) APMC,Tomato,2026-04-28,Local,0.6,1200.0,1200.0,1200.0
Maharashtra,Rahuri APMC,Tomato,2026-04-28,Other,5.3,500.0,1000.0,750.0
Maharashtra,Ramtek APMC,Tomato,2026-04-28,Other,1.0,1000.0,2000.0,1500.0
Maharashtra,SHRI.SIDDHESHWAR  APMC,Tomato,2026-04-28,Other,33.2,400.0,2200.0,1200.0
Maharashtra,Sangamner APMC,Tomato,2026-04-28,Other,86.0,500.0,3000.0,1750.0
Maharashtra,Satara APMC,Tomato,2026-04-28,Other,5.8,1000.0,1500.0,1250.0
Maharashtra,Vadgaonpeth APMC,Tomato,2026-04-28,Local,4.5,800.0,1600.0,1100.0
Maharashtra,Vita APMC,Tomato,2026-04-28,Other,5.0,1500.0,2000.0,1800.0
Maharashtra,Akluj APMC,Tomato,2026-04-29,Local,2.8,700.0,1600.0,1200.0
Maharashtra,Amrawati(Frui & Veg. Market) APMC,Tomato,2026-04-29,Local,23.9,2000.0,3000.0,2500.0
Maharashtra,Bhusaval APMC,Tomato,2026-04-29,Other,2.0,1200.0,2000.0,1500.0
Maharashtra,Chandrapur(Ganjwad) APMC,Tomato,2026-04-29,Other,46.9,1400.0,2000.0,1600.0
Maharashtra,Chattrapati Sambhajinagar APMC,Tomato,2026-04-29,Other,8.5,1000.0,1300.0,1150.0
Maharashtra,HINGNA - APMC,Tomato,2026-04-29,Local,8.9,400.0,3000.0,1650.0
Maharashtra,Junnar(Narayangaon) APMC,Tomato,2026-04-29,Local,442.8,1000.0,2500.0,2000.0
Maharashtra,Kalmeshwar APMC,Tomato,2026-04-29,Other,1.0,1510.0,2000.0,1820.0
Maharashtra,Kamthi APMC,Tomato,2026-04-29,Local,4.0,2060.0,2560.0,2310.0
Maharashtra,Karad APMC,Tomato,2026-04-29,Other,6.0,1800.0,2000.0,2000.0
Maharashtra,Khed(Chakan) APMC,Tomato,2026-04-29,Other,25.8,1000.0,1800.0,1400.0
Maharashtra,Kolhapur APMC,Tomato,2026-04-29,Other,18.8,800.0,1800.0,1300.0
Maharashtra,Mangal Wedha APMC,Tomato,2026-04-29,Local,3.5,400.0,2300.0,1800.0
Maharashtra,Mumbai APMC,Tomato,2026-04-29,Other,181.7,1800.0,2400.0,2100.0
Maharashtra,Nagpur APMC,Tomato,2026-04-29,Local,55.0,1500.0,3000.0,2625.0
Maharashtra,Nagpur APMC,Tomato,2026-04-29,Other,55.0,1500.0,2000.0,1875.0
Maharashtra,Nasik APMC,Tomato,2026-04-29,Other,169.0,350.0,2355.0,1150.0
Maharashtra,Pandharpur APMC,Tomato,2026-04-29,Other,2.4,500.0,1600.0,900.0
Maharashtra,Panvel APMC,Tomato,2026-04-29,Other,71.5,3000.0,3500.0,3250.0
Maharashtra,Phaltan APMC,Tomato,2026-04-29,Other,4.8,500.0,2000.0,1143.0
Maharashtra,Pimpalgaon Baswant APMC,Tomato,2026-04-29,Other,235.1,300.0,2405.0,1755.0
Maharashtra,Pune APMC,Tomato,2026-04-29,Local,131.9,800.0,2000.0,1400.0
Maharashtra,Pune(Khadiki) APMC,Tomato,2026-04-29,Local,1.5,800.0,1200.0,1000.0
Maharashtra,Pune(Manjri) APMC,Tomato,2026-04-29,Other,50.1,1500.0,3500.0,2500.0
Maharashtra,Pune(Pimpri) APMC,Tomato,2026-04-29,Local,1.1,1400.0,2000.0,1700.0
Maharashtra,Ramtek APMC,Tomato,2026-04-29,Other,1.1,1000.0,2000.0,1500.0
Maharashtra,Ratnagiri (Nachane) APMC,Tomato,2026-04-29,Other,1.8,1500.0,1800.0,1600.0
Maharashtra,SHRI.SIDDHESHWAR  APMC,Tomato,2026-04-29,Other,23.9,500.0,2000.0,1200.0
Maharashtra,Sangamner APMC,Tomato,2026-04-29,Other,165.0,750.0,3000.0,1875.0
Maharashtra,Satara APMC,Tomato,2026-04-29,Other,4.7,1000.0,2500.0,1700.0
Maharashtra,Shrirampur APMC,Tomato,2026-04-29,Other,3.1,1000.0,1500.0,1250.0
Maharashtra,Vadgaonpeth APMC,Tomato,2026-04-29,Local,13.0,1000.0,3500.0,2600.0
Maharashtra,Akluj APMC,Tomato,2026-04-30,Local,2.2,1000.0,2000.0,1500.0
Maharashtra,Bhusaval APMC,Tomato,2026-04-30,Other,1.7,1000.0,1800.0,1500.0
Maharashtra,Chandrapur(Ganjwad) APMC,Tomato,2026-04-30,Other,45.7,1200.0,2000.0,1600.0
Maharashtra,Chattrapati Sambhajinagar APMC,Tomato,2026-04-30,Other,10.5,600.0,1800.0,1200.0
Maharashtra,Ghoti APMC,Tomato,2026-04-30,Other,82.5,2000.0,3050.0,2600.0
Maharashtra,HINGNA - APMC,Tomato,2026-04-30,Local,5.7,750.0,2500.0,1589.0
Maharashtra,Jalgaon APMC,Tomato,2026-04-30,Other,7.7,500.0,1500.0,1000.0
Maharashtra,Junnar(Narayangaon) APMC,Tomato,2026-04-30,Local,408.0,1250.0,2750.0,2250.0
Maharashtra,Kalmeshwar APMC,Tomato,2026-04-30,Other,1.0,1515.0,2000.0,1805.0
Maharashtra,Kamthi APMC,Tomato,2026-04-30,Local,2.6,2040.0,2540.0,2290.0
Maharashtra,Khed(Chakan) APMC,Tomato,2026-04-30,Other,24.2,1500.0,3000.0,2200.0
Maharashtra,Kolhapur APMC,Tomato,2026-04-30,Other,11.8,1500.0,2500.0,2000.0
Maharashtra,Mangal Wedha APMC,Tomato,2026-04-30,Local,4.3,700.0,2600.0,1700.0
Maharashtra,Mumbai APMC,Tomato,2026-04-30,Other,120.8,1800.0,2600.0,2200.0
Maharashtra,Nagpur APMC,Tomato,2026-04-30,Local,45.0,2000.0,3200.0,2900.0
Maharashtra,Pandharpur APMC,Tomato,2026-04-30,Other,1.8,500.0,1400.0,950.0
Maharashtra,Panvel APMC,Tomato,2026-04-30,Other,71.5,3000.0,4000.0,3500.0
Maharashtra,Pune APMC,Tomato,2026-04-30,Local,206.1,800.0,3000.0,1900.0
Maharashtra,Pune(Manjri) APMC,Tomato,2026-04-30,Other,69.1,2000.0,4000.0,3000.0
Maharashtra,Pune(Moshi) APMC,Tomato,2026-04-30,Local,42.3,1000.0,2000.0,1500.0
Maharashtra,Pune(Pimpri) APMC,Tomato,2026-04-30,Local,0.4,2000.0,2200.0,2100.0
Maharashtra,Rahuri APMC,Tomato,2026-04-30,Other,1.6,500.0,1500.0,1000.0
Maharashtra,Ratnagiri (Nachane) APMC,Tomato,2026-04-30,Other,1.8,1800.0,2000.0,1900.0
Maharashtra,SHRI.SIDDHESHWAR  APMC,Tomato,2026-04-30,Other,24.6,800.0,2500.0,1400.0
Maharashtra,Sangamner APMC,Tomato,2026-04-30,Other,75.0,500.0,2000.0,1250.0
Maharashtra,Satara APMC,Tomato,2026-04-30,Other,9.6,2000.0,2500.0,2200.0
Maharashtra,Shrirampur APMC,Tomato,2026-04-30,Other,2.5,800.0,1200.0,1000.0
Maharashtra,Vadgaonpeth APMC,Tomato,2026-04-30,Local,5.0,800.0,1500.0,1000.0
Maharashtra,Vai APMC,Tomato,2026-04-30,Local,12.0,1500.0,2300.0,2000.0
Maharashtra,Ahilyanagar APMC,Tomato,2026-05-01,Other,23.9,300.0,2000.0,1150.0
Maharashtra,Akluj APMC,Tomato,2026-05-01,Local,2.2,1000.0,2000.0,1500.0
Maharashtra,Amrawati(Frui & Veg. Market) APMC,Tomato,2026-05-01,Local,27.9,1800.0,2000.0,1900.0
Maharashtra,Bhusaval APMC,Tomato,2026-05-01,Other,3.5,1000.0,1800.0,1500.0
Maharashtra,Islampur APMC,Tomato,2026-05-01,Other,9.6,2000.0,2500.0,2250.0
Maharashtra,Junnar(Narayangaon) APMC,Tomato,2026-05-01,Local,444.6,1250.0,2750.0,2250.0
Maharashtra,Kalmeshwar APMC,Tomato,2026-05-01,Other,1.2,2015.0,2500.0,2305.0
Maharashtra,Kamthi APMC,Tomato,2026-05-01,Local,4.7,2040.0,2540.0,2290.0
Maharashtra,Mangal Wedha APMC,Tomato,2026-05-01,Local,2.4,600.0,2500.0,2100.0
Maharashtra,Mumbai APMC,Tomato,2026-05-01,Other,180.5,1600.0,2400.0,2000.0
Maharashtra,Nasik APMC,Tomato,2026-05-01,Other,165.8,250.0,2055.0,1100.0
Maharashtra,Navapur APMC,Tomato,2026-05-01,Other,29.0,900.0,2000.0,1510.0
Maharashtra,Palus APMC,Tomato,2026-05-01,Other,1.3,1200.0,1500.0,1400.0
Maharashtra,Panvel APMC,Tomato,2026-05-01,Other,67.3,3000.0,3500.0,3250.0
Maharashtra,Patan APMC,Tomato,2026-05-01,Other,0.7,1500.0,2000.0,1750.0
Maharashtra,Pimpalgaon Baswant APMC,Tomato,2026-05-01,Other,142.7,300.0,2105.0,1505.0
Maharashtra,Pune(Pimpri) APMC,Tomato,2026-05-01,Local,0.8,1400.0,2000.0,1700.0
Maharashtra,Rahata APMC,Tomato,2026-05-01,Other,2.5,500.0,2250.0,1400.0
Maharashtra,Sangamner APMC,Tomato,2026-05-01,Other,94.0,500.0,2500.0,1500.0
Maharashtra,Shrirampur APMC,Tomato,2026-05-01,Other,3.3,800.0,1200.0,1000.0
Maharashtra,Vadgaonpeth APMC,Tomato,2026-05-01,Local,6.5,900.0,1500.0,1200.0
Maharashtra,Vita APMC,Tomato,2026-05-01,Other,4.5,2000.0,2500.0,2350.0
Maharashtra,Ahilyanagar APMC,Tomato,2026-05-02,Other,17.9,500.0,2000.0,1250.0
Maharashtra,Akluj APMC,Tomato,2026-05-02,Local,1.6,1000.0,2000.0,1500.0
Maharashtra,Amrawati(Frui & Veg. Market) APMC,Tomato,2026-05-02,Local,30.9,1800.0,2000.0,1900.0
Maharashtra,Bhusaval APMC,Tomato,2026-05-02,Other,0.7,1000.0,1800.0,1500.0
Maharashtra,Chandrapur(Ganjwad) APMC,Tomato,2026-05-02,Other,42.3,1200.0,2000.0,1600.0
Maharashtra,Chattrapati Sambhajinagar APMC,Tomato,2026-05-02,Other,5.9,1000.0,1500.0,1250.0
Maharashtra,HINGNA - APMC,Tomato,2026-05-02,Local,14.2,575.0,2500.0,1805.0
Maharashtra,Jalgaon APMC,Tomato,2026-05-02,Other,10.0,500.0,1700.0,1100.0
Maharashtra,Junnar(Narayangaon) APMC,Tomato,2026-05-02,Local,415.2,1000.0,2500.0,2000.0
Maharashtra,Kalmeshwar APMC,Tomato,2026-05-02,Other,1.0,2030.0,2500.0,2350.0
Maharashtra,Kamthi APMC,Tomato,2026-05-02,Local,2.6,2050.0,2540.0,2295.0
Maharashtra,Karad APMC,Tomato,2026-05-02,Other,6.0,1500.0,2500.0,2500.0
Maharashtra,Kolhapur APMC,Tomato,2026-05-02,Other,4.2,1000.0,3000.0,2000.0
Maharashtra,Mangal Wedha APMC,Tomato,2026-05-02,Local,4.8,500.0,3500.0,2500.0
Maharashtra,Mumbai APMC,Tomato,2026-05-02,Other,218.7,1400.0,2200.0,1800.0
Maharashtra,Nagpur APMC,Tomato,2026-05-02,Local,55.0,1500.0,2500.0,2250.0
Maharashtra,Nagpur APMC,Tomato,2026-05-02,Other,55.0,1500.0,2500.0,2250.0
Maharashtra,Pandharpur APMC,Tomato,2026-05-02,Other,1.9,500.0,2500.0,1000.0
Maharashtra,Panvel APMC,Tomato,2026-05-02,Other,71.5,3000.0,4000.0,3500.0
Maharashtra,Patan APMC,Tomato,2026-05-02,Other,0.3,1500.0,2000.0,1750.0
Maharashtra,Phaltan APMC,Tomato,2026-05-02,Other,5.4,750.0,2500.0,1573.0
Maharashtra,Pune(Manjri) APMC,Tomato,2026-05-02,Other,76.8,2000.0,3500.0,3000.0
Maharashtra,Pune(Moshi) APMC,Tomato,2026-05-02,Local,85.1,800.0,2500.0,1650.0
Maharashtra,Pune(Pimpri) APMC,Tomato,2026-05-02,Local,1.1,2000.0,2500.0,2250.0
Maharashtra,Ramtek APMC,Tomato,2026-05-02,Other,1.2,1000.0,2000.0,1500.0
Maharashtra,SHRI.SIDDHESHWAR  APMC,Tomato,2026-05-02,Other,27.8,500.0,2500.0,1400.0
Maharashtra,Sangamner APMC,Tomato,2026-05-02,Other,105.0,500.0,2500.0,1500.0
Maharashtra,Satara APMC,Tomato,2026-05-02,Other,9.8,2000.0,2500.0,2250.0
Maharashtra,Shrirampur APMC,Tomato,2026-05-02,Other,2.5,800.0,1000.0,900.0
Maharashtra,Vadgaonpeth APMC,Tomato,2026-05-02,Local,6.0,1500.0,2600.0,1800.0
Maharashtra,Vai APMC,Tomato,2026-05-02,Local,12.0,2000.0,3700.0,3000.0
Maharashtra,Vita APMC,Tomato,2026-05-02,Other,6.0,2000.0,2500.0,2350.0
Maharashtra,Akluj APMC,Tomato,2026-05-03,Local,2.0,1000.0,2200.0,1500.0
Maharashtra,Amrawati(Frui & Veg. Market) APMC,Tomato,2026-05-03,Local,33.8,1600.0,2000.0,1800.0
Maharashtra,Bhusaval APMC,Tomato,2026-05-03,Other,5.3,1000.0,2000.0,1500.0
Maharashtra,Chattrapati Sambhajinagar APMC,Tomato,2026-05-03,Other,8.2,1200.0,2000.0,1600.0
Maharashtra,Islampur APMC,Tomato,2026-05-03,Other,5.8,1000.0,2000.0,1550.0
Maharashtra,Kalmeshwar APMC,Tomato,2026-05-03,Other,1.2,2010.0,2500.0,2320.0
Maharashtra,Kamthi APMC,Tomato,2026-05-03,Local,4.8,1520.0,2020.0,1770.0
Maharashtra,Karad APMC,Tomato,2026-05-03,Other,3.0,2000.0,2200.0,2200.0
Maharashtra,Khed(Chakan) APMC,Tomato,2026-05-03,Other,31.6,2000.0,3000.0,2500.0
Maharashtra,Kolhapur APMC,Tomato,2026-05-03,Other,13.0,1000.0,2000.0,1500.0
Maharashtra,Manchar APMC,Tomato,2026-05-03,Other,0.5,1000.0,5000.0,3500.0
Maharashtra,Mangal Wedha APMC,Tomato,2026-05-03,Local,3.2,500.0,2900.0,2500.0
Maharashtra,Navapur APMC,Tomato,2026-05-03,Other,27.0,900.0,2000.0,1292.0
Maharashtra,Panvel APMC,Tomato,2026-05-03,Other,51.0,3500.0,4000.0,3750.0
Maharashtra,Phaltan APMC,Tomato,2026-05-03,Other,6.4,500.0,3000.0,1536.0
Maharashtra,Pimpalgaon Baswant APMC,Tomato,2026-05-03,Other,113.6,300.0,1905.0,1255.0
Maharashtra,Pune APMC,Tomato,2026-05-03,Local,208.1,1000.0,3000.0,2000.0
Maharashtra,Pune(Khadiki) APMC,Tomato,2026-05-03,Local,1.1,700.0,1300.0,1000.0
Maharashtra,Pune(Manjri) APMC,Tomato,2026-05-03,Other,65.4,1000.0,2500.0,2000.0
Maharashtra,Pune(Moshi) APMC,Tomato,2026-05-03,Local,69.2,800.0,1000.0,900.0
Maharashtra,Pune(Pimpri) APMC,Tomato,2026-05-03,Local,0.9,2000.0,3000.0,2500.0
Maharashtra,Rahata APMC,Tomato,2026-05-03,Other,7.6,300.0,2000.0,1200.0
Maharashtra,Ramtek APMC,Tomato,2026-05-03,Other,3.1,1000.0,2000.0,1500.0
Maharashtra,Sangamner APMC,Tomato,2026-05-03,Other,101.0,500.0,2000.0,1250.0
Maharashtra,Satara APMC,Tomato,2026-05-03,Other,6.7,1000.0,3000.0,2000.0
Maharashtra,Shrirampur APMC,Tomato,2026-05-03,Other,3.1,1000.0,1500.0,1250.0
Maharashtra,Vadgaonpeth APMC,Tomato,2026-05-03,Local,7.0,1200.0,2500.0,1800.0
Maharashtra,Vai APMC,Tomato,2026-05-03,Local,12.0,1500.0,3500.0,2500.0
Maharashtra,Akluj APMC,Tomato,2026-05-04,Local,2.5,1000.0,2000.0,1500.0
Maharashtra,Amrawati(Frui & Veg. Market) APMC,Tomato,2026-05-04,Local,34.6,1500.0,2000.0,1750.0
Maharashtra,Chandrapur(Ganjwad) APMC,Tomato,2026-05-04,Other,41.4,1200.0,2000.0,1600.0
Maharashtra,Chattrapati Sambhajinagar APMC,Tomato,2026-05-04,Other,13.0,800.0,2000.0,1400.0
Maharashtra,HINGNA - APMC,Tomato,2026-05-04,Local,18.5,500.0,2500.0,1567.0
Maharashtra,Jalgaon APMC,Tomato,2026-05-04,Other,10.0,1000.0,1500.0,1200.0
Maharashtra,Kamthi APMC,Tomato,2026-05-04,Local,3.8,2040.0,2540.0,2290.0
Maharashtra,Karad APMC,Tomato,2026-05-04,Other,3.9,1500.0,2000.0,2000.0
Maharashtra,Kolhapur APMC,Tomato,2026-05-04,Other,22.5,1500.0,2500.0,2000.0
Maharashtra,Mangal Wedha APMC,Tomato,2026-05-04,Local,5.3,600.0,3600.0,2700.0
Maharashtra,Mumbai APMC,Tomato,2026-05-04,Other,80.0,1600.0,2400.0,2000.0
Maharashtra,Nagpur APMC,Tomato,2026-05-04,Local,75.0,1500.0,2000.0,1875.0
Maharashtra,Nagpur APMC,Tomato,2026-05-04,Other,75.0,1500.0,2200.0,2025.0
Maharashtra,Nasik APMC,Tomato,2026-05-04,Other,173.4,300.0,2005.0,1050.0
Maharashtra,Panvel APMC,Tomato,2026-05-04,Other,57.7,3500.0,4000.0,3750.0
Maharashtra,Patan APMC,Tomato,2026-05-04,Other,0.3,1500.0,2000.0,1750.0
Maharashtra,Pimpalgaon Baswant APMC,Tomato,2026-05-04,Other,482.3,300.0,2005.0,1405.0
Maharashtra,Pune APMC,Tomato,2026-05-04,Local,178.1,1000.0,2000.0,1500.0
Maharashtra,Pune(Manjri) APMC,Tomato,2026-05-04,Other,62.2,1500.0,2500.0,2000.0
Maharashtra,Pune(Moshi) APMC,Tomato,2026-05-04,Local,52.6,1000.0,1500.0,1250.0
Maharashtra,Pune(Pimpri) APMC,Tomato,2026-05-04,Local,0.3,2000.0,2000.0,2000.0
Maharashtra,Rahuri APMC,Tomato,2026-05-04,Other,3.9,1000.0,2000.0,1500.0
Maharashtra,SHRI.SIDDHESHWAR  APMC,Tomato,2026-05-04,Other,40.1,500.0,2200.0,1400.0
Maharashtra,Sangamner APMC,Tomato,2026-05-04,Other,105.0,500.0,2250.0,1375.0
Maharashtra,Satara APMC,Tomato,2026-05-04,Other,4.7,1000.0,2000.0,1500.0
Maharashtra,Shrirampur APMC,Tomato,2026-05-04,Other,2.5,800.0,1200.0,1000.0
Maharashtra,Vai APMC,Tomato,2026-05-04,Local,12.0,2000.0,3500.0,2500.0
Maharashtra,Vita APMC,Tomato,2026-05-04,Other,6.0,1000.0,2000.0,1500.0
Maharashtra,Amrawati(Frui & Veg. Market) APMC,Tomato,2026-05-05,Local,36.9,1400.0,2000.0,1700.0
Maharashtra,Bhusaval APMC,Tomato,2026-05-05,Other,2.8,1200.0,1800.0,1500.0
Maharashtra,Chattrapati Sambhajinagar APMC,Tomato,2026-05-05,Other,11.2,1200.0,2200.0,1600.0
Maharashtra,HINGNA - APMC,Tomato,2026-05-05,Local,8.2,500.0,2000.0,1585.0
Maharashtra,Islampur APMC,Tomato,2026-05-05,Other,11.3,1500.0,2500.0,2000.0
Maharashtra,Jalgaon APMC,Tomato,2026-05-05,Other,6.4,1000.0,2000.0,1500.0
Maharashtra,Junnar(Narayangaon) APMC,Tomato,2026-05-05,Local,478.7,1000.0,2375.0,2000.0
Maharashtra,Kalmeshwar APMC,Tomato,2026-05-05,Other,1.0,2020.0,2500.0,2340.0
Maharashtra,Kamthi APMC,Tomato,2026-05-05,Local,0.4,2060.0,2560.0,2310.0
Maharashtra,Karad APMC,Tomato,2026-05-05,Other,2.7,1500.0,2500.0,2500.0
Maharashtra,Khed(Chakan) APMC,Tomato,2026-05-05,Other,30.2,1500.0,2500.0,2000.0
Maharashtra,Kolhapur APMC,Tomato,2026-05-05,Other,18.5,1500.0,2500.0,2000.0
Maharashtra,Mumbai APMC,Tomato,2026-05-05,Other,177.7,1800.0,2800.0,2300.0
Maharashtra,Nagpur APMC,Tomato,2026-05-05,Local,50.0,2000.0,2500.0,2375.0
Maharashtra,Nagpur APMC,Tomato,2026-05-05,Other,50.0,2000.0,2500.0,2375.0
Maharashtra,Nasik APMC,Tomato,2026-05-05,Other,195.8,300.0,1875.0,900.0
Maharashtra,Navapur APMC,Tomato,2026-05-05,Other,21.0,900.0,2500.0,1348.0
Maharashtra,Palus APMC,Tomato,2026-05-05,Other,1.0,1200.0,1500.0,1400.0
Maharashtra,Panvel APMC,Tomato,2026-05-05,Other,94.0,3000.0,4000.0,3500.0
Maharashtra,Patan APMC,Tomato,2026-05-05,Other,0.7,1500.0,2000.0,1750.0
Maharashtra,Phaltan APMC,Tomato,2026-05-05,Other,5.6,750.0,3000.0,1871.0
Maharashtra,Pimpalgaon Baswant APMC,Tomato,2026-05-05,Other,260.9,300.0,1905.0,1255.0
Maharashtra,Pune APMC,Tomato,2026-05-05,Local,215.6,1000.0,1800.0,1400.0
Maharashtra,Pune(Manjri) APMC,Tomato,2026-05-05,Other,47.7,1000.0,3000.0,2000.0
Maharashtra,Pune(Moshi) APMC,Tomato,2026-05-05,Local,47.0,900.0,1000.0,950.0
Maharashtra,Pune(Pimpri) APMC,Tomato,2026-05-05,Local,1.2,1400.0,2500.0,1950.0
Maharashtra,Rahuri APMC,Tomato,2026-05-05,Other,6.6,500.0,2000.0,1250.0
Maharashtra,Ramtek APMC,Tomato,2026-05-05,Other,1.8,1000.0,2000.0,1500.0
Maharashtra,SHRI.SIDDHESHWAR  APMC,Tomato,2026-05-05,Other,29.2,500.0,2100.0,1400.0
Maharashtra,Sangamner APMC,Tomato,2026-05-05,Other,90.0,500.0,2500.0,1500.0
Maharashtra,Satara APMC,Tomato,2026-05-05,Other,4.3,2000.0,3000.0,2500.0
Maharashtra,Vadgaonpeth APMC,Tomato,2026-05-05,Local,5.0,1300.0,2000.0,1600.0
Maharashtra,AGRICULTURE PRODUCE MARKET COMITEE CHANDWAD,Tomato,2026-05-06,Local,2.2,500.0,1755.0,1125.0
Maharashtra,Amrawati(Frui & Veg. Market) APMC,Tomato,2026-05-06,Local,33.8,1500.0,2000.0,1750.0
Maharashtra,Bhusaval APMC,Tomato,2026-05-06,Other,4.3,1000.0,2000.0,1500.0
Maharashtra,Chandrapur(Ganjwad) APMC,Tomato,2026-05-06,Other,53.0,800.0,1600.0,1200.0
Maharashtra,Chattrapati Sambhajinagar APMC,Tomato,2026-05-06,Other,8.1,600.0,2000.0,1300.0
Maharashtra,Ghoti APMC,Tomato,2026-05-06,Other,93.5,1500.0,2800.0,1800.0
Maharashtra,HINGNA - APMC,Tomato,2026-05-06,Local,5.6,1000.0,3600.0,1802.0
Maharashtra,Jalgaon APMC,Tomato,2026-05-06,Other,10.5,1000.0,2500.0,1750.0
Maharashtra,Junnar(Narayangaon) APMC,Tomato,2026-05-06,Local,439.5,1000.0,2250.0,1750.0
Maharashtra,Kalmeshwar APMC,Tomato,2026-05-06,Other,1.4,2015.0,2500.0,2305.0
Maharashtra,Kamthi APMC,Tomato,2026-05-06,Local,2.9,1510.0,2010.0,1760.0
Maharashtra,Karad APMC,Tomato,2026-05-06,Other,2.4,1000.0,2000.0,2000.0
Maharashtra,Khed(Chakan) APMC,Tomato,2026-05-06,Other,26.4,1000.0,1500.0,1200.0
Maharashtra,Kolhapur APMC,Tomato,2026-05-06,Other,20.6,1500.0,2500.0,2000.0
Maharashtra,Manchar APMC,Tomato,2026-05-06,Other,0.2,700.0,2250.0,1480.0
Maharashtra,Mangal Wedha APMC,Tomato,2026-05-06,Local,6.6,500.0,3500.0,2900.0
Maharashtra,Mumbai APMC,Tomato,2026-05-06,Other,236.6,1600.0,2600.0,2100.0
Maharashtra,Nagpur APMC,Tomato,2026-05-06,Local,55.0,1500.0,2000.0,1875.0
Maharashtra,Nagpur APMC,Tomato,2026-05-06,Other,55.0,1500.0,2500.0,2250.0
Maharashtra,Panvel APMC,Tomato,2026-05-06,Other,78.5,3000.0,4000.0,3500.0
Maharashtra,Patan APMC,Tomato,2026-05-06,Other,0.6,1500.0,2000.0,1750.0
Maharashtra,Phaltan APMC,Tomato,2026-05-06,Other,6.0,750.0,2500.0,1711.0
Maharashtra,Pimpalgaon Baswant APMC,Tomato,2026-05-06,Other,198.5,300.0,1755.0,1105.0
Maharashtra,Pune(Manjri) APMC,Tomato,2026-05-06,Other,51.0,1000.0,3000.0,2000.0
Maharashtra,Pune(Pimpri) APMC,Tomato,2026-05-06,Local,1.1,2000.0,2000.0,2000.0
Maharashtra,Rahuri APMC,Tomato,2026-05-06,Other,2.0,600.0,2500.0,1550.0
Maharashtra,Ramtek APMC,Tomato,2026-05-06,Other,0.9,1000.0,2000.0,1500.0
Maharashtra,Ratnagiri (Nachane) APMC,Tomato,2026-05-06,Other,2.4,1000.0,2600.0,2000.0
Maharashtra,SHRI.SIDDHESHWAR  APMC,Tomato,2026-05-06,Other,23.1,500.0,2500.0,1500.0
Maharashtra,Sangamner APMC,Tomato,2026-05-06,Other,93.0,500.0,2250.0,1375.0
Maharashtra,Satara APMC,Tomato,2026-05-06,Other,9.6,2000.0,3000.0,2500.0
Maharashtra,Shrirampur APMC,Tomato,2026-05-06,Other,3.2,1000.0,1500.0,1250.0
Maharashtra,Vadgaonpeth APMC,Tomato,2026-05-06,Local,4.5,1000.0,2500.0,2000.0
Maharashtra,Vai APMC,Tomato,2026-05-06,Local,12.0,1500.0,3000.0,2200.0
Maharashtra,Akluj APMC,Tomato,2026-05-07,Local,2.7,1000.0,2500.0,1800.0
Maharashtra,Bhusaval APMC,Tomato,2026-05-07,Other,3.6,1000.0,2000.0,1200.0
Maharashtra,Chandrapur(Ganjwad) APMC,Tomato,2026-05-07,Other,49.7,800.0,1600.0,1200.0
Maharashtra,Chattrapati Sambhajinagar APMC,Tomato,2026-05-07,Other,7.0,600.0,2200.0,1400.0
Maharashtra,HINGNA - APMC,Tomato,2026-05-07,Local,6.7,750.0,3000.0,1835.0
Maharashtra,Islampur APMC,Tomato,2026-05-07,Other,6.0,1000.0,2000.0,1550.0
Maharashtra,Jalgaon APMC,Tomato,2026-05-07,Other,7.2,1000.0,2000.0,1500.0
Maharashtra,Junnar(Narayangaon) APMC,Tomato,2026-05-07,Local,490.8,1000.0,2500.0,2000.0
Maharashtra,Kalmeshwar APMC,Tomato,2026-05-07,Other,1.2,2030.0,2500.0,2350.0
Maharashtra,Kamthi APMC,Tomato,2026-05-07,Local,4.7,2030.0,2530.0,2280.0
Maharashtra,Karad APMC,Tomato,2026-05-07,Other,3.9,2000.0,2500.0,2500.0
Maharashtra,Khed(Chakan) APMC,Tomato,2026-05-07,Other,27.2,1500.0,2200.0,1800.0
Maharashtra,Kolhapur APMC,Tomato,2026-05-07,Other,16.1,2000.0,3000.0,2500.0
Maharashtra,Mangal Wedha APMC,Tomato,2026-05-07,Local,5.4,700.0,2700.0,2000.0
Maharashtra,Mumbai APMC,Tomato,2026-05-07,Other,120.5,1000.0,2000.0,1500.0
Maharashtra,Nagpur APMC,Tomato,2026-05-07,Local,60.0,1000.0,2200.0,1900.0
Maharashtra,Nagpur APMC,Tomato,2026-05-07,Other,60.0,2000.0,2500.0,2375.0
Maharashtra,Nasik APMC,Tomato,2026-05-07,Other,207.3,300.0,1900.0,950.0
Maharashtra,Panvel APMC,Tomato,2026-05-07,Other,57.7,3000.0,4000.0,3500.0
Maharashtra,Pimpalgaon Baswant APMC,Tomato,2026-05-07,Other,191.4,300.0,1855.0,1255.0
Maharashtra,Pune(Khadiki) APMC,Tomato,2026-05-07,Local,1.6,800.0,1300.0,1050.0
Maharashtra,Pune(Manjri) APMC,Tomato,2026-05-07,Other,44.6,1500.0,3000.0,2000.0
Maharashtra,Pune(Moshi) APMC,Tomato,2026-05-07,Local,48.9,1000.0,1500.0,1250.0
Maharashtra,Pune(Pimpri) APMC,Tomato,2026-05-07,Local,0.7,2000.0,2200.0,2100.0
Maharashtra,Rahata APMC,Tomato,2026-05-07,Other,7.3,350.0,1500.0,900.0
Maharashtra,Rahuri APMC,Tomato,2026-05-07,Other,8.6,800.0,3000.0,1900.0
Maharashtra,Ramtek APMC,Tomato,2026-05-07,Other,8.4,1000.0,2000.0,1500.0
Maharashtra,Ratnagiri (Nachane) APMC,Tomato,2026-05-07,Other,1.9,1000.0,2600.0,2000.0
Maharashtra,SHRI.SIDDHESHWAR  APMC,Tomato,2026-05-07,Other,19.4,500.0,2500.0,1500.0
Maharashtra,Satara APMC,Tomato,2026-05-07,Other,8.3,2000.0,2500.0,2200.0
Maharashtra,Shrirampur APMC,Tomato,2026-05-07,Other,2.5,1000.0,1500.0,1250.0
Maharashtra,Vadgaonpeth APMC,Tomato,2026-05-07,Local,4.5,1000.0,2100.0,1500.0
Maharashtra,Vita APMC,Tomato,2026-05-07,Other,3.0,2500.0,3000.0,2500.0
Maharashtra,AGRICULTURE PRODUCE MARKET COMITEE CHANDWAD,Tomato,2026-05-08,Local,2.4,500.0,1600.0,1000.0
Maharashtra,Akluj APMC,Tomato,2026-05-08,Local,2.5,1000.0,2000.0,1500.0
Maharashtra,Amrawati(Frui & Veg. Market) APMC,Tomato,2026-05-08,Local,30.9,1500.0,2000.0,1750.0
Maharashtra,Bhusaval APMC,Tomato,2026-05-08,Other,3.8,1000.0,1500.0,1200.0
Maharashtra,Chandrapur(Ganjwad) APMC,Tomato,2026-05-08,Other,40.0,1200.0,1600.0,1400.0
Maharashtra,HINGNA - APMC,Tomato,2026-05-08,Local,5.9,700.0,2250.0,1589.0
Maharashtra,Islampur APMC,Tomato,2026-05-08,Other,14.4,1000.0,2000.0,1550.0
Maharashtra,Junnar(Narayangaon) APMC,Tomato,2026-05-08,Local,410.0,1000.0,2500.0,2000.0
Maharashtra,Kalmeshwar APMC,Tomato,2026-05-08,Other,1.4,2055.0,2500.0,2335.0
Maharashtra,Kamthi APMC,Tomato,2026-05-08,Local,0.7,2030.0,2530.0,2280.0
Maharashtra,Khed(Chakan) APMC,Tomato,2026-05-08,Other,24.6,1500.0,2500.0,2000.0
Maharashtra,Mangal Wedha APMC,Tomato,2026-05-08,Local,3.3,900.0,3600.0,2700.0
Maharashtra,Mumbai APMC,Tomato,2026-05-08,Other,151.6,1600.0,2200.0,1900.0
Maharashtra,Palus APMC,Tomato,2026-05-08,Other,1.3,1500.0,2200.0,1800.0
Maharashtra,Panvel APMC,Tomato,2026-05-08,Other,86.5,3000.0,4000.0,3500.0
Maharashtra,Patan APMC,Tomato,2026-05-08,Other,0.9,1500.0,2000.0,1750.0
Maharashtra,Pimpalgaon Baswant APMC,Tomato,2026-05-08,Other,228.0,300.0,1905.0,1305.0
Maharashtra,Pune(Khadiki) APMC,Tomato,2026-05-08,Local,1.2,700.0,1200.0,950.0
Maharashtra,Pune(Manjri) APMC,Tomato,2026-05-08,Other,45.6,2000.0,3500.0,2500.0
Maharashtra,Pune(Moshi) APMC,Tomato,2026-05-08,Local,32.8,800.0,1000.0,900.0
Maharashtra,Pune(Pimpri) APMC,Tomato,2026-05-08,Local,0.6,1000.0,2200.0,1600.0
Maharashtra,Rahata APMC,Tomato,2026-05-08,Other,1.1,500.0,1500.0,1000.0
Maharashtra,Ratnagiri (Nachane) APMC,Tomato,2026-05-08,Other,2.0,1200.0,2800.0,2500.0
Maharashtra,SHRI.SIDDHESHWAR  APMC,Tomato,2026-05-08,Other,25.3,800.0,3500.0,2500.0
Maharashtra,Sangamner APMC,Tomato,2026-05-08,Other,103.0,500.0,1750.0,1125.0
Maharashtra,Shrirampur APMC,Tomato,2026-05-08,Other,3.3,1000.0,1500.0,1250.0
Maharashtra,Vadgaonpeth APMC,Tomato,2026-05-08,Local,5.5,1200.0,2100.0,1500.0
Maharashtra,Vai APMC,Tomato,2026-05-08,Local,10.0,1500.0,3000.0,2200.0
Maharashtra,Vita APMC,Tomato,2026-05-08,Other,3.0,3000.0,3500.0,3200.0
Maharashtra,AGRICULTURE PRODUCE MARKET COMITEE CHANDWAD,Tomato,2026-05-09,Local,1.8,500.0,1755.0,1000.0
Maharashtra,Akluj APMC,Tomato,2026-05-09,Local,2.2,1000.0,2000.0,1500.0
Maharashtra,Amrawati(Frui & Veg. Market) APMC,Tomato,2026-05-09,Local,34.7,1600.0,2000.0,1800.0
Maharashtra,Bhusaval APMC,Tomato,2026-05-09,Other,2.4,1000.0,1500.0,1200.0
Maharashtra,Chandrapur(Ganjwad) APMC,Tomato,2026-05-09,Other,53.4,1200.0,1600.0,1400.0
Maharashtra,Chattrapati Sambhajinagar APMC,Tomato,2026-05-09,Other,6.6,1000.0,2200.0,1600.0
Maharashtra,HINGNA - APMC,Tomato,2026-05-09,Local,9.0,500.0,2250.0,1512.0
Maharashtra,Jalgaon APMC,Tomato,2026-05-09,Other,8.5,1500.0,2500.0,2000.0
Maharashtra,Kalmeshwar APMC,Tomato,2026-05-09,Other,1.2,2015.0,2500.0,2305.0
Maharashtra,Kamthi APMC,Tomato,2026-05-09,Local,2.6,1520.0,2020.0,1770.0
Maharashtra,Karad APMC,Tomato,2026-05-09,Other,2.7,1000.0,2500.0,2500.0
Maharashtra,Khed(Chakan) APMC,Tomato,2026-05-09,Other,27.0,1500.0,2000.0,1800.0
Maharashtra,Kolhapur APMC,Tomato,2026-05-09,Other,20.1,2000.0,3000.0,2500.0
Maharashtra,Mangal Wedha APMC,Tomato,2026-05-09,Local,2.7,400.0,4000.0,3100.0
Maharashtra,Nagpur APMC,Tomato,2026-05-09,Local,55.0,1500.0,2200.0,2025.0
Maharashtra,Nagpur APMC,Tomato,2026-05-09,Other,55.0,2500.0,3000.0,2875.0
Maharashtra,Panvel APMC,Tomato,2026-05-09,Other,94.0,3000.0,4000.0,3500.0
Maharashtra,Pune(Manjri) APMC,Tomato,2026-05-09,Other,59.7,2000.0,4500.0,3000.0
Maharashtra,Pune(Moshi) APMC,Tomato,2026-05-09,Local,46.2,1000.0,1500.0,1250.0
Maharashtra,Pune(Pimpri) APMC,Tomato,2026-05-09,Local,0.5,2000.0,2200.0,2100.0
Maharashtra,Rahata APMC,Tomato,2026-05-09,Other,2.3,500.0,2000.0,1250.0
Maharashtra,Rahuri APMC,Tomato,2026-05-09,Other,4.5,1500.0,2200.0,1850.0
Maharashtra,Ramtek APMC,Tomato,2026-05-09,Other,1.4,1000.0,2000.0,1500.0
Maharashtra,SHRI.SIDDHESHWAR  APMC,Tomato,2026-05-09,Other,26.2,700.0,3000.0,1700.0
Maharashtra,Satara APMC,Tomato,2026-05-09,Other,9.6,2000.0,2500.0,2200.0
Maharashtra,Shrirampur APMC,Tomato,2026-05-09,Other,2.4,1000.0,1500.0,1250.0
Maharashtra,Vadgaonpeth APMC,Tomato,2026-05-09,Local,4.6,800.0,1800.0,1200.0
Maharashtra,Vai APMC,Tomato,2026-05-09,Local,12.0,2000.0,3500.0,2700.0
Maharashtra,Ahilyanagar APMC,Tomato,2026-05-10,Other,19.7,500.0,2200.0,1350.0
Maharashtra,Akluj APMC,Tomato,2026-05-10,Local,2.1,1000.0,2300.0,1600.0
Maharashtra,Amrawati(Frui & Veg. Market) APMC,Tomato,2026-05-10,Local,36.9,1800.0,2000.0,1900.0
Maharashtra,Bhusaval APMC,Tomato,2026-05-10,Other,7.5,1000.0,1500.0,1200.0
Maharashtra,Chattrapati Sambhajinagar APMC,Tomato,2026-05-10,Other,6.5,1200.0,3000.0,2100.0
Maharashtra,Islampur APMC,Tomato,2026-05-10,Other,6.2,1400.0,2500.0,2000.0
Maharashtra,Junnar(Narayangaon) APMC,Tomato,2026-05-10,Local,378.5,1000.0,2750.0,2250.0
Maharashtra,Kalmeshwar APMC,Tomato,2026-05-10,Other,1.5,2025.0,2500.0,2315.0
Maharashtra,Kamthi APMC,Tomato,2026-05-10,Local,5.6,2060.0,2560.0,2310.0
Maharashtra,Karad APMC,Tomato,2026-05-10,Other,3.0,1000.0,1500.0,1500.0
Maharashtra,Khed(Chakan) APMC,Tomato,2026-05-10,Other,29.3,1500.0,2500.0,2000.0
Maharashtra,Kolhapur APMC,Tomato,2026-05-10,Other,9.6,1800.0,3000.0,2400.0
Maharashtra,Manchar APMC,Tomato,2026-05-10,Other,0.5,2000.0,5000.0,3550.0
Maharashtra,Mangal Wedha APMC,Tomato,2026-05-10,Local,4.4,500.0,3100.0,2700.0
Maharashtra,Nasik APMC,Tomato,2026-05-10,Other,166.4,300.0,2125.0,1050.0
Maharashtra,Panvel APMC,Tomato,2026-05-10,Other,57.5,3500.0,4000.0,3750.0
Maharashtra,Phaltan APMC,Tomato,2026-05-10,Other,6.0,500.0,3000.0,1536.0
Maharashtra,Pimpalgaon Baswant APMC,Tomato,2026-05-10,Other,60.1,300.0,2055.0,1755.0
Maharashtra,Pune APMC,Tomato,2026-05-10,Local,207.8,1000.0,2500.0,1750.0
Maharashtra,Pune(Manjri) APMC,Tomato,2026-05-10,Other,56.0,1700.0,3500.0,2500.0
Maharashtra,Pune(Moshi) APMC,Tomato,2026-05-10,Local,52.9,900.0,1500.0,1200.0
Maharashtra,Pune(Pimpri) APMC,Tomato,2026-05-10,Local,2.4,1500.0,2100.0,1800.0
Maharashtra,Rahata APMC,Tomato,2026-05-10,Other,4.2,500.0,2250.0,1400.0
Maharashtra,Rahuri APMC,Tomato,2026-05-10,Other,4.2,800.0,2000.0,1400.0
Maharashtra,Ramtek APMC,Tomato,2026-05-10,Other,3.6,1000.0,2000.0,1500.0
Maharashtra,Sangamner APMC,Tomato,2026-05-10,Other,155.0,500.0,2250.0,1375.0
Maharashtra,Satara APMC,Tomato,2026-05-10,Other,9.0,2000.0,2500.0,2200.0
Maharashtra,Shrirampur APMC,Tomato,2026-05-10,Other,3.5,1000.0,1500.0,1250.0
Maharashtra,Vadgaonpeth APMC,Tomato,2026-05-10,Local,5.0,1500.0,2500.0,2000.0
Maharashtra,Vai APMC,Tomato,2026-05-10,Local,12.0,2000.0,3500.0,2800.0
Maharashtra,Ahilyanagar APMC,Tomato,2026-05-11,Other,25.3,800.0,2200.0,1500.0
Maharashtra,Akluj APMC,Tomato,2026-05-11,Local,1.5,1500.0,3000.0,2500.0
Maharashtra,Amrawati(Frui & Veg. Market) APMC,Tomato,2026-05-11,Local,37.8,1600.0,2000.0,1800.0
Maharashtra,Chattrapati Sambhajinagar APMC,Tomato,2026-05-11,Other,8.0,1500.0,2500.0,2000.0
Maharashtra,HINGNA - APMC,Tomato,2026-05-11,Local,14.8,750.0,3000.0,1990.0
Maharashtra,Jalgaon APMC,Tomato,2026-05-11,Other,5.5,1000.0,2500.0,1800.0
Maharashtra,Junnar(Narayangaon) APMC,Tomato,2026-05-11,Local,380.3,1000.0,2750.0,2250.0
Maharashtra,Kamthi APMC,Tomato,2026-05-11,Local,2.4,2060.0,2560.0,2310.0
Maharashtra,Karad APMC,Tomato,2026-05-11,Other,6.0,1500.0,2500.0,2500.0
Maharashtra,Kolhapur APMC,Tomato,2026-05-11,Other,25.9,2000.0,3000.0,2500.0
Maharashtra,Manchar APMC,Tomato,2026-05-11,Other,0.5,1000.0,4560.0,2790.0
Maharashtra,Mangal Wedha APMC,Tomato,2026-05-11,Local,7.2,400.0,3400.0,2900.0
Maharashtra,Mumbai APMC,Tomato,2026-05-11,Other,168.2,1800.0,2400.0,2100.0
Maharashtra,Nagpur APMC,Tomato,2026-05-11,Local,55.0,1700.0,2500.0,2300.0
Maharashtra,Nasik APMC,Tomato,2026-05-11,Other,162.8,300.0,2150.0,1150.0
Maharashtra,Panvel APMC,Tomato,2026-05-11,Other,86.0,4000.0,5000.0,4500.0
Maharashtra,Patan APMC,Tomato,2026-05-11,Other,0.9,1500.0,2000.0,1750.0
Maharashtra,Pimpalgaon Baswant APMC,Tomato,2026-05-11,Other,236.5,300.0,2105.0,1655.0
Maharashtra,Pune APMC,Tomato,2026-05-11,Local,150.2,400.0,2700.0,1550.0
Maharashtra,Pune(Manjri) APMC,Tomato,2026-05-11,Other,52.0,1500.0,3500.0,2500.0
Maharashtra,Pune(Moshi) APMC,Tomato,2026-05-11,Local,38.0,1000.0,1500.0,1250.0
Maharashtra,Pune(Pimpri) APMC,Tomato,2026-05-11,Local,0.4,2000.0,2100.0,2050.0
Maharashtra,Rahuri APMC,Tomato,2026-05-11,Other,3.0,500.0,2000.0,1250.0
Maharashtra,Ratnagiri (Nachane) APMC,Tomato,2026-05-11,Other,2.0,1500.0,2800.0,2500.0
Maharashtra,SHRI.SIDDHESHWAR  APMC,Tomato,2026-05-11,Other,34.7,500.0,2500.0,1500.0
Maharashtra,Sangamner APMC,Tomato,2026-05-11,Other,185.0,500.0,2500.0,1500.0
Maharashtra,Satara APMC,Tomato,2026-05-11,Other,4.0,2000.0,2500.0,2200.0
Maharashtra,Shrirampur APMC,Tomato,2026-05-11,Other,2.7,1000.0,1500.0,1250.0
Maharashtra,Vita APMC,Tomato,2026-05-11,Other,6.0,2000.0,3000.0,2500.0
Maharashtra,Amrawati(Frui & Veg. Market) APMC,Tomato,2026-05-12,Local,34.9,1500.0,2000.0,1750.0
Maharashtra,Bhusaval APMC,Tomato,2026-05-12,Other,2.1,1000.0,1500.0,1200.0
Maharashtra,Chattrapati Sambhajinagar APMC,Tomato,2026-05-12,Other,7.9,1300.0,2500.0,1750.0
Maharashtra,HINGNA - APMC,Tomato,2026-05-12,Local,6.2,1000.0,3000.0,2080.0
Maharashtra,Islampur APMC,Tomato,2026-05-12,Other,10.5,2000.0,2500.0,2250.0
Maharashtra,Jalgaon APMC,Tomato,2026-05-12,Other,5.3,1000.0,2500.0,1800.0
Maharashtra,Junnar(Narayangaon) APMC,Tomato,2026-05-12,Local,353.1,1000.0,2500.0,2000.0
Maharashtra,Kalmeshwar APMC,Tomato,2026-05-12,Other,1.2,2015.0,2500.0,2325.0
Maharashtra,Kamthi APMC,Tomato,2026-05-12,Local,2.4,2060.0,2560.0,2310.0
Maharashtra,Karad APMC,Tomato,2026-05-12,Other,7.8,1500.0,2300.0,2300.0
Maharashtra,Khed(Chakan) APMC,Tomato,2026-05-12,Other,30.6,1500.0,2500.0,2000.0
Maharashtra,Kolhapur APMC,Tomato,2026-05-12,Other,25.5,2000.0,3000.0,2500.0
Maharashtra,Mumbai APMC,Tomato,2026-05-12,Other,170.8,2000.0,2400.0,2200.0
Maharashtra,Nagpur APMC,Tomato,2026-05-12,Local,50.0,1700.0,2500.0,2300.0
Maharashtra,Nagpur APMC,Tomato,2026-05-12,Other,50.0,2000.0,3500.0,3125.0
Maharashtra,Nasik APMC,Tomato,2026-05-12,Other,214.4,300.0,2255.0,1300.0
Maharashtra,Navapur APMC,Tomato,2026-05-12,Other,5.4,1800.0,1900.0,1835.0
Maharashtra,Palus APMC,Tomato,2026-05-12,Other,1.2,1500.0,2200.0,1800.0
Maharashtra,Panvel APMC,Tomato,2026-05-12,Other,68.1,3000.0,4000.0,3500.0
Maharashtra,Patan APMC,Tomato,2026-05-12,Other,0.9,1500.0,2000.0,1750.0
Maharashtra,Phaltan APMC,Tomato,2026-05-12,Other,6.0,750.0,3000.0,1739.0
Maharashtra,Pimpalgaon Baswant APMC,Tomato,2026-05-12,Other,263.7,300.0,2255.0,1705.0
Maharashtra,Pune APMC,Tomato,2026-05-12,Local,180.1,1000.0,3000.0,2000.0
Maharashtra,Pune(Manjri) APMC,Tomato,2026-05-12,Other,48.6,1500.0,3500.0,2000.0
Maharashtra,Pune(Moshi) APMC,Tomato,2026-05-12,Local,50.8,1500.0,2000.0,1750.0
Maharashtra,Pune(Pimpri) APMC,Tomato,2026-05-12,Local,0.1,2300.0,2300.0,2300.0
Maharashtra,Rahata APMC,Tomato,2026-05-12,Other,6.0,500.0,2000.0,1250.0
Maharashtra,Rahuri APMC,Tomato,2026-05-12,Other,4.1,1000.0,2000.0,1500.0
Maharashtra,Ramtek APMC,Tomato,2026-05-12,Other,0.3,1000.0,2000.0,1500.0
Maharashtra,SHRI.SIDDHESHWAR  APMC,Tomato,2026-05-12,Other,33.6,400.0,2200.0,1500.0
Maharashtra,Sangamner APMC,Tomato,2026-05-12,Other,225.0,500.0,2000.0,1250.0
Maharashtra,Satara APMC,Tomato,2026-05-12,Other,6.5,2000.0,3000.0,2500.0
Maharashtra,Vadgaonpeth APMC,Tomato,2026-05-12,Local,3.0,1800.0,2600.0,2000.0
Maharashtra,Vai APMC,Tomato,2026-05-12,Local,12.0,1500.0,3000.0,2200.0
Maharashtra,Vita APMC,Tomato,2026-05-12,Other,5.0,2500.0,3000.0,2800.0
Maharashtra,Akluj APMC,Tomato,2026-05-13,Local,2.5,1000.0,3000.0,1500.0
Maharashtra,Amrawati(Frui & Veg. Market) APMC,Tomato,2026-05-13,Local,24.9,2000.0,2500.0,2250.0
Maharashtra,Bhusaval APMC,Tomato,2026-05-13,Other,1.1,1200.0,1600.0,1500.0
Maharashtra,Chandrapur(Ganjwad) APMC,Tomato,2026-05-13,Other,30.8,1500.0,3000.0,2000.0
Maharashtra,Chattrapati Sambhajinagar APMC,Tomato,2026-05-13,Other,8.3,1500.0,2500.0,2000.0
Maharashtra,HINGNA - APMC,Tomato,2026-05-13,Local,7.2,1250.0,3500.0,2735.0
Maharashtra,Jalgaon APMC,Tomato,2026-05-13,Other,7.0,1500.0,2500.0,2000.0
Maharashtra,Junnar(Narayangaon) APMC,Tomato,2026-05-13,Local,443.2,1000.0,2500.0,2000.0
Maharashtra,Kalmeshwar APMC,Tomato,2026-05-13,Other,1.3,2010.0,2500.0,2320.0
Maharashtra,Kalyan APMC,Tomato,2026-05-13,Other,0.3,1800.0,2500.0,2150.0
Maharashtra,Kamthi APMC,Tomato,2026-05-13,Local,1.3,2060.0,2560.0,2310.0
Maharashtra,Karad APMC,Tomato,2026-05-13,Other,3.0,2700.0,3000.0,3000.0
Maharashtra,Khed(Chakan) APMC,Tomato,2026-05-13,Other,26.4,1000.0,2500.0,1500.0
Maharashtra,Kolhapur APMC,Tomato,2026-05-13,Other,21.4,2000.0,3000.0,2500.0
Maharashtra,Manchar APMC,Tomato,2026-05-13,Other,0.1,1300.0,4500.0,2860.0
Maharashtra,Mangal Wedha APMC,Tomato,2026-05-13,Local,5.7,500.0,3300.0,2700.0
Maharashtra,Mumbai APMC,Tomato,2026-05-13,Other,170.2,1800.0,2400.0,2100.0
Maharashtra,Nagpur APMC,Tomato,2026-05-13,Local,45.0,2000.0,3500.0,3125.0
Maharashtra,Nagpur APMC,Tomato,2026-05-13,Other,45.0,2000.0,3500.0,3125.0
Maharashtra,Nasik APMC,Tomato,2026-05-13,Other,172.2,300.0,2375.0,1300.0
Maharashtra,Panvel APMC,Tomato,2026-05-13,Other,87.0,3000.0,4000.0,3500.0
Maharashtra,Patan APMC,Tomato,2026-05-13,Other,0.9,1500.0,2000.0,1750.0
Maharashtra,Phaltan APMC,Tomato,2026-05-13,Other,6.7,750.0,3000.0,1750.0
Maharashtra,Pimpalgaon Baswant APMC,Tomato,2026-05-13,Other,203.0,300.0,2355.0,1755.0
Maharashtra,Pune APMC,Tomato,2026-05-13,Local,144.0,1000.0,3000.0,2000.0
Maharashtra,Pune(Khadiki) APMC,Tomato,2026-05-13,Local,1.0,700.0,1200.0,950.0
Maharashtra,Pune(Manjri) APMC,Tomato,2026-05-13,Other,43.9,2000.0,4500.0,3000.0
Maharashtra,Pune(Pimpri) APMC,Tomato,2026-05-13,Local,0.5,2000.0,2400.0,2200.0
Maharashtra,Rahata APMC,Tomato,2026-05-13,Other,3.0,1000.0,2000.0,1500.0
Maharashtra,Ramtek APMC,Tomato,2026-05-13,Other,0.1,1000.0,2000.0,1500.0
Maharashtra,SHRI.SIDDHESHWAR  APMC,Tomato,2026-05-13,Other,21.6,400.0,3000.0,1800.0
Maharashtra,Sangamner APMC,Tomato,2026-05-13,Other,245.0,500.0,2350.0,1425.0
Maharashtra,Satara APMC,Tomato,2026-05-13,Other,4.8,2000.0,3000.0,2500.0
Maharashtra,Shrirampur APMC,Tomato,2026-05-13,Other,3.0,1000.0,2000.0,1500.0
Maharashtra,Vadgaonpeth APMC,Tomato,2026-05-13,Local,5.8,1400.0,2100.0,1900.0
Maharashtra,Vai APMC,Tomato,2026-05-13,Local,7.0,1500.0,3000.0,2200.0
Maharashtra,AGRICULTURE PRODUCE MARKET COMITEE CHANDWAD,Tomato,2026-05-14,Local,2.3,500.0,1755.0,1375.0
Maharashtra,Akluj APMC,Tomato,2026-05-14,Local,1.8,1500.0,3000.0,2500.0
Maharashtra,Bhusaval APMC,Tomato,2026-05-14,Other,2.3,1500.0,2200.0,2000.0
Maharashtra,Chandrapur(Ganjwad) APMC,Tomato,2026-05-14,Other,30.0,1500.0,3000.0,2000.0
Maharashtra,Chattrapati Sambhajinagar APMC,Tomato,2026-05-14,Other,8.8,1500.0,2500.0,2000.0
Maharashtra,Ghoti APMC,Tomato,2026-05-14,Other,92.0,1800.0,3300.0,2200.0
Maharashtra,HINGNA - APMC,Tomato,2026-05-14,Local,3.7,500.0,3500.0,2106.0
Maharashtra,Jalgaon APMC,Tomato,2026-05-14,Other,3.4,1500.0,3500.0,2500.0
Maharashtra,Junnar(Narayangaon) APMC,Tomato,2026-05-14,Local,416.5,1500.0,3000.0,2500.0
Maharashtra,Kalmeshwar APMC,Tomato,2026-05-14,Other,1.2,2015.0,2500.0,2305.0
Maharashtra,Kalyan APMC,Tomato,2026-05-14,Other,0.3,2500.0,2700.0,2600.0
Maharashtra,Kamthi APMC,Tomato,2026-05-14,Local,5.9,2520.0,3020.0,2770.0
Maharashtra,Karad APMC,Tomato,2026-05-14,Other,1.8,1000.0,2000.0,2000.0
Maharashtra,Khed(Chakan) APMC,Tomato,2026-05-14,Other,29.5,1500.0,2200.0,1800.0
Maharashtra,Kolhapur APMC,Tomato,2026-05-14,Other,9.0,2000.0,3000.0,2500.0
Maharashtra,Manchar APMC,Tomato,2026-05-14,Other,0.5,1000.0,4600.0,2850.0
Maharashtra,Mangal Wedha APMC,Tomato,2026-05-14,Local,3.7,500.0,2900.0,2500.0
Maharashtra,Mumbai APMC,Tomato,2026-05-14,Other,126.7,2000.0,2600.0,2300.0
Maharashtra,Nagpur APMC,Tomato,2026-05-14,Local,55.0,2000.0,3000.0,2750.0
Maharashtra,Nagpur APMC,Tomato,2026-05-14,Other,55.0,2000.0,3200.0,2900.0
Maharashtra,Nasik APMC,Tomato,2026-05-14,Other,164.8,300.0,2555.0,1400.0
Maharashtra,Pandharpur APMC,Tomato,2026-05-14,Other,1.4,500.0,3200.0,2000.0
Maharashtra,Panvel APMC,Tomato,2026-05-14,Other,68.4,4000.0,5000.0,4500.0
Maharashtra,Phaltan APMC,Tomato,2026-05-14,Other,3.0,500.0,3000.0,1825.0
Maharashtra,Pimpalgaon Baswant APMC,Tomato,2026-05-14,Other,123.7,300.0,2655.0,2055.0
Maharashtra,Pune APMC,Tomato,2026-05-14,Local,133.9,1000.0,3000.0,2000.0
Maharashtra,Pune(Khadiki) APMC,Tomato,2026-05-14,Local,1.6,800.0,1200.0,1000.0
Maharashtra,Pune(Manjri) APMC,Tomato,2026-05-14,Other,45.3,2500.0,5000.0,3500.0
Maharashtra,Pune(Pimpri) APMC,Tomato,2026-05-14,Local,0.3,1200.0,2500.0,1850.0
Maharashtra,Rahata APMC,Tomato,2026-05-14,Other,7.5,500.0,2000.0,1250.0
Maharashtra,Rahuri APMC,Tomato,2026-05-14,Other,5.3,1000.0,2500.0,1750.0
Maharashtra,Ramtek APMC,Tomato,2026-05-14,Other,2.8,2000.0,3000.0,2500.0
Maharashtra,SHRI.SIDDHESHWAR  APMC,Tomato,2026-05-14,Other,40.5,500.0,2500.0,1600.0
Maharashtra,Sangamner APMC,Tomato,2026-05-14,Other,185.0,500.0,2000.0,1250.0
Maharashtra,Satara APMC,Tomato,2026-05-14,Other,7.4,2000.0,4000.0,3000.0
Maharashtra,Shrirampur APMC,Tomato,2026-05-14,Other,2.5,1000.0,1500.0,1250.0
Maharashtra,Vadgaonpeth APMC,Tomato,2026-05-14,Local,14.0,1000.0,3500.0,2000.0
Maharashtra,Vai APMC,Tomato,2026-05-14,Local,12.0,1500.0,3000.0,2250.0
Maharashtra,Vita APMC,Tomato,2026-05-14,Other,4.0,3500.0,4000.0,3750.0
Maharashtra,AGRICULTURE PRODUCE MARKET COMITEE CHANDWAD,Tomato,2026-05-15,Local,1.7,1100.0,2425.0,1750.0
Maharashtra,Akluj APMC,Tomato,2026-05-15,Local,2.3,1000.0,2500.0,2000.0
Maharashtra,Amrawati(Frui & Veg. Market) APMC,Tomato,2026-05-15,Local,24.9,1800.0,2400.0,2100.0
Maharashtra,Bhusaval APMC,Tomato,2026-05-15,Other,3.0,1000.0,1500.0,1200.0
Maharashtra,Chandrapur(Ganjwad) APMC,Tomato,2026-05-15,Other,22.0,2000.0,3500.0,2500.0
Maharashtra,HINGNA - APMC,Tomato,2026-05-15,Local,7.5,500.0,3500.0,2194.0
Maharashtra,Islampur APMC,Tomato,2026-05-15,Other,3.7,1500.0,2000.0,1700.0
Maharashtra,Jalgaon APMC,Tomato,2026-05-15,Other,3.4,1500.0,3500.0,2500.0
Maharashtra,Junnar(Narayangaon) APMC,Tomato,2026-05-15,Local,344.0,1500.0,3000.0,2500.0
Maharashtra,Kalmeshwar APMC,Tomato,2026-05-15,Other,1.3,2020.0,2500.0,2340.0
Maharashtra,Kamthi APMC,Tomato,2026-05-15,Local,1.7,2520.0,3020.0,2770.0
Maharashtra,Khed(Chakan) APMC,Tomato,2026-05-15,Other,22.5,1500.0,2200.0,1800.0
Maharashtra,Mangal Wedha APMC,Tomato,2026-05-15,Local,4.7,500.0,3000.0,2200.0
Maharashtra,Mumbai APMC,Tomato,2026-05-15,Other,173.0,2000.0,2600.0,2300.0
Maharashtra,Nasik APMC,Tomato,2026-05-15,Other,171.6,350.0,3005.0,1500.0
Maharashtra,Navapur APMC,Tomato,2026-05-15,Other,18.0,1250.0,3000.0,2042.0
Maharashtra,Pandharpur APMC,Tomato,2026-05-15,Other,1.2,800.0,4200.0,2500.0
Maharashtra,Panvel APMC,Tomato,2026-05-15,Other,63.8,4000.0,5000.0,4500.0
Maharashtra,Patan APMC,Tomato,2026-05-15,Other,0.6,1500.0,2000.0,1750.0
Maharashtra,Pimpalgaon Baswant APMC,Tomato,2026-05-15,Other,186.0,500.0,3155.0,2505.0
Maharashtra,Pune APMC,Tomato,2026-05-15,Local,254.6,1000.0,3000.0,2000.0
Maharashtra,Pune(Manjri) APMC,Tomato,2026-05-15,Other,49.5,1500.0,3500.0,2500.0
Maharashtra,Pune(Pimpri) APMC,Tomato,2026-05-15,Local,0.1,2000.0,2000.0,2000.0
Maharashtra,Rahata APMC,Tomato,2026-05-15,Other,1.8,500.0,2000.0,1250.0
Maharashtra,Ratnagiri (Nachane) APMC,Tomato,2026-05-15,Other,1.8,2300.0,2800.0,2500.0
Maharashtra,SHRI.SIDDHESHWAR  APMC,Tomato,2026-05-15,Other,19.3,500.0,2500.0,1600.0
Maharashtra,Sangamner APMC,Tomato,2026-05-15,Other,260.0,500.0,2500.0,1500.0
Maharashtra,Shrirampur APMC,Tomato,2026-05-15,Other,2.5,1000.0,1500.0,1250.0
Maharashtra,Vadgaonpeth APMC,Tomato,2026-05-15,Local,4.5,1500.0,3500.0,2000.0
Maharashtra,Vita APMC,Tomato,2026-05-15,Other,5.0,3500.0,4000.0,3850.0
Maharashtra,AGRICULTURE PRODUCE MARKET COMITEE CHANDWAD,Tomato,2026-05-16,Local,4.1,575.0,2600.0,1855.0
Maharashtra,Ahilyanagar APMC,Tomato,2026-05-16,Other,27.2,500.0,2500.0,1500.0
Maharashtra,Amrawati(Frui & Veg. Market) APMC,Tomato,2026-05-16,Local,27.0,1600.0,2400.0,2000.0
Maharashtra,Bhusaval APMC,Tomato,2026-05-16,Other,4.7,1000.0,1600.0,1200.0
Maharashtra,Chandrapur(Ganjwad) APMC,Tomato,2026-05-16,Other,37.6,1500.0,3500.0,2500.0
Maharashtra,Chattrapati Sambhajinagar APMC,Tomato,2026-05-16,Other,8.0,1700.0,2200.0,1950.0
Maharashtra,HINGNA - APMC,Tomato,2026-05-16,Local,8.6,750.0,3500.0,2141.0
Maharashtra,Kalmeshwar APMC,Tomato,2026-05-16,Other,1.0,255.0,3000.0,2865.0
Maharashtra,Kamthi APMC,Tomato,2026-05-16,Local,1.7,3520.0,4020.0,3770.0
Maharashtra,Karad APMC,Tomato,2026-05-16,Other,3.0,2500.0,3000.0,3000.0
Maharashtra,Khed(Chakan) APMC,Tomato,2026-05-16,Other,27.4,1500.0,2500.0,2000.0
Maharashtra,Kolhapur APMC,Tomato,2026-05-16,Other,21.5,2000.0,3000.0,2500.0
Maharashtra,Mangal Wedha APMC,Tomato,2026-05-16,Local,2.9,500.0,2900.0,2700.0
Maharashtra,Mumbai APMC,Tomato,2026-05-16,Other,275.6,1400.0,2500.0,1950.0
Maharashtra,Panvel APMC,Tomato,2026-05-16,Other,76.8,4000.0,5000.0,4500.0
Maharashtra,Patan APMC,Tomato,2026-05-16,Other,0.9,1500.0,2000.0,1750.0
Maharashtra,Phaltan APMC,Tomato,2026-05-16,Other,4.0,750.0,3500.0,2064.0
Maharashtra,Pune(Khadiki) APMC,Tomato,2026-05-16,Local,1.6,700.0,1100.0,900.0
Maharashtra,Pune(Manjri) APMC,Tomato,2026-05-16,Other,65.9,1500.0,4000.0,2500.0
Maharashtra,Pune(Moshi) APMC,Tomato,2026-05-16,Local,59.5,2000.0,2500.0,2250.0
Maharashtra,Pune(Pimpri) APMC,Tomato,2026-05-16,Local,0.4,2000.0,2100.0,2050.0
Maharashtra,Rahata APMC,Tomato,2026-05-16,Other,1.8,500.0,2500.0,1500.0
Maharashtra,Rahuri APMC,Tomato,2026-05-16,Other,5.3,500.0,2500.0,1500.0
Maharashtra,Ramtek APMC,Tomato,2026-05-16,Other,1.8,1500.0,2500.0,2000.0
Maharashtra,SHRI.SIDDHESHWAR  APMC,Tomato,2026-05-16,Other,33.8,500.0,3500.0,2200.0
Maharashtra,Sangamner APMC,Tomato,2026-05-16,Other,240.0,500.0,2750.0,1625.0
Maharashtra,Satara APMC,Tomato,2026-05-16,Other,11.0,2000.0,3000.0,2500.0
Maharashtra,Vita APMC,Tomato,2026-05-16,Other,2.5,3500.0,4000.0,3750.0
Maharashtra,AGRICULTURE PRODUCE MARKET COMITEE CHANDWAD,Tomato,2026-05-17,Local,1.9,750.0,2600.0,1750.0
Maharashtra,Ahilyanagar APMC,Tomato,2026-05-17,Other,36.7,500.0,2500.0,1500.0
Maharashtra,Akluj APMC,Tomato,2026-05-17,Local,2.0,1000.0,3000.0,2500.0
Maharashtra,Amrawati(Frui & Veg. Market) APMC,Tomato,2026-05-17,Local,18.0,2000.0,3000.0,2500.0
Maharashtra,Chattrapati Sambhajinagar APMC,Tomato,2026-05-17,Other,8.5,1500.0,2500.0,2000.0
Maharashtra,Islampur APMC,Tomato,2026-05-17,Other,5.8,1000.0,2000.0,1550.0
Maharashtra,Junnar(Narayangaon) APMC,Tomato,2026-05-17,Local,382.0,1000.0,2750.0,1750.0
Maharashtra,Kalmeshwar APMC,Tomato,2026-05-17,Other,1.3,2010.0,2500.0,2330.0
Maharashtra,Kamthi APMC,Tomato,2026-05-17,Local,3.9,3060.0,3560.0,3310.0
Maharashtra,Karad APMC,Tomato,2026-05-17,Other,3.9,2500.0,2800.0,2800.0
Maharashtra,Kolhapur APMC,Tomato,2026-05-17,Other,13.8,1500.0,3000.0,2300.0
Maharashtra,Manchar APMC,Tomato,2026-05-17,Other,0.1,1000.0,4600.0,2850.0
Maharashtra,Mangal Wedha APMC,Tomato,2026-05-17,Local,5.5,500.0,2700.0,2200.0
Maharashtra,Nasik APMC,Tomato,2026-05-17,Other,173.1,300.0,2375.0,1250.0
Maharashtra,Navapur APMC,Tomato,2026-05-17,Other,14.0,1000.0,2500.0,1750.0
Maharashtra,Pimpalgaon Baswant APMC,Tomato,2026-05-17,Other,80.3,500.0,2655.0,2055.0
Maharashtra,Pune APMC,Tomato,2026-05-17,Local,283.5,1000.0,3000.0,2000.0
Maharashtra,Pune(Khadiki) APMC,Tomato,2026-05-17,Local,1.1,700.0,1200.0,950.0
Maharashtra,Pune(Moshi) APMC,Tomato,2026-05-17,Local,54.6,2000.0,3000.0,2500.0
Maharashtra,Pune(Pimpri) APMC,Tomato,2026-05-17,Local,1.2,2000.0,2000.0,2000.0
Maharashtra,Rahata APMC,Tomato,2026-05-17,Other,6.3,500.0,2500.0,1500.0
Maharashtra,Rahuri APMC,Tomato,2026-05-17,Other,4.6,1000.0,2500.0,1750.0
Maharashtra,Ramtek APMC,Tomato,2026-05-17,Other,3.7,1500.0,2500.0,2000.0
Maharashtra,Sangamner APMC,Tomato,2026-05-17,Other,245.0,500.0,2375.0,1437.0
Maharashtra,Satara APMC,Tomato,2026-05-17,Other,9.6,2000.0,3000.0,2500.0
Maharashtra,Shrirampur APMC,Tomato,2026-05-17,Other,3.2,1000.0,1800.0,1400.0
Maharashtra,Vai APMC,Tomato,2026-05-17,Local,12.0,1500.0,3200.0,2400.0
Maharashtra,Vita APMC,Tomato,2026-05-17,Other,3.0,2500.0,3000.0,2800.0
Maharashtra,AGRICULTURE PRODUCE MARKET COMITEE CHANDWAD,Tomato,2026-05-18,Local,3.0,550.0,2250.0,1500.0
Maharashtra,Akluj APMC,Tomato,2026-05-18,Local,2.0,800.0,1500.0,1200.0
Maharashtra,Amrawati(Frui & Veg. Market) APMC,Tomato,2026-05-18,Local,16.8,2200.0,2600.0,2400.0
Maharashtra,Chandrapur(Ganjwad) APMC,Tomato,2026-05-18,Other,47.0,1600.0,2400.0,2000.0
Maharashtra,Chattrapati Sambhajinagar APMC,Tomato,2026-05-18,Other,7.8,1200.0,2000.0,1600.0
Maharashtra,HINGNA - APMC,Tomato,2026-05-18,Local,12.0,500.0,3500.0,2376.0
Maharashtra,Jalgaon APMC,Tomato,2026-05-18,Other,5.2,1500.0,3500.0,2500.0
Maharashtra,Junnar(Narayangaon) APMC,Tomato,2026-05-18,Local,381.5,1000.0,2750.0,1750.0
Maharashtra,Kalyan APMC,Tomato,2026-05-18,Other,0.3,2500.0,3500.0,3000.0
Maharashtra,Kamthi APMC,Tomato,2026-05-18,Local,3.4,3060.0,3560.0,3310.0
Maharashtra,Karad APMC,Tomato,2026-05-18,Other,1.5,2000.0,2500.0,2500.0
Maharashtra,Kolhapur APMC,Tomato,2026-05-18,Other,28.7,1000.0,3000.0,2000.0
Maharashtra,Mangal Wedha APMC,Tomato,2026-05-18,Local,8.2,500.0,2700.0,2500.0
Maharashtra,Mumbai APMC,Tomato,2026-05-18,Other,1227.4,2000.0,2400.0,2200.0
Maharashtra,Nasik APMC,Tomato,2026-05-18,Other,194.6,300.0,2550.0,1300.0
Maharashtra,Pandharpur APMC,Tomato,2026-05-18,Other,1.4,700.0,3700.0,2000.0
Maharashtra,Panvel APMC,Tomato,2026-05-18,Other,79.2,4000.0,5000.0,4500.0
Maharashtra,Patan APMC,Tomato,2026-05-18,Other,0.7,1500.0,2000.0,1750.0
Maharashtra,Pimpalgaon Baswant APMC,Tomato,2026-05-18,Other,165.2,400.0,2405.0,1855.0
Maharashtra,Pune APMC,Tomato,2026-05-18,Local,137.5,1000.0,3000.0,2000.0
Maharashtra,Pune(Khadiki) APMC,Tomato,2026-05-18,Local,1.7,700.0,1100.0,900.0
Maharashtra,Pune(Manjri) APMC,Tomato,2026-05-18,Other,53.1,2000.0,4000.0,2800.0
Maharashtra,Pune(Moshi) APMC,Tomato,2026-05-18,Local,57.6,1000.0,2000.0,1500.0
Maharashtra,Pune(Pimpri) APMC,Tomato,2026-05-18,Local,0.5,2600.0,2800.0,2700.0
Maharashtra,Rahuri APMC,Tomato,2026-05-18,Other,5.0,500.0,2600.0,1550.0
Maharashtra,SHRI.SIDDHESHWAR  APMC,Tomato,2026-05-18,Other,22.8,500.0,3000.0,1800.0
Maharashtra,Sangamner APMC,Tomato,2026-05-18,Other,270.0,500.0,2375.0,1437.0
Maharashtra,Satara APMC,Tomato,2026-05-18,Other,9.6,2000.0,3000.0,2500.0
Maharashtra,Shrirampur APMC,Tomato,2026-05-18,Other,2.9,1000.0,1500.0,1250.0
Maharashtra,Vai APMC,Tomato,2026-05-18,Local,0.7,1500.0,3000.0,2250.0
Maharashtra,Vita APMC,Tomato,2026-05-18,Other,4.0,2500.0,3000.0,2800.0
Maharashtra,Ahilyanagar APMC,Tomato,2026-05-19,Other,19.8,400.0,2500.0,2500.0
Maharashtra,Amrawati(Frui & Veg. Market) APMC,Tomato,2026-05-19,Local,18.0,2200.0,3000.0,2600.0
Maharashtra,Chandrapur(Ganjwad) APMC,Tomato,2026-05-19,Other,40.6,1600.0,2400.0,2000.0
Maharashtra,Chattrapati Sambhajinagar APMC,Tomato,2026-05-19,Other,7.0,1500.0,3500.0,2500.0
Maharashtra,HINGNA - APMC,Tomato,2026-05-19,Other,6.8,500.0,3000.0,2050.0
Maharashtra,Islampur APMC,Tomato,2026-05-19,Other,4.1,1000.0,1500.0,1250.0
Maharashtra,Jalgaon APMC,Tomato,2026-05-19,Other,7.4,1500.0,3500.0,2500.0
Maharashtra,Kamthi APMC,Tomato,2026-05-19,Local,4.9,3020.0,3520.0,3270.0
Maharashtra,Karad APMC,Tomato,2026-05-19,Other,3.0,1000.0,2500.0,2500.0
Maharashtra,Kolhapur APMC,Tomato,2026-05-19,Other,23.5,2000.0,3000.0,2500.0
Maharashtra,Manchar APMC,Tomato,2026-05-19,Other,0.1,1000.0,4550.0,2780.0
Maharashtra,Mumbai APMC,Tomato,2026-05-19,Other,150.4,2000.0,2400.0,2200.0
Maharashtra,Nasik APMC,Tomato,2026-05-19,Other,208.9,300.0,2375.0,1200.0
Maharashtra,Palus APMC,Tomato,2026-05-19,Other,1.2,2500.0,3000.0,2800.0
Maharashtra,Pandharpur APMC,Tomato,2026-05-19,Other,1.2,1000.0,3200.0,2000.0
Maharashtra,Panvel APMC,Tomato,2026-05-19,Other,75.7,4000.0,5000.0,4500.0
Maharashtra,Patan APMC,Tomato,2026-05-19,Other,0.7,1500.0,2000.0,1750.0
Maharashtra,Phaltan APMC,Tomato,2026-05-19,Other,5.6,500.0,4000.0,2300.0
Maharashtra,Pimpalgaon Baswant APMC,Tomato,2026-05-19,Other,138.2,400.0,2255.0,1755.0
Maharashtra,Pune APMC,Tomato,2026-05-19,Local,169.9,1000.0,2600.0,1800.0
Maharashtra,Pune(Manjri) APMC,Tomato,2026-05-19,Other,45.2,2500.0,4200.0,3500.0
Maharashtra,Pune(Moshi) APMC,Tomato,2026-05-19,Local,42.8,2000.0,3000.0,2500.0
Maharashtra,Pune(Pimpri) APMC,Tomato,2026-05-19,Local,0.2,2700.0,2700.0,2700.0
Maharashtra,Rahuri APMC,Tomato,2026-05-19,Other,4.8,1000.0,2500.0,1750.0
Maharashtra,Ramtek APMC,Tomato,2026-05-19,Other,2.0,1500.0,2500.0,2000.0
Maharashtra,SHRI.SIDDHESHWAR  APMC,Tomato,2026-05-19,Other,23.8,500.0,2800.0,1700.0
Maharashtra,Sangamner APMC,Tomato,2026-05-19,Other,360.0,500.0,2375.0,1437.0
Maharashtra,Satara APMC,Tomato,2026-05-19,Other,7.1,2000.0,3000.0,2500.0
Maharashtra,Vadgaonpeth APMC,Tomato,2026-05-19,Local,3.6,1500.0,3500.0,2600.0
Maharashtra,Vita APMC,Tomato,2026-05-19,Other,3.0,3000.0,3500.0,3200.0
Maharashtra,AGRICULTURE PRODUCE MARKET COMITEE CHANDWAD,Tomato,2026-05-20,Local,3.6,500.0,2000.0,1500.0
Maharashtra,Akluj APMC,Tomato,2026-05-20,Local,1.8,2000.0,3000.0,2500.0
Maharashtra,Amrawati(Frui & Veg. Market) APMC,Tomato,2026-05-20,Local,21.0,1600.0,2200.0,1900.0
Maharashtra,Chandrapur(Ganjwad) APMC,Tomato,2026-05-20,Other,48.3,1600.0,2400.0,2000.0
Maharashtra,Chattrapati Sambhajinagar APMC,Tomato,2026-05-20,Other,6.8,1800.0,3500.0,2650.0
Maharashtra,HINGNA - APMC,Tomato,2026-05-20,Local,5.9,600.0,3000.0,2041.0
Maharashtra,Jalgaon APMC,Tomato,2026-05-20,Other,6.6,1000.0,3000.0,2000.0
Maharashtra,Junnar(Narayangaon) APMC,Tomato,2026-05-20,Local,386.5,1000.0,2750.0,1750.0
Maharashtra,Kalmeshwar APMC,Tomato,2026-05-20,Other,0.7,2560.0,3000.0,2840.0
Maharashtra,Kalyan APMC,Tomato,2026-05-20,Other,0.3,2500.0,3500.0,3000.0
Maharashtra,Kamthi APMC,Tomato,2026-05-20,Local,3.6,3060.0,3560.0,3310.0
Maharashtra,Karad APMC,Tomato,2026-05-20,Other,1.5,1500.0,2200.0,2200.0
Maharashtra,Kolhapur APMC,Tomato,2026-05-20,Other,27.3,1500.0,2500.0,2000.0
Maharashtra,Manchar APMC,Tomato,2026-05-20,Other,0.5,1000.0,4260.0,2635.0
Maharashtra,Mangal Wedha APMC,Tomato,2026-05-20,Local,3.7,600.0,3100.0,2700.0
Maharashtra,Mumbai APMC,Tomato,2026-05-20,Other,178.2,2000.0,2400.0,2200.0
Maharashtra,Nagpur APMC,Tomato,2026-05-20,Local,20.0,2000.0,3000.0,2500.0
Maharashtra,Nagpur APMC,Tomato,2026-05-20,Other,25.0,2500.0,5000.0,4375.0
Maharashtra,Nasik APMC,Tomato,2026-05-20,Other,169.7,300.0,2250.0,1150.0
Maharashtra,Pandharpur APMC,Tomato,2026-05-20,Other,1.4,800.0,3300.0,1700.0
Maharashtra,Panvel APMC,Tomato,2026-05-20,Other,76.0,4000.0,5000.0,4500.0
Maharashtra,Patan APMC,Tomato,2026-05-20,Other,0.9,1500.0,2000.0,1750.0
Maharashtra,Pimpalgaon Baswant APMC,Tomato,2026-05-20,Other,145.1,400.0,2355.0,1805.0
Maharashtra,Pune APMC,Tomato,2026-05-20,Local,201.1,1000.0,2500.0,1750.0
Maharashtra,Pune(Manjri) APMC,Tomato,2026-05-20,Other,51.4,2000.0,4000.0,3000.0
Maharashtra,Pune(Pimpri) APMC,Tomato,2026-05-20,Local,0.7,2000.0,2600.0,2300.0
Maharashtra,Rahuri APMC,Tomato,2026-05-20,Other,1.8,500.0,1500.0,1000.0
Maharashtra,Ramtek APMC,Tomato,2026-05-20,Other,1.4,1000.0,2000.0,1500.0
Maharashtra,SHRI.SIDDHESHWAR  APMC,Tomato,2026-05-20,Other,21.7,700.0,3000.0,1800.0
Maharashtra,Sangamner APMC,Tomato,2026-05-20,Other,235.0,500.0,2250.0,1375.0
Maharashtra,Satara APMC,Tomato,2026-05-20,Other,7.5,2000.0,2500.0,2200.0
Maharashtra,Shrirampur APMC,Tomato,2026-05-20,Other,3.2,1000.0,1500.0,1250.0
Maharashtra,Vadgaonpeth APMC,Tomato,2026-05-20,Local,5.5,1900.0,3500.0,2600.0
Maharashtra,AGRICULTURE PRODUCE MARKET COMITEE CHANDWAD,Tomato,2026-05-21,Local,1.9,750.0,2300.0,1625.0
Maharashtra,Ahilyanagar APMC,Tomato,2026-05-21,Other,34.7,400.0,2500.0,1450.0
Maharashtra,Chandrapur(Ganjwad) APMC,Tomato,2026-05-21,Other,38.0,1600.0,2800.0,2000.0
Maharashtra,Chattrapati Sambhajinagar APMC,Tomato,2026-05-21,Other,6.0,1500.0,4000.0,2750.0
Maharashtra,HINGNA - APMC,Tomato,2026-05-21,Local,5.5,500.0,3000.0,2000.0
Maharashtra,Islampur APMC,Tomato,2026-05-21,Other,6.2,2000.0,2500.0,2250.0
Maharashtra,Jalgaon APMC,Tomato,2026-05-21,Other,8.7,1000.0,3000.0,2000.0
Maharashtra,Junnar(Narayangaon) APMC,Tomato,2026-05-21,Local,431.5,1000.0,2750.0,1750.0
Maharashtra,Kalmeshwar APMC,Tomato,2026-05-21,Other,0.7,2030.0,2500.0,2350.0
Maharashtra,Kalyan APMC,Tomato,2026-05-21,Other,0.3,2500.0,3200.0,2750.0
Maharashtra,Kamthi APMC,Tomato,2026-05-21,Local,3.0,3020.0,3520.0,3270.0
Maharashtra,Karad APMC,Tomato,2026-05-21,Other,1.5,1500.0,2000.0,2000.0
Maharashtra,Khed(Chakan) APMC,Tomato,2026-05-21,Other,29.8,1500.0,2500.0,2000.0
Maharashtra,Kolhapur APMC,Tomato,2026-05-21,Other,21.2,1500.0,2500.0,2000.0
Maharashtra,Manchar APMC,Tomato,2026-05-21,Other,0.1,1000.0,3000.0,2500.0
Maharashtra,Mangal Wedha APMC,Tomato,2026-05-21,Local,6.5,500.0,3100.0,2500.0
Maharashtra,Mumbai APMC,Tomato,2026-05-21,Other,158.3,2000.0,2500.0,2250.0
Maharashtra,Nagpur APMC,Tomato,2026-05-21,Local,45.0,2000.0,3500.0,3125.0
Maharashtra,Nagpur APMC,Tomato,2026-05-21,Other,45.0,2000.0,3500.0,3125.0
Maharashtra,Nasik APMC,Tomato,2026-05-21,Other,170.4,300.0,2375.0,1250.0
Maharashtra,Pandharpur APMC,Tomato,2026-05-21,Other,1.7,800.0,3500.0,2000.0
Maharashtra,Panvel APMC,Tomato,2026-05-21,Other,72.5,4000.0,5000.0,4500.0
Maharashtra,Phaltan APMC,Tomato,2026-05-21,Other,5.0,500.0,3500.0,1935.0
Maharashtra,Pimpalgaon Baswant APMC,Tomato,2026-05-21,Other,104.0,300.0,2105.0,1505.0
Maharashtra,Pune APMC,Tomato,2026-05-21,Local,218.0,1000.0,2200.0,1600.0
Maharashtra,Pune(Manjri) APMC,Tomato,2026-05-21,Other,51.8,1500.0,3500.0,2500.0
Maharashtra,Pune(Moshi) APMC,Tomato,2026-05-21,Local,74.4,2000.0,2500.0,2250.0
Maharashtra,Pune(Pimpri) APMC,Tomato,2026-05-21,Local,0.6,2300.0,2400.0,2350.0
Maharashtra,Rahata APMC,Tomato,2026-05-21,Other,9.3,500.0,3000.0,1800.0
Maharashtra,Rahuri APMC,Tomato,2026-05-21,Other,7.7,600.0,2500.0,1550.0
Maharashtra,Ramtek APMC,Tomato,2026-05-21,Other,4.3,1000.0,2000.0,1500.0
Maharashtra,SHRI.SIDDHESHWAR  APMC,Tomato,2026-05-21,Other,27.9,500.0,3000.0,1800.0
Maharashtra,Sangamner APMC,Tomato,2026-05-21,Other,270.0,500.0,2250.0,1375.0
Maharashtra,Satara APMC,Tomato,2026-05-21,Other,10.2,2000.0,3000.0,2500.0
Maharashtra,Shrirampur APMC,Tomato,2026-05-21,Other,2.5,1000.0,1500.0,1250.0
Maharashtra,Vadgaonpeth APMC,Tomato,2026-05-21,Local,5.0,2000.0,3500.0,2600.0
Maharashtra,Vai APMC,Tomato,2026-05-21,Local,12.0,2000.0,3000.0,2500.0
Maharashtra,Vita APMC,Tomato,2026-05-21,Other,3.0,3000.0,3500.0,3300.0
Maharashtra,Amrawati(Frui & Veg. Market) APMC,Tomato,2026-05-22,Local,19.0,1800.0,2400.0,2100.0
Maharashtra,Chandrapur(Ganjwad) APMC,Tomato,2026-05-22,Other,54.3,1200.0,2000.0,1600.0
Maharashtra,HINGNA - APMC,Tomato,2026-05-22,Local,7.5,500.0,2500.0,1590.0
Maharashtra,Jalgaon APMC,Tomato,2026-05-22,Other,9.5,1000.0,2000.0,1500.0
Maharashtra,Junnar(Narayangaon) APMC,Tomato,2026-05-22,Local,407.1,1000.0,2750.0,1750.0
Maharashtra,Kalmeshwar APMC,Tomato,2026-05-22,Other,0.7,2015.0,2500.0,2305.0
Maharashtra,Kalyan APMC,Tomato,2026-05-22,Other,0.3,2000.0,3000.0,2500.0
Maharashtra,Kamthi APMC,Tomato,2026-05-22,Local,2.6,3020.0,3520.0,3270.0
Maharashtra,Khed(Chakan) APMC,Tomato,2026-05-22,Other,24.6,1000.0,2200.0,1700.0
Maharashtra,Mangal Wedha APMC,Tomato,2026-05-22,Local,3.5,700.0,2700.0,2500.0
Maharashtra,Mumbai APMC,Tomato,2026-05-22,Other,229.0,2000.0,2400.0,2200.0
Maharashtra,Nasik APMC,Tomato,2026-05-22,Other,196.6,300.0,2055.0,1150.0
Maharashtra,Palus APMC,Tomato,2026-05-22,Other,1.4,2200.0,3000.0,2500.0
Maharashtra,Panvel APMC,Tomato,2026-05-22,Other,60.0,4000.0,5000.0,4500.0
Maharashtra,Patan APMC,Tomato,2026-05-22,Other,0.7,1500.0,2000.0,1750.0
Maharashtra,Phaltan APMC,Tomato,2026-05-22,Other,4.5,750.0,3000.0,2300.0
Maharashtra,Pimpalgaon Baswant APMC,Tomato,2026-05-22,Other,108.0,300.0,2005.0,1405.0
Maharashtra,Pune APMC,Tomato,2026-05-22,Local,204.2,1000.0,3000.0,2000.0
Maharashtra,Pune(Manjri) APMC,Tomato,2026-05-22,Other,53.2,1000.0,3000.0,2500.0
Maharashtra,Pune(Moshi) APMC,Tomato,2026-05-22,Local,60.9,1000.0,2500.0,1750.0
Maharashtra,Pune(Pimpri) APMC,Tomato,2026-05-22,Local,0.7,2000.0,2600.0,2300.0
Maharashtra,Rahata APMC,Tomato,2026-05-22,Other,2.8,500.0,2000.0,1250.0
Maharashtra,SHRI.SIDDHESHWAR  APMC,Tomato,2026-05-22,Other,24.1,400.0,2500.0,1600.0
Maharashtra,Sangamner APMC,Tomato,2026-05-22,Other,275.0,500.0,2400.0,1450.0
Maharashtra,Shrirampur APMC,Tomato,2026-05-22,Other,3.7,1000.0,2000.0,1550.0
Maharashtra,Vadgaonpeth APMC,Tomato,2026-05-22,Local,5.1,1900.0,2900.0,2100.0
Maharashtra,Vita APMC,Tomato,2026-05-22,Other,2.0,3000.0,3500.0,3200.0
Maharashtra,Amrawati(Frui & Veg. Market) APMC,Tomato,2026-05-23,Local,17.9,1500.0,2500.0,2000.0
Maharashtra,Chandrapur(Ganjwad) APMC,Tomato,2026-05-23,Other,67.0,1200.0,2000.0,1600.0
Maharashtra,Chattrapati Sambhajinagar APMC,Tomato,2026-05-23,Other,5.7,1500.0,3500.0,2500.0
Maharashtra,HINGNA - APMC,Tomato,2026-05-23,Local,4.5,1000.0,2250.0,1783.0
Maharashtra,Jalgaon APMC,Tomato,2026-05-23,Other,11.0,1200.0,2500.0,1900.0
Maharashtra,Junnar(Narayangaon) APMC,Tomato,2026-05-23,Local,392.0,1000.0,2750.0,1750.0
Maharashtra,Kalmeshwar APMC,Tomato,2026-05-23,Other,0.7,2560.0,3000.0,2840.0
Maharashtra,Kamthi APMC,Tomato,2026-05-23,Local,4.6,3060.0,3560.0,3310.0
Maharashtra,Karad APMC,Tomato,2026-05-23,Other,2.4,1000.0,2500.0,2500.0
Maharashtra,Khed(Chakan) APMC,Tomato,2026-05-23,Other,30.6,1400.0,2000.0,1700.0
Maharashtra,Kolhapur APMC,Tomato,2026-05-23,Other,25.1,1500.0,3000.0,2200.0
Maharashtra,Mangal Wedha APMC,Tomato,2026-05-23,Local,4.6,600.0,2900.0,2500.0
Maharashtra,Mumbai APMC,Tomato,2026-05-23,Other,255.1,2000.0,2400.0,2200.0
Maharashtra,Nagpur APMC,Tomato,2026-05-23,Local,65.0,1500.0,2200.0,2025.0
Maharashtra,Nagpur APMC,Tomato,2026-05-23,Other,65.0,2000.0,3000.0,2750.0
Maharashtra,Panvel APMC,Tomato,2026-05-23,Other,60.5,4000.0,5000.0,4500.0
Maharashtra,Phaltan APMC,Tomato,2026-05-23,Other,4.0,750.0,3250.0,2100.0
Maharashtra,Pune(Khadiki) APMC,Tomato,2026-05-23,Local,1.3,700.0,1200.0,950.0
Maharashtra,Pune(Manjri) APMC,Tomato,2026-05-23,Other,51.1,1500.0,3500.0,2500.0
Maharashtra,Pune(Moshi) APMC,Tomato,2026-05-23,Local,40.1,2000.0,3000.0,2500.0
Maharashtra,Pune(Pimpri) APMC,Tomato,2026-05-23,Local,0.8,2000.0,2700.0,2350.0
Maharashtra,Rahata APMC,Tomato,2026-05-23,Other,2.1,1200.0,2250.0,1725.0
Maharashtra,Rahuri APMC,Tomato,2026-05-23,Other,6.3,1000.0,2500.0,1750.0
Maharashtra,Ramtek APMC,Tomato,2026-05-23,Other,1.4,1000.0,2000.0,1500.0
Maharashtra,SHRI.SIDDHESHWAR  APMC,Tomato,2026-05-23,Other,40.0,500.0,2500.0,1600.0
Maharashtra,Satara APMC,Tomato,2026-05-23,Other,7.4,2000.0,2500.0,2200.0
Maharashtra,Shrirampur APMC,Tomato,2026-05-23,Other,2.5,1000.0,1800.0,1400.0
Maharashtra,Vadgaonpeth APMC,Tomato,2026-05-23,Local,4.5,1800.0,3000.0,2600.0
Maharashtra,Vai APMC,Tomato,2026-05-23,Local,12.0,1500.0,3000.0,2200.0
Maharashtra,Ahilyanagar APMC,Tomato,2026-05-24,Other,29.1,400.0,2000.0,1200.0
Maharashtra,Akluj APMC,Tomato,2026-05-24,Local,1.9,1000.0,3000.0,2500.0
Maharashtra,Amrawati(Frui & Veg. Market) APMC,Tomato,2026-05-24,Local,15.0,1600.0,2400.0,2000.0
Maharashtra,Bhusaval APMC,Tomato,2026-05-24,Other,6.6,2000.0,3000.0,2500.0
Maharashtra,Chattrapati Sambhajinagar APMC,Tomato,2026-05-24,Other,5.5,1500.0,4000.0,2750.0
Maharashtra,Islampur APMC,Tomato,2026-05-24,Other,3.9,1500.0,2000.0,1700.0
Maharashtra,Junnar(Narayangaon) APMC,Tomato,2026-05-24,Local,454.2,1000.0,2750.0,1750.0
Maharashtra,Kalmeshwar APMC,Tomato,2026-05-24,Other,0.7,2510.0,3000.0,2820.0
Maharashtra,Kamthi APMC,Tomato,2026-05-24,Local,2.4,3060.0,3560.0,3310.0
Maharashtra,Khed(Chakan) APMC,Tomato,2026-05-24,Other,27.9,1500.0,2500.0,2000.0
Maharashtra,Kolhapur APMC,Tomato,2026-05-24,Other,15.3,2000.0,3000.0,2500.0
Maharashtra,Manchar APMC,Tomato,2026-05-24,Other,0.3,1000.0,4600.0,2850.0
Maharashtra,Mangal Wedha APMC,Tomato,2026-05-24,Local,2.6,500.0,3400.0,2500.0
Maharashtra,Nasik APMC,Tomato,2026-05-24,Other,172.5,300.0,2055.0,1200.0
Maharashtra,Navapur APMC,Tomato,2026-05-24,Other,11.0,1000.0,2000.0,1477.0
Maharashtra,Palus APMC,Tomato,2026-05-24,Other,0.9,2500.0,3000.0,2700.0
Maharashtra,Panvel APMC,Tomato,2026-05-24,Other,53.7,4500.0,5000.0,4780.0
Maharashtra,Phaltan APMC,Tomato,2026-05-24,Other,4.0,750.0,3000.0,2398.0
Maharashtra,Pimpalgaon Baswant APMC,Tomato,2026-05-24,Other,44.6,300.0,1905.0,1255.0
Maharashtra,Pune APMC,Tomato,2026-05-24,Local,246.7,1000.0,2500.0,1750.0
Maharashtra,Pune(Khadiki) APMC,Tomato,2026-05-24,Local,1.3,700.0,1200.0,950.0
Maharashtra,Pune(Manjri) APMC,Tomato,2026-05-24,Other,49.4,2000.0,4000.0,3000.0
Maharashtra,Pune(Moshi) APMC,Tomato,2026-05-24,Local,54.1,2000.0,3000.0,2500.0
Maharashtra,Pune(Pimpri) APMC,Tomato,2026-05-24,Local,1.8,2000.0,2600.0,2300.0
Maharashtra,Rahata APMC,Tomato,2026-05-24,Other,6.3,500.0,2500.0,1500.0
Maharashtra,Rahuri APMC,Tomato,2026-05-24,Other,5.3,1000.0,2500.0,1750.0
Maharashtra,Ramtek APMC,Tomato,2026-05-24,Other,3.0,1000.0,2000.0,1500.0
Maharashtra,Sangamner APMC,Tomato,2026-05-24,Other,210.0,500.0,2500.0,1500.0
Maharashtra,Satara APMC,Tomato,2026-05-24,Other,6.7,1000.0,2500.0,1700.0
Maharashtra,Shrirampur APMC,Tomato,2026-05-24,Other,3.7,1000.0,1500.0,1250.0
Maharashtra,Vita APMC,Tomato,2026-05-24,Other,1.5,3000.0,3500.0,3200.0
Maharashtra,Akluj APMC,Tomato,2026-05-25,Local,2.7,1000.0,3000.0,2300.0
Maharashtra,Amrawati(Frui & Veg. Market) APMC,Tomato,2026-05-25,Local,12.9,2200.0,2800.0,2500.0
Maharashtra,Chattrapati Sambhajinagar APMC,Tomato,2026-05-25,Other,4.5,1200.0,3500.0,2500.0
Maharashtra,HINGNA - APMC,Tomato,2026-05-25,Local,14.8,1000.0,3250.0,2426.0
Maharashtra,Jalgaon APMC,Tomato,2026-05-25,Other,11.0,2000.0,3000.0,2500.0
Maharashtra,Kamthi APMC,Tomato,2026-05-25,Local,3.3,3020.0,3520.0,3270.0
Maharashtra,Kolhapur APMC,Tomato,2026-05-25,Other,29.4,2000.0,3500.0,2700.0
Maharashtra,Manchar APMC,Tomato,2026-05-25,Other,0.1,700.0,2200.0,1450.0
Maharashtra,Mangal Wedha APMC,Tomato,2026-05-25,Local,6.9,300.0,3800.0,2700.0
Maharashtra,Mumbai APMC,Tomato,2026-05-25,Other,253.0,2000.0,2400.0,2200.0
Maharashtra,Nagpur APMC,Tomato,2026-05-25,Local,55.0,2000.0,3200.0,2900.0
Maharashtra,Nagpur APMC,Tomato,2026-05-25,Other,55.0,2000.0,3500.0,3150.0
Maharashtra,Pandharpur APMC,Tomato,2026-05-25,Other,1.8,700.0,3000.0,1500.0
Maharashtra,Panvel APMC,Tomato,2026-05-25,Other,80.0,4000.0,5000.0,4500.0
Maharashtra,Patan APMC,Tomato,2026-05-25,Other,0.9,1500.0,2000.0,1750.0
Maharashtra,Pimpalgaon Baswant APMC,Tomato,2026-05-25,Other,163.1,400.0,2505.0,1905.0
Maharashtra,Pune APMC,Tomato,2026-05-25,Local,193.1,1000.0,2500.0,1750.0
Maharashtra,Pune(Khadiki) APMC,Tomato,2026-05-25,Local,1.3,700.0,1200.0,950.0
Maharashtra,Pune(Manjri) APMC,Tomato,2026-05-25,Other,50.3,2000.0,4000.0,3000.0
Maharashtra,Pune(Moshi) APMC,Tomato,2026-05-25,Local,62.9,1500.0,2500.0,2000.0
Maharashtra,Pune(Pimpri) APMC,Tomato,2026-05-25,Local,1.0,2000.0,2500.0,2250.0
Maharashtra,Rahuri APMC,Tomato,2026-05-25,Other,2.1,500.0,1500.0,1000.0
Maharashtra,Ratnagiri (Nachane) APMC,Tomato,2026-05-25,Other,1.8,1500.0,2700.0,2500.0
Maharashtra,SHRI.SIDDHESHWAR  APMC,Tomato,2026-05-25,Other,21.5,400.0,3500.0,1800.0
Maharashtra,Sangamner APMC,Tomato,2026-05-25,Other,210.0,200.0,2500.0,1500.0
Maharashtra,Satara APMC,Tomato,2026-05-25,Other,4.6,2000.0,2500.0,2250.0
Maharashtra,Shrirampur APMC,Tomato,2026-05-25,Other,2.9,1000.0,2000.0,1550.0
Maharashtra,Vai APMC,Tomato,2026-05-25,Local,12.0,1500.0,3200.0,2700.0
Maharashtra,Vita APMC,Tomato,2026-05-25,Other,2.0,3000.0,3500.0,3200.0
Maharashtra,Amrawati(Frui & Veg. Market) APMC,Tomato,2026-05-26,Local,15.9,2000.0,2800.0,2400.0
Maharashtra,Chandrapur(Ganjwad) APMC,Tomato,2026-05-26,Other,52.9,1600.0,2400.0,2000.0
Maharashtra,Chattrapati Sambhajinagar APMC,Tomato,2026-05-26,Other,5.0,1500.0,3000.0,2250.0
Maharashtra,HINGNA - APMC,Tomato,2026-05-26,Local,7.2,1250.0,3500.0,2625.0
Maharashtra,Islampur APMC,Tomato,2026-05-26,Other,6.8,3000.0,3500.0,3250.0
Maharashtra,Jalgaon APMC,Tomato,2026-05-26,Other,4.4,1000.0,3000.0,2000.0
Maharashtra,Kalmeshwar APMC,Tomato,2026-05-26,Other,0.7,2015.0,2500.0,2305.0
Maharashtra,Kalyan APMC,Tomato,2026-05-26,Other,0.3,1000.0,2000.0,1500.0
Maharashtra,Kamthi APMC,Tomato,2026-05-26,Local,3.3,3020.0,3520.0,3270.0
Maharashtra,Karad APMC,Tomato,2026-05-26,Other,6.0,1000.0,1500.0,1500.0
Maharashtra,Khed(Chakan) APMC,Tomato,2026-05-26,Other,30.0,1000.0,2000.0,1500.0
Maharashtra,Kolhapur APMC,Tomato,2026-05-26,Other,24.3,2000.0,3000.0,2500.0
Maharashtra,Manchar APMC,Tomato,2026-05-26,Other,0.1,3210.0,3210.0,3210.0
Maharashtra,Mumbai APMC,Tomato,2026-05-26,Other,161.7,2000.0,2400.0,2200.0
Maharashtra,Nagpur APMC,Tomato,2026-05-26,Local,60.0,2000.0,3500.0,3125.0
Maharashtra,Nagpur APMC,Tomato,2026-05-26,Other,60.0,2000.0,3200.0,2900.0
Maharashtra,Pandharpur APMC,Tomato,2026-05-26,Other,1.4,700.0,3200.0,2000.0
Maharashtra,Panvel APMC,Tomato,2026-05-26,Other,70.0,3000.0,4000.0,3500.0
Maharashtra,Patan APMC,Tomato,2026-05-26,Other,0.9,1500.0,2000.0,1750.0
Maharashtra,Phaltan APMC,Tomato,2026-05-26,Other,5.0,500.0,3500.0,2150.0
Maharashtra,Pimpalgaon Baswant APMC,Tomato,2026-05-26,Other,88.7,400.0,2605.0,2055.0
Maharashtra,Pune APMC,Tomato,2026-05-26,Local,200.1,1000.0,2500.0,1750.0
Maharashtra,Pune(Manjri) APMC,Tomato,2026-05-26,Other,60.0,1500.0,3500.0,2500.0
Maharashtra,Pune(Moshi) APMC,Tomato,2026-05-26,Local,44.0,2000.0,3000.0,2500.0
Maharashtra,Pune(Pimpri) APMC,Tomato,2026-05-26,Local,0.3,2000.0,2400.0,2200.0
Maharashtra,Rahuri APMC,Tomato,2026-05-26,Other,1.8,500.0,1500.0,1000.0
Maharashtra,Ramtek APMC,Tomato,2026-05-26,Other,1.5,1000.0,2000.0,1500.0
Maharashtra,SHRI.SIDDHESHWAR  APMC,Tomato,2026-05-26,Other,23.7,800.0,3300.0,2000.0
Maharashtra,Sangamner APMC,Tomato,2026-05-26,Other,230.0,750.0,2625.0,1662.0
Maharashtra,Satara APMC,Tomato,2026-05-26,Other,7.6,2000.0,3000.0,2500.0
Maharashtra,Vadgaonpeth APMC,Tomato,2026-05-26,Local,3.3,2100.0,2800.0,2400.0
Maharashtra,Vita APMC,Tomato,2026-05-26,Other,2.0,3000.0,3500.0,3200.0
Maharashtra,Amrawati(Frui & Veg. Market) APMC,Tomato,2026-05-27,Local,16.8,2200.0,2800.0,2500.0
Maharashtra,Chandrapur(Ganjwad) APMC,Tomato,2026-05-27,Other,54.5,1600.0,2400.0,2000.0
Maharashtra,Chattrapati Sambhajinagar APMC,Tomato,2026-05-27,Other,8.9,3000.0,3500.0,3250.0
Maharashtra,HINGNA - APMC,Tomato,2026-05-27,Local,7.7,1250.0,4000.0,2979.0
Maharashtra,Jalgaon APMC,Tomato,2026-05-27,Other,8.0,2000.0,3000.0,2500.0
Maharashtra,Kalmeshwar APMC,Tomato,2026-05-27,Other,0.7,2025.0,2500.0,2345.0
Maharashtra,Kalyan APMC,Tomato,2026-05-27,Other,0.3,1000.0,2000.0,1500.0
Maharashtra,Kamthi APMC,Tomato,2026-05-27,Local,3.9,3020.0,3520.0,3270.0
Maharashtra,Khed(Chakan) APMC,Tomato,2026-05-27,Other,29.2,1800.0,2800.0,2300.0
Maharashtra,Kolhapur APMC,Tomato,2026-05-27,Other,23.7,2500.0,3500.0,3000.0
Maharashtra,Mangal Wedha APMC,Tomato,2026-05-27,Local,3.3,900.0,4300.0,2800.0
Maharashtra,Mumbai APMC,Tomato,2026-05-27,Other,150.8,1400.0,2400.0,1900.0
Maharashtra,Nagpur APMC,Tomato,2026-05-27,Local,60.0,2000.0,3200.0,2900.0
Maharashtra,Panvel APMC,Tomato,2026-05-27,Other,69.0,3000.0,4000.0,3500.0
Maharashtra,Patan APMC,Tomato,2026-05-27,Other,0.9,1250.0,1450.0,1350.0
Maharashtra,Phaltan APMC,Tomato,2026-05-27,Other,3.5,1000.0,3000.0,2359.0
Maharashtra,Pimpalgaon Baswant APMC,Tomato,2026-05-27,Other,104.0,400.0,2755.0,2155.0
Maharashtra,Pune APMC,Tomato,2026-05-27,Local,153.7,1000.0,2700.0,1850.0
Maharashtra,Pune(Manjri) APMC,Tomato,2026-05-27,Other,38.1,2500.0,5000.0,3500.0
Maharashtra,Pune(Pimpri) APMC,Tomato,2026-05-27,Local,0.7,2000.0,2200.0,2100.0
Maharashtra,Ratnagiri (Nachane) APMC,Tomato,2026-05-27,Other,1.9,2800.0,3200.0,3000.0
Maharashtra,SHRI.SIDDHESHWAR  APMC,Tomato,2026-05-27,Other,35.3,700.0,3300.0,2000.0
Maharashtra,Satara APMC,Tomato,2026-05-27,Other,7.0,2000.0,3000.0,2500.0
Maharashtra,Shrirampur APMC,Tomato,2026-05-27,Other,3.5,1500.0,2000.0,1750.0
Maharashtra,Vadgaonpeth APMC,Tomato,2026-05-27,Local,3.6,2000.0,3000.0,2400.0
Maharashtra,AGRICULTURE PRODUCE MARKET COMITEE CHANDWAD,Tomato,2026-05-28,Local,2.6,500.0,2055.0,1500.0
Maharashtra,Akluj APMC,Tomato,2026-05-28,Local,2.3,1500.0,3300.0,3000.0
Maharashtra,Bhusaval APMC,Tomato,2026-05-28,Other,0.6,2500.0,4000.0,3000.0
Maharashtra,Chattrapati Sambhajinagar APMC,Tomato,2026-05-28,Other,5.5,2000.0,3500.0,2750.0
Maharashtra,Islampur APMC,Tomato,2026-05-28,Other,3.4,3000.0,4000.0,3550.0
Maharashtra,Junnar(Narayangaon) APMC,Tomato,2026-05-28,Local,420.0,1000.0,2750.0,1750.0
Maharashtra,Kalmeshwar APMC,Tomato,2026-05-28,Other,0.7,2530.0,3000.0,2850.0
Maharashtra,Khed(Chakan) APMC,Tomato,2026-05-28,Other,28.6,1800.0,2800.0,2300.0
Maharashtra,Manchar APMC,Tomato,2026-05-28,Other,0.9,1500.0,4100.0,2850.0
Maharashtra,Mangal Wedha APMC,Tomato,2026-05-28,Local,3.6,500.0,3600.0,2900.0
Maharashtra,Mumbai APMC,Tomato,2026-05-28,Other,190.4,2000.0,2400.0,2200.0
Maharashtra,Nasik APMC,Tomato,2026-05-28,Other,158.3,250.0,2325.0,1500.0
Maharashtra,Pandharpur APMC,Tomato,2026-05-28,Other,1.6,800.0,3200.0,2000.0
Maharashtra,Panvel APMC,Tomato,2026-05-28,Other,70.5,3000.0,4000.0,3500.0
Maharashtra,Phaltan APMC,Tomato,2026-05-28,Other,3.4,750.0,3500.0,2200.0
Maharashtra,Pimpalgaon Baswant APMC,Tomato,2026-05-28,Other,73.4,400.0,2555.0,2005.0
Maharashtra,Pune APMC,Tomato,2026-05-28,Local,191.3,1000.0,2500.0,1750.0
Maharashtra,Pune(Khadiki) APMC,Tomato,2026-05-28,Local,1.3,700.0,1200.0,950.0
Maharashtra,Pune(Manjri) APMC,Tomato,2026-05-28,Other,44.6,2500.0,4500.0,3500.0
Maharashtra,Pune(Moshi) APMC,Tomato,2026-05-28,Local,57.7,2000.0,2500.0,2250.0
Maharashtra,Pune(Pimpri) APMC,Tomato,2026-05-28,Local,0.4,2000.0,2000.0,2000.0
Maharashtra,Rahuri APMC,Tomato,2026-05-28,Other,8.1,800.0,2300.0,1550.0
Maharashtra,Sangamner APMC,Tomato,2026-05-28,Other,180.0,500.0,2250.0,1375.0
Maharashtra,Shrirampur APMC,Tomato,2026-05-28,Other,2.4,1000.0,1500.0,1250.0
Maharashtra,Vadgaonpeth APMC,Tomato,2026-05-28,Local,5.0,3000.0,4500.0,3600.0
Maharashtra,Vita APMC,Tomato,2026-05-28,Other,2.0,3000.0,3500.0,3200.0
Maharashtra,AGRICULTURE PRODUCE MARKET COMITEE CHANDWAD,Tomato,2026-05-29,Local,2.4,500.0,2055.0,1500.0
Maharashtra,Akluj APMC,Tomato,2026-05-29,Local,1.8,2500.0,3500.0,3000.0
Maharashtra,Amrawati(Frui & Veg. Market) APMC,Tomato,2026-05-29,Local,18.0,2000.0,2800.0,2400.0
Maharashtra,Bhusaval APMC,Tomato,2026-05-29,Other,2.1,2000.0,3000.0,2500.0
Maharashtra,HINGNA - APMC,Tomato,2026-05-29,Local,5.0,2500.0,3000.0,2714.0
Maharashtra,Islampur APMC,Tomato,2026-05-29,Other,4.5,2500.0,3500.0,3000.0
Maharashtra,Jalgaon APMC,Tomato,2026-05-29,Other,8.8,1000.0,2500.0,1500.0
Maharashtra,Junnar(Narayangaon) APMC,Tomato,2026-05-29,Local,432.7,1000.0,2750.0,1750.0
Maharashtra,Kalmeshwar APMC,Tomato,2026-05-29,Other,0.7,2565.0,3000.0,2845.0
Maharashtra,Kamthi APMC,Tomato,2026-05-29,Local,6.0,2520.0,3020.0,2770.0
Maharashtra,Khed(Chakan) APMC,Tomato,2026-05-29,Other,26.4,2000.0,2500.0,2200.0
Maharashtra,Mangal Wedha APMC,Tomato,2026-05-29,Local,2.7,700.0,4000.0,3100.0
Maharashtra,Mumbai APMC,Tomato,2026-05-29,Other,168.6,2000.0,2500.0,2250.0
Maharashtra,Nasik APMC,Tomato,2026-05-29,Other,163.3,300.0,2455.0,1600.0
Maharashtra,Pandharpur APMC,Tomato,2026-05-29,Other,1.8,700.0,3500.0,1800.0
Maharashtra,Panvel APMC,Tomato,2026-05-29,Other,70.5,3000.0,4000.0,3500.0
Maharashtra,Patan APMC,Tomato,2026-05-29,Other,0.9,1500.0,2000.0,1750.0
Maharashtra,Phaltan APMC,Tomato,2026-05-29,Other,4.0,1000.0,3500.0,2462.0
Maharashtra,Pimpalgaon Baswant APMC,Tomato,2026-05-29,Other,89.7,400.0,2505.0,1955.0
Maharashtra,Pune APMC,Tomato,2026-05-29,Local,209.6,1000.0,3000.0,2000.0
Maharashtra,Pune(Manjri) APMC,Tomato,2026-05-29,Other,47.5,2000.0,4000.0,3000.0
Maharashtra,Pune(Moshi) APMC,Tomato,2026-05-29,Local,54.2,2000.0,3000.0,2500.0
Maharashtra,Pune(Pimpri) APMC,Tomato,2026-05-29,Local,0.1,2000.0,2600.0,2300.0
Maharashtra,Rahata APMC,Tomato,2026-05-29,Other,2.0,1000.0,2500.0,1750.0
Maharashtra,Rahuri APMC,Tomato,2026-05-29,Other,1.5,500.0,1500.0,1000.0
Maharashtra,Ratnagiri (Nachane) APMC,Tomato,2026-05-29,Other,2.1,3000.0,4000.0,3500.0
Maharashtra,SHRI.SIDDHESHWAR  APMC,Tomato,2026-05-29,Other,14.4,700.0,3500.0,2200.0
Maharashtra,Sangamner APMC,Tomato,2026-05-29,Other,260.0,500.0,2500.0,1500.0
Maharashtra,Shrirampur APMC,Tomato,2026-05-29,Other,3.3,800.0,1500.0,1150.0
Maharashtra,Vadgaonpeth APMC,Tomato,2026-05-29,Local,5.0,2900.0,4500.0,3500.0
Maharashtra,Vai APMC,Tomato,2026-05-29,Local,12.0,2000.0,4000.0,3000.0
Maharashtra,Vita APMC,Tomato,2026-05-29,Other,2.0,3000.0,3500.0,3200.0
Maharashtra,Ahilyanagar APMC,Tomato,2026-05-30,Other,32.9,500.0,2200.0,1350.0
Maharashtra,Amrawati(Frui & Veg. Market) APMC,Tomato,2026-05-30,Local,15.0,2200.0,2600.0,2400.0
Maharashtra,Bhusaval APMC,Tomato,2026-05-30,Other,1.1,1500.0,2000.0,1800.0
Maharashtra,Chattrapati Sambhajinagar APMC,Tomato,2026-05-30,Other,8.2,1500.0,2500.0,2000.0
Maharashtra,HINGNA - APMC,Tomato,2026-05-30,Local,1.4,2500.0,3000.0,2625.0
Maharashtra,Jalgaon APMC,Tomato,2026-05-30,Other,10.2,1500.0,2500.0,2000.0
Maharashtra,Kalmeshwar APMC,Tomato,2026-05-30,Other,0.7,2515.0,3000.0,2825.0
Maharashtra,Kamthi APMC,Tomato,2026-05-30,Local,3.3,3060.0,3560.0,3310.0
Maharashtra,Kolhapur APMC,Tomato,2026-05-30,Other,26.4,1500.0,3500.0,2500.0
Maharashtra,Mangal Wedha APMC,Tomato,2026-05-30,Local,2.3,900.0,4800.0,4000.0
Maharashtra,Mumbai APMC,Tomato,2026-05-30,Other,214.5,2000.0,2600.0,2300.0
Maharashtra,Nagpur APMC,Tomato,2026-05-30,Local,60.0,2300.0,3000.0,2825.0
Maharashtra,Nagpur APMC,Tomato,2026-05-30,Other,60.0,2000.0,3000.0,2750.0
Maharashtra,Pandharpur APMC,Tomato,2026-05-30,Other,1.6,500.0,3000.0,2000.0
Maharashtra,Panvel APMC,Tomato,2026-05-30,Other,81.4,4000.0,5000.0,4500.0
Maharashtra,Phaltan APMC,Tomato,2026-05-30,Other,2.7,750.0,3750.0,2164.0
Maharashtra,Pune(Khadiki) APMC,Tomato,2026-05-30,Local,0.9,800.0,1300.0,1050.0
Maharashtra,Pune(Manjri) APMC,Tomato,2026-05-30,Other,55.7,2000.0,4500.0,3000.0
Maharashtra,Pune(Moshi) APMC,Tomato,2026-05-30,Local,56.4,2000.0,3000.0,2500.0
Maharashtra,Pune(Pimpri) APMC,Tomato,2026-05-30,Local,0.7,1800.0,2000.0,1900.0
Maharashtra,Rahata APMC,Tomato,2026-05-30,Other,2.4,1000.0,2500.0,1750.0
Maharashtra,Rahuri APMC,Tomato,2026-05-30,Other,5.9,1000.0,2500.0,1750.0
Maharashtra,Ramtek APMC,Tomato,2026-05-30,Other,1.3,1500.0,2500.0,2000.0
Maharashtra,SHRI.SIDDHESHWAR  APMC,Tomato,2026-05-30,Other,39.3,500.0,3000.0,1800.0
Maharashtra,Satara APMC,Tomato,2026-05-30,Other,8.8,2000.0,3000.0,2500.0
Maharashtra,Shrirampur APMC,Tomato,2026-05-30,Other,2.7,1000.0,1500.0,1250.0
Maharashtra,Vadgaonpeth APMC,Tomato,2026-05-30,Local,5.0,2800.0,3800.0,3000.0
Maharashtra,Vita APMC,Tomato,2026-05-30,Other,2.0,3500.0,4000.0,3800.0
Maharashtra,Akluj APMC,Tomato,2026-05-31,Local,2.0,1500.0,3500.0,3000.0
Maharashtra,Amrawati(Frui & Veg. Market) APMC,Tomato,2026-05-31,Local,13.8,2500.0,2800.0,2650.0
Maharashtra,Chattrapati Sambhajinagar APMC,Tomato,2026-05-31,Other,5.5,2000.0,4000.0,3000.0
Maharashtra,Junnar(Narayangaon) APMC,Tomato,2026-05-31,Local,423.1,1000.0,2750.0,1750.0
Maharashtra,Kalmeshwar APMC,Tomato,2026-05-31,Other,0.7,2515.0,3000.0,2825.0
Maharashtra,Kamthi APMC,Tomato,2026-05-31,Local,4.5,2520.0,3020.0,2770.0
Maharashtra,Karad APMC,Tomato,2026-05-31,Other,3.9,1500.0,2500.0,2500.0
Maharashtra,Khed(Chakan) APMC,Tomato,2026-05-31,Other,30.6,2000.0,3000.0,2500.0
Maharashtra,Kolhapur APMC,Tomato,2026-05-31,Other,11.5,1500.0,3500.0,2500.0
Maharashtra,Manchar APMC,Tomato,2026-05-31,Other,0.2,500.0,4500.0,3560.0
Maharashtra,Mangal Wedha APMC,Tomato,2026-05-31,Local,4.1,500.0,4500.0,3600.0
Maharashtra,Nasik APMC,Tomato,2026-05-31,Other,178.0,300.0,2800.0,1850.0
Maharashtra,Phaltan APMC,Tomato,2026-05-31,Other,8.7,1000.0,4000.0,2770.0
Maharashtra,Pimpalgaon Baswant APMC,Tomato,2026-05-31,Other,32.5,400.0,2605.0,2055.0
Maharashtra,Pune APMC,Tomato,2026-05-31,Local,219.6,1000.0,3000.0,2000.0
Maharashtra,Pune(Khadiki) APMC,Tomato,2026-05-31,Local,1.5,700.0,1200.0,950.0
Maharashtra,Pune(Manjri) APMC,Tomato,2026-05-31,Other,55.7,2500.0,4500.0,3500.0
Maharashtra,Pune(Moshi) APMC,Tomato,2026-05-31,Local,53.1,2000.0,3000.0,2500.0
Maharashtra,Pune(Pimpri) APMC,Tomato,2026-05-31,Local,0.7,2000.0,2500.0,2250.0
Maharashtra,Rahata APMC,Tomato,2026-05-31,Other,7.0,500.0,2000.0,1250.0
Maharashtra,Rahuri APMC,Tomato,2026-05-31,Other,3.7,500.0,2500.0,1500.0
Maharashtra,Ramtek APMC,Tomato,2026-05-31,Other,2.8,1000.0,3000.0,2000.0
Maharashtra,Sangamner APMC,Tomato,2026-05-31,Other,200.0,750.0,3000.0,1875.0
Maharashtra,Satara APMC,Tomato,2026-05-31,Other,7.9,2000.0,3000.0,2500.0
Maharashtra,Shrirampur APMC,Tomato,2026-05-31,Other,2.7,1500.0,2000.0,1750.0
Maharashtra,Vai APMC,Tomato,2026-05-31,Local,13.0,2500.0,4000.0,3300.0
Maharashtra,Vita APMC,Tomato,2026-05-31,Other,2.0,3500.0,4000.0,3800.0
Maharashtra,Amrawati(Frui & Veg. Market) APMC,Tomato,2026-06-01,Local,13.8,2500.0,3500.0,3000.0
Maharashtra,Bhusaval APMC,Tomato,2026-06-01,Other,5.5,2000.0,3000.0,2500.0
Maharashtra,Chandrapur(Ganjwad) APMC,Tomato,2026-06-01,Other,51.8,1200.0,2000.0,1600.0
Maharashtra,Chattrapati Sambhajinagar APMC,Tomato,2026-06-01,Other,9.2,2000.0,3200.0,2600.0
Maharashtra,HINGNA - APMC,Tomato,2026-06-01,Local,13.4,1000.0,3500.0,2680.0
Maharashtra,Jalgaon APMC,Tomato,2026-06-01,Other,8.6,1500.0,3000.0,2300.0
Maharashtra,Junnar(Narayangaon) APMC,Tomato,2026-06-01,Local,426.0,1000.0,2750.0,1750.0
Maharashtra,Kamthi APMC,Tomato,2026-06-01,Local,4.2,2520.0,3020.0,2770.0
Maharashtra,Karad APMC,Tomato,2026-06-01,Other,1.8,2500.0,3000.0,3000.0
Maharashtra,Kolhapur APMC,Tomato,2026-06-01,Other,36.3,2500.0,3500.0,3000.0
Maharashtra,Mangal Wedha APMC,Tomato,2026-06-01,Local,10.0,400.0,4000.0,2500.0
Maharashtra,Mumbai APMC,Tomato,2026-06-01,Other,239.4,2600.0,3000.0,2800.0
Maharashtra,Nagpur APMC,Tomato,2026-06-01,Local,70.0,1000.0,1700.0,1525.0
Maharashtra,Nagpur APMC,Tomato,2026-06-01,Other,70.0,2000.0,2700.0,2525.0
Maharashtra,Nasik APMC,Tomato,2026-06-01,Other,192.5,250.0,2250.0,1625.0
Maharashtra,Panvel APMC,Tomato,2026-06-01,Other,53.0,4000.0,5000.0,4500.0
Maharashtra,Patan APMC,Tomato,2026-06-01,Other,0.9,1500.0,2000.0,1750.0
Maharashtra,Pimpalgaon Baswant APMC,Tomato,2026-06-01,Other,72.3,400.0,2755.0,2155.0
Maharashtra,Pune APMC,Tomato,2026-06-01,Local,196.0,1000.0,3000.0,2000.0
Maharashtra,Pune(Khadiki) APMC,Tomato,2026-06-01,Local,1.5,800.0,1100.0,950.0
Maharashtra,Pune(Manjri) APMC,Tomato,2026-06-01,Other,49.4,2500.0,4500.0,3500.0
Maharashtra,Pune(Moshi) APMC,Tomato,2026-06-01,Local,44.9,2000.0,3000.0,2500.0
Maharashtra,Rahuri APMC,Tomato,2026-06-01,Other,1.4,500.0,1500.0,1000.0
Maharashtra,Ratnagiri (Nachane) APMC,Tomato,2026-06-01,Other,1.9,3000.0,4000.0,3500.0
Maharashtra,SHRI.SIDDHESHWAR  APMC,Tomato,2026-06-01,Other,43.4,700.0,3200.0,2000.0
Maharashtra,Sangamner APMC,Tomato,2026-06-01,Other,210.0,750.0,3000.0,1875.0
Maharashtra,Satara APMC,Tomato,2026-06-01,Other,7.0,2000.0,3000.0,2500.0
Maharashtra,Shrirampur APMC,Tomato,2026-06-01,Other,2.9,1000.0,1800.0,1400.0
Maharashtra,Vita APMC,Tomato,2026-06-01,Other,3.0,3500.0,4000.0,3800.0
Maharashtra,Amrawati(Frui & Veg. Market) APMC,Tomato,2026-06-02,Local,15.0,2600.0,3200.0,2900.0
Maharashtra,Bhusaval APMC,Tomato,2026-06-02,Other,2.3,3500.0,4000.0,3800.0
Maharashtra,Chandrapur(Ganjwad) APMC,Tomato,2026-06-02,Other,59.4,1200.0,2000.0,1600.0
Maharashtra,Chattrapati Sambhajinagar APMC,Tomato,2026-06-02,Other,9.7,1700.0,2800.0,2250.0
Maharashtra,HINGNA - APMC,Tomato,2026-06-02,Local,7.4,2500.0,3250.0,2812.0
Maharashtra,Islampur APMC,Tomato,2026-06-02,Other,9.2,3000.0,4000.0,3550.0
Maharashtra,Jalgaon APMC,Tomato,2026-06-02,Other,12.0,2000.0,3000.0,2500.0
Maharashtra,Junnar(Narayangaon) APMC,Tomato,2026-06-02,Local,466.7,1000.0,2750.0,1750.0
Maharashtra,Kalmeshwar APMC,Tomato,2026-06-02,Other,0.6,2515.0,3000.0,2825.0
Maharashtra,Kamthi APMC,Tomato,2026-06-02,Local,2.9,2060.0,2560.0,2310.0
Maharashtra,Karad APMC,Tomato,2026-06-02,Other,3.0,2000.0,3500.0,3500.0
Maharashtra,Khed(Chakan) APMC,Tomato,2026-06-02,Other,32.5,2000.0,3000.0,2500.0
Maharashtra,Kolhapur APMC,Tomato,2026-06-02,Other,16.1,2000.0,3000.0,2500.0
Maharashtra,Mumbai APMC,Tomato,2026-06-02,Other,222.2,2600.0,3200.0,2900.0
Maharashtra,Nagpur APMC,Tomato,2026-06-02,Local,65.0,1500.0,2700.0,2400.0
Maharashtra,Nagpur APMC,Tomato,2026-06-02,Other,65.0,1500.0,2500.0,2250.0
Maharashtra,Nasik APMC,Tomato,2026-06-02,Other,154.7,250.0,2500.0,1575.0
Maharashtra,Panvel APMC,Tomato,2026-06-02,Other,85.5,4000.0,5000.0,4500.0
Maharashtra,Phaltan APMC,Tomato,2026-06-02,Other,8.0,1000.0,3750.0,2581.0
Maharashtra,Pimpalgaon Baswant APMC,Tomato,2026-06-02,Other,57.4,400.0,2905.0,2305.0
Maharashtra,Pune APMC,Tomato,2026-06-02,Local,195.0,1000.0,3000.0,2000.0
Maharashtra,Pune(Khadiki) APMC,Tomato,2026-06-02,Local,1.6,700.0,1200.0,950.0
Maharashtra,Pune(Manjri) APMC,Tomato,2026-06-02,Other,55.9,1500.0,3500.0,2500.0
Maharashtra,Pune(Moshi) APMC,Tomato,2026-06-02,Local,51.7,2000.0,3000.0,2500.0
Maharashtra,Pune(Pimpri) APMC,Tomato,2026-06-02,Local,0.3,2600.0,2600.0,2600.0
Maharashtra,Rahuri APMC,Tomato,2026-06-02,Other,4.2,800.0,2800.0,1800.0
Maharashtra,Ramtek APMC,Tomato,2026-06-02,Other,1.4,2000.0,3000.0,2500.0
Maharashtra,SHRI.SIDDHESHWAR  APMC,Tomato,2026-06-02,Other,30.4,700.0,3300.0,2000.0
Maharashtra,Sangamner APMC,Tomato,2026-06-02,Other,180.0,1000.0,3000.0,1500.0
Maharashtra,Satara APMC,Tomato,2026-06-02,Other,6.4,2000.0,3000.0,2500.0
Maharashtra,Vadgaonpeth APMC,Tomato,2026-06-02,Local,14.0,1000.0,3500.0,2600.0
Maharashtra,Vita APMC,Tomato,2026-06-02,Other,3.0,3500.0,4000.0,3800.0
Maharashtra,Akluj APMC,Tomato,2026-06-03,Local,1.9,1500.0,3500.0,3000.0
Maharashtra,Amrawati(Frui & Veg. Market) APMC,Tomato,2026-06-03,Local,15.9,2500.0,3500.0,3000.0
Maharashtra,Bhusaval APMC,Tomato,2026-06-03,Other,3.3,3000.0,4000.0,3500.0
Maharashtra,Chattrapati Sambhajinagar APMC,Tomato,2026-06-03,Other,10.7,2200.0,3000.0,2600.0
Maharashtra,HINGNA - APMC,Tomato,2026-06-03,Local,5.7,500.0,3250.0,2293.0
Maharashtra,Jalgaon APMC,Tomato,2026-06-03,Other,10.0,1500.0,3500.0,2500.0
Maharashtra,Junnar(Narayangaon) APMC,Tomato,2026-06-03,Local,474.5,1000.0,2500.0,2000.0
Maharashtra,Kalmeshwar APMC,Tomato,2026-06-03,Other,0.8,2050.0,2500.0,2330.0
Maharashtra,Kamthi APMC,Tomato,2026-06-03,Local,3.9,2520.0,3020.0,2770.0
Maharashtra,Karad APMC,Tomato,2026-06-03,Other,1.8,1500.0,2500.0,2500.0
Maharashtra,Khed(Chakan) APMC,Tomato,2026-06-03,Other,29.3,2000.0,3000.0,2500.0
Maharashtra,Kolhapur APMC,Tomato,2026-06-03,Other,29.7,1000.0,3000.0,2000.0
Maharashtra,Manchar APMC,Tomato,2026-06-03,Other,0.4,1200.0,2500.0,1900.0
Maharashtra,Mangal Wedha APMC,Tomato,2026-06-03,Local,6.6,400.0,3600.0,2200.0
Maharashtra,Mumbai APMC,Tomato,2026-06-03,Other,265.1,2400.0,3000.0,2699.0
Maharashtra,Nagpur APMC,Tomato,2026-06-03,Local,60.0,1700.0,2700.0,2450.0
Maharashtra,Nagpur APMC,Tomato,2026-06-03,Other,60.0,1500.0,2500.0,2250.0
Maharashtra,Nasik APMC,Tomato,2026-06-03,Other,134.0,300.0,2750.0,2000.0
Maharashtra,Pandharpur APMC,Tomato,2026-06-03,Other,1.7,500.0,3000.0,2000.0
Maharashtra,Panvel APMC,Tomato,2026-06-03,Other,75.5,4000.0,5000.0,4500.0
Maharashtra,Patan APMC,Tomato,2026-06-03,Other,0.7,1500.0,2000.0,1750.0
Maharashtra,Pimpalgaon Baswant APMC,Tomato,2026-06-03,Other,50.6,400.0,2655.0,2005.0
Maharashtra,Pune APMC,Tomato,2026-06-03,Local,191.0,1000.0,3000.0,2000.0
Maharashtra,Pune(Manjri) APMC,Tomato,2026-06-03,Other,56.5,1500.0,3500.0,2500.0
Maharashtra,Pune(Pimpri) APMC,Tomato,2026-06-03,Local,0.8,2000.0,2800.0,2400.0
Maharashtra,Rahuri APMC,Tomato,2026-06-03,Other,1.4,1000.0,2000.0,1500.0
Maharashtra,Ramtek APMC,Tomato,2026-06-03,Other,0.9,1000.0,2000.0,1500.0
Maharashtra,Ratnagiri (Nachane) APMC,Tomato,2026-06-03,Other,1.9,3500.0,4000.0,3600.0
Maharashtra,Sangamner APMC,Tomato,2026-06-03,Other,180.0,1000.0,3000.0,2000.0
Maharashtra,Satara APMC,Tomato,2026-06-03,Other,8.3,2000.0,2500.0,2200.0
Maharashtra,Shrirampur APMC,Tomato,2026-06-03,Other,3.3,1000.0,1500.0,1250.0
Maharashtra,Vadgaonpeth APMC,Tomato,2026-06-03,Local,4.5,2000.0,3500.0,2800.0
Maharashtra,Vai APMC,Tomato,2026-06-03,Local,12.0,1000.0,2000.0,1500.0
Maharashtra,AGRICULTURE PRODUCE MARKET COMITEE CHANDWAD,Tomato,2026-06-04,Local,3.6,500.0,2500.0,1750.0
Maharashtra,Bhusaval APMC,Tomato,2026-06-04,Other,1.2,3000.0,4000.0,3500.0
Maharashtra,Chandrapur(Ganjwad) APMC,Tomato,2026-06-04,Other,54.0,1200.0,2000.0,1600.0
Maharashtra,Chattrapati Sambhajinagar APMC,Tomato,2026-06-04,Other,13.0,1500.0,2500.0,2000.0
Maharashtra,Ghoti APMC,Tomato,2026-06-04,Other,65.0,2000.0,3100.0,2500.0
Maharashtra,HINGNA - APMC,Tomato,2026-06-04,Local,6.0,500.0,5000.0,2683.0
Maharashtra,Islampur APMC,Tomato,2026-06-04,Other,4.8,3000.0,4000.0,3550.0
Maharashtra,Jalgaon APMC,Tomato,2026-06-04,Other,6.0,1500.0,3000.0,2300.0
Maharashtra,Junnar(Narayangaon) APMC,Tomato,2026-06-04,Local,525.5,1000.0,2500.0,2000.0
Maharashtra,Kalmeshwar APMC,Tomato,2026-06-04,Other,0.7,2050.0,2500.0,2330.0
Maharashtra,Kamthi APMC,Tomato,2026-06-04,Local,2.0,2520.0,3020.0,2770.0
Maharashtra,Karad APMC,Tomato,2026-06-04,Other,0.9,2000.0,2500.0,2500.0
Maharashtra,Khed(Chakan) APMC,Tomato,2026-06-04,Other,33.6,2000.0,3000.0,2500.0
Maharashtra,Kolhapur APMC,Tomato,2026-06-04,Other,22.6,1000.0,3000.0,2000.0
Maharashtra,Manchar APMC,Tomato,2026-06-04,Other,0.7,2000.0,4100.0,3050.0
Maharashtra,Mangal Wedha APMC,Tomato,2026-06-04,Local,3.6,1000.0,4000.0,3100.0
Maharashtra,Mumbai APMC,Tomato,2026-06-04,Other,141.3,2600.0,3000.0,2800.0
Maharashtra,Nagpur APMC,Tomato,2026-06-04,Local,70.0,1500.0,3000.0,2625.0
Maharashtra,Nagpur APMC,Tomato,2026-06-04,Other,70.0,2000.0,2500.0,2375.0
Maharashtra,Nasik APMC,Tomato,2026-06-04,Other,163.6,300.0,2555.0,1600.0
Maharashtra,Pandharpur APMC,Tomato,2026-06-04,Other,1.7,500.0,3000.0,2000.0
Maharashtra,Panvel APMC,Tomato,2026-06-04,Other,79.0,4000.0,5000.0,4500.0
Maharashtra,Phaltan APMC,Tomato,2026-06-04,Other,4.2,1000.0,3500.0,2456.0
Maharashtra,Pimpalgaon Baswant APMC,Tomato,2026-06-04,Other,70.8,400.0,2505.0,1955.0
Maharashtra,Pune APMC,Tomato,2026-06-04,Local,228.4,1000.0,2600.0,1800.0
Maharashtra,Pune(Khadiki) APMC,Tomato,2026-06-04,Local,1.3,700.0,1200.0,950.0
Maharashtra,Pune(Manjri) APMC,Tomato,2026-06-04,Other,54.4,1500.0,3000.0,2500.0
Maharashtra,Pune(Moshi) APMC,Tomato,2026-06-04,Local,69.3,2000.0,2500.0,2250.0
Maharashtra,Pune(Pimpri) APMC,Tomato,2026-06-04,Local,0.1,2100.0,2100.0,2100.0
Maharashtra,Rahata APMC,Tomato,2026-06-04,Other,5.9,1000.0,3250.0,2125.0
Maharashtra,Rahuri APMC,Tomato,2026-06-04,Other,6.4,1000.0,3000.0,2000.0
Maharashtra,Ramtek APMC,Tomato,2026-06-04,Other,3.2,1500.0,2500.0,2000.0
Maharashtra,Ratnagiri (Nachane) APMC,Tomato,2026-06-04,Other,1.6,3700.0,4100.0,4000.0
Maharashtra,SHRI.SIDDHESHWAR  APMC,Tomato,2026-06-04,Other,28.8,500.0,3000.0,2000.0
Maharashtra,Sangamner APMC,Tomato,2026-06-04,Other,175.0,1000.0,3000.0,2000.0
Maharashtra,Satara APMC,Tomato,2026-06-04,Other,6.7,2000.0,2500.0,2250.0
Maharashtra,Shrirampur APMC,Tomato,2026-06-04,Other,2.9,1000.0,2000.0,1550.0
Maharashtra,Vai APMC,Tomato,2026-06-04,Local,10.0,1000.0,2500.0,1800.0
Maharashtra,Vita APMC,Tomato,2026-06-04,Other,3.0,3500.0,4000.0,3800.0
Maharashtra,AGRICULTURE PRODUCE MARKET COMITEE CHANDWAD,Tomato,2026-06-05,Local,0.6,875.0,2555.0,2000.0
Maharashtra,Amrawati(Frui & Veg. Market) APMC,Tomato,2026-06-05,Local,15.0,2600.0,3200.0,2900.0
Maharashtra,Bhusaval APMC,Tomato,2026-06-05,Other,2.0,2000.0,3000.0,2500.0
Maharashtra,Chandrapur(Ganjwad) APMC,Tomato,2026-06-05,Other,58.6,1200.0,2000.0,1600.0
Maharashtra,HINGNA - APMC,Tomato,2026-06-05,Local,3.6,2000.0,3000.0,2600.0
Maharashtra,Islampur APMC,Tomato,2026-06-05,Other,7.7,2500.0,3000.0,2750.0
Maharashtra,Jalgaon APMC,Tomato,2026-06-05,Other,11.0,2000.0,3000.0,2000.0
Maharashtra,Junnar(Narayangaon) APMC,Tomato,2026-06-05,Local,540.0,1000.0,2750.0,2000.0
Maharashtra,Kalmeshwar APMC,Tomato,2026-06-05,Other,1.0,2010.0,2500.0,2325.0
Maharashtra,Kamthi APMC,Tomato,2026-06-05,Local,3.2,2520.0,3020.0,2770.0
Maharashtra,Khed(Chakan) APMC,Tomato,2026-06-05,Other,26.5,1500.0,3000.0,2200.0
Maharashtra,Mangal Wedha APMC,Tomato,2026-06-05,Local,5.2,1000.0,3400.0,2700.0
Maharashtra,Mumbai APMC,Tomato,2026-06-05,Other,238.2,2600.0,4000.0,2800.0
Maharashtra,Nasik APMC,Tomato,2026-06-05,Other,151.2,225.0,2500.0,1550.0
Maharashtra,Pandharpur APMC,Tomato,2026-06-05,Other,2.3,700.0,3000.0,2000.0
Maharashtra,Panvel APMC,Tomato,2026-06-05,Other,83.0,4000.0,5000.0,4500.0
Maharashtra,Patan APMC,Tomato,2026-06-05,Other,0.9,1250.0,1450.0,1350.0
Maharashtra,Pimpalgaon Baswant APMC,Tomato,2026-06-05,Other,85.0,400.0,2605.0,2055.0
Maharashtra,Pune APMC,Tomato,2026-06-05,Local,225.7,1000.0,3000.0,2000.0
Maharashtra,Pune(Manjri) APMC,Tomato,2026-06-05,Other,48.4,2000.0,3000.0,2500.0
Maharashtra,Pune(Moshi) APMC,Tomato,2026-06-05,Local,42.7,2500.0,3000.0,2750.0
Maharashtra,Pune(Pimpri) APMC,Tomato,2026-06-05,Local,0.3,2000.0,2600.0,2300.0
Maharashtra,Rahata APMC,Tomato,2026-06-05,Other,2.8,1000.0,3000.0,2000.0
Maharashtra,SHRI.SIDDHESHWAR  APMC,Tomato,2026-06-05,Other,22.5,500.0,3500.0,2100.0
Maharashtra,Sangamner APMC,Tomato,2026-06-05,Other,180.0,500.0,2750.0,1625.0
Maharashtra,Shrirampur APMC,Tomato,2026-06-05,Other,3.3,1000.0,2000.0,1550.0
Maharashtra,Vadgaonpeth APMC,Tomato,2026-06-05,Local,5.0,2800.0,3500.0,3000.0
Maharashtra,Vai APMC,Tomato,2026-06-05,Local,12.0,1000.0,2500.0,1800.0
Maharashtra,Vita APMC,Tomato,2026-06-05,Other,2.0,3500.0,4000.0,3800.0
Maharashtra,Akluj APMC,Tomato,2026-06-06,Local,1.6,2000.0,4000.0,3000.0
Maharashtra,Amrawati(Frui & Veg. Market) APMC,Tomato,2026-06-06,Local,13.8,2500.0,3000.0,2750.0
Maharashtra,Bhusaval APMC,Tomato,2026-06-06,Other,1.6,2000.0,3000.0,2500.0
Maharashtra,Chandrapur(Ganjwad) APMC,Tomato,2026-06-06,Other,66.0,1200.0,2400.0,1600.0
Maharashtra,Chattrapati Sambhajinagar APMC,Tomato,2026-06-06,Other,9.4,2200.0,3700.0,2950.0
Maharashtra,HINGNA - APMC,Tomato,2026-06-06,Local,5.0,1000.0,4500.0,3107.0
Maharashtra,Jalgaon APMC,Tomato,2026-06-06,Other,13.0,1500.0,2500.0,2000.0
Maharashtra,Junnar(Narayangaon) APMC,Tomato,2026-06-06,Local,558.0,1000.0,2750.0,2000.0
Maharashtra,Kalmeshwar APMC,Tomato,2026-06-06,Other,1.7,2510.0,3000.0,2830.0
Maharashtra,Kamthi APMC,Tomato,2026-06-06,Local,0.8,2520.0,3020.0,2770.0
Maharashtra,Karad APMC,Tomato,2026-06-06,Other,3.0,1000.0,1800.0,1800.0
Maharashtra,Khed(Chakan) APMC,Tomato,2026-06-06,Other,30.9,1500.0,2500.0,2000.0
Maharashtra,Kolhapur APMC,Tomato,2026-06-06,Other,24.5,1000.0,3000.0,2000.0
Maharashtra,Mangal Wedha APMC,Tomato,2026-06-06,Local,7.4,500.0,2700.0,2200.0
Maharashtra,Mumbai APMC,Tomato,2026-06-06,Other,272.9,2000.0,2600.0,2300.0
Maharashtra,Nagpur APMC,Tomato,2026-06-06,Local,45.0,2500.0,3500.0,3250.0
Maharashtra,Nagpur APMC,Tomato,2026-06-06,Other,45.0,3500.0,4500.0,4250.0
Maharashtra,Pandharpur APMC,Tomato,2026-06-06,Other,2.1,500.0,3100.0,2100.0
Maharashtra,Panvel APMC,Tomato,2026-06-06,Other,69.0,3000.0,4000.0,3500.0
Maharashtra,Patan APMC,Tomato,2026-06-06,Other,0.3,1500.0,2000.0,1750.0
Maharashtra,Phaltan APMC,Tomato,2026-06-06,Other,4.9,1000.0,3000.0,2195.0
Maharashtra,Pune(Manjri) APMC,Tomato,2026-06-06,Other,60.6,1500.0,3000.0,2500.0
Maharashtra,Pune(Moshi) APMC,Tomato,2026-06-06,Local,56.3,2500.0,3000.0,2750.0
Maharashtra,Pune(Pimpri) APMC,Tomato,2026-06-06,Local,0.7,2000.0,2700.0,2350.0
Maharashtra,Rahata APMC,Tomato,2026-06-06,Other,3.0,1000.0,3000.0,2000.0
Maharashtra,Rahuri APMC,Tomato,2026-06-06,Other,6.0,1000.0,2800.0,1900.0
Maharashtra,Ramtek APMC,Tomato,2026-06-06,Other,0.7,2000.0,4000.0,3000.0
Maharashtra,SHRI.SIDDHESHWAR  APMC,Tomato,2026-06-06,Other,39.2,500.0,3200.0,2100.0
Maharashtra,Satara APMC,Tomato,2026-06-06,Other,6.9,1000.0,2000.0,1500.0
Maharashtra,Shrirampur APMC,Tomato,2026-06-06,Other,2.4,1000.0,2000.0,1550.0
Maharashtra,Vadgaonpeth APMC,Tomato,2026-06-06,Local,5.0,2500.0,3500.0,2800.0
Maharashtra,Vita APMC,Tomato,2026-06-06,Other,4.0,2000.0,2500.0,2200.0
Maharashtra,Akluj APMC,Tomato,2026-06-07,Local,1.8,1500.0,3000.0,2500.0
Maharashtra,Amrawati(Frui & Veg. Market) APMC,Tomato,2026-06-07,Local,12.9,2600.0,3200.0,2900.0
Maharashtra,Bhusaval APMC,Tomato,2026-06-07,Other,5.5,2000.0,2500.0,2200.0
Maharashtra,Chattrapati Sambhajinagar APMC,Tomato,2026-06-07,Other,5.2,2000.0,3800.0,2900.0
Maharashtra,Islampur APMC,Tomato,2026-06-07,Other,7.6,2000.0,3000.0,2550.0
Maharashtra,Junnar(Narayangaon) APMC,Tomato,2026-06-07,Local,623.5,1500.0,3000.0,2500.0
Maharashtra,Kalmeshwar APMC,Tomato,2026-06-07,Other,1.0,2515.0,3000.0,2825.0
Maharashtra,Kamthi APMC,Tomato,2026-06-07,Local,2.3,5060.0,5560.0,5310.0
Maharashtra,Khed(Chakan) APMC,Tomato,2026-06-07,Other,32.6,2000.0,3000.0,2500.0
Maharashtra,Kolhapur APMC,Tomato,2026-06-07,Other,22.9,1000.0,3000.0,2000.0
Maharashtra,Manchar APMC,Tomato,2026-06-07,Other,0.8,2000.0,4600.0,3300.0
Maharashtra,Mangal Wedha APMC,Tomato,2026-06-07,Local,5.5,400.0,3000.0,2200.0
Maharashtra,Nasik APMC,Tomato,2026-06-07,Other,129.2,300.0,2750.0,1700.0
Maharashtra,Panvel APMC,Tomato,2026-06-07,Other,56.5,4000.0,5000.0,4500.0
Maharashtra,Phaltan APMC,Tomato,2026-06-07,Other,12.0,500.0,3000.0,1920.0
Maharashtra,Pimpalgaon Baswant APMC,Tomato,2026-06-07,Other,24.2,400.0,2555.0,2005.0
Maharashtra,Pune APMC,Tomato,2026-06-07,Local,298.3,1000.0,2500.0,1750.0
Maharashtra,Pune(Khadiki) APMC,Tomato,2026-06-07,Local,0.9,700.0,1300.0,1000.0
Maharashtra,Pune(Manjri) APMC,Tomato,2026-06-07,Other,50.1,1500.0,3200.0,2500.0
Maharashtra,Pune(Moshi) APMC,Tomato,2026-06-07,Local,59.5,2000.0,2500.0,2250.0
Maharashtra,Pune(Pimpri) APMC,Tomato,2026-06-07,Local,0.6,2000.0,2000.0,2000.0
Maharashtra,Rahata APMC,Tomato,2026-06-07,Other,5.6,1000.0,3000.0,2000.0
Maharashtra,Rahuri APMC,Tomato,2026-06-07,Other,1.1,500.0,1500.0,1000.0
Maharashtra,Ramtek APMC,Tomato,2026-06-07,Other,1.4,3000.0,5000.0,4000.0
Maharashtra,Sangamner APMC,Tomato,2026-06-07,Other,175.0,1000.0,3000.0,2000.0
Maharashtra,Satara APMC,Tomato,2026-06-07,Other,11.5,1000.0,2000.0,1500.0
Maharashtra,Shrirampur APMC,Tomato,2026-06-07,Other,3.2,1000.0,2000.0,1550.0
Maharashtra,Vadgaonpeth APMC,Tomato,2026-06-07,Local,5.5,2000.0,3500.0,2600.0
Maharashtra,Vai APMC,Tomato,2026-06-07,Local,11.0,1500.0,2500.0,2000.0
Maharashtra,Akluj APMC,Tomato,2026-06-08,Local,2.2,1500.0,3200.0,3000.0
Maharashtra,Amrawati(Frui & Veg. Market) APMC,Tomato,2026-06-08,Local,13.8,2500.0,3000.0,2750.0
Maharashtra,Chandrapur(Ganjwad) APMC,Tomato,2026-06-08,Other,43.5,2400.0,4000.0,3200.0
Maharashtra,Chattrapati Sambhajinagar APMC,Tomato,2026-06-08,Other,6.9,2500.0,4200.0,3350.0
Maharashtra,HINGNA - APMC,Tomato,2026-06-08,Local,11.5,1500.0,5500.0,4021.0
Maharashtra,Jalgaon APMC,Tomato,2026-06-08,Other,4.3,3000.0,4000.0,3500.0
Maharashtra,Junnar(Narayangaon) APMC,Tomato,2026-06-08,Local,630.7,1500.0,3500.0,3000.0
Maharashtra,Kamthi APMC,Tomato,2026-06-08,Local,5.2,4070.0,4570.0,4320.0
Maharashtra,Karad APMC,Tomato,2026-06-08,Other,6.0,1500.0,2000.0,2000.0
Maharashtra,Kolhapur APMC,Tomato,2026-06-08,Other,24.3,1000.0,3000.0,2000.0
Maharashtra,Manchar APMC,Tomato,2026-06-08,Other,0.3,1800.0,2000.0,1900.0
Maharashtra,Mangal Wedha APMC,Tomato,2026-06-08,Local,9.9,500.0,2500.0,2000.0
Maharashtra,Mumbai APMC,Tomato,2026-06-08,Other,266.6,2600.0,3000.0,2800.0
Maharashtra,Nagpur APMC,Tomato,2026-06-08,Local,45.0,3500.0,4500.0,4250.0
Maharashtra,Nagpur APMC,Tomato,2026-06-08,Other,45.0,3000.0,4700.0,4275.0
Maharashtra,Nasik APMC,Tomato,2026-06-08,Other,134.8,300.0,3000.0,1875.0
Maharashtra,Pandharpur APMC,Tomato,2026-06-08,Other,2.3,500.0,3000.0,2000.0
Maharashtra,Panvel APMC,Tomato,2026-06-08,Other,66.5,4000.0,5000.0,4500.0
Maharashtra,Patan APMC,Tomato,2026-06-08,Other,0.9,1350.0,1550.0,1450.0
Maharashtra,Pimpalgaon Baswant APMC,Tomato,2026-06-08,Other,80.0,400.0,3755.0,2705.0
Maharashtra,Pune APMC,Tomato,2026-06-08,Local,156.9,1000.0,2600.0,1800.0
Maharashtra,Pune(Manjri) APMC,Tomato,2026-06-08,Other,50.1,1500.0,4000.0,2500.0
Maharashtra,Pune(Moshi) APMC,Tomato,2026-06-08,Local,50.7,2000.0,2500.0,2250.0
Maharashtra,Pune(Pimpri) APMC,Tomato,2026-06-08,Local,0.8,1200.0,2000.0,1600.0
Maharashtra,Rahuri APMC,Tomato,2026-06-08,Other,1.2,500.0,1200.0,850.0
Maharashtra,SHRI.SIDDHESHWAR  APMC,Tomato,2026-06-08,Other,35.3,700.0,3300.0,2900.0
Maharashtra,Sangamner APMC,Tomato,2026-06-08,Other,195.0,1000.0,3000.0,2000.0
Maharashtra,Satara APMC,Tomato,2026-06-08,Other,3.9,1000.0,2000.0,1500.0
Maharashtra,Shrirampur APMC,Tomato,2026-06-08,Other,2.9,1500.0,2000.0,1750.0
Maharashtra,Vita APMC,Tomato,2026-06-08,Other,6.0,2500.0,3000.0,2750.0
Maharashtra,Ahilyanagar APMC,Tomato,2026-06-09,Other,25.3,600.0,2800.0,1700.0
Maharashtra,Amrawati(Frui & Veg. Market) APMC,Tomato,2026-06-09,Local,15.0,2600.0,3200.0,2900.0
Maharashtra,Bhusaval APMC,Tomato,2026-06-09,Other,3.1,2000.0,3000.0,2500.0
Maharashtra,Chandrapur(Ganjwad) APMC,Tomato,2026-06-09,Other,59.6,2000.0,3600.0,3200.0
Maharashtra,Chattrapati Sambhajinagar APMC,Tomato,2026-06-09,Other,13.0,2000.0,3700.0,2850.0
Maharashtra,Dharashiv APMC,Tomato,2026-06-09,Other,6.6,1100.0,4000.0,2550.0
Maharashtra,HINGNA - APMC,Tomato,2026-06-09,Local,7.2,2000.0,5600.0,4525.0
Maharashtra,Islampur APMC,Tomato,2026-06-09,Other,10.6,2000.0,2500.0,2200.0
Maharashtra,Jalgaon APMC,Tomato,2026-06-09,Other,9.5,2000.0,4000.0,3000.0
Maharashtra,Kalmeshwar APMC,Tomato,2026-06-09,Other,0.7,2530.0,3000.0,2850.0
Maharashtra,Kamthi APMC,Tomato,2026-06-09,Local,4.2,4050.0,4550.0,4300.0
Maharashtra,Karad APMC,Tomato,2026-06-09,Other,3.9,1500.0,2000.0,2000.0
Maharashtra,Khed(Chakan) APMC,Tomato,2026-06-09,Other,32.2,2000.0,3000.0,2500.0
Maharashtra,Kolhapur APMC,Tomato,2026-06-09,Other,16.8,1000.0,3000.0,2000.0
Maharashtra,Mumbai APMC,Tomato,2026-06-09,Other,120.6,3000.0,3500.0,3250.0
Maharashtra,Nagpur APMC,Tomato,2026-06-09,Local,55.0,3500.0,5000.0,4625.0
Maharashtra,Nagpur APMC,Tomato,2026-06-09,Other,55.0,3000.0,4000.0,3750.0
Maharashtra,Nasik APMC,Tomato,2026-06-09,Other,151.0,300.0,3250.0,1950.0
Maharashtra,Pandharpur APMC,Tomato,2026-06-09,Other,2.3,800.0,3200.0,2000.0
Maharashtra,Panvel APMC,Tomato,2026-06-09,Other,87.0,4000.0,5000.0,4500.0
Maharashtra,Phaltan APMC,Tomato,2026-06-09,Other,4.0,1000.0,3000.0,2000.0
Maharashtra,Pimpalgaon Baswant APMC,Tomato,2026-06-09,Other,47.2,1105.0,5005.0,3750.0
Maharashtra,Pune APMC,Tomato,2026-06-09,Local,176.7,1000.0,3000.0,2000.0
Maharashtra,Pune(Khadiki) APMC,Tomato,2026-06-09,Local,1.8,700.0,1200.0,950.0
Maharashtra,Pune(Manjri) APMC,Tomato,2026-06-09,Other,46.7,3000.0,5000.0,4000.0
Maharashtra,Pune(Moshi) APMC,Tomato,2026-06-09,Local,40.1,2500.0,3000.0,2750.0
Maharashtra,Pune(Pimpri) APMC,Tomato,2026-06-09,Local,0.4,2500.0,2600.0,2550.0
Maharashtra,Rahuri APMC,Tomato,2026-06-09,Other,1.3,500.0,1500.0,1000.0
Maharashtra,Ramtek APMC,Tomato,2026-06-09,Other,0.9,3000.0,4000.0,3500.0
Maharashtra,SHRI.SIDDHESHWAR  APMC,Tomato,2026-06-09,Other,12.6,800.0,4000.0,2500.0
Maharashtra,Sangamner APMC,Tomato,2026-06-09,Other,185.0,1000.0,4000.0,2500.0
Maharashtra,Satara APMC,Tomato,2026-06-09,Other,11.6,1000.0,2000.0,1500.0
Maharashtra,Vadgaonpeth APMC,Tomato,2026-06-09,Local,3.8,1500.0,3000.0,2250.0
Maharashtra,Vai APMC,Tomato,2026-06-09,Local,0.7,1000.0,2500.0,2200.0
Maharashtra,Vita APMC,Tomato,2026-06-09,Other,3.0,2500.0,3000.0,2750.0
Maharashtra,AGRICULTURE PRODUCE MARKET COMITEE CHANDWAD,Tomato,2026-06-10,Local,3.8,1000.0,3000.0,2625.0
Maharashtra,Akluj APMC,Tomato,2026-06-10,Local,1.8,1500.0,3000.0,2500.0
Maharashtra,Amrawati(Frui & Veg. Market) APMC,Tomato,2026-06-10,Local,13.8,2500.0,3500.0,3000.0
Maharashtra,Bhusaval APMC,Tomato,2026-06-10,Other,1.2,2000.0,3000.0,2500.0
Maharashtra,Chandrapur(Ganjwad) APMC,Tomato,2026-06-10,Other,62.8,2000.0,3600.0,2800.0
Maharashtra,Chattrapati Sambhajinagar APMC,Tomato,2026-06-10,Other,8.3,2500.0,4500.0,3500.0
Maharashtra,Dharashiv APMC,Tomato,2026-06-10,Other,7.4,1250.0,4000.0,2625.0
Maharashtra,HINGNA - APMC,Tomato,2026-06-10,Local,4.8,5000.0,5750.0,5416.0
Maharashtra,Jalgaon APMC,Tomato,2026-06-10,Other,4.5,2000.0,4000.0,3000.0
Maharashtra,Kalmeshwar APMC,Tomato,2026-06-10,Other,1.0,2515.0,3000.0,2825.0
Maharashtra,Kamthi APMC,Tomato,2026-06-10,Local,3.0,4520.0,5020.0,4770.0
Maharashtra,Karad APMC,Tomato,2026-06-10,Other,3.0,1000.0,2000.0,2000.0
Maharashtra,Khed(Chakan) APMC,Tomato,2026-06-10,Other,24.2,2500.0,4000.0,3500.0
Maharashtra,Kolhapur APMC,Tomato,2026-06-10,Other,23.1,1000.0,3000.0,2000.0
Maharashtra,Mangal Wedha APMC,Tomato,2026-06-10,Local,3.7,1000.0,3400.0,2400.0
Maharashtra,Mumbai APMC,Tomato,2026-06-10,Other,222.0,4400.0,5000.0,4700.0
Maharashtra,Nagpur APMC,Tomato,2026-06-10,Local,50.0,2500.0,5000.0,4375.0
Maharashtra,Nagpur APMC,Tomato,2026-06-10,Other,50.0,3500.0,4500.0,4250.0
Maharashtra,Nasik APMC,Tomato,2026-06-10,Other,145.0,300.0,3555.0,2050.0
Maharashtra,Panvel APMC,Tomato,2026-06-10,Other,67.0,5000.0,6000.0,5500.0
Maharashtra,Patan APMC,Tomato,2026-06-10,Other,0.3,1500.0,2000.0,1750.0
Maharashtra,Phaltan APMC,Tomato,2026-06-10,Other,3.7,1000.0,3000.0,2226.0
Maharashtra,Pimpalgaon Baswant APMC,Tomato,2026-06-10,Other,41.7,400.0,4255.0,3105.0
Maharashtra,Pune APMC,Tomato,2026-06-10,Local,145.5,1000.0,4000.0,2500.0
Maharashtra,Pune(Khadiki) APMC,Tomato,2026-06-10,Local,1.6,700.0,1300.0,1000.0
Maharashtra,Pune(Manjri) APMC,Tomato,2026-06-10,Other,51.7,2500.0,6000.0,4000.0
Maharashtra,Pune(Pimpri) APMC,Tomato,2026-06-10,Local,1.1,1800.0,3000.0,2400.0
Maharashtra,Rahuri APMC,Tomato,2026-06-10,Other,1.7,500.0,1500.0,1000.0
Maharashtra,Ramtek APMC,Tomato,2026-06-10,Other,0.5,3000.0,5000.0,4000.0
Maharashtra,SHRI.SIDDHESHWAR  APMC,Tomato,2026-06-10,Other,32.8,800.0,4500.0,2500.0
Maharashtra,Sangamner APMC,Tomato,2026-06-10,Other,180.0,1000.0,4000.0,2500.0
Maharashtra,Satara APMC,Tomato,2026-06-10,Other,4.8,2000.0,3000.0,2500.0
Maharashtra,Shrirampur APMC,Tomato,2026-06-10,Other,3.3,1000.0,2000.0,1550.0
Maharashtra,Vadgaonpeth APMC,Tomato,2026-06-10,Local,5.0,2000.0,4000.0,2800.0
Maharashtra,Vai APMC,Tomato,2026-06-10,Local,0.6,2000.0,3500.0,3000.0
Maharashtra,AGRICULTURE PRODUCE MARKET COMITEE CHANDWAD,Tomato,2026-06-11,Local,1.8,1400.0,3055.0,2250.0
Maharashtra,Akluj APMC,Tomato,2026-06-11,Local,2.8,1500.0,3000.0,2500.0
Maharashtra,Bhusaval APMC,Tomato,2026-06-11,Other,1.9,2200.0,3000.0,2500.0
Maharashtra,Chattrapati Sambhajinagar APMC,Tomato,2026-06-11,Other,5.5,3000.0,5000.0,4000.0
Maharashtra,Dharashiv APMC,Tomato,2026-06-11,Other,2.1,750.0,4250.0,2500.0
Maharashtra,HINGNA - APMC,Tomato,2026-06-11,Local,3.9,2000.0,5100.0,4033.0
Maharashtra,Islampur APMC,Tomato,2026-06-11,Other,6.2,2000.0,2500.0,2250.0
Maharashtra,Jalgaon APMC,Tomato,2026-06-11,Other,9.9,2000.0,4000.0,3000.0
Maharashtra,Kalmeshwar APMC,Tomato,2026-06-11,Other,0.8,2515.0,3000.0,2805.0
Maharashtra,Kamthi APMC,Tomato,2026-06-11,Local,3.0,4520.0,5020.0,4770.0
Maharashtra,Karad APMC,Tomato,2026-06-11,Other,6.0,3000.0,3500.0,3500.0
Maharashtra,Khed(Chakan) APMC,Tomato,2026-06-11,Other,29.6,3000.0,4000.0,3500.0
Maharashtra,Kolhapur APMC,Tomato,2026-06-11,Other,15.4,1000.0,3000.0,2000.0
Maharashtra,Mangal Wedha APMC,Tomato,2026-06-11,Local,3.3,500.0,3800.0,2500.0
Maharashtra,Mumbai APMC,Tomato,2026-06-11,Other,231.4,3600.0,4000.0,3800.0
Maharashtra,Nagpur APMC,Tomato,2026-06-11,Local,60.0,4000.0,5200.0,4900.0
Maharashtra,Nagpur APMC,Tomato,2026-06-11,Other,50.0,3000.0,5000.0,4500.0
Maharashtra,Nasik APMC,Tomato,2026-06-11,Other,148.3,300.0,3500.0,2125.0
Maharashtra,Panvel APMC,Tomato,2026-06-11,Other,78.0,5000.0,6000.0,5500.0
Maharashtra,Pimpalgaon Baswant APMC,Tomato,2026-06-11,Other,31.7,400.0,4105.0,3255.0
Maharashtra,Pune APMC,Tomato,2026-06-11,Local,244.0,1000.0,3600.0,2300.0
Maharashtra,Pune(Khadiki) APMC,Tomato,2026-06-11,Local,1.1,900.0,1200.0,1050.0
Maharashtra,Pune(Manjri) APMC,Tomato,2026-06-11,Other,51.7,1500.0,4000.0,2500.0
Maharashtra,Pune(Moshi) APMC,Tomato,2026-06-11,Local,56.5,2500.0,3000.0,2750.0
Maharashtra,Pune(Pimpri) APMC,Tomato,2026-06-11,Local,0.6,3500.0,3500.0,3500.0
Maharashtra,Rahata APMC,Tomato,2026-06-11,Other,6.0,500.0,3250.0,1875.0
Maharashtra,Rahuri APMC,Tomato,2026-06-11,Other,1.7,500.0,1500.0,1000.0
Maharashtra,Ramtek APMC,Tomato,2026-06-11,Other,1.6,3000.0,4000.0,3500.0
Maharashtra,Ratnagiri (Nachane) APMC,Tomato,2026-06-11,Other,1.6,1000.0,2200.0,2000.0
Maharashtra,SHRI.SIDDHESHWAR  APMC,Tomato,2026-06-11,Other,24.8,300.0,4500.0,2500.0
Maharashtra,Sangamner APMC,Tomato,2026-06-11,Other,150.0,1000.0,3500.0,2250.0
Maharashtra,Satara APMC,Tomato,2026-06-11,Other,10.5,2000.0,3000.0,2500.0
Maharashtra,Shrirampur APMC,Tomato,2026-06-11,Other,2.5,1000.0,2000.0,1500.0
Maharashtra,Vadgaonpeth APMC,Tomato,2026-06-11,Local,5.5,1500.0,3500.0,2000.0
Maharashtra,Vai APMC,Tomato,2026-06-11,Local,0.6,2000.0,4000.0,3500.0
Maharashtra,Vita APMC,Tomato,2026-06-11,Other,4.0,3500.0,4000.0,3800.0
Maharashtra,Akluj APMC,Tomato,2026-06-12,Local,1.4,1500.0,4000.0,3500.0
Maharashtra,Amrawati(Frui & Veg. Market) APMC,Tomato,2026-06-12,Local,12.9,2500.0,3500.0,3000.0
Maharashtra,Bhusaval APMC,Tomato,2026-06-12,Other,2.0,2500.0,3500.0,3000.0
Maharashtra,Dharashiv APMC,Tomato,2026-06-12,Other,3.0,750.0,5000.0,2875.0
Maharashtra,HINGNA - APMC,Tomato,2026-06-12,Local,3.8,1500.0,5500.0,3458.0
Maharashtra,Islampur APMC,Tomato,2026-06-12,Other,6.9,3000.0,4000.0,3550.0
Maharashtra,Jalgaon APMC,Tomato,2026-06-12,Other,8.8,2000.0,4000.0,3000.0
Maharashtra,Junnar(Narayangaon) APMC,Tomato,2026-06-12,Local,841.0,1000.0,2500.0,2000.0
Maharashtra,Kalmeshwar APMC,Tomato,2026-06-12,Other,1.0,3035.0,3500.0,3355.0
Maharashtra,Kamthi APMC,Tomato,2026-06-12,Local,6.9,4560.0,5060.0,4810.0
Maharashtra,Khed(Chakan) APMC,Tomato,2026-06-12,Other,27.2,3000.0,4000.0,3500.0
Maharashtra,Mangal Wedha APMC,Tomato,2026-06-12,Local,3.3,500.0,5500.0,4500.0
Maharashtra,Mumbai APMC,Tomato,2026-06-12,Other,219.4,3600.0,4000.0,3800.0
Maharashtra,Nasik APMC,Tomato,2026-06-12,Other,160.2,450.0,3375.0,1975.0
Maharashtra,Pandharpur APMC,Tomato,2026-06-12,Other,2.8,500.0,3200.0,2000.0
Maharashtra,Panvel APMC,Tomato,2026-06-12,Other,80.0,4000.0,5000.0,4500.0
Maharashtra,Patan APMC,Tomato,2026-06-12,Other,0.7,1500.0,2000.0,1750.0
Maharashtra,Pimpalgaon Baswant APMC,Tomato,2026-06-12,Other,60.9,400.0,3755.0,3105.0
Maharashtra,Pune APMC,Tomato,2026-06-12,Local,253.6,1000.0,3000.0,2000.0
Maharashtra,Pune(Khadiki) APMC,Tomato,2026-06-12,Local,1.3,700.0,1200.0,950.0
Maharashtra,Pune(Manjri) APMC,Tomato,2026-06-12,Other,47.5,1500.0,4000.0,2500.0
Maharashtra,Pune(Moshi) APMC,Tomato,2026-06-12,Local,44.4,3000.0,4500.0,3750.0
Maharashtra,Pune(Pimpri) APMC,Tomato,2026-06-12,Local,0.6,3000.0,3500.0,3250.0
Maharashtra,Rahata APMC,Tomato,2026-06-12,Other,2.4,1000.0,3750.0,2375.0
Maharashtra,Rahuri APMC,Tomato,2026-06-12,Other,1.1,500.0,1300.0,900.0
Maharashtra,Ratnagiri (Nachane) APMC,Tomato,2026-06-12,Other,1.9,1500.0,3500.0,2500.0
Maharashtra,SHRI.SIDDHESHWAR  APMC,Tomato,2026-06-12,Other,26.4,500.0,4500.0,2500.0
Maharashtra,Sangamner APMC,Tomato,2026-06-12,Other,120.0,1000.0,3250.0,2125.0
Maharashtra,Shrirampur APMC,Tomato,2026-06-12,Other,3.2,1500.0,2200.0,1850.0
Maharashtra,Vai APMC,Tomato,2026-06-12,Local,0.8,1500.0,3000.0,2250.0
Maharashtra,Vita APMC,Tomato,2026-06-12,Other,2.0,3500.0,4000.0,3700.0
Maharashtra,Akluj APMC,Tomato,2026-06-13,Local,1.5,2000.0,4500.0,4000.0
Maharashtra,Amrawati(Frui & Veg. Market) APMC,Tomato,2026-06-13,Local,12.0,2400.0,3200.0,2900.0
Maharashtra,Bhusaval APMC,Tomato,2026-06-13,Other,0.4,2000.0,3000.0,2500.0
Maharashtra,Chattrapati Sambhajinagar APMC,Tomato,2026-06-13,Other,11.2,3500.0,4000.0,3750.0
Maharashtra,Dharashiv APMC,Tomato,2026-06-13,Other,4.4,1500.0,5000.0,3250.0
Maharashtra,HINGNA - APMC,Tomato,2026-06-13,Local,6.0,1250.0,5000.0,3436.0
Maharashtra,Junnar(Narayangaon) APMC,Tomato,2026-06-13,Local,789.5,1000.0,2500.0,2000.0
Maharashtra,Kalmeshwar APMC,Tomato,2026-06-13,Other,0.7,3035.0,3500.0,3355.0
Maharashtra,Kamthi APMC,Tomato,2026-06-13,Local,1.2,4530.0,5030.0,4780.0
Maharashtra,Karad APMC,Tomato,2026-06-13,Other,3.9,1500.0,2500.0,2500.0
Maharashtra,Khed(Chakan) APMC,Tomato,2026-06-13,Other,31.5,2000.0,3000.0,2500.0
Maharashtra,Kolhapur APMC,Tomato,2026-06-13,Other,31.8,2000.0,3000.0,2500.0
Maharashtra,Mangal Wedha APMC,Tomato,2026-06-13,Local,4.0,1000.0,4700.0,3500.0
Maharashtra,Mumbai APMC,Tomato,2026-06-13,Other,217.5,3000.0,3600.0,3300.0
Maharashtra,Nagpur APMC,Tomato,2026-06-13,Local,60.0,2500.0,4000.0,3625.0
Maharashtra,Nagpur APMC,Tomato,2026-06-13,Other,65.0,3500.0,4500.0,4250.0
Maharashtra,Pandharpur APMC,Tomato,2026-06-13,Other,2.4,500.0,2800.0,2000.0
Maharashtra,Panvel APMC,Tomato,2026-06-13,Other,70.0,3000.0,3500.0,3250.0
Maharashtra,Phaltan APMC,Tomato,2026-06-13,Other,2.4,1550.0,4000.0,2900.0
Maharashtra,Pune(Manjri) APMC,Tomato,2026-06-13,Other,49.3,1500.0,4000.0,2500.0
Maharashtra,Pune(Moshi) APMC,Tomato,2026-06-13,Local,48.7,2500.0,3000.0,2750.0
Maharashtra,Pune(Pimpri) APMC,Tomato,2026-06-13,Local,0.9,2000.0,3000.0,2500.0
Maharashtra,Rahuri APMC,Tomato,2026-06-13,Other,1.3,500.0,1000.0,750.0
Maharashtra,Ramtek APMC,Tomato,2026-06-13,Other,0.9,3000.0,5000.0,4000.0
Maharashtra,SHRI.SIDDHESHWAR  APMC,Tomato,2026-06-13,Other,41.5,600.0,4800.0,2500.0
Maharashtra,Satara APMC,Tomato,2026-06-13,Other,11.3,1500.0,2500.0,2000.0
Maharashtra,Shrirampur APMC,Tomato,2026-06-13,Other,2.4,2000.0,2500.0,2250.0
Maharashtra,Vadgaonpeth APMC,Tomato,2026-06-13,Local,4.6,2000.0,3500.0,2600.0
Maharashtra,Akluj APMC,Tomato,2026-06-14,Local,1.5,2000.0,4000.0,3500.0
Maharashtra,Amrawati(Frui & Veg. Market) APMC,Tomato,2026-06-14,Local,13.8,2500.0,3500.0,3000.0
Maharashtra,Bhusaval APMC,Tomato,2026-06-14,Other,5.5,2000.0,3000.0,2500.0
Maharashtra,Chattrapati Sambhajinagar APMC,Tomato,2026-06-14,Other,9.4,3500.0,4000.0,3750.0
Maharashtra,Dharashiv APMC,Tomato,2026-06-14,Other,8.8,1100.0,5000.0,3050.0
Maharashtra,Islampur APMC,Tomato,2026-06-14,Other,8.1,3000.0,4000.0,3550.0
Maharashtra,Junnar(Narayangaon) APMC,Tomato,2026-06-14,Local,815.5,1500.0,3000.0,2000.0
Maharashtra,Kalmeshwar APMC,Tomato,2026-06-14,Other,0.8,2530.0,3000.0,2850.0
Maharashtra,Kamthi APMC,Tomato,2026-06-14,Local,2.2,4060.0,4560.0,4310.0
Maharashtra,Khed(Chakan) APMC,Tomato,2026-06-14,Other,32.8,1500.0,3000.0,2200.0
Maharashtra,Kolhapur APMC,Tomato,2026-06-14,Other,19.2,1000.0,3000.0,2000.0
Maharashtra,Mangal Wedha APMC,Tomato,2026-06-14,Local,2.7,800.0,5900.0,4500.0
Maharashtra,Nagpur APMC,Tomato,2026-06-14,Local,60.0,2500.0,4000.0,3625.0
Maharashtra,Nagpur APMC,Tomato,2026-06-14,Other,75.0,2500.0,4500.0,4000.0
Maharashtra,Nasik APMC,Tomato,2026-06-14,Other,158.2,450.0,3250.0,1850.0
Maharashtra,Palus APMC,Tomato,2026-06-14,Other,0.8,2500.0,3500.0,3000.0
Maharashtra,Panvel APMC,Tomato,2026-06-14,Other,55.0,4000.0,5000.0,4500.0
Maharashtra,Phaltan APMC,Tomato,2026-06-14,Other,11.5,750.0,4000.0,2460.0
Maharashtra,Pimpalgaon Baswant APMC,Tomato,2026-06-14,Other,30.3,400.0,3555.0,3005.0
Maharashtra,Pune(Khadiki) APMC,Tomato,2026-06-14,Local,1.1,800.0,1200.0,1000.0
Maharashtra,Pune(Manjri) APMC,Tomato,2026-06-14,Other,49.3,1500.0,4000.0,2500.0
Maharashtra,Pune(Moshi) APMC,Tomato,2026-06-14,Local,32.7,2000.0,3000.0,2500.0
Maharashtra,Pune(Pimpri) APMC,Tomato,2026-06-14,Local,0.6,2500.0,2700.0,2600.0
Maharashtra,Rahata APMC,Tomato,2026-06-14,Other,7.0,500.0,3500.0,2000.0
Maharashtra,Ramtek APMC,Tomato,2026-06-14,Other,2.1,2000.0,4000.0,3000.0
Maharashtra,Sangamner APMC,Tomato,2026-06-14,Other,120.0,1000.0,3250.0,2125.0
Maharashtra,Satara APMC,Tomato,2026-06-14,Other,9.8,2000.0,2500.0,2200.0
Maharashtra,Shrirampur APMC,Tomato,2026-06-14,Other,3.3,1000.0,2500.0,1700.0
Maharashtra,Vadgaonpeth APMC,Tomato,2026-06-14,Local,5.5,1600.0,4000.0,2600.0
Maharashtra,Vita APMC,Tomato,2026-06-14,Other,3.0,3500.0,4000.0,3500.0
Maharashtra,Akluj APMC,Tomato,2026-06-15,Local,2.5,1500.0,3500.0,3000.0
Maharashtra,Amrawati(Frui & Veg. Market) APMC,Tomato,2026-06-15,Local,12.9,2600.0,3600.0,3100.0
Maharashtra,Chandrapur(Ganjwad) APMC,Tomato,2026-06-15,Other,47.9,2400.0,3200.0,2800.0
Maharashtra,Chattrapati Sambhajinagar APMC,Tomato,2026-06-15,Other,8.5,2500.0,4000.0,3250.0
Maharashtra,HINGNA - APMC,Tomato,2026-06-15,Local,12.6,1500.0,5000.0,3566.0
Maharashtra,Jalgaon APMC,Tomato,2026-06-15,Other,8.5,2000.0,4000.0,3000.0
Maharashtra,Junnar(Narayangaon) APMC,Tomato,2026-06-15,Local,923.7,1000.0,2750.0,2000.0
Maharashtra,Kamthi APMC,Tomato,2026-06-15,Local,1.3,4050.0,4550.0,4300.0
Maharashtra,Karad APMC,Tomato,2026-06-15,Other,2.4,2000.0,2300.0,2300.0
Maharashtra,Kolhapur APMC,Tomato,2026-06-15,Other,23.6,1000.0,3000.0,2000.0
Maharashtra,Mangal Wedha APMC,Tomato,2026-06-15,Local,10.4,500.0,3100.0,2500.0
Maharashtra,Mumbai APMC,Tomato,2026-06-15,Other,241.3,2600.0,3000.0,2800.0
Maharashtra,Nagpur APMC,Tomato,2026-06-15,Local,50.0,3500.0,4500.0,4250.0
Maharashtra,Nagpur APMC,Tomato,2026-06-15,Other,80.0,4000.0,5000.0,4750.0
Maharashtra,Nasik APMC,Tomato,2026-06-15,Other,142.6,450.0,3500.0,1975.0
Maharashtra,Pandharpur APMC,Tomato,2026-06-15,Other,2.3,500.0,3000.0,2000.0
Maharashtra,Panvel APMC,Tomato,2026-06-15,Other,75.0,4000.0,5000.0,4500.0
Maharashtra,Patan APMC,Tomato,2026-06-15,Other,0.9,1250.0,1450.0,1350.0
Maharashtra,Pimpalgaon Baswant APMC,Tomato,2026-06-15,Other,65.3,400.0,3255.0,2655.0
Maharashtra,Pune APMC,Tomato,2026-06-15,Local,181.4,1600.0,3000.0,2250.0
Maharashtra,Pune(Khadiki) APMC,Tomato,2026-06-15,Local,1.8,800.0,1200.0,1000.0
Maharashtra,Pune(Manjri) APMC,Tomato,2026-06-15,Other,43.3,2000.0,5000.0,4000.0
Maharashtra,Pune(Moshi) APMC,Tomato,2026-06-15,Local,51.2,1000.0,4000.0,2500.0
Maharashtra,Pune(Pimpri) APMC,Tomato,2026-06-15,Local,0.3,2500.0,2500.0,2500.0
Maharashtra,Ratnagiri (Nachane) APMC,Tomato,2026-06-15,Other,1.5,1500.0,3500.0,3000.0
Maharashtra,SHRI.SIDDHESHWAR  APMC,Tomato,2026-06-15,Other,40.5,500.0,4500.0,2500.0
Maharashtra,Sangamner APMC,Tomato,2026-06-15,Other,180.0,1000.0,3500.0,2250.0
Maharashtra,Satara APMC,Tomato,2026-06-15,Other,5.2,2000.0,2500.0,2200.0
Maharashtra,Shrirampur APMC,Tomato,2026-06-15,Other,2.5,1500.0,2000.0,1750.0
Maharashtra,Vai APMC,Tomato,2026-06-15,Local,0.6,1000.0,2500.0,1500.0
Maharashtra,Vita APMC,Tomato,2026-06-15,Other,4.0,3500.0,4000.0,3700.0
Maharashtra,Amrawati(Frui & Veg. Market) APMC,Tomato,2026-06-16,Local,13.7,2500.0,3500.0,3000.0
Maharashtra,Bhusaval APMC,Tomato,2026-06-16,Other,0.8,2500.0,3500.0,3000.0
Maharashtra,Chandrapur(Ganjwad) APMC,Tomato,2026-06-16,Other,56.7,2000.0,2800.0,2400.0
Maharashtra,Chattrapati Sambhajinagar APMC,Tomato,2026-06-16,Other,5.7,3500.0,4500.0,4000.0
Maharashtra,Dharashiv APMC,Tomato,2026-06-16,Other,8.9,500.0,4500.0,2500.0
Maharashtra,HINGNA - APMC,Tomato,2026-06-16,Local,6.5,1500.0,5000.0,3704.0
Maharashtra,Jalgaon APMC,Tomato,2026-06-16,Other,12.0,2000.0,3000.0,2500.0
Maharashtra,Kalmeshwar APMC,Tomato,2026-06-16,Other,0.7,3060.0,3500.0,3340.0
Maharashtra,Karad APMC,Tomato,2026-06-16,Other,2.1,1500.0,2200.0,2200.0
Maharashtra,Khed(Chakan) APMC,Tomato,2026-06-16,Other,27.6,2000.0,3500.0,2500.0
Maharashtra,Kolhapur APMC,Tomato,2026-06-16,Other,12.0,2000.0,3000.0,2500.0
Maharashtra,Mumbai APMC,Tomato,2026-06-16,Other,259.0,2800.0,3400.0,3100.0
Maharashtra,Nagpur APMC,Tomato,2026-06-16,Local,80.0,2500.0,3500.0,3250.0
Maharashtra,Nagpur APMC,Tomato,2026-06-16,Other,70.0,2000.0,3500.0,3125.0
Maharashtra,Nasik APMC,Tomato,2026-06-16,Other,135.5,400.0,3375.0,1875.0
Maharashtra,Navapur APMC,Tomato,2026-06-16,Other,28.0,1000.0,3500.0,1946.0
Maharashtra,Palus APMC,Tomato,2026-06-16,Other,0.4,2500.0,3000.0,2700.0
Maharashtra,Pandharpur APMC,Tomato,2026-06-16,Other,2.3,700.0,3000.0,2000.0
Maharashtra,Panvel APMC,Tomato,2026-06-16,Other,68.9,4000.0,5000.0,4500.0
Maharashtra,Patan APMC,Tomato,2026-06-16,Other,0.7,1500.0,2000.0,1750.0
Maharashtra,Pimpalgaon Baswant APMC,Tomato,2026-06-16,Other,36.4,400.0,3555.0,3005.0
Maharashtra,Pune APMC,Tomato,2026-06-16,Local,189.0,1000.0,3000.0,2000.0
Maharashtra,Pune(Khadiki) APMC,Tomato,2026-06-16,Local,1.0,900.0,1200.0,1050.0
Maharashtra,Pune(Manjri) APMC,Tomato,2026-06-16,Other,57.4,2500.0,5000.0,3500.0
Maharashtra,Pune(Moshi) APMC,Tomato,2026-06-16,Local,47.1,2000.0,3000.0,2500.0
Maharashtra,Pune(Pimpri) APMC,Tomato,2026-06-16,Local,0.2,2000.0,2600.0,2300.0
Maharashtra,Ramtek APMC,Tomato,2026-06-16,Other,1.0,2000.0,4000.0,3000.0
Maharashtra,SHRI.SIDDHESHWAR  APMC,Tomato,2026-06-16,Other,33.5,500.0,4500.0,2500.0
Maharashtra,Sangamner APMC,Tomato,2026-06-16,Other,170.0,200.0,2200.0,1200.0
Maharashtra,Satara APMC,Tomato,2026-06-16,Other,7.4,2000.0,3000.0,2500.0
Maharashtra,Vadgaonpeth APMC,Tomato,2026-06-16,Local,6.0,2000.0,3500.0,2600.0
Maharashtra,Vai APMC,Tomato,2026-06-16,Local,0.7,1500.0,3000.0,2250.0
Maharashtra,AGRICULTURE PRODUCE MARKET COMITEE CHANDWAD,Tomato,2026-06-17,Local,3.6,1000.0,3200.0,2575.0
Maharashtra,Akluj APMC,Tomato,2026-06-17,Local,2.2,1800.0,3800.0,3500.0
Maharashtra,Amrawati(Frui & Veg. Market) APMC,Tomato,2026-06-17,Local,12.9,2500.0,3800.0,3150.0
Maharashtra,Bhusaval APMC,Tomato,2026-06-17,Other,2.1,2200.0,3000.0,2500.0
Maharashtra,Chattrapati Sambhajinagar APMC,Tomato,2026-06-17,Other,7.2,2000.0,4300.0,3150.0
Maharashtra,Dharashiv APMC,Tomato,2026-06-17,Other,6.4,1600.0,4000.0,2400.0
Maharashtra,Ghoti APMC,Tomato,2026-06-17,Other,7.8,2000.0,4450.0,3500.0
Maharashtra,HINGNA - APMC,Tomato,2026-06-17,Local,6.0,1000.0,4000.0,3083.0
Maharashtra,Jalgaon APMC,Tomato,2026-06-17,Other,9.0,2000.0,3000.0,2500.0
Maharashtra,Kalmeshwar APMC,Tomato,2026-06-17,Other,0.8,2530.0,3000.0,2850.0
Maharashtra,Kamthi APMC,Tomato,2026-06-17,Local,2.3,4070.0,4570.0,4320.0
Maharashtra,Karad APMC,Tomato,2026-06-17,Other,3.0,1500.0,2300.0,2300.0
Maharashtra,Khed(Chakan) APMC,Tomato,2026-06-17,Other,29.4,1500.0,3000.0,2200.0
Maharashtra,Kolhapur APMC,Tomato,2026-06-17,Other,26.2,1000.0,3000.0,2000.0
Maharashtra,Manchar APMC,Tomato,2026-06-17,Other,0.3,1800.0,5000.0,3495.0
Maharashtra,Mangal Wedha APMC,Tomato,2026-06-17,Local,5.0,1500.0,4700.0,3900.0
Maharashtra,Mumbai APMC,Tomato,2026-06-17,Other,275.3,3000.0,4000.0,3500.0
Maharashtra,Nagpur APMC,Tomato,2026-06-17,Local,60.0,2500.0,3500.0,3250.0
Maharashtra,Nagpur APMC,Tomato,2026-06-17,Other,80.0,2500.0,4000.0,3625.0
Maharashtra,Nasik APMC,Tomato,2026-06-17,Other,128.9,450.0,3555.0,2150.0
Maharashtra,Navapur APMC,Tomato,2026-06-17,Other,28.0,1000.0,4000.0,2261.0
Maharashtra,Pandharpur APMC,Tomato,2026-06-17,Other,2.5,500.0,3000.0,2100.0
Maharashtra,Panvel APMC,Tomato,2026-06-17,Other,81.5,4000.0,5000.0,4500.0
Maharashtra,Pimpalgaon Baswant APMC,Tomato,2026-06-17,Other,25.2,400.0,3255.0,2655.0
Maharashtra,Pune APMC,Tomato,2026-06-17,Local,240.3,1000.0,3500.0,2250.0
Maharashtra,Pune(Khadiki) APMC,Tomato,2026-06-17,Local,1.7,800.0,1300.0,1050.0
Maharashtra,Pune(Manjri) APMC,Tomato,2026-06-17,Other,59.7,2000.0,4000.0,3000.0
Maharashtra,Pune(Pimpri) APMC,Tomato,2026-06-17,Local,0.7,2000.0,3000.0,2500.0
Maharashtra,Rahata APMC,Tomato,2026-06-17,Other,3.4,500.0,3250.0,1800.0
Maharashtra,Rahuri APMC,Tomato,2026-06-17,Other,1.2,500.0,1000.0,750.0
Maharashtra,Ramtek APMC,Tomato,2026-06-17,Other,0.8,2000.0,3000.0,2500.0
Maharashtra,Ratnagiri (Nachane) APMC,Tomato,2026-06-17,Other,1.6,3000.0,3200.0,3100.0
Maharashtra,SHRI.SIDDHESHWAR  APMC,Tomato,2026-06-17,Other,60.4,500.0,4500.0,2500.0
Maharashtra,Sangamner APMC,Tomato,2026-06-17,Other,167.0,1000.0,3500.0,2250.0
Maharashtra,Satara APMC,Tomato,2026-06-17,Other,1.8,2000.0,3000.0,2500.0
Maharashtra,Shrirampur APMC,Tomato,2026-06-17,Other,2.9,1000.0,2200.0,1700.0
Maharashtra,Vadgaonpeth APMC,Tomato,2026-06-17,Local,4.5,2000.0,3500.0,2700.0
Maharashtra,Vai APMC,Tomato,2026-06-17,Local,0.6,1500.0,2500.0,2000.0
Maharashtra,AGRICULTURE PRODUCE MARKET COMITEE CHANDWAD,Tomato,2026-06-18,Local,3.7,750.0,3400.0,2000.0
Maharashtra,Ahilyanagar APMC,Tomato,2026-06-18,Other,21.4,800.0,4000.0,2400.0
Maharashtra,Akluj APMC,Tomato,2026-06-18,Local,2.2,1500.0,3500.0,3000.0
Maharashtra,Bhusaval APMC,Tomato,2026-06-18,Other,2.8,2000.0,3000.0,2500.0
Maharashtra,Chattrapati Sambhajinagar APMC,Tomato,2026-06-18,Other,10.3,3000.0,4400.0,3700.0
Maharashtra,Dharashiv APMC,Tomato,2026-06-18,Other,5.1,750.0,4500.0,2625.0
Maharashtra,Ghoti APMC,Tomato,2026-06-18,Other,9.6,2000.0,4400.0,3500.0
Maharashtra,HINGNA - APMC,Tomato,2026-06-18,Local,3.1,1500.0,3000.0,2500.0
Maharashtra,Islampur APMC,Tomato,2026-06-18,Other,2.0,2000.0,3000.0,2550.0
Maharashtra,Jalgaon APMC,Tomato,2026-06-18,Other,4.7,3000.0,4000.0,3500.0
Maharashtra,Junnar(Narayangaon) APMC,Tomato,2026-06-18,Local,754.8,1000.0,2750.0,2000.0
Maharashtra,Kalmeshwar APMC,Tomato,2026-06-18,Other,0.7,2515.0,3000.0,2825.0
Maharashtra,Kamthi APMC,Tomato,2026-06-18,Local,2.2,4530.0,5030.0,4780.0
Maharashtra,Karad APMC,Tomato,2026-06-18,Other,0.9,3000.0,3500.0,3500.0
Maharashtra,Khed(Chakan) APMC,Tomato,2026-06-18,Other,30.4,1500.0,3000.0,2200.0
Maharashtra,Kolhapur APMC,Tomato,2026-06-18,Other,20.8,1000.0,3000.0,2000.0
Maharashtra,Mangal Wedha APMC,Tomato,2026-06-18,Local,7.4,1500.0,4300.0,3100.0
Maharashtra,Mumbai APMC,Tomato,2026-06-18,Other,229.2,3400.0,4000.0,3700.0
Maharashtra,Nagpur APMC,Tomato,2026-06-18,Local,75.0,2500.0,4000.0,3625.0
Maharashtra,Nagpur APMC,Tomato,2026-06-18,Other,80.0,4000.0,5000.0,4750.0
Maharashtra,Nasik APMC,Tomato,2026-06-18,Other,127.0,450.0,3250.0,1900.0
Maharashtra,Pandharpur APMC,Tomato,2026-06-18,Other,2.7,800.0,3500.0,2000.0
Maharashtra,Panvel APMC,Tomato,2026-06-18,Other,84.5,4000.0,5000.0,4500.0
Maharashtra,Pimpalgaon Baswant APMC,Tomato,2026-06-18,Other,28.3,505.0,4375.0,3605.0
Maharashtra,Pune APMC,Tomato,2026-06-18,Local,254.3,1000.0,2800.0,1900.0
Maharashtra,Pune(Khadiki) APMC,Tomato,2026-06-18,Local,1.3,800.0,1300.0,1050.0
Maharashtra,Pune(Manjri) APMC,Tomato,2026-06-18,Other,51.5,2000.0,4000.0,3000.0
Maharashtra,Pune(Moshi) APMC,Tomato,2026-06-18,Local,55.6,2000.0,2500.0,2250.0
Maharashtra,Pune(Pimpri) APMC,Tomato,2026-06-18,Local,0.3,2000.0,2000.0,2000.0
Maharashtra,Rahata APMC,Tomato,2026-06-18,Other,7.1,500.0,3750.0,2125.0
Maharashtra,Rahuri APMC,Tomato,2026-06-18,Other,0.9,500.0,1500.0,1000.0
Maharashtra,SHRI.SIDDHESHWAR  APMC,Tomato,2026-06-18,Other,32.3,500.0,3800.0,2000.0
Maharashtra,Sangamner APMC,Tomato,2026-06-18,Other,180.0,500.0,2500.0,1500.0
Maharashtra,Satara APMC,Tomato,2026-06-18,Other,9.5,2000.0,2500.0,2200.0
Maharashtra,Shrirampur APMC,Tomato,2026-06-18,Other,2.3,1200.0,2200.0,1700.0
Maharashtra,Vadgaonpeth APMC,Tomato,2026-06-18,Local,5.5,1700.0,3500.0,2500.0
Maharashtra,Vai APMC,Tomato,2026-06-18,Local,0.6,2000.0,3500.0,3000.0
Maharashtra,Vita APMC,Tomato,2026-06-18,Other,2.0,3500.0,4000.0,3800.0
Maharashtra,AGRICULTURE PRODUCE MARKET COMITEE CHANDWAD,Tomato,2026-06-19,Local,2.9,1000.0,3125.0,2250.0
Maharashtra,Akluj APMC,Tomato,2026-06-19,Local,2.5,1500.0,3000.0,2500.0
Maharashtra,Amrawati(Frui & Veg. Market) APMC,Tomato,2026-06-19,Local,13.0,2500.0,3500.0,3000.0
Maharashtra,Bhusaval APMC,Tomato,2026-06-19,Other,2.3,2000.0,3000.0,2500.0
Maharashtra,Chandrapur(Ganjwad) APMC,Tomato,2026-06-19,Other,74.2,1600.0,2400.0,2000.0
Maharashtra,Dharashiv APMC,Tomato,2026-06-19,Other,5.7,850.0,4000.0,2425.0
Maharashtra,HINGNA - APMC,Tomato,2026-06-19,Local,2.4,1250.0,3260.0,2503.0
Maharashtra,Jalgaon APMC,Tomato,2026-06-19,Other,5.5,2000.0,4000.0,3000.0
Maharashtra,Junnar(Narayangaon) APMC,Tomato,2026-06-19,Local,896.2,1000.0,2750.0,2000.0
Maharashtra,Kalmeshwar APMC,Tomato,2026-06-19,Other,0.8,3040.0,3500.0,3360.0
Maharashtra,Kamthi APMC,Tomato,2026-06-19,Local,5.2,4050.0,4550.0,4300.0
Maharashtra,Khed(Chakan) APMC,Tomato,2026-06-19,Other,24.9,2000.0,3000.0,2500.0
Maharashtra,Mangal Wedha APMC,Tomato,2026-06-19,Local,4.4,1000.0,4500.0,3100.0
Maharashtra,Mumbai APMC,Tomato,2026-06-19,Other,296.1,3000.0,3500.0,3250.0
Maharashtra,Nasik APMC,Tomato,2026-06-19,Other,92.0,450.0,3555.0,2000.0
Maharashtra,Navapur APMC,Tomato,2026-06-19,Other,26.0,1000.0,4000.0,2115.0
Maharashtra,Pandharpur APMC,Tomato,2026-06-19,Other,2.1,700.0,3200.0,2000.0
Maharashtra,Panvel APMC,Tomato,2026-06-19,Other,82.5,4000.0,5000.0,4500.0
Maharashtra,Patan APMC,Tomato,2026-06-19,Other,0.9,1500.0,2000.0,1750.0
Maharashtra,Pimpalgaon Baswant APMC,Tomato,2026-06-19,Other,25.4,505.0,4025.0,3255.0
Maharashtra,Pune APMC,Tomato,2026-06-19,Local,230.9,1000.0,2500.0,1750.0
Maharashtra,Pune(Manjri) APMC,Tomato,2026-06-19,Other,46.6,2000.0,4000.0,3000.0
Maharashtra,Pune(Moshi) APMC,Tomato,2026-06-19,Local,54.2,2000.0,3500.0,2750.0
Maharashtra,Pune(Pimpri) APMC,Tomato,2026-06-19,Local,0.2,2500.0,3200.0,2850.0
Maharashtra,Rahata APMC,Tomato,2026-06-19,Other,2.1,1000.0,3000.0,2000.0
Maharashtra,Ratnagiri (Nachane) APMC,Tomato,2026-06-19,Other,2.0,3000.0,3200.0,3100.0
Maharashtra,SHRI.SIDDHESHWAR  APMC,Tomato,2026-06-19,Other,43.8,500.0,3500.0,2000.0
Maharashtra,Sangamner APMC,Tomato,2026-06-19,Other,150.0,500.0,3000.0,1750.0
Maharashtra,Shrirampur APMC,Tomato,2026-06-19,Other,3.3,1000.0,2000.0,1550.0
Maharashtra,Vadgaonpeth APMC,Tomato,2026-06-19,Local,5.1,1900.0,3000.0,2500.0
Maharashtra,Vai APMC,Tomato,2026-06-19,Local,0.7,1500.0,3000.0,2250.0
Maharashtra,Vita APMC,Tomato,2026-06-19,Other,3.0,3500.0,4000.0,3800.0
Maharashtra,Akluj APMC,Tomato,2026-06-20,Local,1.5,1800.0,3200.0,3000.0
Maharashtra,Amrawati(Frui & Veg. Market) APMC,Tomato,2026-06-20,Local,12.0,2400.0,3200.0,2800.0
Maharashtra,Bhusaval APMC,Tomato,2026-06-20,Other,1.3,2000.0,3000.0,2500.0
Maharashtra,Chandrapur(Ganjwad) APMC,Tomato,2026-06-20,Other,57.5,1600.0,2400.0,2000.0
Maharashtra,Chattrapati Sambhajinagar APMC,Tomato,2026-06-20,Other,8.0,3000.0,4500.0,3750.0
Maharashtra,Dharashiv APMC,Tomato,2026-06-20,Other,4.7,500.0,4000.0,2250.0
Maharashtra,HINGNA - APMC,Tomato,2026-06-20,Local,5.9,1000.0,4000.0,2975.0
Maharashtra,Jalgaon APMC,Tomato,2026-06-20,Other,10.0,2500.0,4500.0,3500.0
Maharashtra,Junnar(Narayangaon) APMC,Tomato,2026-06-20,Local,804.7,1000.0,3000.0,2000.0
Maharashtra,Kalmeshwar APMC,Tomato,2026-06-20,Other,0.8,2545.0,3000.0,2825.0
Maharashtra,Kamthi APMC,Tomato,2026-06-20,Local,2.6,3520.0,4020.0,3770.0
Maharashtra,Karad APMC,Tomato,2026-06-20,Other,3.0,1000.0,2500.0,2500.0
Maharashtra,Kolhapur APMC,Tomato,2026-06-20,Other,22.6,2000.0,3000.0,2500.0
Maharashtra,Mangal Wedha APMC,Tomato,2026-06-20,Local,5.3,400.0,3600.0,3100.0
Maharashtra,Nagpur APMC,Tomato,2026-06-20,Local,50.0,2000.0,3000.0,2750.0
Maharashtra,Nagpur APMC,Tomato,2026-06-20,Other,75.0,3000.0,4000.0,3750.0
Maharashtra,Pandharpur APMC,Tomato,2026-06-20,Other,1.6,500.0,3200.0,2000.0
Maharashtra,Panvel APMC,Tomato,2026-06-20,Other,77.0,3000.0,4000.0,3500.0
Maharashtra,Patan APMC,Tomato,2026-06-20,Other,0.7,1500.0,2000.0,1750.0
Maharashtra,Phaltan APMC,Tomato,2026-06-20,Other,4.0,1500.0,3500.0,2644.0
Maharashtra,Pune(Manjri) APMC,Tomato,2026-06-20,Other,55.1,2500.0,4000.0,3000.0
Maharashtra,Pune(Moshi) APMC,Tomato,2026-06-20,Local,59.3,2000.0,2500.0,2250.0
Maharashtra,Pune(Pimpri) APMC,Tomato,2026-06-20,Local,0.6,2000.0,3000.0,2500.0
Maharashtra,Rahata APMC,Tomato,2026-06-20,Other,3.7,1000.0,3500.0,2250.0
Maharashtra,Ramtek APMC,Tomato,2026-06-20,Other,1.2,1500.0,2500.0,2000.0
Maharashtra,SHRI.SIDDHESHWAR  APMC,Tomato,2026-06-20,Other,38.6,500.0,3200.0,2000.0
Maharashtra,Sangamner APMC,Tomato,2026-06-20,Other,180.0,750.0,2750.0,1750.0
Maharashtra,Satara APMC,Tomato,2026-06-20,Other,9.3,2000.0,2500.0,2200.0
Maharashtra,Shrirampur APMC,Tomato,2026-06-20,Other,2.6,2000.0,3000.0,2500.0
Maharashtra,Vadgaonpeth APMC,Tomato,2026-06-20,Local,4.5,1900.0,3000.0,2500.0
Maharashtra,Vai APMC,Tomato,2026-06-20,Local,0.8,1500.0,3000.0,2250.0
Maharashtra,Vita APMC,Tomato,2026-06-20,Other,4.0,3500.0,4000.0,3800.0
Maharashtra,Ahilyanagar APMC,Tomato,2026-06-21,Other,28.0,400.0,3500.0,1950.0
Maharashtra,Akluj APMC,Tomato,2026-06-21,Local,2.0,1500.0,4000.0,2800.0
Maharashtra,Amrawati(Frui & Veg. Market) APMC,Tomato,2026-06-21,Local,12.0,2500.0,3500.0,3000.0
Maharashtra,Bhusaval APMC,Tomato,2026-06-21,Other,4.8,2000.0,2500.0,2200.0
Maharashtra,Chattrapati Sambhajinagar APMC,Tomato,2026-06-21,Other,13.0,2500.0,5500.0,4000.0
Maharashtra,Dharashiv APMC,Tomato,2026-06-21,Other,16.0,500.0,3750.0,2125.0
Maharashtra,Islampur APMC,Tomato,2026-06-21,Other,5.8,1500.0,2500.0,2000.0
Maharashtra,Junnar(Narayangaon) APMC,Tomato,2026-06-21,Local,866.7,1000.0,3000.0,2000.0
Maharashtra,Kalmeshwar APMC,Tomato,2026-06-21,Other,0.9,3010.0,3500.0,3330.0
Maharashtra,Kamthi APMC,Tomato,2026-06-21,Local,3.6,4060.0,4560.0,4310.0
Maharashtra,Karad APMC,Tomato,2026-06-21,Other,3.0,1500.0,2500.0,2500.0
Maharashtra,Kolhapur APMC,Tomato,2026-06-21,Other,11.2,1000.0,3000.0,2000.0
Maharashtra,Mangal Wedha APMC,Tomato,2026-06-21,Local,5.1,600.0,3900.0,3400.0
Maharashtra,Nasik APMC,Tomato,2026-06-21,Other,108.8,400.0,3555.0,1925.0
Maharashtra,Navapur APMC,Tomato,2026-06-21,Other,14.0,1500.0,4500.0,3000.0
Maharashtra,Panvel APMC,Tomato,2026-06-21,Other,53.5,3500.0,4000.0,3750.0
Maharashtra,Pimpalgaon Baswant APMC,Tomato,2026-06-21,Other,21.2,505.0,4005.0,3405.0
Maharashtra,Pune APMC,Tomato,2026-06-21,Local,329.2,1000.0,3500.0,2250.0
Maharashtra,Pune(Manjri) APMC,Tomato,2026-06-21,Other,62.3,1500.0,3500.0,2500.0
Maharashtra,Pune(Moshi) APMC,Tomato,2026-06-21,Local,64.8,2000.0,3000.0,2500.0
Maharashtra,Pune(Pimpri) APMC,Tomato,2026-06-21,Local,0.5,1200.0,2000.0,1600.0
Maharashtra,Rahata APMC,Tomato,2026-06-21,Other,5.3,500.0,4000.0,2250.0
Maharashtra,Ramtek APMC,Tomato,2026-06-21,Other,2.4,2000.0,3000.0,2500.0
Maharashtra,Sangamner APMC,Tomato,2026-06-21,Other,170.0,750.0,3500.0,2125.0
Maharashtra,Satara APMC,Tomato,2026-06-21,Other,13.0,2000.0,3000.0,2500.0
Maharashtra,Shrirampur APMC,Tomato,2026-06-21,Other,3.2,2000.0,3000.0,2550.0
Maharashtra,Vadgaonpeth APMC,Tomato,2026-06-21,Local,5.0,2500.0,3500.0,2900.0
Maharashtra,Vai APMC,Tomato,2026-06-21,Local,12.0,2000.0,3500.0,2800.0
Maharashtra,Vita APMC,Tomato,2026-06-21,Other,3.0,2500.0,3000.0,2700.0
Maharashtra,Akluj APMC,Tomato,2026-06-22,Local,2.5,2000.0,4000.0,3000.0
Maharashtra,Amrawati(Frui & Veg. Market) APMC,Tomato,2026-06-22,Local,13.7,3000.0,4000.0,3500.0
Maharashtra,Chandrapur(Ganjwad) APMC,Tomato,2026-06-22,Other,58.8,1200.0,2000.0,1600.0
Maharashtra,Chattrapati Sambhajinagar APMC,Tomato,2026-06-22,Other,10.5,3000.0,4200.0,3600.0
Maharashtra,HINGNA - APMC,Tomato,2026-06-22,Local,9.4,2000.0,4250.0,3500.0
Maharashtra,Junnar(Narayangaon) APMC,Tomato,2026-06-22,Local,971.2,1000.0,2750.0,2000.0
Maharashtra,Kamthi APMC,Tomato,2026-06-22,Local,1.7,4060.0,4560.0,4310.0
Maharashtra,Karad APMC,Tomato,2026-06-22,Other,4.8,2000.0,2500.0,2500.0
Maharashtra,Kolhapur APMC,Tomato,2026-06-22,Other,25.0,1500.0,2500.0,2000.0
Maharashtra,Mangal Wedha APMC,Tomato,2026-06-22,Local,7.7,500.0,5400.0,3400.0
Maharashtra,Mumbai APMC,Tomato,2026-06-22,Other,296.8,3000.0,3500.0,3250.0
Maharashtra,Nagpur APMC,Tomato,2026-06-22,Local,60.0,3000.0,3500.0,3375.0
Maharashtra,Nagpur APMC,Tomato,2026-06-22,Other,70.0,4000.0,4500.0,4375.0
Maharashtra,Nasik APMC,Tomato,2026-06-22,Other,105.4,400.0,3625.0,2000.0
Maharashtra,Navapur APMC,Tomato,2026-06-22,Other,20.0,1000.0,3000.0,1925.0
Maharashtra,Pandharpur APMC,Tomato,2026-06-22,Other,2.1,500.0,3000.0,2000.0
Maharashtra,Panvel APMC,Tomato,2026-06-22,Other,71.0,4000.0,5000.0,4500.0
Maharashtra,Patan APMC,Tomato,2026-06-22,Other,0.7,1500.0,2500.0,2000.0
Maharashtra,Pimpalgaon Baswant APMC,Tomato,2026-06-22,Other,22.4,505.0,6005.0,4005.0
Maharashtra,Pune APMC,Tomato,2026-06-22,Local,252.1,1000.0,2500.0,1750.0
Maharashtra,Pune(Khadiki) APMC,Tomato,2026-06-22,Local,1.7,700.0,1300.0,1000.0
Maharashtra,Pune(Manjri) APMC,Tomato,2026-06-22,Other,54.3,1500.0,3500.0,2500.0
Maharashtra,Pune(Moshi) APMC,Tomato,2026-06-22,Local,48.0,1500.0,2000.0,1750.0
Maharashtra,Pune(Pimpri) APMC,Tomato,2026-06-22,Local,0.2,2000.0,3000.0,2500.0
Maharashtra,Rahuri APMC,Tomato,2026-06-22,Other,0.9,500.0,1500.0,1000.0
Maharashtra,Ratnagiri (Nachane) APMC,Tomato,2026-06-22,Other,1.5,3000.0,3200.0,3100.0
Maharashtra,SHRI.SIDDHESHWAR  APMC,Tomato,2026-06-22,Other,46.8,500.0,3000.0,2000.0
Maharashtra,Sangamner APMC,Tomato,2026-06-22,Other,160.0,750.0,3500.0,2125.0
Maharashtra,Satara APMC,Tomato,2026-06-22,Other,9.0,2000.0,2500.0,2250.0
Maharashtra,Shrirampur APMC,Tomato,2026-06-22,Other,2.7,1500.0,2500.0,2000.0
Maharashtra,Vai APMC,Tomato,2026-06-22,Local,0.7,1500.0,3000.0,2500.0
Maharashtra,Vita APMC,Tomato,2026-06-22,Other,2.0,2500.0,3000.0,2800.0
Maharashtra,Ahilyanagar APMC,Tomato,2026-06-23,Other,23.7,500.0,3800.0,2150.0
Maharashtra,Amrawati(Frui & Veg. Market) APMC,Tomato,2026-06-23,Local,12.0,3500.0,4500.0,4000.0
Maharashtra,Bhusaval APMC,Tomato,2026-06-23,Other,2.0,2000.0,2500.0,2200.0
Maharashtra,Chandrapur(Ganjwad) APMC,Tomato,2026-06-23,Other,61.5,1600.0,2400.0,2000.0
Maharashtra,Chattrapati Sambhajinagar APMC,Tomato,2026-06-23,Other,8.6,2500.0,4000.0,3250.0
Maharashtra,Dharashiv APMC,Tomato,2026-06-23,Other,7.0,750.0,4000.0,2375.0
Maharashtra,Ghoti APMC,Tomato,2026-06-23,Other,9.0,2000.0,4450.0,3500.0
Maharashtra,HINGNA - APMC,Tomato,2026-06-23,Local,3.7,3500.0,4000.0,3750.0
Maharashtra,Islampur APMC,Tomato,2026-06-23,Other,11.1,2000.0,2500.0,2250.0
Maharashtra,Kalmeshwar APMC,Tomato,2026-06-23,Other,0.8,2520.0,3000.0,2840.0
Maharashtra,Kalyan APMC,Tomato,2026-06-23,Other,0.3,3000.0,4000.0,3500.0
Maharashtra,Kamthi APMC,Tomato,2026-06-23,Local,2.2,3520.0,4020.0,3770.0
Maharashtra,Karad APMC,Tomato,2026-06-23,Other,2.4,1800.0,2500.0,2500.0
Maharashtra,Khed(Chakan) APMC,Tomato,2026-06-23,Other,33.2,1500.0,2500.0,2000.0
Maharashtra,Kolhapur APMC,Tomato,2026-06-23,Other,20.9,1500.0,2500.0,2000.0
Maharashtra,Mumbai APMC,Tomato,2026-06-23,Other,312.2,2800.0,3400.0,3100.0
Maharashtra,Nagpur APMC,Tomato,2026-06-23,Local,60.0,2500.0,3200.0,3025.0
Maharashtra,Nagpur APMC,Tomato,2026-06-23,Other,65.0,3500.0,4000.0,3875.0
Maharashtra,Nasik APMC,Tomato,2026-06-23,Other,98.8,400.0,3555.0,1950.0
Maharashtra,Palus APMC,Tomato,2026-06-23,Other,0.9,1800.0,2000.0,1900.0
Maharashtra,Pandharpur APMC,Tomato,2026-06-23,Other,2.3,700.0,3200.0,2000.0
Maharashtra,Panvel APMC,Tomato,2026-06-23,Other,84.5,4000.0,5000.0,4500.0
Maharashtra,Patan APMC,Tomato,2026-06-23,Other,0.7,1500.0,2000.0,1750.0
Maharashtra,Pimpalgaon Baswant APMC,Tomato,2026-06-23,Other,37.2,505.0,5005.0,3755.0
Maharashtra,Pune APMC,Tomato,2026-06-23,Local,240.2,1000.0,2500.0,1750.0
Maharashtra,Pune(Khadiki) APMC,Tomato,2026-06-23,Local,1.4,700.0,1300.0,1000.0
Maharashtra,Pune(Manjri) APMC,Tomato,2026-06-23,Other,55.9,1500.0,3000.0,2500.0
Maharashtra,Pune(Moshi) APMC,Tomato,2026-06-23,Local,46.4,2000.0,2000.0,2000.0
Maharashtra,Pune(Pimpri) APMC,Tomato,2026-06-23,Local,0.2,1800.0,3000.0,2400.0
Maharashtra,Rahata APMC,Tomato,2026-06-23,Other,4.1,500.0,4000.0,2250.0
Maharashtra,Rahuri APMC,Tomato,2026-06-23,Other,1.6,500.0,1500.0,1000.0
Maharashtra,Ramtek APMC,Tomato,2026-06-23,Other,1.5,2000.0,3000.0,2500.0
Maharashtra,SHRI.SIDDHESHWAR  APMC,Tomato,2026-06-23,Other,43.5,600.0,3000.0,2000.0
Maharashtra,Sangamner APMC,Tomato,2026-06-23,Other,120.0,750.0,3000.0,1875.0
Maharashtra,Satara APMC,Tomato,2026-06-23,Other,10.3,2000.0,2500.0,2200.0
Maharashtra,Vadgaonpeth APMC,Tomato,2026-06-23,Local,2.7,1800.0,3000.0,2300.0
Maharashtra,Vita APMC,Tomato,2026-06-23,Other,3.0,3000.0,3500.0,3200.0
Maharashtra,AGRICULTURE PRODUCE MARKET COMITEE CHANDWAD,Tomato,2026-06-24,Local,1.7,750.0,4100.0,2750.0
Maharashtra,Akluj APMC,Tomato,2026-06-24,Local,2.8,1500.0,3000.0,2500.0
Maharashtra,Amrawati(Frui & Veg. Market) APMC,Tomato,2026-06-24,Local,13.8,2500.0,3000.0,2750.0
Maharashtra,Bhusaval APMC,Tomato,2026-06-24,Other,1.7,2000.0,3000.0,2500.0
Maharashtra,Chattrapati Sambhajinagar APMC,Tomato,2026-06-24,Other,11.2,1500.0,3500.0,2500.0
Maharashtra,Dharashiv APMC,Tomato,2026-06-24,Other,7.8,500.0,3500.0,2000.0
Maharashtra,Ghoti APMC,Tomato,2026-06-24,Other,10.6,2000.0,4350.0,3500.0
Maharashtra,HINGNA - APMC,Tomato,2026-06-24,Local,6.5,1000.0,4000.0,2906.0
Maharashtra,Jalgaon APMC,Tomato,2026-06-24,Other,10.0,2000.0,4000.0,3000.0
Maharashtra,Junnar(Narayangaon) APMC,Tomato,2026-06-24,Local,897.5,500.0,2250.0,1500.0
Maharashtra,Kalmeshwar APMC,Tomato,2026-06-24,Other,0.9,2030.0,2500.0,2350.0
Maharashtra,Kalyan APMC,Tomato,2026-06-24,Other,0.3,2500.0,3200.0,2850.0
Maharashtra,Kamthi APMC,Tomato,2026-06-24,Local,1.7,3010.0,3510.0,3260.0
Maharashtra,Karad APMC,Tomato,2026-06-24,Other,3.9,1500.0,2000.0,2000.0
Maharashtra,Khed(Chakan) APMC,Tomato,2026-06-24,Other,24.8,2000.0,3000.0,2500.0
Maharashtra,Kolhapur APMC,Tomato,2026-06-24,Other,27.2,1500.0,2500.0,2000.0
Maharashtra,Mangal Wedha APMC,Tomato,2026-06-24,Local,9.8,500.0,2700.0,2200.0
Maharashtra,Mumbai APMC,Tomato,2026-06-24,Other,290.3,2600.0,3000.0,2800.0
Maharashtra,Nagpur APMC,Tomato,2026-06-24,Other,150.0,3000.0,4000.0,3750.0
Maharashtra,Nasik APMC,Tomato,2026-06-24,Other,88.5,400.0,3250.0,1875.0
Maharashtra,Navapur APMC,Tomato,2026-06-24,Other,22.0,1500.0,3500.0,2364.0
Maharashtra,Pandharpur APMC,Tomato,2026-06-24,Other,2.1,500.0,3000.0,2000.0
Maharashtra,Panvel APMC,Tomato,2026-06-24,Other,77.0,3000.0,4000.0,3500.0
Maharashtra,Patan APMC,Tomato,2026-06-24,Other,0.7,1500.0,2000.0,1750.0
Maharashtra,Pimpalgaon Baswant APMC,Tomato,2026-06-24,Other,30.8,505.0,4005.0,3405.0
Maharashtra,Pune APMC,Tomato,2026-06-24,Local,180.1,1000.0,2500.0,1750.0
Maharashtra,Pune(Khadiki) APMC,Tomato,2026-06-24,Local,1.4,700.0,1300.0,1000.0
Maharashtra,Pune(Manjri) APMC,Tomato,2026-06-24,Other,43.5,1500.0,3000.0,2000.0
Maharashtra,Pune(Pimpri) APMC,Tomato,2026-06-24,Local,0.2,3000.0,3000.0,3000.0
Maharashtra,Rahata APMC,Tomato,2026-06-24,Other,3.3,500.0,3500.0,2000.0
Maharashtra,Rahuri APMC,Tomato,2026-06-24,Other,1.0,500.0,1500.0,1000.0
Maharashtra,Ramtek APMC,Tomato,2026-06-24,Other,1.0,1500.0,2500.0,2000.0
Maharashtra,Ratnagiri (Nachane) APMC,Tomato,2026-06-24,Other,1.8,2500.0,3000.0,2600.0
Maharashtra,SHRI.SIDDHESHWAR  APMC,Tomato,2026-06-24,Other,35.6,600.0,2500.0,1600.0
Maharashtra,Sangamner APMC,Tomato,2026-06-24,Other,120.0,750.0,3250.0,2000.0
Maharashtra,Satara APMC,Tomato,2026-06-24,Other,4.8,1000.0,2000.0,1500.0
Maharashtra,Shrirampur APMC,Tomato,2026-06-24,Other,3.1,2000.0,3000.0,2500.0
Maharashtra,Vadgaonpeth APMC,Tomato,2026-06-24,Local,5.5,1400.0,3500.0,2100.0
Maharashtra,Vai APMC,Tomato,2026-06-24,Local,0.7,1000.0,2500.0,1700.0
Maharashtra,AGRICULTURE PRODUCE MARKET COMITEE CHANDWAD,Tomato,2026-06-25,Local,2.1,750.0,3055.0,1750.0
Maharashtra,Akluj APMC,Tomato,2026-06-25,Local,2.5,1000.0,3000.0,2000.0
Maharashtra,Bhusaval APMC,Tomato,2026-06-25,Other,3.6,2000.0,3000.0,2500.0
Maharashtra,Chattrapati Sambhajinagar APMC,Tomato,2026-06-25,Other,7.3,2500.0,3800.0,3150.0
Maharashtra,Dharashiv APMC,Tomato,2026-06-25,Other,4.5,500.0,3500.0,2000.0
Maharashtra,HINGNA - APMC,Tomato,2026-06-25,Local,0.1,2500.0,2500.0,2500.0
Maharashtra,Islampur APMC,Tomato,2026-06-25,Other,6.6,2000.0,2500.0,2250.0
Maharashtra,Jalgaon APMC,Tomato,2026-06-25,Other,5.2,3000.0,4000.0,3500.0
Maharashtra,Junnar(Narayangaon) APMC,Tomato,2026-06-25,Local,936.4,500.0,2250.0,1500.0
Maharashtra,Kalmeshwar APMC,Tomato,2026-06-25,Other,0.7,2015.0,2500.0,2325.0
Maharashtra,Kamthi APMC,Tomato,2026-06-25,Local,2.7,2520.0,3020.0,2770.0
Maharashtra,Karad APMC,Tomato,2026-06-25,Other,6.0,1000.0,2000.0,2000.0
Maharashtra,Khed(Chakan) APMC,Tomato,2026-06-25,Other,30.7,1000.0,2500.0,1800.0
Maharashtra,Mangal Wedha APMC,Tomato,2026-06-25,Local,7.2,500.0,2500.0,2000.0
Maharashtra,Mumbai APMC,Tomato,2026-06-25,Other,241.3,2600.0,3000.0,2800.0
Maharashtra,Nagpur APMC,Tomato,2026-06-25,Local,170.0,1500.0,2500.0,2250.0
Maharashtra,Nagpur APMC,Tomato,2026-06-25,Other,170.0,2500.0,3500.0,3250.0
Maharashtra,Nasik APMC,Tomato,2026-06-25,Other,111.8,400.0,3000.0,1550.0
Maharashtra,Pandharpur APMC,Tomato,2026-06-25,Other,2.3,500.0,3500.0,2200.0
Maharashtra,Panvel APMC,Tomato,2026-06-25,Other,77.0,3000.0,4000.0,3500.0
Maharashtra,Patan APMC,Tomato,2026-06-25,Other,0.7,1500.0,2000.0,1750.0
Maharashtra,Pimpalgaon Baswant APMC,Tomato,2026-06-25,Other,21.5,505.0,3755.0,3055.0
Maharashtra,Pune APMC,Tomato,2026-06-25,Local,256.4,1000.0,2200.0,1600.0
Maharashtra,Pune(Khadiki) APMC,Tomato,2026-06-25,Local,1.1,700.0,1200.0,950.0
Maharashtra,Pune(Manjri) APMC,Tomato,2026-06-25,Other,55.5,1500.0,3000.0,2000.0
Maharashtra,Pune(Moshi) APMC,Tomato,2026-06-25,Local,57.5,2500.0,3000.0,2750.0
Maharashtra,Rahata APMC,Tomato,2026-06-25,Other,8.4,1000.0,3500.0,2250.0
Maharashtra,Rahuri APMC,Tomato,2026-06-25,Other,1.1,500.0,1500.0,1000.0
Maharashtra,Ratnagiri (Nachane) APMC,Tomato,2026-06-25,Other,1.5,3000.0,3500.0,3300.0
Maharashtra,SHRI.SIDDHESHWAR  APMC,Tomato,2026-06-25,Other,45.9,500.0,2500.0,1800.0
Maharashtra,Sangamner APMC,Tomato,2026-06-25,Other,125.0,1000.0,3000.0,2000.0
Maharashtra,Satara APMC,Tomato,2026-06-25,Other,10.5,1000.0,3000.0,2000.0
Maharashtra,Shrirampur APMC,Tomato,2026-06-25,Other,2.6,2000.0,3000.0,2550.0
Maharashtra,Vadgaonpeth APMC,Tomato,2026-06-25,Local,5.5,1500.0,2800.0,2000.0
Maharashtra,Vai APMC,Tomato,2026-06-25,Local,0.6,1000.0,2000.0,1500.0
Maharashtra,Vita APMC,Tomato,2026-06-25,Other,5.0,2500.0,3000.0,2750.0
Maharashtra,AGRICULTURE PRODUCE MARKET COMITEE CHANDWAD,Tomato,2026-06-26,Local,2.5,750.0,3055.0,2250.0
Maharashtra,Amrawati(Frui & Veg. Market) APMC,Tomato,2026-06-26,Local,15.0,2500.0,3000.0,2750.0
Maharashtra,Bhusaval APMC,Tomato,2026-06-26,Other,4.1,2000.0,2500.0,2200.0
Maharashtra,Dharashiv APMC,Tomato,2026-06-26,Other,8.7,500.0,3000.0,1750.0
Maharashtra,HINGNA - APMC,Tomato,2026-06-26,Local,3.6,2000.0,3000.0,2475.0
Maharashtra,Junnar(Narayangaon) APMC,Tomato,2026-06-26,Local,1120.0,500.0,2000.0,1500.0
Maharashtra,Kalmeshwar APMC,Tomato,2026-06-26,Other,1.0,2010.0,2500.0,2320.0
Maharashtra,Kamthi APMC,Tomato,2026-06-26,Local,2.2,2520.0,3020.0,2770.0
Maharashtra,Khed(Chakan) APMC,Tomato,2026-06-26,Other,24.9,1500.0,3000.0,2200.0
Maharashtra,Mangal Wedha APMC,Tomato,2026-06-26,Local,6.1,500.0,2500.0,2000.0
Maharashtra,Mumbai APMC,Tomato,2026-06-26,Other,344.1,2000.0,2400.0,2200.0
Maharashtra,Nasik APMC,Tomato,2026-06-26,Other,101.7,350.0,2255.0,1125.0
Maharashtra,Navapur APMC,Tomato,2026-06-26,Other,20.0,1500.0,4000.0,2575.0
Maharashtra,Pandharpur APMC,Tomato,2026-06-26,Other,2.3,500.0,2500.0,1800.0
Maharashtra,Panvel APMC,Tomato,2026-06-26,Other,82.5,3500.0,4000.0,3750.0
Maharashtra,Pune APMC,Tomato,2026-06-26,Local,324.1,1000.0,2200.0,1600.0
Maharashtra,Pune(Khadiki) APMC,Tomato,2026-06-26,Local,1.1,800.0,1300.0,1050.0
Maharashtra,Pune(Manjri) APMC,Tomato,2026-06-26,Other,56.7,500.0,2500.0,1500.0
Maharashtra,Pune(Moshi) APMC,Tomato,2026-06-26,Local,72.5,2500.0,3000.0,2750.0
Maharashtra,Pune(Pimpri) APMC,Tomato,2026-06-26,Local,0.4,3000.0,3000.0,3000.0
Maharashtra,Rahata APMC,Tomato,2026-06-26,Other,1.4,500.0,2500.0,1500.0
Maharashtra,Ratnagiri (Nachane) APMC,Tomato,2026-06-26,Other,1.5,2600.0,3000.0,2800.0
Maharashtra,Sangamner APMC,Tomato,2026-06-26,Other,120.0,500.0,2500.0,1500.0
Maharashtra,AGRICULTURE PRODUCE MARKET COMITEE CHANDWAD,Tomato,2026-06-27,Local,2.1,750.0,3055.0,1750.0
Maharashtra,Akluj APMC,Tomato,2026-06-27,Local,2.5,1500.0,3000.0,2600.0
Maharashtra,Amrawati(Frui & Veg. Market) APMC,Tomato,2026-06-27,Local,13.8,2500.0,3000.0,2750.0
Maharashtra,Bhusaval APMC,Tomato,2026-06-27,Other,1.7,2000.0,3000.0,2500.0
Maharashtra,Chattrapati Sambhajinagar APMC,Tomato,2026-06-27,Other,11.2,2000.0,3200.0,2600.0
Maharashtra,Dharashiv APMC,Tomato,2026-06-27,Other,4.0,500.0,2500.0,1375.0
Maharashtra,HINGNA - APMC,Tomato,2026-06-27,Local,4.8,1000.0,3000.0,2406.0
Maharashtra,Jalgaon APMC,Tomato,2026-06-27,Other,13.0,2000.0,3000.0,2500.0
Maharashtra,Junnar(Narayangaon) APMC,Tomato,2026-06-27,Local,994.0,500.0,2250.0,1500.0
Maharashtra,Kalmeshwar APMC,Tomato,2026-06-27,Other,0.8,2015.0,2500.0,2305.0
Maharashtra,Kamthi APMC,Tomato,2026-06-27,Local,2.7,2520.0,3020.0,2770.0
Maharashtra,Karad APMC,Tomato,2026-06-27,Other,6.0,1000.0,2000.0,2000.0
Maharashtra,Khed(Chakan) APMC,Tomato,2026-06-27,Other,32.9,1000.0,2500.0,2000.0
Maharashtra,Kolhapur APMC,Tomato,2026-06-27,Other,38.6,1500.0,2500.0,2000.0
Maharashtra,Mangal Wedha APMC,Tomato,2026-06-27,Local,6.7,400.0,2000.0,1800.0
Maharashtra,Nagpur APMC,Tomato,2026-06-27,Local,160.0,2000.0,2500.0,2375.0
Maharashtra,Nagpur APMC,Tomato,2026-06-27,Other,160.0,2500.0,3000.0,2875.0
Maharashtra,Navapur APMC,Tomato,2026-06-27,Other,25.0,1000.0,3000.0,1760.0
Maharashtra,Panvel APMC,Tomato,2026-06-27,Other,88.5,2500.0,3000.0,2750.0
Maharashtra,Patan APMC,Tomato,2026-06-27,Other,0.9,1500.0,2000.0,1750.0
Maharashtra,Pune(Manjri) APMC,Tomato,2026-06-27,Other,59.0,500.0,2500.0,1500.0
Maharashtra,Pune(Moshi) APMC,Tomato,2026-06-27,Local,71.2,2000.0,3000.0,2500.0
Maharashtra,Pune(Pimpri) APMC,Tomato,2026-06-27,Local,0.4,2000.0,2000.0,2000.0
Maharashtra,Rahata APMC,Tomato,2026-06-27,Other,36.2,500.0,3000.0,1750.0
Maharashtra,Ramtek APMC,Tomato,2026-06-27,Other,0.9,1500.0,2500.0,2000.0
Maharashtra,SHRI.SIDDHESHWAR  APMC,Tomato,2026-06-27,Other,40.5,600.0,2500.0,1600.0
Maharashtra,Satara APMC,Tomato,2026-06-27,Other,8.5,1000.0,1500.0,1250.0
Maharashtra,Vai APMC,Tomato,2026-06-27,Local,10.0,1000.0,2500.0,1900.0
Maharashtra,Akluj APMC,Tomato,2026-06-28,Local,2.2,1500.0,2800.0,2500.0
Maharashtra,Amrawati(Frui & Veg. Market) APMC,Tomato,2026-06-28,Local,12.9,2600.0,3200.0,2900.0
Maharashtra,Bhusaval APMC,Tomato,2026-06-28,Other,7.5,2000.0,2500.0,2200.0
Maharashtra,Dharashiv APMC,Tomato,2026-06-28,Other,9.9,500.0,4000.0,2250.0
Maharashtra,Islampur APMC,Tomato,2026-06-28,Other,6.9,1000.0,2000.0,1550.0
Maharashtra,Junnar(Narayangaon) APMC,Tomato,2026-06-28,Local,879.8,500.0,2000.0,1500.0
Maharashtra,Kalmeshwar APMC,Tomato,2026-06-28,Other,1.3,2040.0,2500.0,2360.0
Maharashtra,Kamthi APMC,Tomato,2026-06-28,Local,3.1,2060.0,2560.0,2310.0
Maharashtra,Karad APMC,Tomato,2026-06-28,Other,3.9,1500.0,2500.0,2500.0
Maharashtra,Khed(Chakan) APMC,Tomato,2026-06-28,Other,35.6,1000.0,2500.0,1500.0
Maharashtra,Kolhapur APMC,Tomato,2026-06-28,Other,17.2,1000.0,2000.0,1500.0
Maharashtra,Manchar APMC,Tomato,2026-06-28,Other,0.4,1000.0,3200.0,2100.0
Maharashtra,Mangal Wedha APMC,Tomato,2026-06-28,Local,4.1,400.0,2500.0,1800.0
Maharashtra,Nasik APMC,Tomato,2026-06-28,Other,115.2,350.0,2555.0,1250.0
Maharashtra,Navapur APMC,Tomato,2026-06-28,Other,19.0,900.0,2500.0,1489.0
Maharashtra,Panvel APMC,Tomato,2026-06-28,Other,62.7,3000.0,4000.0,3500.0
Maharashtra,Phaltan APMC,Tomato,2026-06-28,Other,4.5,500.0,2000.0,1400.0
Maharashtra,Pune APMC,Tomato,2026-06-28,Local,381.5,400.0,1600.0,1000.0
Maharashtra,Pune(Khadiki) APMC,Tomato,2026-06-28,Local,1.1,700.0,1300.0,1000.0
Maharashtra,Pune(Manjri) APMC,Tomato,2026-06-28,Other,59.0,1000.0,2500.0,1500.0
Maharashtra,Pune(Moshi) APMC,Tomato,2026-06-28,Local,49.8,2000.0,3000.0,2500.0
Maharashtra,Pune(Pimpri) APMC,Tomato,2026-06-28,Local,0.9,2000.0,2000.0,2000.0
Maharashtra,Rahata APMC,Tomato,2026-06-28,Other,9.2,500.0,2500.0,1500.0
Maharashtra,Ramtek APMC,Tomato,2026-06-28,Other,3.3,1000.0,2000.0,1500.0
Maharashtra,Sangamner APMC,Tomato,2026-06-28,Other,120.0,500.0,2000.0,1250.0
Maharashtra,Satara APMC,Tomato,2026-06-28,Other,10.7,1000.0,2000.0,1500.0
Maharashtra,Shrirampur APMC,Tomato,2026-06-28,Other,3.2,1000.0,2500.0,1700.0
Maharashtra,Vadgaonpeth APMC,Tomato,2026-06-28,Local,5.0,1900.0,3500.0,2600.0
Maharashtra,Vita APMC,Tomato,2026-06-28,Other,3.0,1500.0,2000.0,1800.0
Maharashtra,Akluj APMC,Tomato,2026-06-29,Local,2.8,1500.0,3000.0,2500.0
Maharashtra,Amrawati(Frui & Veg. Market) APMC,Tomato,2026-06-29,Local,16.8,1000.0,2600.0,1800.0
Maharashtra,Chandrapur(Ganjwad) APMC,Tomato,2026-06-29,Other,54.6,1200.0,1600.0,1400.0
Maharashtra,HINGNA - APMC,Tomato,2026-06-29,Local,9.2,2000.0,2600.0,2331.0
Maharashtra,Jalgaon APMC,Tomato,2026-06-29,Other,9.0,1000.0,3000.0,2000.0
Maharashtra,Junnar(Narayangaon) APMC,Tomato,2026-06-29,Local,872.0,1000.0,2500.0,2000.0
Maharashtra,Kamthi APMC,Tomato,2026-06-29,Local,1.7,2040.0,2540.0,2290.0
Maharashtra,Karad APMC,Tomato,2026-06-29,Other,6.0,1500.0,2000.0,2000.0
Maharashtra,Kolhapur APMC,Tomato,2026-06-29,Other,22.1,1000.0,2000.0,1500.0
Maharashtra,Mangal Wedha APMC,Tomato,2026-06-29,Local,3.9,500.0,4500.0,3600.0
Maharashtra,Mumbai APMC,Tomato,2026-06-29,Other,364.6,1600.0,2000.0,1800.0
Maharashtra,Nagpur APMC,Tomato,2026-06-29,Other,130.0,3000.0,4000.0,3750.0
Maharashtra,Nasik APMC,Tomato,2026-06-29,Other,116.6,350.0,2500.0,1150.0
Maharashtra,Navapur APMC,Tomato,2026-06-29,Other,20.0,1000.0,2500.0,1588.0
Maharashtra,Pandharpur APMC,Tomato,2026-06-29,Other,2.6,500.0,2500.0,2000.0
Maharashtra,Panvel APMC,Tomato,2026-06-29,Other,81.5,3000.0,4000.0,3500.0
Maharashtra,Patan APMC,Tomato,2026-06-29,Other,0.7,1500.0,2000.0,1750.0
Maharashtra,Pimpalgaon Baswant APMC,Tomato,2026-06-29,Other,31.1,300.0,2505.0,1905.0
Maharashtra,Pune APMC,Tomato,2026-06-29,Local,228.9,600.0,1600.0,1100.0
Maharashtra,Pune(Manjri) APMC,Tomato,2026-06-29,Other,38.1,1500.0,3500.0,2500.0
Maharashtra,Pune(Moshi) APMC,Tomato,2026-06-29,Local,41.9,2000.0,3000.0,2500.0
Maharashtra,Rahuri APMC,Tomato,2026-06-29,Other,0.9,500.0,1000.0,750.0
Maharashtra,SHRI.SIDDHESHWAR  APMC,Tomato,2026-06-29,Other,28.7,200.0,2400.0,1500.0
Maharashtra,Sangamner APMC,Tomato,2026-06-29,Other,120.0,500.0,2500.0,1500.0
Maharashtra,Satara APMC,Tomato,2026-06-29,Other,5.1,1000.0,1500.0,1250.0
Maharashtra,Shrirampur APMC,Tomato,2026-06-29,Other,2.6,1000.0,2200.0,1700.0
Maharashtra,Vai APMC,Tomato,2026-06-29,Local,0.7,500.0,1500.0,1100.0
Maharashtra,Vita APMC,Tomato,2026-06-29,Other,4.0,1500.0,2000.0,1800.0
Maharashtra,Amrawati(Frui & Veg. Market) APMC,Tomato,2026-06-30,Local,24.0,1000.0,2500.0,1750.0
Maharashtra,Bhusaval APMC,Tomato,2026-06-30,Other,3.3,2000.0,3000.0,2500.0
Maharashtra,Chandrapur(Ganjwad) APMC,Tomato,2026-06-30,Other,63.2,1200.0,1600.0,1400.0
Maharashtra,Chattrapati Sambhajinagar APMC,Tomato,2026-06-30,Other,8.6,1000.0,3000.0,2000.0
Maharashtra,Dharashiv APMC,Tomato,2026-06-30,Other,3.4,750.0,3350.0,2050.0
Maharashtra,HINGNA - APMC,Tomato,2026-06-30,Local,6.8,1250.0,2750.0,2175.0
Maharashtra,Jalgaon APMC,Tomato,2026-06-30,Other,9.0,1500.0,2500.0,2000.0
Maharashtra,Junnar(Narayangaon) APMC,Tomato,2026-06-30,Local,759.1,1500.0,3000.0,2000.0
Maharashtra,Kalmeshwar APMC,Tomato,2026-06-30,Other,1.1,2020.0,2500.0,2310.0
Maharashtra,Kalyan APMC,Tomato,2026-06-30,Other,0.3,1000.0,1500.0,1250.0
Maharashtra,Kamthi APMC,Tomato,2026-06-30,Local,1.8,2520.0,3020.0,2770.0
Maharashtra,Karad APMC,Tomato,2026-06-30,Other,3.9,1500.0,2500.0,2500.0
Maharashtra,Khed APMC,Tomato,2026-06-30,Local,6.7,800.0,2800.0,1700.0
Maharashtra,Khed(Chakan) APMC,Tomato,2026-06-30,Other,31.9,1500.0,2500.0,2000.0
Maharashtra,Kolhapur APMC,Tomato,2026-06-30,Other,8.4,1500.0,2500.0,2000.0
Maharashtra,Mumbai APMC,Tomato,2026-06-30,Other,261.2,1800.0,2200.0,2000.0
Maharashtra,Nagpur APMC,Tomato,2026-06-30,Local,55.0,2000.0,2500.0,2375.0
Maharashtra,Nagpur APMC,Tomato,2026-06-30,Other,80.0,3000.0,3200.0,3150.0
Maharashtra,Nasik APMC,Tomato,2026-06-30,Other,87.3,350.0,2575.0,1250.0
Maharashtra,Navapur APMC,Tomato,2026-06-30,Other,23.0,1000.0,3000.0,1609.0
Maharashtra,Palus APMC,Tomato,2026-06-30,Other,0.9,1000.0,1500.0,1200.0
Maharashtra,Pandharpur APMC,Tomato,2026-06-30,Other,2.5,500.0,2000.0,1800.0
Maharashtra,Panvel APMC,Tomato,2026-06-30,Other,83.5,2500.0,3000.0,2750.0
Maharashtra,Patan APMC,Tomato,2026-06-30,Other,0.7,1500.0,2000.0,1750.0
Maharashtra,Pune APMC,Tomato,2026-06-30,Local,203.5,600.0,1600.0,1100.0
Maharashtra,Pune(Khadiki) APMC,Tomato,2026-06-30,Local,1.7,700.0,1300.0,1000.0
Maharashtra,Pune(Manjri) APMC,Tomato,2026-06-30,Other,52.0,2000.0,4000.0,3000.0
Maharashtra,Pune(Moshi) APMC,Tomato,2026-06-30,Local,59.9,1000.0,2000.0,1500.0
Maharashtra,Pune(Pimpri) APMC,Tomato,2026-06-30,Local,0.1,2000.0,2500.0,2250.0
Maharashtra,Rahata APMC,Tomato,2026-06-30,Other,4.9,500.0,3000.0,1750.0
Maharashtra,Rahuri APMC,Tomato,2026-06-30,Other,0.7,500.0,1500.0,1000.0
Maharashtra,Ramtek APMC,Tomato,2026-06-30,Other,1.2,1500.0,2500.0,2000.0
Maharashtra,SHRI.SIDDHESHWAR  APMC,Tomato,2026-06-30,Other,32.6,200.0,2500.0,1500.0
Maharashtra,Sangamner APMC,Tomato,2026-06-30,Other,120.0,500.0,2625.0,1562.0
Maharashtra,Satara APMC,Tomato,2026-06-30,Other,10.7,1000.0,1500.0,1250.0
Maharashtra,Vadgaonpeth APMC,Tomato,2026-06-30,Local,5.5,1400.0,2600.0,1800.0
Maharashtra,Vai APMC,Tomato,2026-06-30,Local,0.8,700.0,1800.0,1250.0
Maharashtra,AGRICULTURE PRODUCE MARKET COMITEE CHANDWAD,Tomato,2026-07-01,Local,3.8,750.0,2555.0,1750.0
Maharashtra,Akluj APMC,Tomato,2026-07-01,Local,2.5,1500.0,2800.0,2500.0
Maharashtra,Amrawati(Frui & Veg. Market) APMC,Tomato,2026-07-01,Local,22.0,1200.0,2600.0,1900.0
Maharashtra,Bhusaval APMC,Tomato,2026-07-01,Other,3.0,2000.0,3000.0,2500.0
Maharashtra,Chandrapur(Ganjwad) APMC,Tomato,2026-07-01,Other,65.5,1200.0,2000.0,1600.0
Maharashtra,Chattrapati Sambhajinagar APMC,Tomato,2026-07-01,Other,9.3,1500.0,2800.0,2150.0
Maharashtra,Dharashiv APMC,Tomato,2026-07-01,Other,8.2,500.0,3500.0,2000.0
Maharashtra,Ghoti APMC,Tomato,2026-07-01,Other,7.1,1250.0,3400.0,2000.0
Maharashtra,HINGNA - APMC,Tomato,2026-07-01,Local,3.9,2000.0,3500.0,2870.0
Maharashtra,Jalgaon APMC,Tomato,2026-07-01,Other,10.0,1500.0,2500.0,2000.0
Maharashtra,Junnar(Narayangaon) APMC,Tomato,2026-07-01,Local,722.0,1000.0,2750.0,2000.0
Maharashtra,Kalmeshwar APMC,Tomato,2026-07-01,Other,1.3,2030.0,2500.0,2350.0
Maharashtra,Kalyan APMC,Tomato,2026-07-01,Other,0.3,800.0,1000.0,900.0
Maharashtra,Kamthi APMC,Tomato,2026-07-01,Local,1.5,3020.0,3520.0,3270.0
Maharashtra,Karad APMC,Tomato,2026-07-01,Other,6.0,1500.0,2000.0,2000.0
Maharashtra,Khed APMC,Tomato,2026-07-01,Local,3.3,1000.0,2500.0,1800.0
Maharashtra,Khed(Chakan) APMC,Tomato,2026-07-01,Other,28.6,1000.0,2500.0,1500.0
Maharashtra,Kolhapur APMC,Tomato,2026-07-01,Other,29.2,1000.0,2000.0,1500.0
Maharashtra,Manchar APMC,Tomato,2026-07-01,Other,0.5,800.0,3650.0,2260.0
Maharashtra,Mangal Wedha APMC,Tomato,2026-07-01,Local,3.0,1300.0,5000.0,4500.0
Maharashtra,Mumbai APMC,Tomato,2026-07-01,Other,245.2,1800.0,2200.0,2000.0
Maharashtra,Nagpur APMC,Tomato,2026-07-01,Local,50.0,2500.0,3500.0,3250.0
Maharashtra,Nagpur APMC,Tomato,2026-07-01,Other,100.0,3000.0,3500.0,3375.0
Maharashtra,Nasik APMC,Tomato,2026-07-01,Other,99.2,350.0,2555.0,1200.0
Maharashtra,Navapur APMC,Tomato,2026-07-01,Other,28.0,1000.0,3000.0,1893.0
Maharashtra,Pandharpur APMC,Tomato,2026-07-01,Other,2.8,500.0,2000.0,1700.0
Maharashtra,Panvel APMC,Tomato,2026-07-01,Other,76.6,2500.0,3000.0,2750.0
Maharashtra,Patan APMC,Tomato,2026-07-01,Other,0.7,1450.0,1650.0,1550.0
Maharashtra,Phaltan APMC,Tomato,2026-07-01,Other,8.2,700.0,3000.0,1900.0
Maharashtra,Pimpalgaon Baswant APMC,Tomato,2026-07-01,Other,3.4,250.0,2505.0,1755.0
Maharashtra,Pune APMC,Tomato,2026-07-01,Local,168.2,800.0,1000.0,900.0
Maharashtra,Pune(Khadiki) APMC,Tomato,2026-07-01,Local,1.3,900.0,1300.0,1100.0
Maharashtra,Pune(Manjri) APMC,Tomato,2026-07-01,Other,57.7,2000.0,3500.0,2500.0
Maharashtra,Pune(Pimpri) APMC,Tomato,2026-07-01,Local,0.3,2000.0,2000.0,2000.0
Maharashtra,Rahata APMC,Tomato,2026-07-01,Other,2.8,1000.0,2000.0,1500.0
Maharashtra,Rahuri APMC,Tomato,2026-07-01,Other,1.1,1000.0,1500.0,1250.0
Maharashtra,Ramtek APMC,Tomato,2026-07-01,Other,0.8,2000.0,3000.0,2500.0
Maharashtra,SHRI.SIDDHESHWAR  APMC,Tomato,2026-07-01,Other,51.2,200.0,2500.0,1600.0
Maharashtra,Sangamner APMC,Tomato,2026-07-01,Other,155.0,500.0,3000.0,1750.0
Maharashtra,Satara APMC,Tomato,2026-07-01,Other,6.4,1000.0,1500.0,1250.0
Maharashtra,Shrirampur APMC,Tomato,2026-07-01,Other,3.3,2000.0,3000.0,2550.0
Maharashtra,Vadgaonpeth APMC,Tomato,2026-07-01,Local,5.0,1000.0,1600.0,1200.0
Maharashtra,Vai APMC,Tomato,2026-07-01,Local,0.7,700.0,1800.0,1250.0
Maharashtra,AGRICULTURE PRODUCE MARKET COMITEE CHANDWAD,Tomato,2026-07-02,Local,3.9,750.0,2500.0,1500.0
Maharashtra,Akluj APMC,Tomato,2026-07-02,Local,1.8,1500.0,3000.0,2500.0
Maharashtra,Chandrapur(Ganjwad) APMC,Tomato,2026-07-02,Other,49.1,1200.0,2000.0,1600.0
Maharashtra,Chattrapati Sambhajinagar APMC,Tomato,2026-07-02,Other,10.3,1400.0,2900.0,2150.0
Maharashtra,Dharashiv APMC,Tomato,2026-07-02,Other,4.2,500.0,3000.0,1750.0
Maharashtra,Ghoti APMC,Tomato,2026-07-02,Other,4.5,1200.0,3000.0,1800.0
Maharashtra,HINGNA - APMC,Tomato,2026-07-02,Local,3.8,3000.0,3250.0,3083.0
Maharashtra,Islampur APMC,Tomato,2026-07-02,Other,7.5,1000.0,1500.0,1250.0
Maharashtra,Jalgaon APMC,Tomato,2026-07-02,Other,8.0,2000.0,4000.0,3000.0
Maharashtra,Junnar(Narayangaon) APMC,Tomato,2026-07-02,Local,780.0,750.0,2250.0,1500.0
Maharashtra,Kalmeshwar APMC,Tomato,2026-07-02,Other,1.0,2010.0,2500.0,2320.0
Maharashtra,Kalyan APMC,Tomato,2026-07-02,Other,0.3,2200.0,2500.0,2350.0
Maharashtra,Kamthi APMC,Tomato,2026-07-02,Local,3.0,3060.0,3560.0,3310.0
Maharashtra,Karad APMC,Tomato,2026-07-02,Other,3.0,2000.0,2500.0,2500.0
Maharashtra,Khed APMC,Tomato,2026-07-02,Local,5.9,700.0,3500.0,2000.0
Maharashtra,Khed(Chakan) APMC,Tomato,2026-07-02,Other,30.0,1500.0,2500.0,2000.0
Maharashtra,Kolhapur APMC,Tomato,2026-07-02,Other,22.2,1500.0,2500.0,2000.0
Maharashtra,Mangal Wedha APMC,Tomato,2026-07-02,Local,9.6,300.0,2200.0,1800.0
Maharashtra,Mumbai APMC,Tomato,2026-07-02,Other,331.4,1600.0,2000.0,1800.0
Maharashtra,Nagpur APMC,Tomato,2026-07-02,Local,90.0,1500.0,3200.0,2725.0
Maharashtra,Nagpur APMC,Tomato,2026-07-02,Other,40.0,3000.0,3500.0,3375.0
Maharashtra,Nasik APMC,Tomato,2026-07-02,Other,86.1,350.0,2500.0,1250.0
Maharashtra,Pandharpur APMC,Tomato,2026-07-02,Other,2.5,1200.0,1800.0,1400.0
Maharashtra,Panvel APMC,Tomato,2026-07-02,Other,70.0,2500.0,3000.0,2750.0
Maharashtra,Phaltan APMC,Tomato,2026-07-02,Other,5.5,750.0,2500.0,1438.0
Maharashtra,Pimpalgaon Baswant APMC,Tomato,2026-07-02,Other,5.8,250.0,2500.0,1750.0
Maharashtra,Pune APMC,Tomato,2026-07-02,Local,199.1,1000.0,2200.0,1600.0
Maharashtra,Pune(Khadiki) APMC,Tomato,2026-07-02,Local,1.3,700.0,1200.0,950.0
Maharashtra,Pune(Manjri) APMC,Tomato,2026-07-02,Other,55.2,1500.0,2500.0,2000.0
Maharashtra,Pune(Moshi) APMC,Tomato,2026-07-02,Local,64.8,1000.0,2000.0,1500.0
Maharashtra,Pune(Pimpri) APMC,Tomato,2026-07-02,Local,0.4,2000.0,2500.0,2250.0
Maharashtra,Rahata APMC,Tomato,2026-07-02,Other,3.6,1000.0,3500.0,2250.0
Maharashtra,Rahuri APMC,Tomato,2026-07-02,Other,0.7,700.0,1500.0,1100.0
Maharashtra,Ramtek APMC,Tomato,2026-07-02,Other,4.0,2000.0,3000.0,2500.0
Maharashtra,SHRI.SIDDHESHWAR  APMC,Tomato,2026-07-02,Other,39.4,200.0,2200.0,1300.0
Maharashtra,Sangamner APMC,Tomato,2026-07-02,Other,160.0,750.0,3000.0,1875.0
Maharashtra,Satara APMC,Tomato,2026-07-02,Other,7.0,1000.0,1500.0,1250.0
Maharashtra,Shrirampur APMC,Tomato,2026-07-02,Other,2.2,2000.0,2500.0,2250.0
Maharashtra,Vadgaonpeth APMC,Tomato,2026-07-02,Local,5.2,1000.0,1700.0,1500.0
Maharashtra,Vai APMC,Tomato,2026-07-02,Local,0.6,1000.0,2000.0,1500.0
Maharashtra,Vita APMC,Tomato,2026-07-02,Other,5.0,1800.0,2000.0,1800.0
Maharashtra,AGRICULTURE PRODUCE MARKET COMITEE CHANDWAD,Tomato,2026-07-03,Local,2.2,750.0,2800.0,2125.0
Maharashtra,Ahilyanagar APMC,Tomato,2026-07-03,Other,41.8,400.0,2500.0,1450.0
Maharashtra,Akluj APMC,Tomato,2026-07-03,Local,1.7,1500.0,3500.0,3000.0
Maharashtra,Amrawati(Frui & Veg. Market) APMC,Tomato,2026-07-03,Local,21.0,2500.0,3000.0,2750.0
Maharashtra,Bhusaval APMC,Tomato,2026-07-03,Other,3.9,2000.0,2500.0,2200.0
Maharashtra,Chandrapur(Ganjwad) APMC,Tomato,2026-07-03,Other,73.3,1200.0,2000.0,1600.0
Maharashtra,Dharashiv APMC,Tomato,2026-07-03,Other,2.4,800.0,4000.0,2400.0
Maharashtra,HINGNA - APMC,Tomato,2026-07-03,Local,2.7,2500.0,3000.0,2833.0
Maharashtra,Islampur APMC,Tomato,2026-07-03,Other,11.4,1000.0,1500.0,1250.0
Maharashtra,Jalgaon APMC,Tomato,2026-07-03,Other,7.6,2000.0,3000.0,2500.0
Maharashtra,Junnar(Narayangaon) APMC,Tomato,2026-07-03,Local,886.5,1000.0,2500.0,2000.0
Maharashtra,Kalmeshwar APMC,Tomato,2026-07-03,Other,0.9,1515.0,2000.0,1805.0
Maharashtra,Kamthi APMC,Tomato,2026-07-03,Local,3.5,3010.0,3510.0,3260.0
Maharashtra,Khed APMC,Tomato,2026-07-03,Local,6.3,500.0,3000.0,2000.0
Maharashtra,Khed(Chakan) APMC,Tomato,2026-07-03,Other,23.8,1500.0,2300.0,1800.0
Maharashtra,Mangal Wedha APMC,Tomato,2026-07-03,Local,7.3,300.0,2500.0,1800.0
Maharashtra,Mumbai APMC,Tomato,2026-07-03,Other,276.6,1800.0,2200.0,2000.0
Maharashtra,Nasik APMC,Tomato,2026-07-03,Other,74.0,350.0,2605.0,1375.0
Maharashtra,Pandharpur APMC,Tomato,2026-07-03,Other,2.5,1000.0,2000.0,1200.0
Maharashtra,Panvel APMC,Tomato,2026-07-03,Other,63.0,2500.0,2800.0,2650.0
Maharashtra,Phaltan APMC,Tomato,2026-07-03,Other,7.0,750.0,2500.0,1570.0
Maharashtra,Pimpalgaon Baswant APMC,Tomato,2026-07-03,Other,3.7,250.0,2055.0,1505.0
Maharashtra,Pune(Khadiki) APMC,Tomato,2026-07-03,Local,1.7,700.0,1300.0,1000.0
Maharashtra,Pune(Manjri) APMC,Tomato,2026-07-03,Other,53.3,1500.0,2500.0,2000.0
Maharashtra,Pune(Moshi) APMC,Tomato,2026-07-03,Local,38.5,1500.0,2000.0,1750.0
Maharashtra,Pune(Pimpri) APMC,Tomato,2026-07-03,Local,0.1,2500.0,2500.0,2500.0
Maharashtra,Rahata APMC,Tomato,2026-07-03,Other,20.0,1000.0,1500.0,1250.0
Maharashtra,SHRI.SIDDHESHWAR  APMC,Tomato,2026-07-03,Other,47.0,200.0,2200.0,1600.0
Maharashtra,Sangamner APMC,Tomato,2026-07-03,Other,120.0,750.0,2500.0,1625.0
Maharashtra,Shrirampur APMC,Tomato,2026-07-03,Other,2.9,1500.0,2500.0,2000.0
Maharashtra,Vadgaonpeth APMC,Tomato,2026-07-03,Local,7.0,1400.0,2000.0,1700.0
Maharashtra,Vai APMC,Tomato,2026-07-03,Local,0.7,1000.0,2700.0,1500.0
Maharashtra,Vita APMC,Tomato,2026-07-03,Other,3.0,1500.0,2000.0,1800.0
Maharashtra,AGRICULTURE PRODUCE MARKET COMITEE CHANDWAD,Tomato,2026-07-04,Local,0.3,1600.0,4300.0,3500.0
Maharashtra,Ahilyanagar APMC,Tomato,2026-07-04,Other,30.5,500.0,2500.0,1500.0
Maharashtra,Akluj APMC,Tomato,2026-07-04,Local,2.2,1800.0,3000.0,2500.0
Maharashtra,Amrawati(Frui & Veg. Market) APMC,Tomato,2026-07-04,Local,22.0,2400.0,3000.0,2700.0
Maharashtra,Bhusaval APMC,Tomato,2026-07-04,Other,2.3,2000.0,2500.0,2200.0
Maharashtra,Chandrapur(Ganjwad) APMC,Tomato,2026-07-04,Other,70.5,1000.0,1600.0,1200.0
Maharashtra,Chattrapati Sambhajinagar APMC,Tomato,2026-07-04,Other,7.0,2500.0,3500.0,3000.0
Maharashtra,Dharashiv APMC,Tomato,2026-07-04,Other,5.0,500.0,3500.0,2000.0
Maharashtra,HINGNA - APMC,Tomato,2026-07-04,Local,5.3,2000.0,2250.0,2100.0
Maharashtra,Jalgaon APMC,Tomato,2026-07-04,Other,9.4,1000.0,3000.0,2000.0
Maharashtra,Junnar(Narayangaon) APMC,Tomato,2026-07-04,Local,675.8,1500.0,3000.0,2500.0
Maharashtra,Kalmeshwar APMC,Tomato,2026-07-04,Other,0.8,2015.0,2500.0,2305.0
Maharashtra,Kamthi APMC,Tomato,2026-07-04,Local,2.1,3060.0,3560.0,3310.0
Maharashtra,Karad APMC,Tomato,2026-07-04,Other,3.9,1000.0,1500.0,1500.0
Maharashtra,Khed(Chakan) APMC,Tomato,2026-07-04,Other,27.8,1500.0,2500.0,2000.0
Maharashtra,Kolhapur APMC,Tomato,2026-07-04,Other,26.4,1000.0,2000.0,1500.0
Maharashtra,Mangal Wedha APMC,Tomato,2026-07-04,Local,5.0,200.0,2200.0,1800.0
Maharashtra,Mumbai APMC,Tomato,2026-07-04,Other,280.8,1800.0,2200.0,2000.0
Maharashtra,Nagpur APMC,Tomato,2026-07-04,Local,70.0,1700.0,2200.0,2075.0
Maharashtra,Nagpur APMC,Tomato,2026-07-04,Other,70.0,3000.0,3500.0,3375.0
Maharashtra,Pandharpur APMC,Tomato,2026-07-04,Other,2.5,500.0,2500.0,1500.0
Maharashtra,Panvel APMC,Tomato,2026-07-04,Other,81.0,4000.0,5000.0,4500.0
Maharashtra,Patan APMC,Tomato,2026-07-04,Other,0.7,1500.0,2000.0,1750.0
Maharashtra,Pune(Khadiki) APMC,Tomato,2026-07-04,Local,1.0,600.0,1200.0,900.0
Maharashtra,Pune(Manjri) APMC,Tomato,2026-07-04,Other,49.0,1500.0,2500.0,2000.0
Maharashtra,Pune(Moshi) APMC,Tomato,2026-07-04,Local,32.0,1800.0,2000.0,1900.0
Maharashtra,Pune(Pimpri) APMC,Tomato,2026-07-04,Local,0.2,2000.0,2500.0,2250.0
Maharashtra,Rahata APMC,Tomato,2026-07-04,Other,27.0,500.0,3000.0,1750.0
Maharashtra,Ramtek APMC,Tomato,2026-07-04,Other,1.2,1500.0,3000.0,2500.0
Maharashtra,SHRI.SIDDHESHWAR  APMC,Tomato,2026-07-04,Other,35.5,200.0,2800.0,1600.0
Maharashtra,Satara APMC,Tomato,2026-07-04,Other,3.5,2000.0,2500.0,2200.0
Maharashtra,Shrirampur APMC,Tomato,2026-07-04,Other,2.7,1500.0,2500.0,2000.0
Maharashtra,Vadgaonpeth APMC,Tomato,2026-07-04,Local,6.0,1000.0,1800.0,1400.0
Maharashtra,Vai APMC,Tomato,2026-07-04,Local,0.6,2000.0,2300.0,2100.0
Maharashtra,Vita APMC,Tomato,2026-07-04,Other,4.0,1500.0,2000.0,1800.0
Maharashtra,AGRICULTURE PRODUCE MARKET COMITEE CHANDWAD,Tomato,2026-07-05,Local,3.3,555.0,3500.0,1750.0
Maharashtra,Ahilyanagar APMC,Tomato,2026-07-05,Other,34.9,500.0,2600.0,1550.0
Maharashtra,Akluj APMC,Tomato,2026-07-05,Local,2.7,1500.0,2500.0,2000.0
Maharashtra,Amrawati(Frui & Veg. Market) APMC,Tomato,2026-07-05,Local,18.9,2200.0,2800.0,2500.0
Maharashtra,Bhusaval APMC,Tomato,2026-07-05,Other,6.9,1800.0,2500.0,2000.0
Maharashtra,Chattrapati Sambhajinagar APMC,Tomato,2026-07-05,Other,9.5,2200.0,3800.0,3000.0
Maharashtra,Dharashiv APMC,Tomato,2026-07-05,Other,8.0,500.0,3250.0,1850.0
Maharashtra,Islampur APMC,Tomato,2026-07-05,Other,4.5,1500.0,2500.0,2000.0
Maharashtra,Junnar(Narayangaon) APMC,Tomato,2026-07-05,Local,486.0,1000.0,2500.0,2000.0
Maharashtra,Kalmeshwar APMC,Tomato,2026-07-05,Other,1.0,2010.0,2500.0,2320.0
Maharashtra,Kamthi APMC,Tomato,2026-07-05,Local,3.5,2560.0,3060.0,2810.0
Maharashtra,Karad APMC,Tomato,2026-07-05,Other,3.3,1000.0,1500.0,1500.0
Maharashtra,Khed APMC,Tomato,2026-07-05,Local,8.4,700.0,3500.0,2000.0
Maharashtra,Khed(Chakan) APMC,Tomato,2026-07-05,Other,29.3,2000.0,3500.0,2700.0
Maharashtra,Kolhapur APMC,Tomato,2026-07-05,Other,16.5,1000.0,2000.0,1500.0
Maharashtra,Mangal Wedha APMC,Tomato,2026-07-05,Local,4.1,900.0,3300.0,2500.0
Maharashtra,Nasik APMC,Tomato,2026-07-05,Other,92.2,350.0,2555.0,1250.0
Maharashtra,Navapur APMC,Tomato,2026-07-05,Other,17.0,1200.0,3000.0,1971.0
Maharashtra,Palus APMC,Tomato,2026-07-05,Other,0.4,1000.0,1500.0,1200.0
Maharashtra,Panvel APMC,Tomato,2026-07-05,Other,52.5,4000.0,4500.0,4250.0
Maharashtra,Phaltan APMC,Tomato,2026-07-05,Other,5.5,500.0,3000.0,1828.0
Maharashtra,Pune APMC,Tomato,2026-07-05,Local,327.0,1000.0,3000.0,2000.0
Maharashtra,Pune(Khadiki) APMC,Tomato,2026-07-05,Local,1.6,700.0,1200.0,950.0
Maharashtra,Pune(Manjri) APMC,Tomato,2026-07-05,Other,45.7,2500.0,5000.0,3500.0
Maharashtra,Pune(Moshi) APMC,Tomato,2026-07-05,Local,41.9,1000.0,2000.0,1500.0
Maharashtra,Pune(Pimpri) APMC,Tomato,2026-07-05,Local,0.9,2000.0,2000.0,2000.0
Maharashtra,Rahata APMC,Tomato,2026-07-05,Other,8.3,500.0,3750.0,2125.0
Maharashtra,Ramtek APMC,Tomato,2026-07-05,Other,3.6,1500.0,2500.0,2000.0
Maharashtra,Sangamner APMC,Tomato,2026-07-05,Other,150.0,1000.0,3000.0,2000.0
Maharashtra,Satara APMC,Tomato,2026-07-05,Other,10.4,2000.0,2500.0,2200.0
Maharashtra,Shrirampur APMC,Tomato,2026-07-05,Other,2.8,1500.0,2500.0,2000.0
Maharashtra,Vadgaonpeth APMC,Tomato,2026-07-05,Local,5.0,900.0,1800.0,1200.0
Maharashtra,Vai APMC,Tomato,2026-07-05,Local,0.6,1000.0,2300.0,1500.0
Maharashtra,Vita APMC,Tomato,2026-07-05,Other,4.0,1500.0,2000.0,1800.0
Maharashtra,AGRICULTURE PRODUCE MARKET COMITEE CHANDWAD,Tomato,2026-07-06,Local,4.5,500.0,3755.0,1750.0
Maharashtra,Ahilyanagar APMC,Tomato,2026-07-06,Other,29.3,500.0,3000.0,1750.0
Maharashtra,Akluj APMC,Tomato,2026-07-06,Local,2.2,1500.0,2800.0,2500.0
Maharashtra,Amrawati(Frui & Veg. Market) APMC,Tomato,2026-07-06,Local,18.0,2000.0,2500.0,2250.0
Maharashtra,Chandrapur(Ganjwad) APMC,Tomato,2026-07-06,Other,63.9,800.0,1600.0,1200.0
Maharashtra,Chattrapati Sambhajinagar APMC,Tomato,2026-07-06,Other,8.8,2000.0,3200.0,2600.0
Maharashtra,HINGNA - APMC,Tomato,2026-07-06,Local,11.8,1800.0,3000.0,2265.0
Maharashtra,Junnar(Narayangaon) APMC,Tomato,2026-07-06,Local,610.5,1000.0,2750.0,2000.0
Maharashtra,Kamthi APMC,Tomato,2026-07-06,Local,2.6,2040.0,2540.0,2290.0
Maharashtra,Karad APMC,Tomato,2026-07-06,Other,6.0,1500.0,2000.0,2000.0
Maharashtra,Khed APMC,Tomato,2026-07-06,Local,0.9,1000.0,3000.0,2000.0
Maharashtra,Kolhapur APMC,Tomato,2026-07-06,Other,23.9,1000.0,2000.0,1500.0
Maharashtra,Mangal Wedha APMC,Tomato,2026-07-06,Local,6.8,800.0,3600.0,2700.0
Maharashtra,Mumbai APMC,Tomato,2026-07-06,Other,286.8,2000.0,2600.0,2300.0
Maharashtra,Nagpur APMC,Tomato,2026-07-06,Local,280.0,1500.0,2500.0,2250.0
Maharashtra,Nasik APMC,Tomato,2026-07-06,Other,98.0,400.0,3055.0,1500.0
Maharashtra,Pandharpur APMC,Tomato,2026-07-06,Other,2.8,500.0,2500.0,1500.0
Maharashtra,Panvel APMC,Tomato,2026-07-06,Other,65.0,3000.0,4000.0,3500.0
Maharashtra,Patan APMC,Tomato,2026-07-06,Other,0.7,1500.0,2000.0,1750.0
Maharashtra,Pimpalgaon Baswant APMC,Tomato,2026-07-06,Other,1.7,250.0,2005.0,1405.0
Maharashtra,Pune APMC,Tomato,2026-07-06,Local,269.4,1000.0,2500.0,1750.0
Maharashtra,Pune(Khadiki) APMC,Tomato,2026-07-06,Local,1.5,700.0,1300.0,1000.0
Maharashtra,Pune(Manjri) APMC,Tomato,2026-07-06,Other,30.9,2000.0,4000.0,3000.0
Maharashtra,Pune(Moshi) APMC,Tomato,2026-07-06,Local,54.8,1000.0,2000.0,1500.0
Maharashtra,Ratnagiri (Nachane) APMC,Tomato,2026-07-06,Other,1.8,1000.0,2500.0,2000.0
Maharashtra,SHRI.SIDDHESHWAR  APMC,Tomato,2026-07-06,Other,48.8,200.0,2500.0,1500.0
Maharashtra,Sangamner APMC,Tomato,2026-07-06,Other,185.0,1000.0,3250.0,2125.0
Maharashtra,Satara APMC,Tomato,2026-07-06,Other,6.8,2000.0,2500.0,2200.0
Maharashtra,Shrirampur APMC,Tomato,2026-07-06,Other,2.3,1500.0,3000.0,2250.0
Maharashtra,Vai APMC,Tomato,2026-07-06,Local,0.7,1500.0,3000.0,2000.0
Maharashtra,Vita APMC,Tomato,2026-07-06,Other,6.0,1500.0,2500.0,2000.0
Maharashtra,Amrawati(Frui & Veg. Market) APMC,Tomato,2026-07-07,Local,15.9,2200.0,2800.0,2500.0
Maharashtra,Bhusaval APMC,Tomato,2026-07-07,Other,1.9,1500.0,2200.0,2000.0
Maharashtra,Chandrapur(Ganjwad) APMC,Tomato,2026-07-07,Other,62.8,800.0,1600.0,1200.0
Maharashtra,Chattrapati Sambhajinagar APMC,Tomato,2026-07-07,Other,9.1,1800.0,3500.0,2250.0
Maharashtra,HINGNA - APMC,Tomato,2026-07-07,Local,5.8,2000.0,2500.0,2125.0
Maharashtra,Islampur APMC,Tomato,2026-07-07,Other,5.3,1000.0,1500.0,1250.0
Maharashtra,Jalgaon APMC,Tomato,2026-07-07,Other,4.5,3000.0,4000.0,3500.0
Maharashtra,Kalmeshwar APMC,Tomato,2026-07-07,Other,1.0,2035.0,2500.0,2355.0
Maharashtra,Kamthi APMC,Tomato,2026-07-07,Local,3.2,2520.0,3020.0,2770.0
Maharashtra,Karad APMC,Tomato,2026-07-07,Other,3.9,1000.0,1500.0,1500.0
Maharashtra,Khed APMC,Tomato,2026-07-07,Local,4.7,700.0,4000.0,3000.0
Maharashtra,Khed(Chakan) APMC,Tomato,2026-07-07,Other,32.6,1000.0,2200.0,1600.0
Maharashtra,Kolhapur APMC,Tomato,2026-07-07,Other,25.6,1500.0,2500.0,2000.0
Maharashtra,Mumbai APMC,Tomato,2026-07-07,Other,418.9,2000.0,2400.0,2200.0
Maharashtra,Nagpur APMC,Tomato,2026-07-07,Local,60.0,1700.0,2200.0,2075.0
Maharashtra,Nagpur APMC,Tomato,2026-07-07,Other,120.0,2500.0,4000.0,3625.0
Maharashtra,Nasik APMC,Tomato,2026-07-07,Other,47.6,350.0,2750.0,1250.0
Maharashtra,Palus APMC,Tomato,2026-07-07,Other,0.9,1200.0,2000.0,1500.0
Maharashtra,Pandharpur APMC,Tomato,2026-07-07,Other,2.6,500.0,3000.0,1500.0
Maharashtra,Panvel APMC,Tomato,2026-07-07,Other,65.0,2500.0,3000.0,2750.0
Maharashtra,Patan APMC,Tomato,2026-07-07,Other,0.7,1500.0,2000.0,1750.0
Maharashtra,Phaltan APMC,Tomato,2026-07-07,Other,6.4,500.0,3000.0,1621.0
Maharashtra,Pune APMC,Tomato,2026-07-07,Local,189.2,1000.0,2000.0,1500.0
Maharashtra,Pune(Khadiki) APMC,Tomato,2026-07-07,Local,0.9,700.0,1300.0,1000.0
Maharashtra,Pune(Manjri) APMC,Tomato,2026-07-07,Other,55.8,1500.0,3500.0,2500.0
Maharashtra,Pune(Moshi) APMC,Tomato,2026-07-07,Local,30.5,2000.0,3000.0,2500.0
Maharashtra,Rahata APMC,Tomato,2026-07-07,Other,4.4,500.0,3000.0,1750.0
Maharashtra,Ramtek APMC,Tomato,2026-07-07,Other,1.4,1500.0,2500.0,2000.0
Maharashtra,Ratnagiri (Nachane) APMC,Tomato,2026-07-07,Other,1.5,1000.0,2200.0,1700.0
Maharashtra,SHRI.SIDDHESHWAR  APMC,Tomato,2026-07-07,Other,47.2,300.0,2200.0,1400.0
Maharashtra,Sangamner APMC,Tomato,2026-07-07,Other,130.0,1000.0,3500.0,2250.0
Maharashtra,Satara APMC,Tomato,2026-07-07,Other,13.9,1000.0,2000.0,1500.0
Maharashtra,Vadgaonpeth APMC,Tomato,2026-07-07,Local,16.0,1000.0,2000.0,1200.0
Maharashtra,Vita APMC,Tomato,2026-07-07,Other,3.0,1500.0,2000.0,1700.0
Maharashtra,AGRICULTURE PRODUCE MARKET COMITEE CHANDWAD,Tomato,2026-07-08,Local,3.3,750.0,3500.0,2625.0
Maharashtra,Akluj APMC,Tomato,2026-07-08,Local,2.8,1500.0,2200.0,2000.0
Maharashtra,Amrawati(Frui & Veg. Market) APMC,Tomato,2026-07-08,Local,15.0,2000.0,2600.0,2300.0
Maharashtra,Bhusaval APMC,Tomato,2026-07-08,Other,4.5,1200.0,2000.0,1500.0
Maharashtra,Chandrapur(Ganjwad) APMC,Tomato,2026-07-08,Other,67.0,800.0,1200.0,1000.0
Maharashtra,Chattrapati Sambhajinagar APMC,Tomato,2026-07-08,Other,10.4,2500.0,3500.0,3000.0
Maharashtra,Dharashiv APMC,Tomato,2026-07-08,Other,4.9,500.0,3000.0,1750.0
Maharashtra,HINGNA - APMC,Tomato,2026-07-08,Local,4.7,2000.0,2500.0,2200.0
Maharashtra,Jalgaon APMC,Tomato,2026-07-08,Other,5.7,3000.0,4000.0,3500.0
Maharashtra,Junnar(Narayangaon) APMC,Tomato,2026-07-08,Local,487.1,1000.0,2750.0,2000.0
Maharashtra,Kalmeshwar APMC,Tomato,2026-07-08,Other,0.9,2050.0,3330.0,2500.0
Maharashtra,Kalyan APMC,Tomato,2026-07-08,Other,0.3,1000.0,1200.0,1100.0
Maharashtra,Kamthi APMC,Tomato,2026-07-08,Local,3.4,2030.0,2530.0,2280.0
Maharashtra,Karad APMC,Tomato,2026-07-08,Other,1.8,2000.0,2500.0,2500.0
Maharashtra,Khed APMC,Tomato,2026-07-08,Local,4.1,1000.0,4000.0,3000.0
Maharashtra,Khed(Chakan) APMC,Tomato,2026-07-08,Other,29.2,1000.0,2000.0,1500.0
Maharashtra,Kolhapur APMC,Tomato,2026-07-08,Other,21.0,800.0,2000.0,1400.0
Maharashtra,Mangal Wedha APMC,Tomato,2026-07-08,Local,9.1,500.0,2500.0,1800.0
Maharashtra,Mumbai APMC,Tomato,2026-07-08,Other,317.8,2000.0,2400.0,2200.0
Maharashtra,Nagpur APMC,Tomato,2026-07-08,Local,40.0,1500.0,2000.0,1875.0
Maharashtra,Nagpur APMC,Tomato,2026-07-08,Other,100.0,2500.0,3500.0,3250.0
Maharashtra,Nasik APMC,Tomato,2026-07-08,Other,53.0,400.0,3125.0,1550.0
Maharashtra,Navapur APMC,Tomato,2026-07-08,Other,20.0,1000.0,2500.0,1600.0
Maharashtra,Pandharpur APMC,Tomato,2026-07-08,Other,2.7,500.0,3000.0,1500.0
Maharashtra,Panvel APMC,Tomato,2026-07-08,Other,82.5,3000.0,4000.0,3500.0
Maharashtra,Patan APMC,Tomato,2026-07-08,Other,0.7,1500.0,2000.0,1750.0
Maharashtra,Phaltan APMC,Tomato,2026-07-08,Other,4.5,750.0,3250.0,1966.0
Maharashtra,Pune(Khadiki) APMC,Tomato,2026-07-08,Local,1.0,800.0,1300.0,1050.0
Maharashtra,Pune(Manjri) APMC,Tomato,2026-07-08,Other,52.4,1500.0,5000.0,3500.0
Maharashtra,Pune(Pimpri) APMC,Tomato,2026-07-08,Local,0.2,1800.0,2000.0,1900.0
Maharashtra,Rahata APMC,Tomato,2026-07-08,Other,1.7,700.0,3250.0,1975.0
Maharashtra,Rahuri APMC,Tomato,2026-07-08,Other,4.6,1000.0,3000.0,2000.0
Maharashtra,Ramtek APMC,Tomato,2026-07-08,Other,1.1,1000.0,2000.0,1500.0
Maharashtra,Ratnagiri (Nachane) APMC,Tomato,2026-07-08,Other,1.5,1000.0,2500.0,2000.0
Maharashtra,SHRI.SIDDHESHWAR  APMC,Tomato,2026-07-08,Other,50.6,200.0,2000.0,1300.0
Maharashtra,Sangamner APMC,Tomato,2026-07-08,Other,105.0,500.0,2500.0,1500.0
Maharashtra,Satara APMC,Tomato,2026-07-08,Other,7.1,1000.0,2000.0,1500.0
Maharashtra,Shrirampur APMC,Tomato,2026-07-08,Other,2.7,1500.0,2500.0,2000.0
Maharashtra,Vadgaonpeth APMC,Tomato,2026-07-08,Local,6.6,1000.0,2000.0,1400.0
Maharashtra,Vai APMC,Tomato,2026-07-08,Local,12.0,1500.0,2500.0,2000.0
Maharashtra,AGRICULTURE PRODUCE MARKET COMITEE CHANDWAD,Tomato,2026-07-09,Local,1.9,1000.0,5105.0,3250.0
Maharashtra,Ahilyanagar APMC,Tomato,2026-07-09,Other,29.4,600.0,4000.0,2300.0
Maharashtra,Akluj APMC,Tomato,2026-07-09,Local,2.7,1300.0,2000.0,1800.0
Maharashtra,Bhusaval APMC,Tomato,2026-07-09,Other,1.3,1500.0,2000.0,2000.0
Maharashtra,Chattrapati Sambhajinagar APMC,Tomato,2026-07-09,Other,11.2,600.0,2800.0,1700.0
Maharashtra,HINGNA - APMC,Tomato,2026-07-09,Local,5.3,1800.0,2500.0,2091.0
Maharashtra,Islampur APMC,Tomato,2026-07-09,Other,3.2,1000.0,2000.0,1550.0
Maharashtra,Jalgaon APMC,Tomato,2026-07-09,Other,5.7,3000.0,4000.0,3500.0
Maharashtra,Junnar(Narayangaon) APMC,Tomato,2026-07-09,Local,374.5,1000.0,2750.0,2000.0
Maharashtra,Kalmeshwar APMC,Tomato,2026-07-09,Other,1.0,2010.0,2500.0,2325.0
Maharashtra,Kalyan APMC,Tomato,2026-07-09,Other,0.3,1000.0,1200.0,1100.0
Maharashtra,Kamthi APMC,Tomato,2026-07-09,Local,3.6,2060.0,2560.0,2310.0
Maharashtra,Karad APMC,Tomato,2026-07-09,Other,3.9,1000.0,1500.0,1500.0
Maharashtra,Khed APMC,Tomato,2026-07-09,Local,9.3,800.0,4000.0,2500.0
Maharashtra,Khed(Chakan) APMC,Tomato,2026-07-09,Other,26.5,2000.0,4000.0,3000.0
Maharashtra,Kolhapur APMC,Tomato,2026-07-09,Other,29.1,600.0,1800.0,1200.0
Maharashtra,Mangal Wedha APMC,Tomato,2026-07-09,Local,5.2,400.0,2700.0,1800.0
Maharashtra,Mumbai APMC,Tomato,2026-07-09,Other,283.5,1600.0,2200.0,1900.0
Maharashtra,Nagpur APMC,Tomato,2026-07-09,Local,70.0,1200.0,2000.0,1800.0
Maharashtra,Nagpur APMC,Tomato,2026-07-09,Other,120.0,2000.0,3000.0,2750.0
Maharashtra,Nasik APMC,Tomato,2026-07-09,Other,63.5,400.0,2605.0,1350.0
Maharashtra,Pandharpur APMC,Tomato,2026-07-09,Other,2.7,500.0,2200.0,1500.0
Maharashtra,Panvel APMC,Tomato,2026-07-09,Other,81.0,3000.0,4000.0,3500.0
Maharashtra,Phaltan APMC,Tomato,2026-07-09,Other,4.5,1000.0,3000.0,1800.0
Maharashtra,Pimpalgaon Baswant APMC,Tomato,2026-07-09,Other,10.3,250.0,3505.0,2505.0
Maharashtra,Pune APMC,Tomato,2026-07-09,Local,299.0,1000.0,2500.0,1750.0
Maharashtra,Pune(Khadiki) APMC,Tomato,2026-07-09,Local,0.5,800.0,1300.0,1050.0
Maharashtra,Pune(Manjri) APMC,Tomato,2026-07-09,Other,54.8,1500.0,4000.0,3000.0
Maharashtra,Pune(Pimpri) APMC,Tomato,2026-07-09,Local,0.3,2000.0,2000.0,2000.0
Maharashtra,Rahata APMC,Tomato,2026-07-09,Other,4.3,1000.0,3500.0,2250.0
Maharashtra,Rahuri APMC,Tomato,2026-07-09,Other,1.1,500.0,1500.0,1000.0
Maharashtra,Ramtek APMC,Tomato,2026-07-09,Other,3.1,1000.0,2000.0,1500.0
Maharashtra,Ratnagiri (Nachane) APMC,Tomato,2026-07-09,Other,1.5,1000.0,2500.0,2000.0
Maharashtra,SHRI.SIDDHESHWAR  APMC,Tomato,2026-07-09,Other,48.7,200.0,2000.0,1300.0
Maharashtra,Sangamner APMC,Tomato,2026-07-09,Other,85.0,500.0,2500.0,1500.0
Maharashtra,Satara APMC,Tomato,2026-07-09,Other,6.8,1000.0,1500.0,1250.0
Maharashtra,Shrirampur APMC,Tomato,2026-07-09,Other,2.4,1500.0,3500.0,2500.0
Maharashtra,Vadgaonpeth APMC,Tomato,2026-07-09,Local,6.5,1000.0,2000.0,1500.0
Maharashtra,Vai APMC,Tomato,2026-07-09,Local,12.0,1500.0,2300.0,1800.0
Maharashtra,Vita APMC,Tomato,2026-07-09,Other,3.0,1500.0,2000.0,1800.0
Maharashtra,AGRICULTURE PRODUCE MARKET COMITEE CHANDWAD,Tomato,2026-07-10,Local,2.0,750.0,3850.0,2750.0
Maharashtra,Akluj APMC,Tomato,2026-07-10,Local,2.5,1500.0,2800.0,2200.0
Maharashtra,Amrawati(Frui & Veg. Market) APMC,Tomato,2026-07-10,Local,15.9,2500.0,3000.0,2750.0
Maharashtra,Bhusaval APMC,Tomato,2026-07-10,Other,4.0,2000.0,2500.0,2200.0
Maharashtra,Chandrapur(Ganjwad) APMC,Tomato,2026-07-10,Other,63.7,800.0,1200.0,1000.0
Maharashtra,Dharashiv APMC,Tomato,2026-07-10,Other,5.8,500.0,2500.0,1500.0
Maharashtra,HINGNA - APMC,Tomato,2026-07-10,Local,0.6,2500.0,2750.0,2625.0
Maharashtra,Islampur APMC,Tomato,2026-07-10,Other,10.2,1000.0,2000.0,1550.0
Maharashtra,Jalgaon APMC,Tomato,2026-07-10,Other,12.0,2000.0,3200.0,2600.0
Maharashtra,Junnar(Narayangaon) APMC,Tomato,2026-07-10,Local,535.8,1000.0,2500.0,2000.0
Maharashtra,Kalmeshwar APMC,Tomato,2026-07-10,Other,1.0,1825.0,2200.0,2045.0
Maharashtra,Kalyan APMC,Tomato,2026-07-10,Other,0.3,1000.0,1200.0,1100.0
Maharashtra,Kamthi APMC,Tomato,2026-07-10,Local,4.4,2520.0,3020.0,2770.0
Maharashtra,Khed APMC,Tomato,2026-07-10,Local,9.1,1000.0,4000.0,2500.0
Maharashtra,Khed(Chakan) APMC,Tomato,2026-07-10,Other,6.3,2000.0,2500.0,2500.0
Maharashtra,Mangal Wedha APMC,Tomato,2026-07-10,Local,4.3,500.0,2500.0,2000.0
Maharashtra,Mumbai APMC,Tomato,2026-07-10,Other,381.0,2600.0,3000.0,2800.0
Maharashtra,Nasik APMC,Tomato,2026-07-10,Other,102.5,350.0,2625.0,1375.0
Maharashtra,Palus APMC,Tomato,2026-07-10,Other,0.7,1000.0,1800.0,1500.0
Maharashtra,Pandharpur APMC,Tomato,2026-07-10,Other,2.9,600.0,2500.0,1800.0
Maharashtra,Panvel APMC,Tomato,2026-07-10,Other,91.5,3000.0,4000.0,3500.0
Maharashtra,Patan APMC,Tomato,2026-07-10,Other,0.6,2000.0,3000.0,2500.0
Maharashtra,Phaltan APMC,Tomato,2026-07-10,Other,8.4,500.0,3000.0,1886.0
Maharashtra,Pimpalgaon Baswant APMC,Tomato,2026-07-10,Other,3.0,250.0,3975.0,2755.0
Maharashtra,Pune APMC,Tomato,2026-07-10,Local,320.6,1000.0,2200.0,1600.0
Maharashtra,Pune(Khadiki) APMC,Tomato,2026-07-10,Local,0.9,800.0,1200.0,1000.0
Maharashtra,Pune(Manjri) APMC,Tomato,2026-07-10,Other,62.1,1500.0,4000.0,3000.0
Maharashtra,Pune(Moshi) APMC,Tomato,2026-07-10,Local,73.9,1500.0,2500.0,2000.0
Maharashtra,Rahata APMC,Tomato,2026-07-10,Other,2.2,500.0,4000.0,2250.0
Maharashtra,Ratnagiri (Nachane) APMC,Tomato,2026-07-10,Other,2.0,1500.0,2000.0,1600.0
Maharashtra,SHRI.SIDDHESHWAR  APMC,Tomato,2026-07-10,Other,30.7,400.0,2200.0,1500.0
Maharashtra,Sangamner APMC,Tomato,2026-07-10,Other,150.0,500.0,2500.0,1500.0
Maharashtra,Shrirampur APMC,Tomato,2026-07-10,Other,3.1,1500.0,2500.0,2000.0
Maharashtra,Vai APMC,Tomato,2026-07-10,Local,7.0,1500.0,3500.0,2000.0
Maharashtra,Vita APMC,Tomato,2026-07-10,Other,3.0,1500.0,2000.0,1800.0
Maharashtra,AGRICULTURE PRODUCE MARKET COMITEE CHANDWAD,Tomato,2026-07-11,Local,3.7,750.0,4000.0,2750.0
Maharashtra,Akluj APMC,Tomato,2026-07-11,Local,2.8,1500.0,2500.0,2000.0
Maharashtra,Amrawati(Frui & Veg. Market) APMC,Tomato,2026-07-11,Local,16.8,2200.0,2800.0,2500.0
Maharashtra,Bhusaval APMC,Tomato,2026-07-11,Other,4.1,2000.0,2500.0,2200.0
Maharashtra,Chandrapur(Ganjwad) APMC,Tomato,2026-07-11,Other,73.6,800.0,1200.0,1000.0
Maharashtra,Chattrapati Sambhajinagar APMC,Tomato,2026-07-11,Other,11.0,700.0,2500.0,1600.0
Maharashtra,Dharashiv APMC,Tomato,2026-07-11,Other,2.7,500.0,3500.0,2000.0
Maharashtra,Ghoti APMC,Tomato,2026-07-11,Other,2.4,2000.0,2000.0,2000.0
Maharashtra,HINGNA - APMC,Tomato,2026-07-11,Local,5.5,1800.0,2750.0,2175.0
Maharashtra,Junnar(Narayangaon) APMC,Tomato,2026-07-11,Local,606.7,500.0,2000.0,1500.0
Maharashtra,Kalmeshwar APMC,Tomato,2026-07-11,Other,1.0,1825.0,2200.0,2015.0
Maharashtra,Kamthi APMC,Tomato,2026-07-11,Local,1.2,3020.0,3520.0,3270.0
Maharashtra,Karad APMC,Tomato,2026-07-11,Other,3.9,1000.0,1500.0,1500.0
Maharashtra,Khed(Chakan) APMC,Tomato,2026-07-11,Other,34.2,1000.0,2500.0,1500.0
Maharashtra,Kolhapur APMC,Tomato,2026-07-11,Other,31.2,1000.0,1800.0,1400.0
Maharashtra,Mangal Wedha APMC,Tomato,2026-07-11,Local,7.2,500.0,2300.0,1800.0
Maharashtra,Nagpur APMC,Tomato,2026-07-11,Local,150.0,1700.0,2500.0,2300.0
Maharashtra,Nagpur APMC,Tomato,2026-07-11,Other,60.0,4000.0,4500.0,4375.0
Maharashtra,Panvel APMC,Tomato,2026-07-11,Other,90.5,3000.0,3500.0,3250.0
Maharashtra,Phaltan APMC,Tomato,2026-07-11,Other,5.0,500.0,3000.0,1953.0
Maharashtra,Pune(Khadiki) APMC,Tomato,2026-07-11,Local,0.6,700.0,1300.0,1000.0
Maharashtra,Pune(Manjri) APMC,Tomato,2026-07-11,Other,24.8,1500.0,2500.0,2000.0
Maharashtra,Pune(Moshi) APMC,Tomato,2026-07-11,Local,77.6,2000.0,3000.0,2500.0
Maharashtra,Pune(Pimpri) APMC,Tomato,2026-07-11,Local,0.1,2000.0,2200.0,2100.0
Maharashtra,Rahuri APMC,Tomato,2026-07-11,Other,0.9,500.0,2500.0,1500.0
Maharashtra,Ramtek APMC,Tomato,2026-07-11,Other,1.4,1000.0,2000.0,1500.0
Maharashtra,SHRI.SIDDHESHWAR  APMC,Tomato,2026-07-11,Other,55.6,200.0,2000.0,1300.0
Maharashtra,Sangamner APMC,Tomato,2026-07-11,Other,155.0,500.0,2500.0,1500.0
Maharashtra,Satara APMC,Tomato,2026-07-11,Other,9.5,1000.0,2000.0,1500.0
Maharashtra,Shrirampur APMC,Tomato,2026-07-11,Other,2.6,1500.0,2500.0,2000.0
Maharashtra,Vadgaonpeth APMC,Tomato,2026-07-11,Local,5.3,1000.0,2100.0,1400.0
Maharashtra,Vita APMC,Tomato,2026-07-11,Other,4.0,1500.0,2000.0,1800.0
Maharashtra,Akluj APMC,Tomato,2026-07-12,Local,2.5,1000.0,2500.0,2000.0
Maharashtra,Amrawati(Frui & Veg. Market) APMC,Tomato,2026-07-12,Local,12.0,2500.0,3000.0,2750.0
Maharashtra,Bhusaval APMC,Tomato,2026-07-12,Other,5.7,2000.0,3000.0,2500.0
Maharashtra,Chattrapati Sambhajinagar APMC,Tomato,2026-07-12,Other,14.0,1300.0,2800.0,2050.0
Maharashtra,Dharashiv APMC,Tomato,2026-07-12,Other,18.3,500.0,2750.0,1625.0
Maharashtra,Islampur APMC,Tomato,2026-07-12,Other,4.0,1500.0,2000.0,1750.0
Maharashtra,Junnar(Narayangaon) APMC,Tomato,2026-07-12,Local,631.4,500.0,2250.0,1750.0
Maharashtra,Kalmeshwar APMC,Tomato,2026-07-12,Other,0.9,1815.0,2200.0,2005.0
Maharashtra,Kamthi APMC,Tomato,2026-07-12,Local,2.6,3060.0,3560.0,3310.0
Maharashtra,Khed(Chakan) APMC,Tomato,2026-07-12,Other,32.9,2000.0,3000.0,2500.0
Maharashtra,Kolhapur APMC,Tomato,2026-07-12,Other,15.9,500.0,1500.0,1000.0
Maharashtra,Mangal Wedha APMC,Tomato,2026-07-12,Local,6.0,500.0,2500.0,2000.0
Maharashtra,Palus APMC,Tomato,2026-07-12,Other,0.3,1000.0,1500.0,1200.0
Maharashtra,Panvel APMC,Tomato,2026-07-12,Other,61.5,3000.0,4000.0,3500.0
Maharashtra,Phaltan APMC,Tomato,2026-07-12,Other,14.3,500.0,3000.0,1977.0
Maharashtra,Pimpalgaon Baswant APMC,Tomato,2026-07-12,Other,2.0,250.0,3505.0,2755.0
Maharashtra,Pune APMC,Tomato,2026-07-12,Local,452.2,1000.0,2000.0,1500.0
Maharashtra,Pune(Khadiki) APMC,Tomato,2026-07-12,Local,1.0,800.0,1300.0,1050.0
Maharashtra,Pune(Manjri) APMC,Tomato,2026-07-12,Other,75.5,1500.0,3000.0,2000.0
Maharashtra,Pune(Moshi) APMC,Tomato,2026-07-12,Local,80.4,2000.0,3000.0,2500.0
Maharashtra,Pune(Pimpri) APMC,Tomato,2026-07-12,Local,1.1,2000.0,2200.0,2100.0
Maharashtra,Rahata APMC,Tomato,2026-07-12,Other,5.6,500.0,3100.0,1800.0
Maharashtra,Rahuri APMC,Tomato,2026-07-12,Other,7.8,500.0,3000.0,1750.0
Maharashtra,Ramtek APMC,Tomato,2026-07-12,Other,2.6,1500.0,2500.0,2000.0
Maharashtra,Sangamner APMC,Tomato,2026-07-12,Other,150.0,500.0,2500.0,1500.0
Maharashtra,Satara APMC,Tomato,2026-07-12,Other,13.7,1000.0,2000.0,1500.0
Maharashtra,Shrirampur APMC,Tomato,2026-07-12,Other,3.0,1500.0,2500.0,2000.0
Maharashtra,Vadgaonpeth APMC,Tomato,2026-07-12,Local,5.0,900.0,1700.0,1100.0
Maharashtra,Vai APMC,Tomato,2026-07-12,Local,12.0,1500.0,3200.0,2300.0
Maharashtra,Vita APMC,Tomato,2026-07-12,Other,3.0,1500.0,2000.0,1700.0
Maharashtra,Akluj APMC,Tomato,2026-07-13,Local,3.5,1000.0,2500.0,2000.0
Maharashtra,Amrawati(Frui & Veg. Market) APMC,Tomato,2026-07-13,Local,10.8,2200.0,3000.0,2600.0
Maharashtra,Chandrapur(Ganjwad) APMC,Tomato,2026-07-13,Other,70.0,800.0,1600.0,1200.0
Maharashtra,Chattrapati Sambhajinagar APMC,Tomato,2026-07-13,Other,10.7,1000.0,3200.0,2100.0
Maharashtra,Ghoti APMC,Tomato,2026-07-13,Other,2.4,1800.0,1900.0,1850.0
Maharashtra,HINGNA - APMC,Tomato,2026-07-13,Local,9.7,2000.0,3000.0,2464.0
Maharashtra,Jalgaon APMC,Tomato,2026-07-13,Other,10.0,2500.0,3500.0,3000.0
Maharashtra,Junnar(Narayangaon) APMC,Tomato,2026-07-13,Local,700.0,500.0,2250.0,1750.0
Maharashtra,Kamthi APMC,Tomato,2026-07-13,Local,1.4,2520.0,3020.0,2770.0
Maharashtra,Karad APMC,Tomato,2026-07-13,Other,0.3,2000.0,2200.0,2200.0
Maharashtra,Khed APMC,Tomato,2026-07-13,Local,9.4,800.0,3500.0,2000.0
Maharashtra,Kolhapur APMC,Tomato,2026-07-13,Other,25.7,1000.0,1800.0,1400.0
Maharashtra,Manchar APMC,Tomato,2026-07-13,Other,0.5,2500.0,5500.0,4000.0
Maharashtra,Mangal Wedha APMC,Tomato,2026-07-13,Local,10.3,200.0,2700.0,1800.0
Maharashtra,Mumbai APMC,Tomato,2026-07-13,Other,486.6,2400.0,3000.0,2700.0
Maharashtra,Nagpur APMC,Tomato,2026-07-13,Local,100.0,1500.0,2500.0,2250.0
Maharashtra,Nagpur APMC,Tomato,2026-07-13,Other,160.0,2000.0,3000.0,2750.0
Maharashtra,Nasik APMC,Tomato,2026-07-13,Other,110.1,350.0,2250.0,1350.0
Maharashtra,Navapur APMC,Tomato,2026-07-13,Other,26.0,1000.0,2000.0,1292.0
Maharashtra,Pandharpur APMC,Tomato,2026-07-13,Other,2.3,1000.0,3300.0,2500.0
Maharashtra,Panvel APMC,Tomato,2026-07-13,Other,82.0,3000.0,4000.0,3500.0
Maharashtra,Patan APMC,Tomato,2026-07-13,Other,0.7,1500.0,2000.0,1750.0
Maharashtra,Pimpalgaon Baswant APMC,Tomato,2026-07-13,Other,6.3,250.0,2575.0,2005.0
Maharashtra,Pune APMC,Tomato,2026-07-13,Local,287.3,1000.0,2000.0,1500.0
Maharashtra,Pune(Khadiki) APMC,Tomato,2026-07-13,Local,1.7,700.0,1300.0,1000.0
Maharashtra,Pune(Manjri) APMC,Tomato,2026-07-13,Other,72.6,1000.0,3000.0,2000.0
Maharashtra,Pune(Moshi) APMC,Tomato,2026-07-13,Local,76.0,1500.0,2000.0,1750.0
Maharashtra,Rahuri APMC,Tomato,2026-07-13,Other,1.4,500.0,1500.0,1000.0
Maharashtra,Ratnagiri (Nachane) APMC,Tomato,2026-07-13,Other,1.6,1500.0,2500.0,2000.0
Maharashtra,SHRI.SIDDHESHWAR  APMC,Tomato,2026-07-13,Other,51.9,300.0,2200.0,1300.0
Maharashtra,Sangamner APMC,Tomato,2026-07-13,Other,155.0,500.0,2250.0,1375.0
Maharashtra,Satara APMC,Tomato,2026-07-13,Other,14.7,1000.0,2000.0,1500.0
Maharashtra,Shrirampur APMC,Tomato,2026-07-13,Other,2.2,1500.0,2000.0,1750.0
Maharashtra,Vai APMC,Tomato,2026-07-13,Local,7.0,1000.0,1500.0,1200.0
Maharashtra,Vita APMC,Tomato,2026-07-13,Other,4.0,1500.0,2000.0,1800.0
Maharashtra,Amrawati(Frui & Veg. Market) APMC,Tomato,2026-07-14,Local,8.9,2500.0,3000.0,2750.0
Maharashtra,Bhusaval APMC,Tomato,2026-07-14,Other,5.9,3000.0,4500.0,3500.0
Maharashtra,Chandrapur(Ganjwad) APMC,Tomato,2026-07-14,Other,61.7,1200.0,1600.0,1400.0
Maharashtra,Chattrapati Sambhajinagar APMC,Tomato,2026-07-14,Other,9.7,1200.0,2500.0,1850.0
Maharashtra,Dharashiv APMC,Tomato,2026-07-14,Other,5.3,1000.0,3750.0,2375.0
Maharashtra,Ghoti APMC,Tomato,2026-07-14,Other,3.0,2000.0,2000.0,2000.0
Maharashtra,HINGNA - APMC,Tomato,2026-07-14,Local,5.5,2000.0,3000.0,2400.0
Maharashtra,Islampur APMC,Tomato,2026-07-14,Other,3.6,1500.0,2000.0,1750.0
Maharashtra,Kalmeshwar APMC,Tomato,2026-07-14,Other,1.0,2050.0,2500.0,2330.0
Maharashtra,Kalyan APMC,Tomato,2026-07-14,Other,0.3,800.0,1000.0,900.0
Maharashtra,Karad APMC,Tomato,2026-07-14,Other,4.8,1000.0,1200.0,1200.0
Maharashtra,Khed APMC,Tomato,2026-07-14,Local,11.5,500.0,3000.0,2000.0
Maharashtra,Khed(Chakan) APMC,Tomato,2026-07-14,Other,32.6,1000.0,3000.0,2000.0
Maharashtra,Kolhapur APMC,Tomato,2026-07-14,Other,25.8,1000.0,3000.0,2000.0
Maharashtra,Mumbai APMC,Tomato,2026-07-14,Other,412.4,1600.0,2000.0,1800.0
Maharashtra,Nagpur APMC,Tomato,2026-07-14,Local,60.0,2000.0,2200.0,2150.0
Maharashtra,Nagpur APMC,Tomato,2026-07-14,Other,150.0,2500.0,3500.0,3250.0
Maharashtra,Nasik APMC,Tomato,2026-07-14,Other,115.2,350.0,2150.0,1325.0
Maharashtra,Palus APMC,Tomato,2026-07-14,Other,0.9,1500.0,1800.0,1600.0
Maharashtra,Pandharpur APMC,Tomato,2026-07-14,Other,2.7,500.0,3000.0,2000.0
Maharashtra,Panvel APMC,Tomato,2026-07-14,Other,83.5,2500.0,3000.0,2750.0
Maharashtra,Patan APMC,Tomato,2026-07-14,Other,0.7,1500.0,2000.0,1750.0
Maharashtra,Phaltan APMC,Tomato,2026-07-14,Other,7.2,500.0,2750.0,1734.0
Maharashtra,Pimpalgaon Baswant APMC,Tomato,2026-07-14,Other,14.7,250.0,2775.0,2105.0
Maharashtra,Pune APMC,Tomato,2026-07-14,Local,316.5,1000.0,2000.0,1500.0
Maharashtra,Pune(Khadiki) APMC,Tomato,2026-07-14,Local,1.3,700.0,1300.0,1000.0
Maharashtra,Pune(Manjri) APMC,Tomato,2026-07-14,Other,64.6,1000.0,2000.0,1500.0
Maharashtra,Pune(Moshi) APMC,Tomato,2026-07-14,Local,55.7,1500.0,2000.0,1750.0
Maharashtra,Rahata APMC,Tomato,2026-07-14,Other,8.0,500.0,2500.0,1500.0
Maharashtra,Rahuri APMC,Tomato,2026-07-14,Other,5.8,1000.0,3000.0,2000.0
Maharashtra,Ramtek APMC,Tomato,2026-07-14,Other,1.4,2000.0,3000.0,2500.0
Maharashtra,Ratnagiri (Nachane) APMC,Tomato,2026-07-14,Other,1.9,1500.0,2500.0,2000.0
Maharashtra,SHRI.SIDDHESHWAR  APMC,Tomato,2026-07-14,Other,69.6,200.0,2100.0,1500.0
Maharashtra,Sangamner APMC,Tomato,2026-07-14,Other,195.0,500.0,2500.0,1500.0
Maharashtra,Satara APMC,Tomato,2026-07-14,Other,13.1,1000.0,1500.0,1250.0
Maharashtra,Vita APMC,Tomato,2026-07-14,Other,3.0,1500.0,2000.0,1800.0
Maharashtra,Akluj APMC,Tomato,2026-07-15,Local,2.8,1000.0,2000.0,1500.0
Maharashtra,Amrawati(Frui & Veg. Market) APMC,Tomato,2026-07-15,Local,11.9,2600.0,3200.0,2900.0
Maharashtra,Bhusaval APMC,Tomato,2026-07-15,Other,1.6,2000.0,3000.0,2500.0
Maharashtra,Chattrapati Sambhajinagar APMC,Tomato,2026-07-15,Other,8.8,1500.0,3500.0,2500.0
Maharashtra,Dharashiv APMC,Tomato,2026-07-15,Other,13.8,500.0,2500.0,1500.0
Maharashtra,Ghoti APMC,Tomato,2026-07-15,Other,1.8,2000.0,2200.0,2100.0
Maharashtra,HINGNA - APMC,Tomato,2026-07-15,Local,4.2,2500.0,4000.0,2958.0
Maharashtra,Jalgaon APMC,Tomato,2026-07-15,Other,13.0,1500.0,2500.0,2000.0
Maharashtra,Junnar(Narayangaon) APMC,Tomato,2026-07-15,Local,640.0,1000.0,3000.0,2000.0
Maharashtra,Kalmeshwar APMC,Tomato,2026-07-15,Other,1.3,1825.0,2200.0,2015.0
Maharashtra,Karad APMC,Tomato,2026-07-15,Other,7.8,1000.0,1200.0,1200.0
Maharashtra,Khed APMC,Tomato,2026-07-15,Local,5.5,500.0,2200.0,1500.0
Maharashtra,Khed(Chakan) APMC,Tomato,2026-07-15,Other,31.7,1000.0,2000.0,1500.0
Maharashtra,Kolhapur APMC,Tomato,2026-07-15,Other,41.6,500.0,1500.0,1000.0
Maharashtra,Mangal Wedha APMC,Tomato,2026-07-15,Local,5.1,500.0,2500.0,1800.0
Maharashtra,Mumbai APMC,Tomato,2026-07-15,Other,333.4,1600.0,2000.0,1800.0
Maharashtra,Nagpur APMC,Tomato,2026-07-15,Local,100.0,2200.0,2500.0,2425.0
Maharashtra,Nagpur APMC,Tomato,2026-07-15,Other,70.0,3000.0,3200.0,3150.0
Maharashtra,Nasik APMC,Tomato,2026-07-15,Other,112.8,350.0,2050.0,1250.0
Maharashtra,Pandharpur APMC,Tomato,2026-07-15,Other,2.8,500.0,2500.0,1500.0
Maharashtra,Panvel APMC,Tomato,2026-07-15,Other,86.0,3000.0,4000.0,3500.0
Maharashtra,Patan APMC,Tomato,2026-07-15,Other,0.9,1500.0,2200.0,1850.0
Maharashtra,Phaltan APMC,Tomato,2026-07-15,Other,10.7,500.0,3000.0,1800.0
Maharashtra,Pimpalgaon Baswant APMC,Tomato,2026-07-15,Other,13.3,250.0,2505.0,1905.0
Maharashtra,Pune APMC,Tomato,2026-07-15,Local,298.9,1000.0,1800.0,1400.0
Maharashtra,Pune(Khadiki) APMC,Tomato,2026-07-15,Local,1.1,900.0,1400.0,1150.0
Maharashtra,Pune(Manjri) APMC,Tomato,2026-07-15,Other,58.3,1000.0,2000.0,1500.0
Maharashtra,Pune(Pimpri) APMC,Tomato,2026-07-15,Local,0.6,2000.0,2000.0,2000.0
Maharashtra,Rahata APMC,Tomato,2026-07-15,Other,1.5,1000.0,2500.0,1750.0
Maharashtra,Rahuri APMC,Tomato,2026-07-15,Other,1.2,500.0,3000.0,1750.0
Maharashtra,Ramtek APMC,Tomato,2026-07-15,Other,1.1,1000.0,2000.0,1500.0
Maharashtra,Ratnagiri (Nachane) APMC,Tomato,2026-07-15,Other,1.6,1500.0,2500.0,2000.0
Maharashtra,SHRI.SIDDHESHWAR  APMC,Tomato,2026-07-15,Other,52.7,300.0,1800.0,1300.0
Maharashtra,Satara APMC,Tomato,2026-07-15,Other,9.5,1000.0,1500.0,1250.0
Maharashtra,Shrirampur APMC,Tomato,2026-07-15,Other,2.9,1000.0,2000.0,1500.0
Maharashtra,Vadgaonpeth APMC,Tomato,2026-07-15,Local,5.0,1300.0,1700.0,1400.0
Maharashtra,Vai APMC,Tomato,2026-07-15,Local,6.0,1000.0,2500.0,2200.0
Maharashtra,AGRICULTURE PRODUCE MARKET COMITEE CHANDWAD,Tomato,2026-07-16,Local,1.3,500.0,2500.0,1750.0
Maharashtra,Ahilyanagar APMC,Tomato,2026-07-16,Other,74.5,400.0,2500.0,1450.0
Maharashtra,Akluj APMC,Tomato,2026-07-16,Local,2.5,1000.0,2000.0,1500.0
Maharashtra,Bhusaval APMC,Tomato,2026-07-16,Other,3.3,2000.0,3000.0,2500.0
Maharashtra,Chandrapur(Ganjwad) APMC,Tomato,2026-07-16,Other,62.8,1000.0,1600.0,1200.0
Maharashtra,Chattrapati Sambhajinagar APMC,Tomato,2026-07-16,Other,11.5,800.0,2500.0,1650.0
Maharashtra,Dharashiv APMC,Tomato,2026-07-16,Other,8.1,500.0,2500.0,1500.0
Maharashtra,Ghoti APMC,Tomato,2026-07-16,Other,1.5,1900.0,2000.0,1950.0
Maharashtra,HINGNA - APMC,Tomato,2026-07-16,Local,2.5,2000.0,3000.0,2500.0
Maharashtra,Islampur APMC,Tomato,2026-07-16,Other,6.0,1000.0,1500.0,1250.0
Maharashtra,Jalgaon APMC,Tomato,2026-07-16,Other,12.0,2000.0,3000.0,2500.0
Maharashtra,Junnar(Narayangaon) APMC,Tomato,2026-07-16,Local,597.5,750.0,2500.0,2000.0
Maharashtra,Kalmeshwar APMC,Tomato,2026-07-16,Other,1.0,2065.0,2500.0,2345.0
Maharashtra,Kamthi APMC,Tomato,2026-07-16,Local,3.0,2530.0,3030.0,2780.0
Maharashtra,Khed APMC,Tomato,2026-07-16,Local,6.8,500.0,3500.0,2500.0
Maharashtra,Khed(Chakan) APMC,Tomato,2026-07-16,Other,32.9,1500.0,2500.0,2000.0
Maharashtra,Kolhapur APMC,Tomato,2026-07-16,Other,29.3,1000.0,1600.0,1300.0
Maharashtra,Mangal Wedha APMC,Tomato,2026-07-16,Local,7.8,500.0,2200.0,1800.0
Maharashtra,Mumbai APMC,Tomato,2026-07-16,Other,317.2,1600.0,2200.0,1900.0
Maharashtra,Nagpur APMC,Tomato,2026-07-16,Local,100.0,1500.0,2500.0,2250.0
Maharashtra,Nagpur APMC,Tomato,2026-07-16,Other,100.0,2000.0,3000.0,2750.0
Maharashtra,Nasik APMC,Tomato,2026-07-16,Other,124.0,250.0,1755.0,1055.0
Maharashtra,Pandharpur APMC,Tomato,2026-07-16,Other,2.8,600.0,2700.0,1500.0
Maharashtra,Panvel APMC,Tomato,2026-07-16,Other,83.0,2500.0,3000.0,2750.0
Maharashtra,Phaltan APMC,Tomato,2026-07-16,Other,11.3,500.0,2500.0,1399.0
Maharashtra,Pimpalgaon Baswant APMC,Tomato,2026-07-16,Other,14.7,250.0,2000.0,1455.0
Maharashtra,Pune APMC,Tomato,2026-07-16,Local,235.6,800.0,1500.0,1150.0
Maharashtra,Pune(Khadiki) APMC,Tomato,2026-07-16,Local,1.3,800.0,1400.0,1100.0
Maharashtra,Pune(Manjri) APMC,Tomato,2026-07-16,Other,57.6,1500.0,2500.0,2000.0
Maharashtra,Pune(Moshi) APMC,Tomato,2026-07-16,Local,72.1,2000.0,3000.0,2500.0
Maharashtra,Pune(Pimpri) APMC,Tomato,2026-07-16,Local,0.2,2000.0,2000.0,2000.0
Maharashtra,Rahata APMC,Tomato,2026-07-16,Other,4.7,1000.0,3500.0,2250.0
Maharashtra,Rahuri APMC,Tomato,2026-07-16,Other,0.9,500.0,1500.0,1000.0
Maharashtra,Ramtek APMC,Tomato,2026-07-16,Other,2.2,2000.0,3000.0,2500.0
Maharashtra,Ratnagiri (Nachane) APMC,Tomato,2026-07-16,Other,1.7,2000.0,2500.0,2300.0
Maharashtra,SHRI.SIDDHESHWAR  APMC,Tomato,2026-07-16,Other,33.7,300.0,1900.0,1300.0
Maharashtra,Sangamner APMC,Tomato,2026-07-16,Other,130.0,500.0,2500.0,1500.0
Maharashtra,Satara APMC,Tomato,2026-07-16,Other,11.7,1000.0,1500.0,1250.0
Maharashtra,Shrirampur APMC,Tomato,2026-07-16,Other,2.7,1000.0,2000.0,1500.0
Maharashtra,Vadgaonpeth APMC,Tomato,2026-07-16,Local,7.0,1000.0,3000.0,2000.0
Maharashtra,Vai APMC,Tomato,2026-07-16,Local,0.6,1500.0,2500.0,2250.0
Maharashtra,Vita APMC,Tomato,2026-07-16,Other,5.0,1500.0,2000.0,1800.0
Maharashtra,Ahilyanagar APMC,Tomato,2026-07-17,Other,32.7,400.0,2800.0,1600.0
Maharashtra,Akluj APMC,Tomato,2026-07-17,Local,3.0,1000.0,2500.0,2000.0
Maharashtra,Amrawati(Frui & Veg. Market) APMC,Tomato,2026-07-17,Local,13.8,2500.0,3000.0,2750.0
Maharashtra,Bhusaval APMC,Tomato,2026-07-17,Other,4.9,2000.0,2500.0,2200.0
Maharashtra,Chandrapur(Ganjwad) APMC,Tomato,2026-07-17,Other,68.9,1000.0,1600.0,1200.0
Maharashtra,Dharashiv APMC,Tomato,2026-07-17,Other,7.5,500.0,2000.0,1250.0
Maharashtra,HINGNA - APMC,Tomato,2026-07-17,Local,3.0,1700.0,2500.0,2180.0
Maharashtra,Islampur APMC,Tomato,2026-07-17,Other,11.4,1500.0,2000.0,1750.0
Maharashtra,Jalgaon APMC,Tomato,2026-07-17,Other,14.0,1000.0,2500.0,1700.0
Maharashtra,Junnar(Narayangaon) APMC,Tomato,2026-07-17,Local,698.0,1000.0,2750.0,2000.0
Maharashtra,Kalmeshwar APMC,Tomato,2026-07-17,Other,1.2,2010.0,2500.0,2320.0
Maharashtra,Kamthi APMC,Tomato,2026-07-17,Local,4.0,2520.0,3020.0,2770.0
Maharashtra,Khed(Chakan) APMC,Tomato,2026-07-17,Other,19.6,1000.0,2000.0,1500.0
Maharashtra,Mangal Wedha APMC,Tomato,2026-07-17,Local,3.3,500.0,2100.0,1800.0
Maharashtra,Mumbai APMC,Tomato,2026-07-17,Other,303.7,1600.0,2000.0,1800.0
Maharashtra,Nasik APMC,Tomato,2026-07-17,Other,101.0,250.0,1875.0,1125.0
Maharashtra,Palus APMC,Tomato,2026-07-17,Other,0.7,1200.0,1500.0,1400.0
Maharashtra,Pandharpur APMC,Tomato,2026-07-17,Other,2.8,500.0,2500.0,1500.0
Maharashtra,Panvel APMC,Tomato,2026-07-17,Other,83.0,3000.0,4000.0,3500.0
Maharashtra,Pimpalgaon Baswant APMC,Tomato,2026-07-17,Other,10.2,250.0,2255.0,1655.0
Maharashtra,Pune APMC,Tomato,2026-07-17,Local,174.2,1000.0,2500.0,1750.0
Maharashtra,Pune(Khadiki) APMC,Tomato,2026-07-17,Local,1.2,900.0,1400.0,1150.0
Maharashtra,Pune(Manjri) APMC,Tomato,2026-07-17,Other,51.7,1500.0,3000.0,2500.0
Maharashtra,Pune(Moshi) APMC,Tomato,2026-07-17,Local,40.3,1000.0,3000.0,2000.0
Maharashtra,Pune(Pimpri) APMC,Tomato,2026-07-17,Local,0.2,1800.0,2300.0,2050.0
Maharashtra,Rahata APMC,Tomato,2026-07-17,Other,2.2,1500.0,2500.0,2000.0
Maharashtra,Rahuri APMC,Tomato,2026-07-17,Other,1.0,500.0,1000.0,750.0
Maharashtra,Ratnagiri (Nachane) APMC,Tomato,2026-07-17,Other,1.6,1500.0,2500.0,2000.0
Maharashtra,SHRI.SIDDHESHWAR  APMC,Tomato,2026-07-17,Other,60.3,300.0,2000.0,1300.0
Maharashtra,Sangamner APMC,Tomato,2026-07-17,Other,165.0,500.0,2500.0,1500.0
Maharashtra,Shrirampur APMC,Tomato,2026-07-17,Other,3.1,1000.0,2000.0,1500.0
Maharashtra,Vadgaonpeth APMC,Tomato,2026-07-17,Local,4.5,900.0,1500.0,1200.0
Maharashtra,Vita APMC,Tomato,2026-07-17,Other,3.0,1000.0,1500.0,1000.0
Maharashtra,Ahilyanagar APMC,Tomato,2026-07-18,Other,34.6,500.0,2500.0,1500.0
Maharashtra,Akluj APMC,Tomato,2026-07-18,Local,2.7,1500.0,2500.0,2000.0
Maharashtra,Amrawati(Frui & Veg. Market) APMC,Tomato,2026-07-18,Local,14.9,2600.0,3200.0,2900.0
Maharashtra,Bhusaval APMC,Tomato,2026-07-18,Other,2.5,2000.0,2500.0,2200.0
Maharashtra,Chandrapur(Ganjwad) APMC,Tomato,2026-07-18,Other,65.1,1500.0,3000.0,2000.0
Maharashtra,Chattrapati Sambhajinagar APMC,Tomato,2026-07-18,Other,14.1,1200.0,2800.0,2000.0
Maharashtra,Dharashiv APMC,Tomato,2026-07-18,Other,4.0,750.0,2500.0,1625.0
Maharashtra,HINGNA - APMC,Tomato,2026-07-18,Local,5.0,1500.0,3000.0,2208.0
Maharashtra,Jalgaon APMC,Tomato,2026-07-18,Other,13.0,2000.0,3000.0,2500.0
Maharashtra,Junnar(Narayangaon) APMC,Tomato,2026-07-18,Local,659.0,1000.0,2750.0,2000.0
Maharashtra,Kalmeshwar APMC,Tomato,2026-07-18,Other,1.0,2015.0,2500.0,2305.0
Maharashtra,Kamthi APMC,Tomato,2026-07-18,Local,2.8,2520.0,3020.0,2770.0
Maharashtra,Karad APMC,Tomato,2026-07-18,Other,3.9,1000.0,1200.0,1200.0
Maharashtra,Kolhapur APMC,Tomato,2026-07-18,Other,29.7,800.0,1600.0,1200.0
Maharashtra,Mangal Wedha APMC,Tomato,2026-07-18,Local,6.0,400.0,2200.0,1800.0
Maharashtra,Mumbai APMC,Tomato,2026-07-18,Other,356.8,1600.0,2000.0,1800.0
Maharashtra,Nagpur APMC,Tomato,2026-07-18,Local,80.0,1500.0,2200.0,2025.0
Maharashtra,Nagpur APMC,Tomato,2026-07-18,Other,150.0,2500.0,3500.0,3250.0
Maharashtra,Pandharpur APMC,Tomato,2026-07-18,Other,2.3,500.0,2500.0,1600.0
Maharashtra,Panvel APMC,Tomato,2026-07-18,Other,80.5,3000.0,3500.0,3250.0
Maharashtra,Patan APMC,Tomato,2026-07-18,Other,0.7,1500.0,2000.0,1750.0
Maharashtra,Phaltan APMC,Tomato,2026-07-18,Other,0.7,500.0,2000.0,1400.0
Maharashtra,Pune(Khadiki) APMC,Tomato,2026-07-18,Local,1.4,700.0,1300.0,1000.0
Maharashtra,Pune(Manjri) APMC,Tomato,2026-07-18,Other,60.1,1500.0,3000.0,2500.0
Maharashtra,Pune(Moshi) APMC,Tomato,2026-07-18,Local,41.7,1000.0,3000.0,2000.0
Maharashtra,Pune(Pimpri) APMC,Tomato,2026-07-18,Local,0.5,2000.0,2000.0,2000.0
Maharashtra,Rahuri APMC,Tomato,2026-07-18,Other,4.9,1000.0,2000.0,1500.0
Maharashtra,Ramtek APMC,Tomato,2026-07-18,Other,1.2,1000.0,2000.0,1500.0
Maharashtra,SHRI.SIDDHESHWAR  APMC,Tomato,2026-07-18,Other,48.8,300.0,1900.0,1300.0
Maharashtra,Sangamner APMC,Tomato,2026-07-18,Other,150.0,500.0,2500.0,1500.0
Maharashtra,Satara APMC,Tomato,2026-07-18,Other,7.8,1000.0,1500.0,1200.0
Maharashtra,Shrirampur APMC,Tomato,2026-07-18,Other,2.5,1000.0,2000.0,1500.0
Maharashtra,Vadgaonpeth APMC,Tomato,2026-07-18,Local,5.0,1400.0,2100.0,1800.0
Maharashtra,Vita APMC,Tomato,2026-07-18,Other,5.0,1000.0,1500.0,1200.0
Maharashtra,Ahilyanagar APMC,Tomato,2026-07-19,Other,47.0,500.0,3000.0,1750.0
Maharashtra,Akluj APMC,Tomato,2026-07-19,Local,3.2,1000.0,2000.0,1500.0
Maharashtra,Amrawati(Frui & Veg. Market) APMC,Tomato,2026-07-19,Local,15.0,2500.0,3000.0,2750.0
Maharashtra,Bhusaval APMC,Tomato,2026-07-19,Other,9.5,1500.0,2200.0,2000.0
Maharashtra,Chattrapati Sambhajinagar APMC,Tomato,2026-07-19,Other,12.5,1000.0,1700.0,1350.0
Maharashtra,Dharashiv APMC,Tomato,2026-07-19,Other,8.1,500.0,3150.0,1825.0
Maharashtra,Junnar(Narayangaon) APMC,Tomato,2026-07-19,Local,513.5,1000.0,2750.0,2000.0
Maharashtra,Kalmeshwar APMC,Tomato,2026-07-19,Other,1.1,1520.0,2000.0,1810.0
Maharashtra,Kamthi APMC,Tomato,2026-07-19,Local,4.7,2060.0,2560.0,2310.0
Maharashtra,Karad APMC,Tomato,2026-07-19,Other,3.9,800.0,1000.0,1000.0
Maharashtra,Khed APMC,Tomato,2026-07-19,Local,7.0,600.0,3500.0,2000.0
Maharashtra,Khed(Chakan) APMC,Tomato,2026-07-19,Other,32.9,1500.0,2500.0,2000.0
Maharashtra,Kolhapur APMC,Tomato,2026-07-19,Other,22.5,1000.0,1600.0,1300.0
Maharashtra,Mangal Wedha APMC,Tomato,2026-07-19,Local,4.7,300.0,2000.0,1800.0
Maharashtra,Nasik APMC,Tomato,2026-07-19,Other,97.0,250.0,2050.0,1050.0
Maharashtra,Navapur APMC,Tomato,2026-07-19,Other,17.0,1000.0,2500.0,1618.0
Maharashtra,Palus APMC,Tomato,2026-07-19,Other,0.4,1200.0,1500.0,1400.0
Maharashtra,Panvel APMC,Tomato,2026-07-19,Other,59.5,3500.0,4000.0,3750.0
Maharashtra,Phaltan APMC,Tomato,2026-07-19,Other,9.0,500.0,2500.0,1400.0
Maharashtra,Pimpalgaon Baswant APMC,Tomato,2026-07-19,Other,7.0,250.0,3105.0,2505.0
Maharashtra,Pune APMC,Tomato,2026-07-19,Local,375.7,1000.0,2000.0,1500.0
Maharashtra,Pune(Khadiki) APMC,Tomato,2026-07-19,Local,1.2,700.0,1300.0,1000.0
Maharashtra,Pune(Manjri) APMC,Tomato,2026-07-19,Other,59.7,1000.0,2000.0,1500.0
Maharashtra,Pune(Moshi) APMC,Tomato,2026-07-19,Local,57.4,1000.0,2000.0,1500.0
Maharashtra,Pune(Pimpri) APMC,Tomato,2026-07-19,Local,1.1,2000.0,2000.0,2000.0
Maharashtra,Rahata APMC,Tomato,2026-07-19,Other,4.4,500.0,2500.0,1500.0
Maharashtra,Rahuri APMC,Tomato,2026-07-19,Other,2.4,1000.0,2500.0,1750.0
Maharashtra,Ramtek APMC,Tomato,2026-07-19,Other,2.3,1000.0,2000.0,1500.0
Maharashtra,Sangamner APMC,Tomato,2026-07-19,Other,180.0,500.0,2500.0,1500.0
Maharashtra,Satara APMC,Tomato,2026-07-19,Other,8.6,1000.0,1500.0,1200.0
Maharashtra,Shrirampur APMC,Tomato,2026-07-19,Other,3.4,1500.0,2500.0,2000.0
Maharashtra,Vadgaonpeth APMC,Tomato,2026-07-19,Local,6.5,1000.0,2500.0,1600.0
Maharashtra,Vai APMC,Tomato,2026-07-19,Local,9.0,1000.0,2000.0,1600.0
Maharashtra,Vita APMC,Tomato,2026-07-19,Other,4.0,1000.0,1200.0,1000.0
Maharashtra,Ahilyanagar APMC,Tomato,2026-07-20,Other,38.1,500.0,2300.0,1400.0
Maharashtra,Akluj APMC,Tomato,2026-07-20,Local,3.2,1000.0,2200.0,1500.0
Maharashtra,Amrawati(Frui & Veg. Market) APMC,Tomato,2026-07-20,Local,13.7,2400.0,2800.0,2600.0
Maharashtra,Chattrapati Sambhajinagar APMC,Tomato,2026-07-20,Other,11.3,1100.0,2500.0,2000.0
Maharashtra,HINGNA - APMC,Tomato,2026-07-20,Local,6.5,1500.0,3000.0,2222.0
Maharashtra,Jalgaon APMC,Tomato,2026-07-20,Other,14.0,1500.0,2500.0,2000.0
Maharashtra,Junnar(Narayangaon) APMC,Tomato,2026-07-20,Local,603.2,1000.0,2501.0,2001.0
Maharashtra,Kalyan APMC,Tomato,2026-07-20,Other,0.3,450.0,600.0,525.0
Maharashtra,Karad APMC,Tomato,2026-07-20,Other,6.0,1000.0,1500.0,1500.0
Maharashtra,Khed APMC,Tomato,2026-07-20,Local,6.6,500.0,3000.0,1500.0
Maharashtra,Kolhapur APMC,Tomato,2026-07-20,Other,21.6,1000.0,1800.0,1400.0
Maharashtra,Mangal Wedha APMC,Tomato,2026-07-20,Local,9.9,200.0,2000.0,1500.0
Maharashtra,Mumbai APMC,Tomato,2026-07-20,Other,338.0,1600.0,2400.0,2000.0
Maharashtra,Nagpur APMC,Tomato,2026-07-20,Local,120.0,1000.0,2000.0,1750.0
Maharashtra,Nagpur APMC,Tomato,2026-07-20,Other,100.0,1500.0,2200.0,2025.0
Maharashtra,Navapur APMC,Tomato,2026-07-20,Other,19.0,1000.0,2500.0,1526.0
Maharashtra,Pandharpur APMC,Tomato,2026-07-20,Other,2.5,700.0,2500.0,2000.0
Maharashtra,Panvel APMC,Tomato,2026-07-20,Other,81.0,3000.0,4000.0,3500.0
Maharashtra,Patan APMC,Tomato,2026-07-20,Other,0.7,1500.0,2000.0,1750.0
Maharashtra,Pimpalgaon Baswant APMC,Tomato,2026-07-20,Other,16.5,250.0,3225.0,2655.0
Maharashtra,Pune APMC,Tomato,2026-07-20,Local,222.2,1000.0,2000.0,1500.0
Maharashtra,Pune(Khadiki) APMC,Tomato,2026-07-20,Local,1.7,800.0,1200.0,1000.0
Maharashtra,Pune(Manjri) APMC,Tomato,2026-07-20,Other,60.0,1500.0,3000.0,2000.0
Maharashtra,Pune(Moshi) APMC,Tomato,2026-07-20,Local,54.8,1000.0,2000.0,1500.0
Maharashtra,Pune(Pimpri) APMC,Tomato,2026-07-20,Local,0.3,2000.0,2400.0,2200.0
Maharashtra,Rahuri APMC,Tomato,2026-07-20,Other,7.7,1000.0,3000.0,2000.0
Maharashtra,Ratnagiri (Nachane) APMC,Tomato,2026-07-20,Other,2.0,1000.0,1500.0,1400.0
Maharashtra,SHRI.SIDDHESHWAR  APMC,Tomato,2026-07-20,Other,59.5,200.0,1900.0,1300.0
Maharashtra,Sangamner APMC,Tomato,2026-07-20,Other,200.0,500.0,2500.0,1500.0
Maharashtra,Satara APMC,Tomato,2026-07-20,Other,4.4,1000.0,2000.0,1500.0
Maharashtra,Shrirampur APMC,Tomato,2026-07-20,Other,2.7,1500.0,2000.0,1750.0
Maharashtra,Vai APMC,Tomato,2026-07-20,Local,8.0,1000.0,2000.0,1760.0
Maharashtra,Vita APMC,Tomato,2026-07-20,Other,3.0,1000.0,1200.0,1000.0
Maharashtra,Ahilyanagar APMC,Tomato,2026-07-21,Other,28.6,500.0,2500.0,1500.0
Maharashtra,Amrawati(Frui & Veg. Market) APMC,Tomato,2026-07-21,Local,12.9,2500.0,3000.0,2750.0
Maharashtra,Bhusaval APMC,Tomato,2026-07-21,Other,6.1,1200.0,2000.0,1500.0
Maharashtra,Chattrapati Sambhajinagar APMC,Tomato,2026-07-21,Other,10.9,1000.0,2500.0,1750.0
Maharashtra,Dharashiv APMC,Tomato,2026-07-21,Other,10.3,500.0,2500.0,1500.0
Maharashtra,HINGNA - APMC,Tomato,2026-07-21,Local,5.0,2000.0,2250.0,2041.0
Maharashtra,Islampur APMC,Tomato,2026-07-21,Other,8.9,1000.0,2000.0,1550.0
Maharashtra,Jalgaon APMC,Tomato,2026-07-21,Other,9.3,1000.0,2500.0,1800.0
Maharashtra,Kalmeshwar APMC,Tomato,2026-07-21,Other,0.9,1530.0,2000.0,1850.0
Maharashtra,Kalyan APMC,Tomato,2026-07-21,Other,0.3,500.0,700.0,600.0
Maharashtra,Kamthi APMC,Tomato,2026-07-21,Local,2.1,2030.0,2530.0,2280.0
Maharashtra,Karad APMC,Tomato,2026-07-21,Other,3.9,1000.0,1500.0,1500.0
Maharashtra,Khed APMC,Tomato,2026-07-21,Local,5.2,600.0,2500.0,1500.0
Maharashtra,Khed(Chakan) APMC,Tomato,2026-07-21,Other,32.8,1000.0,2000.0,1500.0
Maharashtra,Kolhapur APMC,Tomato,2026-07-21,Other,13.9,800.0,1800.0,1300.0
Maharashtra,Mumbai APMC,Tomato,2026-07-21,Other,377.5,1800.0,2200.0,2000.0
Maharashtra,Nagpur APMC,Tomato,2026-07-21,Local,100.0,1500.0,2000.0,1875.0
Maharashtra,Nagpur APMC,Tomato,2026-07-21,Other,70.0,2500.0,2700.0,2650.0
Maharashtra,Nasik APMC,Tomato,2026-07-21,Other,88.0,300.0,2250.0,1125.0
Maharashtra,Palus APMC,Tomato,2026-07-21,Other,1.0,1000.0,1500.0,1200.0
Maharashtra,Pandharpur APMC,Tomato,2026-07-21,Other,2.9,700.0,2500.0,2000.0
Maharashtra,Panvel APMC,Tomato,2026-07-21,Other,76.0,2500.0,3000.0,2750.0
Maharashtra,Patan APMC,Tomato,2026-07-21,Other,0.7,1500.0,2000.0,1750.0
Maharashtra,Phaltan APMC,Tomato,2026-07-21,Other,8.0,500.0,2000.0,1289.0
Maharashtra,Pimpalgaon Baswant APMC,Tomato,2026-07-21,Other,11.5,250.0,3505.0,2755.0
Maharashtra,Pune APMC,Tomato,2026-07-21,Local,227.2,1000.0,1800.0,1400.0
Maharashtra,Pune(Khadiki) APMC,Tomato,2026-07-21,Local,1.6,900.0,1400.0,1150.0
Maharashtra,Pune(Manjri) APMC,Tomato,2026-07-21,Other,54.7,1000.0,2500.0,1500.0
Maharashtra,Pune(Moshi) APMC,Tomato,2026-07-21,Local,58.0,1500.0,2500.0,2000.0
Maharashtra,Pune(Pimpri) APMC,Tomato,2026-07-21,Local,0.2,2000.0,2000.0,2000.0
Maharashtra,Rahata APMC,Tomato,2026-07-21,Other,4.3,500.0,2750.0,1625.0
Maharashtra,Rahuri APMC,Tomato,2026-07-21,Other,3.4,1000.0,2200.0,1600.0
Maharashtra,Ramtek APMC,Tomato,2026-07-21,Other,1.6,1000.0,2000.0,1500.0
Maharashtra,Ratnagiri (Nachane) APMC,Tomato,2026-07-21,Other,1.8,1000.0,1700.0,1500.0
Maharashtra,SHRI.SIDDHESHWAR  APMC,Tomato,2026-07-21,Other,57.1,300.0,1800.0,1300.0
Maharashtra,Sangamner APMC,Tomato,2026-07-21,Other,180.0,500.0,2500.0,1500.0
Maharashtra,Satara APMC,Tomato,2026-07-21,Other,5.3,1000.0,2000.0,1500.0
Maharashtra,Vadgaonpeth APMC,Tomato,2026-07-21,Local,6.0,1000.0,2000.0,1400.0
Maharashtra,Vita APMC,Tomato,2026-07-21,Other,3.0,1000.0,1200.0,1000.0
Maharashtra,AGRICULTURE PRODUCE MARKET COMITEE CHANDWAD,Tomato,2026-07-22,Local,6.2,750.0,2255.0,1625.0
Maharashtra,Akluj APMC,Tomato,2026-07-22,Local,2.2,1000.0,2000.0,1500.0
Maharashtra,Amrawati(Frui & Veg. Market) APMC,Tomato,2026-07-22,Local,11.9,2400.0,3000.0,2700.0
Maharashtra,Bhusaval APMC,Tomato,2026-07-22,Other,5.8,1500.0,2000.0,1800.0
Maharashtra,Chandrapur(Ganjwad) APMC,Tomato,2026-07-22,Other,63.0,800.0,1200.0,1000.0
Maharashtra,Chattrapati Sambhajinagar APMC,Tomato,2026-07-22,Other,6.5,1500.0,2400.0,1950.0
Maharashtra,Dharashiv APMC,Tomato,2026-07-22,Other,10.8,500.0,1500.0,1000.0
Maharashtra,HINGNA - APMC,Tomato,2026-07-22,Local,4.4,1700.0,2000.0,1816.0
Maharashtra,Jalgaon APMC,Tomato,2026-07-22,Other,9.3,2000.0,3200.0,2600.0
Maharashtra,Junnar(Narayangaon) APMC,Tomato,2026-07-22,Local,507.5,500.0,2250.0,1500.0
Maharashtra,Kalmeshwar APMC,Tomato,2026-07-22,Other,1.1,1415.0,1800.0,1605.0
Maharashtra,Kalyan APMC,Tomato,2026-07-22,Other,0.3,600.0,900.0,750.0
Maharashtra,Kamthi APMC,Tomato,2026-07-22,Local,1.8,2060.0,2560.0,2310.0
Maharashtra,Karad APMC,Tomato,2026-07-22,Other,6.0,1000.0,2000.0,2000.0
Maharashtra,Khed APMC,Tomato,2026-07-22,Local,3.9,500.0,2300.0,1000.0
Maharashtra,Khed(Chakan) APMC,Tomato,2026-07-22,Other,30.9,1000.0,2000.0,1500.0
Maharashtra,Kolhapur APMC,Tomato,2026-07-22,Other,31.4,800.0,1600.0,1200.0
Maharashtra,Mangal Wedha APMC,Tomato,2026-07-22,Local,7.4,500.0,1800.0,1300.0
Maharashtra,Mumbai APMC,Tomato,2026-07-22,Other,354.2,1600.0,2000.0,1800.0
Maharashtra,Nagpur APMC,Tomato,2026-07-22,Local,90.0,1000.0,1700.0,1525.0
Maharashtra,Nagpur APMC,Tomato,2026-07-22,Other,80.0,2000.0,2500.0,2375.0
Maharashtra,Nasik APMC,Tomato,2026-07-22,Other,85.0,300.0,2050.0,1050.0
Maharashtra,Navapur APMC,Tomato,2026-07-22,Other,18.0,900.0,2000.0,1308.0
Maharashtra,Pandharpur APMC,Tomato,2026-07-22,Other,3.1,700.0,2500.0,2000.0
Maharashtra,Panvel APMC,Tomato,2026-07-22,Other,74.5,3000.0,3500.0,3250.0
Maharashtra,Patan APMC,Tomato,2026-07-22,Other,0.9,1450.0,1850.0,1650.0
Maharashtra,Phaltan APMC,Tomato,2026-07-22,Other,7.0,250.0,1750.0,1053.0
Maharashtra,Pimpalgaon Baswant APMC,Tomato,2026-07-22,Other,12.3,250.0,3805.0,3005.0
Maharashtra,Pune APMC,Tomato,2026-07-22,Local,160.2,800.0,2000.0,1400.0
Maharashtra,Pune(Khadiki) APMC,Tomato,2026-07-22,Local,1.4,700.0,1300.0,1000.0
Maharashtra,Pune(Manjri) APMC,Tomato,2026-07-22,Other,38.4,1000.0,2000.0,1500.0
Maharashtra,Pune(Pimpri) APMC,Tomato,2026-07-22,Local,0.7,2000.0,2000.0,2000.0
Maharashtra,Rahata APMC,Tomato,2026-07-22,Other,2.2,500.0,2250.0,1375.0
Maharashtra,Rahuri APMC,Tomato,2026-07-22,Other,1.4,500.0,1500.0,1000.0
Maharashtra,Ramtek APMC,Tomato,2026-07-22,Other,0.9,1000.0,2000.0,1500.0
Maharashtra,Ratnagiri (Nachane) APMC,Tomato,2026-07-22,Other,1.8,1000.0,1500.0,1200.0
Maharashtra,SHRI.SIDDHESHWAR  APMC,Tomato,2026-07-22,Other,45.0,200.0,1600.0,1300.0
Maharashtra,Sangamner APMC,Tomato,2026-07-22,Other,120.0,500.0,2500.0,1500.0
Maharashtra,Satara APMC,Tomato,2026-07-22,Other,3.8,1000.0,1500.0,1250.0
Maharashtra,Shrirampur APMC,Tomato,2026-07-22,Other,2.9,1000.0,2000.0,1500.0
Maharashtra,Vadgaonpeth APMC,Tomato,2026-07-22,Local,6.0,1200.0,1800.0,1600.0
Maharashtra,Vai APMC,Tomato,2026-07-22,Local,0.8,1500.0,2300.0,1850.0
Maharashtra,AGRICULTURE PRODUCE MARKET COMITEE CHANDWAD,Tomato,2026-07-23,Local,3.2,500.0,2500.0,1500.0
Maharashtra,Ahilyanagar APMC,Tomato,2026-07-23,Other,31.8,500.0,3000.0,1750.0
Maharashtra,Akluj APMC,Tomato,2026-07-23,Local,2.7,1000.0,2200.0,1500.0
Maharashtra,Bhusaval APMC,Tomato,2026-07-23,Other,3.6,1800.0,2000.0,2000.0
Maharashtra,Chandrapur(Ganjwad) APMC,Tomato,2026-07-23,Other,62.8,800.0,1200.0,1000.0
Maharashtra,Chattrapati Sambhajinagar APMC,Tomato,2026-07-23,Other,11.5,1400.0,2000.0,1700.0
Maharashtra,Dharashiv APMC,Tomato,2026-07-23,Other,6.4,500.0,1500.0,1000.0
Maharashtra,HINGNA - APMC,Tomato,2026-07-23,Local,2.0,1750.0,1750.0,1750.0
Maharashtra,Jalgaon APMC,Tomato,2026-07-23,Other,9.0,2000.0,3000.0,2500.0
Maharashtra,Junnar(Narayangaon) APMC,Tomato,2026-07-23,Local,448.0,500.0,2000.0,1500.0
Maharashtra,Kalmeshwar APMC,Tomato,2026-07-23,Other,0.9,1520.0,2000.0,1840.0
Maharashtra,Kalyan APMC,Tomato,2026-07-23,Other,0.3,600.0,800.0,700.0
Maharashtra,Kamthi APMC,Tomato,2026-07-23,Local,4.6,1820.0,2020.0,1920.0
Maharashtra,Karad APMC,Tomato,2026-07-23,Other,3.9,1000.0,2000.0,2000.0
Maharashtra,Khed APMC,Tomato,2026-07-23,Local,8.3,500.0,3000.0,2000.0
Maharashtra,Khed(Chakan) APMC,Tomato,2026-07-23,Other,34.9,1000.0,1500.0,1200.0
Maharashtra,Kolhapur APMC,Tomato,2026-07-23,Other,17.9,1000.0,1700.0,1300.0
Maharashtra,Mangal Wedha APMC,Tomato,2026-07-23,Local,5.6,200.0,1500.0,1200.0
Maharashtra,Mumbai APMC,Tomato,2026-07-23,Other,236.8,1600.0,2000.0,1800.0
Maharashtra,Nagpur APMC,Tomato,2026-07-23,Local,100.0,1200.0,1700.0,1575.0
Maharashtra,Nagpur APMC,Tomato,2026-07-23,Other,100.0,2000.0,2500.0,2375.0
Maharashtra,Panvel APMC,Tomato,2026-07-23,Other,74.0,3000.0,4000.0,3500.0
Maharashtra,Phaltan APMC,Tomato,2026-07-23,Other,5.9,375.0,1500.0,1058.0
Maharashtra,Pimpalgaon Baswant APMC,Tomato,2026-07-23,Other,20.7,300.0,2775.0,2155.0
Maharashtra,Pune APMC,Tomato,2026-07-23,Local,201.5,1000.0,2000.0,1500.0
Maharashtra,Pune(Khadiki) APMC,Tomato,2026-07-23,Local,1.2,700.0,1300.0,1000.0
Maharashtra,Pune(Manjri) APMC,Tomato,2026-07-23,Other,50.8,1000.0,2500.0,1500.0
Maharashtra,Pune(Moshi) APMC,Tomato,2026-07-23,Local,58.8,1000.0,1500.0,1250.0
Maharashtra,Pune(Pimpri) APMC,Tomato,2026-07-23,Local,0.3,2000.0,2300.0,2150.0
Maharashtra,Rahata APMC,Tomato,2026-07-23,Other,3.5,500.0,2750.0,1625.0
Maharashtra,Rahuri APMC,Tomato,2026-07-23,Other,7.2,1000.0,2000.0,1500.0
Maharashtra,Ramtek APMC,Tomato,2026-07-23,Other,4.5,1000.0,2000.0,1500.0
Maharashtra,Ratnagiri (Nachane) APMC,Tomato,2026-07-23,Other,1.7,1000.0,1300.0,1200.0
Maharashtra,SHRI.SIDDHESHWAR  APMC,Tomato,2026-07-23,Other,43.4,200.0,1600.0,1200.0
Maharashtra,Sangamner APMC,Tomato,2026-07-23,Other,120.0,500.0,2000.0,1250.0
Maharashtra,Satara APMC,Tomato,2026-07-23,Other,7.8,1000.0,1500.0,1250.0
Maharashtra,Shrirampur APMC,Tomato,2026-07-23,Other,2.6,1000.0,2000.0,1500.0
Maharashtra,Vadgaonpeth APMC,Tomato,2026-07-23,Local,6.0,900.0,1800.0,1300.0
Maharashtra,Vai APMC,Tomato,2026-07-23,Local,0.7,1000.0,2000.0,1500.0
Maharashtra,Vita APMC,Tomato,2026-07-23,Other,2.0,1000.0,1200.0,1000.0
Maharashtra,AGRICULTURE PRODUCE MARKET COMITEE CHANDWAD,Tomato,2026-07-24,Local,0.9,1000.0,2850.0,2125.0
Maharashtra,Ahilyanagar APMC,Tomato,2026-07-24,Other,34.3,500.0,3000.0,1750.0
Maharashtra,Akluj APMC,Tomato,2026-07-24,Local,2.5,1200.0,2000.0,1800.0
Maharashtra,Amrawati(Frui & Veg. Market) APMC,Tomato,2026-07-24,Local,13.7,2500.0,3000.0,2750.0
Maharashtra,Bhusaval APMC,Tomato,2026-07-24,Other,4.1,2000.0,2500.0,2200.0
Maharashtra,Chandrapur(Ganjwad) APMC,Tomato,2026-07-24,Other,74.3,800.0,1200.0,1000.0
Maharashtra,Dharashiv APMC,Tomato,2026-07-24,Other,7.2,500.0,1500.0,1000.0
Maharashtra,HINGNA - APMC,Tomato,2026-07-24,Local,1.7,1500.0,2000.0,1766.0
Maharashtra,Islampur APMC,Tomato,2026-07-24,Other,8.8,1000.0,1500.0,1250.0
Maharashtra,Jalgaon APMC,Tomato,2026-07-24,Other,9.3,2000.0,3000.0,2500.0
Maharashtra,Junnar(Narayangaon) APMC,Tomato,2026-07-24,Local,432.5,500.0,2250.0,1500.0
Maharashtra,Kalmeshwar APMC,Tomato,2026-07-24,Other,1.1,1410.0,1800.0,1620.0
Maharashtra,Kalyan APMC,Tomato,2026-07-24,Other,0.3,600.0,800.0,700.0
Maharashtra,Kamthi APMC,Tomato,2026-07-24,Local,6.2,1820.0,2020.0,1920.0
Maharashtra,Khed APMC,Tomato,2026-07-24,Local,2.4,500.0,2000.0,1000.0
Maharashtra,Khed(Chakan) APMC,Tomato,2026-07-24,Other,26.9,1000.0,1800.0,1400.0
Maharashtra,Mangal Wedha APMC,Tomato,2026-07-24,Local,5.1,500.0,1500.0,1200.0
Maharashtra,Mumbai APMC,Tomato,2026-07-24,Other,243.2,1600.0,2000.0,1800.0
Maharashtra,Nasik APMC,Tomato,2026-07-24,Other,63.5,300.0,2250.0,1125.0
Maharashtra,Panvel APMC,Tomato,2026-07-24,Other,71.3,2500.0,3000.0,2750.0
Maharashtra,Patan APMC,Tomato,2026-07-24,Other,0.9,1250.0,1450.0,1350.0
Maharashtra,Phaltan APMC,Tomato,2026-07-24,Other,7.8,500.0,1500.0,1000.0
Maharashtra,Pune(Khadiki) APMC,Tomato,2026-07-24,Local,1.1,1000.0,1300.0,1150.0
Maharashtra,Pune(Manjri) APMC,Tomato,2026-07-24,Other,38.9,400.0,2000.0,1500.0
Maharashtra,Pune(Moshi) APMC,Tomato,2026-07-24,Local,48.5,1000.0,1500.0,1250.0
Maharashtra,Rahata APMC,Tomato,2026-07-24,Other,1.9,1500.0,2000.0,1750.0
Maharashtra,Rahuri APMC,Tomato,2026-07-24,Other,0.9,500.0,1500.0,1000.0
Maharashtra,Ratnagiri (Nachane) APMC,Tomato,2026-07-24,Other,2.0,800.0,1500.0,1000.0
Maharashtra,SHRI.SIDDHESHWAR  APMC,Tomato,2026-07-24,Other,38.5,200.0,1500.0,1200.0
Maharashtra,Shrirampur APMC,Tomato,2026-07-24,Other,3.0,1000.0,2000.0,1500.0
Maharashtra,Vadgaonpeth APMC,Tomato,2026-07-24,Local,5.6,1000.0,2000.0,1500.0
Maharashtra,Vai APMC,Tomato,2026-07-24,Local,7.0,1000.0,2000.0,1500.0
Maharashtra,Vita APMC,Tomato,2026-07-24,Other,3.0,1000.0,1200.0,1000.0
Maharashtra,Akluj APMC,Tomato,2026-07-25,Local,2.2,1000.0,1500.0,1300.0
Maharashtra,Amrawati(Frui & Veg. Market) APMC,Tomato,2026-07-25,Local,15.9,2400.0,3000.0,2700.0
Maharashtra,Bhusaval APMC,Tomato,2026-07-25,Other,3.2,1000.0,2000.0,1500.0
Maharashtra,Chandrapur(Ganjwad) APMC,Tomato,2026-07-25,Other,76.6,800.0,1200.0,1000.0
Maharashtra,Chattrapati Sambhajinagar APMC,Tomato,2026-07-25,Other,9.3,1200.0,2000.0,1600.0
Maharashtra,Dharashiv APMC,Tomato,2026-07-25,Other,2.8,500.0,2000.0,1250.0
Maharashtra,HINGNA - APMC,Tomato,2026-07-25,Local,5.2,1500.0,2000.0,1833.0
Maharashtra,Junnar(Narayangaon) APMC,Tomato,2026-07-25,Local,421.0,751.0,2501.0,2001.0
Maharashtra,Kalmeshwar APMC,Tomato,2026-07-25,Other,1.0,1415.0,1800.0,1625.0
Maharashtra,Kamthi APMC,Tomato,2026-07-25,Local,1.9,1820.0,2020.0,1920.0
Maharashtra,Kolhapur APMC,Tomato,2026-07-25,Other,25.0,800.0,1600.0,1000.0
Maharashtra,Mangal Wedha APMC,Tomato,2026-07-25,Local,4.1,500.0,1800.0,1300.0
Maharashtra,Mumbai APMC,Tomato,2026-07-25,Other,274.1,1400.0,2400.0,1900.0
Maharashtra,Nagpur APMC,Tomato,2026-07-25,Local,100.0,2500.0,3500.0,3250.0
Maharashtra,Nagpur APMC,Tomato,2026-07-25,Other,50.0,3000.0,3500.0,3375.0
Maharashtra,Pandharpur APMC,Tomato,2026-07-25,Other,2.3,500.0,2500.0,1500.0
Maharashtra,Panvel APMC,Tomato,2026-07-25,Other,65.0,2500.0,3000.0,2750.0
Maharashtra,Phaltan APMC,Tomato,2026-07-25,Other,5.0,500.0,1500.0,946.0
Maharashtra,Pune(Khadiki) APMC,Tomato,2026-07-25,Local,1.5,800.0,1300.0,1050.0
Maharashtra,Pune(Manjri) APMC,Tomato,2026-07-25,Other,48.0,1000.0,2500.0,1500.0
Maharashtra,Pune(Moshi) APMC,Tomato,2026-07-25,Local,40.1,1000.0,1500.0,1250.0
Maharashtra,Pune(Pimpri) APMC,Tomato,2026-07-25,Local,0.2,2000.0,2000.0,2000.0
Maharashtra,Rahuri APMC,Tomato,2026-07-25,Other,1.4,1000.0,2000.0,1500.0
Maharashtra,Ramtek APMC,Tomato,2026-07-25,Other,1.9,1000.0,2000.0,1500.0
Maharashtra,SHRI.SIDDHESHWAR  APMC,Tomato,2026-07-25,Other,33.5,200.0,1600.0,1300.0
Maharashtra,Sangamner APMC,Tomato,2026-07-25,Other,165.0,500.0,2000.0,1250.0
Maharashtra,Satara APMC,Tomato,2026-07-25,Other,9.6,1000.0,1500.0,1250.0
Maharashtra,Vai APMC,Tomato,2026-07-25,Local,10.0,1000.0,2000.0,1500.0
Maharashtra,Vita APMC,Tomato,2026-07-25,Other,3.0,1000.0,1200.0,1000.0
Maharashtra,Ahilyanagar APMC,Tomato,2026-07-26,Other,17.8,500.0,2500.0,1500.0
Maharashtra,Akluj APMC,Tomato,2026-07-26,Local,2.5,1000.0,2200.0,1800.0
Maharashtra,Amrawati(Frui & Veg. Market) APMC,Tomato,2026-07-26,Local,16.8,2500.0,3000.0,2750.0
Maharashtra,Bhusaval APMC,Tomato,2026-07-26,Other,4.8,1800.0,2500.0,2000.0
Maharashtra,Chattrapati Sambhajinagar APMC,Tomato,2026-07-26,Other,10.7,1100.0,2500.0,1800.0
Maharashtra,Dharashiv APMC,Tomato,2026-07-26,Other,23.0,500.0,1500.0,1000.0
Maharashtra,Junnar(Narayangaon) APMC,Tomato,2026-07-26,Local,350.0,751.0,2250.0,1750.0
Maharashtra,Kalmeshwar APMC,Tomato,2026-07-26,Other,1.5,1415.0,1800.0,1605.0
Maharashtra,Kamthi APMC,Tomato,2026-07-26,Local,2.6,2030.0,2530.0,2280.0
Maharashtra,Khed APMC,Tomato,2026-07-26,Local,8.9,500.0,2500.0,1500.0
Maharashtra,Khed(Chakan) APMC,Tomato,2026-07-26,Other,30.6,1500.0,2500.0,2000.0
Maharashtra,Kolhapur APMC,Tomato,2026-07-26,Other,23.6,1000.0,1600.0,1300.0
Maharashtra,Mangal Wedha APMC,Tomato,2026-07-26,Local,7.5,200.0,1300.0,1100.0
Maharashtra,Nasik APMC,Tomato,2026-07-26,Other,73.3,300.0,3500.0,1875.0
Maharashtra,Palus APMC,Tomato,2026-07-26,Other,0.6,1000.0,1500.0,1200.0
Maharashtra,Panvel APMC,Tomato,2026-07-26,Other,49.8,2500.0,3000.0,2750.0
Maharashtra,Phaltan APMC,Tomato,2026-07-26,Other,5.0,500.0,1500.0,983.0
Maharashtra,Pimpalgaon Baswant APMC,Tomato,2026-07-26,Other,31.5,500.0,4005.0,3005.0
Maharashtra,Pune APMC,Tomato,2026-07-26,Local,325.8,1000.0,2500.0,1750.0
Maharashtra,Pune(Khadiki) APMC,Tomato,2026-07-26,Local,1.1,700.0,1300.0,1000.0
Maharashtra,Pune(Manjri) APMC,Tomato,2026-07-26,Other,70.0,1000.0,3000.0,2000.0
Maharashtra,Pune(Moshi) APMC,Tomato,2026-07-26,Local,62.0,1500.0,2000.0,1750.0
Maharashtra,Pune(Pimpri) APMC,Tomato,2026-07-26,Local,1.1,2000.0,2000.0,2000.0
Maharashtra,Rahata APMC,Tomato,2026-07-26,Other,3.4,500.0,4000.0,2250.0
Maharashtra,Rahuri APMC,Tomato,2026-07-26,Other,7.7,1000.0,2200.0,1600.0
Maharashtra,Ramtek APMC,Tomato,2026-07-26,Other,3.7,1500.0,2500.0,2000.0
Maharashtra,Sangamner APMC,Tomato,2026-07-26,Other,210.0,500.0,2000.0,1250.0
Maharashtra,Satara APMC,Tomato,2026-07-26,Other,10.1,1000.0,1500.0,1250.0
Maharashtra,Shrirampur APMC,Tomato,2026-07-26,Other,2.7,1000.0,2000.0,1500.0
Maharashtra,Vita APMC,Tomato,2026-07-26,Other,2.0,1000.0,1200.0,1000.0
Maharashtra,Ahilyanagar APMC,Tomato,2026-07-27,Other,34.5,500.0,2500.0,1500.0
Maharashtra,Akluj APMC,Tomato,2026-07-27,Local,3.2,1000.0,2200.0,1500.0
Maharashtra,Amrawati(Frui & Veg. Market) APMC,Tomato,2026-07-27,Local,15.9,2000.0,3000.0,2500.0
Maharashtra,Chandrapur(Ganjwad) APMC,Tomato,2026-07-27,Other,68.0,800.0,1200.0,1000.0
Maharashtra,Chattrapati Sambhajinagar APMC,Tomato,2026-07-27,Other,11.2,1000.0,2400.0,1700.0
Maharashtra,HINGNA - APMC,Tomato,2026-07-27,Local,10.2,2000.0,2500.0,2250.0
Maharashtra,Jalgaon APMC,Tomato,2026-07-27,Other,15.0,1000.0,2500.0,1700.0
Maharashtra,Kalyan APMC,Tomato,2026-07-27,Other,0.3,600.0,750.0,700.0
Maharashtra,Kamthi APMC,Tomato,2026-07-27,Local,2.8,2060.0,2560.0,2310.0
Maharashtra,Karad APMC,Tomato,2026-07-27,Other,3.9,800.0,1200.0,1200.0
Maharashtra,Khed APMC,Tomato,2026-07-27,Local,4.6,500.0,2500.0,1500.0
Maharashtra,Kolhapur APMC,Tomato,2026-07-27,Other,33.6,800.0,1600.0,1200.0
Maharashtra,Mangal Wedha APMC,Tomato,2026-07-27,Local,11.2,400.0,1700.0,1300.0
Maharashtra,Mumbai APMC,Tomato,2026-07-27,Other,308.1,1800.0,2400.0,2100.0
Maharashtra,Nagpur APMC,Tomato,2026-07-27,Local,110.0,1500.0,2000.0,1875.0
Maharashtra,Nagpur APMC,Tomato,2026-07-27,Other,60.0,2500.0,2700.0,2650.0
Maharashtra,Nasik APMC,Tomato,2026-07-27,Other,87.6,300.0,2875.0,1500.0
Maharashtra,Pandharpur APMC,Tomato,2026-07-27,Other,2.1,600.0,1800.0,1300.0
Maharashtra,Panvel APMC,Tomato,2026-07-27,Other,87.7,2500.0,3000.0,2750.0
Maharashtra,Patan APMC,Tomato,2026-07-27,Other,0.9,1500.0,2000.0,1750.0
Maharashtra,Pimpalgaon Baswant APMC,Tomato,2026-07-27,Other,37.9,250.0,3255.0,2655.0
Maharashtra,Pune APMC,Tomato,2026-07-27,Local,176.6,1000.0,2200.0,1600.0
Maharashtra,Pune(Khadiki) APMC,Tomato,2026-07-27,Local,1.6,800.0,1300.0,1050.0
Maharashtra,Pune(Manjri) APMC,Tomato,2026-07-27,Other,57.5,1000.0,2000.0,1500.0
Maharashtra,Pune(Moshi) APMC,Tomato,2026-07-27,Local,49.6,1000.0,2000.0,1500.0
Maharashtra,Rahuri APMC,Tomato,2026-07-27,Other,1.0,1000.0,2000.0,1500.0
Maharashtra,Ratnagiri (Nachane) APMC,Tomato,2026-07-27,Other,1.8,1000.0,1500.0,1200.0
Maharashtra,SHRI.SIDDHESHWAR  APMC,Tomato,2026-07-27,Other,57.7,300.0,1800.0,1300.0
Maharashtra,Sangamner APMC,Tomato,2026-07-27,Other,167.5,500.0,2750.0,1625.0
Maharashtra,Satara APMC,Tomato,2026-07-27,Other,8.8,1000.0,1500.0,1250.0
Maharashtra,Shrirampur APMC,Tomato,2026-07-27,Other,2.3,1500.0,2000.0,1750.0
Maharashtra,Vai APMC,Tomato,2026-07-27,Local,7.0,1000.0,2000.0,1500.0
Maharashtra,Vita APMC,Tomato,2026-07-27,Other,3.0,1000.0,1500.0,1200.0
Maharashtra,Ahilyanagar APMC,Tomato,2026-07-28,Other,34.7,400.0,2500.0,1450.0
Maharashtra,Amrawati(Frui & Veg. Market) APMC,Tomato,2026-07-28,Local,15.9,2500.0,3000.0,2750.0
Maharashtra,Chattrapati Sambhajinagar APMC,Tomato,2026-07-28,Other,9.3,1400.0,2000.0,1700.0
Maharashtra,Dharashiv APMC,Tomato,2026-07-28,Other,13.4,500.0,1500.0,1000.0
Maharashtra,HINGNA - APMC,Tomato,2026-07-28,Local,5.0,2000.0,2500.0,2250.0
Maharashtra,Islampur APMC,Tomato,2026-07-28,Other,11.0,1000.0,1200.0,1150.0
Maharashtra,Jalgaon APMC,Tomato,2026-07-28,Other,10.0,2000.0,3000.0,2500.0
Maharashtra,Kalmeshwar APMC,Tomato,2026-07-28,Other,1.0,1450.0,1800.0,1630.0
Maharashtra,Kalyan APMC,Tomato,2026-07-28,Other,0.3,600.0,750.0,700.0
Maharashtra,Kamthi APMC,Tomato,2026-07-28,Local,3.2,2060.0,2560.0,2310.0
Maharashtra,Karad APMC,Tomato,2026-07-28,Other,3.9,1000.0,1500.0,1500.0
Maharashtra,Khed APMC,Tomato,2026-07-28,Local,5.6,500.0,3000.0,2000.0
Maharashtra,Khed(Chakan) APMC,Tomato,2026-07-28,Other,28.7,1500.0,2500.0,2000.0
Maharashtra,Kolhapur APMC,Tomato,2026-07-28,Other,11.5,500.0,1500.0,1000.0
Maharashtra,Mumbai APMC,Tomato,2026-07-28,Other,287.3,3000.0,3400.0,3200.0
Maharashtra,Nagpur APMC,Tomato,2026-07-28,Local,110.0,1500.0,2500.0,2250.0
Maharashtra,Nagpur APMC,Tomato,2026-07-28,Other,110.0,2000.0,3000.0,2750.0
Maharashtra,Nasik APMC,Tomato,2026-07-28,Other,98.5,300.0,2750.0,1375.0
Maharashtra,Palus APMC,Tomato,2026-07-28,Other,0.7,1000.0,1800.0,1500.0
Maharashtra,Pandharpur APMC,Tomato,2026-07-28,Other,2.8,800.0,2200.0,1500.0
Maharashtra,Panvel APMC,Tomato,2026-07-28,Other,92.5,3500.0,4000.0,3750.0
Maharashtra,Patan APMC,Tomato,2026-07-28,Other,0.7,1500.0,2000.0,1750.0
Maharashtra,Pimpalgaon Baswant APMC,Tomato,2026-07-28,Other,30.3,250.0,3105.0,2505.0
Maharashtra,Pune APMC,Tomato,2026-07-28,Local,231.8,1000.0,2000.0,1500.0
Maharashtra,Pune(Khadiki) APMC,Tomato,2026-07-28,Local,1.5,700.0,1300.0,1000.0
Maharashtra,Pune(Manjri) APMC,Tomato,2026-07-28,Other,60.5,1000.0,2000.0,1500.0
Maharashtra,Pune(Moshi) APMC,Tomato,2026-07-28,Local,51.7,1000.0,1500.0,1250.0
Maharashtra,Pune(Pimpri) APMC,Tomato,2026-07-28,Local,0.3,2000.0,2000.0,2000.0
Maharashtra,Rahata APMC,Tomato,2026-07-28,Other,5.2,500.0,3000.0,1750.0
Maharashtra,Rahuri APMC,Tomato,2026-07-28,Other,7.6,1000.0,4000.0,2500.0
Maharashtra,Ramtek APMC,Tomato,2026-07-28,Other,2.1,1000.0,2000.0,1500.0
Maharashtra,Ratnagiri (Nachane) APMC,Tomato,2026-07-28,Other,1.9,1000.0,2000.0,1500.0
Maharashtra,SHRI.SIDDHESHWAR  APMC,Tomato,2026-07-28,Other,41.2,300.0,1600.0,1200.0
Maharashtra,Sangamner APMC,Tomato,2026-07-28,Other,185.0,1000.0,2500.0,1750.0
Maharashtra,Satara APMC,Tomato,2026-07-28,Other,5.5,1000.0,1500.0,1250.0
Maharashtra,Vadgaonpeth APMC,Tomato,2026-07-28,Local,5.0,1000.0,2000.0,1600.0
Maharashtra,Vai APMC,Tomato,2026-07-28,Local,0.8,1000.0,3000.0,2000.0
Maharashtra,Vita APMC,Tomato,2026-07-28,Other,2.0,1000.0,1200.0,1000.0
Maharashtra,Amrawati(Frui & Veg. Market) APMC,Tomato,2026-07-29,Local,17.9,2200.0,3000.0,2600.0
Maharashtra,Bhusaval APMC,Tomato,2026-07-29,Other,3.6,2000.0,2500.0,2200.0
Maharashtra,Chattrapati Sambhajinagar APMC,Tomato,2026-07-29,Other,13.0,1300.0,2200.0,1750.0
Maharashtra,Dharashiv APMC,Tomato,2026-07-29,Other,5.5,500.0,1500.0,1000.0
Maharashtra,HINGNA - APMC,Tomato,2026-07-29,Local,2.8,2000.0,2250.0,2062.0
Maharashtra,Jalgaon APMC,Tomato,2026-07-29,Other,8.0,2000.0,3000.0,2500.0
Maharashtra,Junnar(Narayangaon) APMC,Tomato,2026-07-29,Local,460.7,751.0,2501.0,1751.0
Maharashtra,Kalmeshwar APMC,Tomato,2026-07-29,Other,1.1,1410.0,1800.0,1620.0
Maharashtra,Kalyan APMC,Tomato,2026-07-29,Other,0.3,600.0,800.0,700.0
Maharashtra,Kamthi APMC,Tomato,2026-07-29,Local,1.8,2060.0,2560.0,2310.0
Maharashtra,Karad APMC,Tomato,2026-07-29,Other,7.8,800.0,1200.0,1200.0
Maharashtra,Khed APMC,Tomato,2026-07-29,Local,3.5,800.0,2500.0,1800.0
Maharashtra,Khed(Chakan) APMC,Tomato,2026-07-29,Other,16.8,1000.0,2200.0,1500.0
Maharashtra,Kolhapur APMC,Tomato,2026-07-29,Other,40.2,500.0,1500.0,1000.0
Maharashtra,Mangal Wedha APMC,Tomato,2026-07-29,Local,6.5,500.0,1800.0,1100.0
Maharashtra,Mumbai APMC,Tomato,2026-07-29,Other,347.8,1600.0,2000.0,1800.0
Maharashtra,Nagpur APMC,Tomato,2026-07-29,Local,50.0,1500.0,2000.0,1875.0
Maharashtra,Nagpur APMC,Tomato,2026-07-29,Other,80.0,2000.0,3000.0,2750.0
Maharashtra,Nasik APMC,Tomato,2026-07-29,Other,85.2,300.0,2855.0,1400.0
Maharashtra,Pandharpur APMC,Tomato,2026-07-29,Other,2.7,500.0,2000.0,1400.0
Maharashtra,Panvel APMC,Tomato,2026-07-29,Other,88.0,3000.0,3200.0,3100.0
Maharashtra,Patan APMC,Tomato,2026-07-29,Other,0.7,1500.0,2000.0,1750.0
Maharashtra,Pimpalgaon Baswant APMC,Tomato,2026-07-29,Other,49.9,250.0,2755.0,2005.0
Maharashtra,Pune APMC,Tomato,2026-07-29,Local,225.3,1000.0,1600.0,1300.0
Maharashtra,Pune(Khadiki) APMC,Tomato,2026-07-29,Local,1.5,1000.0,1400.0,1200.0
Maharashtra,Pune(Manjri) APMC,Tomato,2026-07-29,Other,55.1,1000.0,2500.0,1800.0
Maharashtra,Pune(Pimpri) APMC,Tomato,2026-07-29,Local,0.5,2000.0,2000.0,2000.0
Maharashtra,Rahuri APMC,Tomato,2026-07-29,Other,1.4,1500.0,2000.0,1750.0
Maharashtra,Ramtek APMC,Tomato,2026-07-29,Other,1.4,1000.0,2000.0,1500.0
Maharashtra,Ratnagiri (Nachane) APMC,Tomato,2026-07-29,Other,1.9,500.0,1200.0,800.0
Maharashtra,SHRI.SIDDHESHWAR  APMC,Tomato,2026-07-29,Other,376.8,400.0,1800.0,1200.0
Maharashtra,Sangamner APMC,Tomato,2026-07-29,Other,180.0,500.0,2000.0,1250.0
Maharashtra,Satara APMC,Tomato,2026-07-29,Other,6.3,1000.0,2000.0,1500.0
Maharashtra,Shrirampur APMC,Tomato,2026-07-29,Other,2.8,1000.0,2000.0,1500.0
Maharashtra,Vadgaonpeth APMC,Tomato,2026-07-29,Local,6.0,1200.0,2000.0,1700.0
Maharashtra,Vai APMC,Tomato,2026-07-29,Local,0.7,1000.0,2000.0,1500.0
Maharashtra,AGRICULTURE PRODUCE MARKET COMITEE CHANDWAD,Tomato,2026-07-30,Local,3.5,500.0,2900.0,2000.0
Maharashtra,Akluj APMC,Tomato,2026-07-30,Other,2.5,1000.0,1800.0,1500.0
Maharashtra,Bhusaval APMC,Tomato,2026-07-30,Other,6.8,1200.0,2000.0,1800.0
Maharashtra,Chattrapati Sambhajinagar APMC,Tomato,2026-07-30,Other,10.7,1500.0,2500.0,2000.0
Maharashtra,Dharashiv APMC,Tomato,2026-07-30,Other,3.0,500.0,2250.0,1375.0
Maharashtra,HINGNA - APMC,Tomato,2026-07-30,Local,5.4,1500.0,2000.0,1812.0
Maharashtra,Islampur APMC,Tomato,2026-07-30,Other,4.4,1000.0,2000.0,1550.0
Maharashtra,Kalmeshwar APMC,Tomato,2026-07-30,Other,1.0,1415.0,1800.0,1625.0
Maharashtra,Kalyan APMC,Tomato,2026-07-30,Other,0.3,600.0,800.0,700.0
Maharashtra,Kamthi APMC,Tomato,2026-07-30,Local,4.3,2060.0,4570.0,2310.0
Maharashtra,Karad APMC,Tomato,2026-07-30,Other,6.9,1000.0,1200.0,1200.0
Maharashtra,Khed APMC,Tomato,2026-07-30,Local,7.2,500.0,2500.0,1500.0
Maharashtra,Khed(Chakan) APMC,Tomato,2026-07-30,Other,32.9,1000.0,2000.0,1500.0
Maharashtra,Kolhapur APMC,Tomato,2026-07-30,Other,17.9,500.0,1500.0,1000.0
Maharashtra,Mangal Wedha APMC,Tomato,2026-07-30,Local,6.9,300.0,1500.0,1000.0
Maharashtra,Mumbai APMC,Tomato,2026-07-30,Other,416.2,1600.0,2000.0,1800.0
Maharashtra,Nagpur APMC,Tomato,2026-07-30,Local,130.0,1000.0,1800.0,1600.0
Maharashtra,Nagpur APMC,Tomato,2026-07-30,Other,90.0,2500.0,3000.0,2875.0
Maharashtra,Nasik APMC,Tomato,2026-07-30,Other,86.6,300.0,2500.0,1375.0
Maharashtra,Pandharpur APMC,Tomato,2026-07-30,Other,2.8,600.0,2000.0,1500.0
Maharashtra,Panvel APMC,Tomato,2026-07-30,Other,78.0,2500.0,3000.0,2750.0
Maharashtra,Phaltan APMC,Tomato,2026-07-30,Other,6.0,500.0,2000.0,1150.0
Maharashtra,Pimpalgaon Baswant APMC,Tomato,2026-07-30,Other,40.4,250.0,2755.0,2105.0
Maharashtra,Pune APMC,Tomato,2026-07-30,Local,215.4,800.0,2000.0,1400.0
Maharashtra,Pune(Khadiki) APMC,Tomato,2026-07-30,Local,1.3,800.0,1300.0,1050.0
Maharashtra,Pune(Manjri) APMC,Tomato,2026-07-30,Other,57.1,1000.0,2000.0,1800.0
Maharashtra,Pune(Moshi) APMC,Tomato,2026-07-30,Local,73.6,500.0,2000.0,1250.0
Maharashtra,Pune(Pimpri) APMC,Tomato,2026-07-30,Local,0.5,2000.0,2000.0,2000.0
Maharashtra,Rahuri APMC,Tomato,2026-07-30,Other,4.5,1000.0,3000.0,2000.0
Maharashtra,SHRI.SIDDHESHWAR  APMC,Tomato,2026-07-30,Other,39.1,300.0,1700.0,1200.0
Maharashtra,Sangamner APMC,Tomato,2026-07-30,Other,210.0,500.0,2250.0,1375.0
Maharashtra,Satara APMC,Tomato,2026-07-30,Other,8.8,1000.0,2000.0,1500.0
Maharashtra,Shrirampur APMC,Tomato,2026-07-30,Other,2.2,1000.0,1500.0,1250.0
Maharashtra,Vai APMC,Tomato,2026-07-30,Local,12.0,1000.0,2000.0,1500.0
Maharashtra,Vita APMC,Tomato,2026-07-30,Other,3.0,1000.0,1200.0,1000.0
Maharashtra,AGRICULTURE PRODUCE MARKET COMITEE CHANDWAD,Tomato,2026-07-31,Local,3.9,500.0,2150.0,1625.0
Maharashtra,Ahilyanagar APMC,Tomato,2026-07-31,Other,32.6,500.0,2500.0,1500.0
Maharashtra,Akluj APMC,Tomato,2026-07-31,Local,2.2,1000.0,2000.0,1500.0
Maharashtra,Amrawati(Frui & Veg. Market) APMC,Tomato,2026-07-31,Local,7.8,2600.0,3200.0,2900.0
Maharashtra,Bhusaval APMC,Tomato,2026-07-31,Other,3.9,1500.0,2500.0,2000.0
Maharashtra,Chandrapur(Ganjwad) APMC,Tomato,2026-07-31,Other,64.6,600.0,1000.0,800.0
Maharashtra,Dharashiv APMC,Tomato,2026-07-31,Other,6.1,500.0,2000.0,1250.0
Maharashtra,HINGNA - APMC,Tomato,2026-07-31,Local,1.6,1000.0,2000.0,1800.0
Maharashtra,Jalgaon APMC,Tomato,2026-07-31,Other,7.0,2000.0,3000.0,2500.0
Maharashtra,Junnar(Narayangaon) APMC,Tomato,2026-07-31,Local,425.0,751.0,2500.0,1750.0
Maharashtra,Kalmeshwar APMC,Tomato,2026-07-31,Other,1.1,1020.0,1500.0,1310.0
Maharashtra,Kamthi APMC,Tomato,2026-07-31,Local,2.6,1520.0,2020.0,1770.0
Maharashtra,Khed APMC,Tomato,2026-07-31,Local,4.8,700.0,2500.0,1500.0
Maharashtra,Khed(Chakan) APMC,Tomato,2026-07-31,Other,26.8,1000.0,2000.0,1500.0
Maharashtra,Mangal Wedha APMC,Tomato,2026-07-31,Local,5.0,200.0,1500.0,1100.0
Maharashtra,Mumbai APMC,Tomato,2026-07-31,Other,354.0,1600.0,2000.0,1800.0
Maharashtra,Nasik APMC,Tomato,2026-07-31,Other,82.4,300.0,2750.0,1400.0
Maharashtra,Palus APMC,Tomato,2026-07-31,Other,0.8,1000.0,1500.0,1200.0
Maharashtra,Pandharpur APMC,Tomato,2026-07-31,Other,3.6,500.0,1800.0,1200.0
Maharashtra,Panvel APMC,Tomato,2026-07-31,Other,77.0,2000.0,3000.0,2500.0
Maharashtra,Patan APMC,Tomato,2026-07-31,Other,0.9,1500.0,2000.0,1750.0
Maharashtra,Phaltan APMC,Tomato,2026-07-31,Other,5.0,500.0,1500.0,1000.0
Maharashtra,Pimpalgaon Baswant APMC,Tomato,2026-07-31,Other,3.5,250.0,3505.0,2755.0
Maharashtra,Pune(Khadiki) APMC,Tomato,2026-07-31,Local,1.4,700.0,1400.0,1050.0
Maharashtra,Pune(Manjri) APMC,Tomato,2026-07-31,Other,38.7,750.0,2000.0,1200.0
Maharashtra,Pune(Moshi) APMC,Tomato,2026-07-31,Local,42.7,500.0,1000.0,750.0
Maharashtra,Rahata APMC,Tomato,2026-07-31,Other,2.9,1000.0,2000.0,1500.0
Maharashtra,Rahuri APMC,Tomato,2026-07-31,Other,1.1,1500.0,2000.0,1750.0
Maharashtra,Ratnagiri (Nachane) APMC,Tomato,2026-07-31,Other,1.8,1000.0,1300.0,1200.0
Maharashtra,SHRI.SIDDHESHWAR  APMC,Tomato,2026-07-31,Other,3.3,300.0,1800.0,1200.0
Maharashtra,Sangamner APMC,Tomato,2026-07-31,Other,215.0,500.0,2000.0,1250.0
Maharashtra,Shrirampur APMC,Tomato,2026-07-31,Other,2.8,1000.0,1500.0,1250.0
Maharashtra,Vadgaonpeth APMC,Tomato,2026-07-31,Local,5.5,1000.0,2100.0,1600.0
Maharashtra,Vai APMC,Tomato,2026-07-31,Local,0.7,1500.0,2500.0,2000.0
Maharashtra,Vita APMC,Tomato,2026-07-31,Other,2.0,1000.0,1200.0,1000.0
