state,market,commodity,arrival_date,variety,arrivals_mt,min_price,max_price,modal_price
Maharashtra,Ahilyanagar APMC,Potato,2026-02-01,Other,61.0,300.0,1600.0,950.0
Maharashtra,Akluj APMC,Potato,2026-02-01,Local,9.0,1000.0,1400.0,1200.0
Maharashtra,Amrawati(Frui & Veg. Market) APMC,Potato,2026-02-01,Local,52.8,600.0,1600.0,1100.0
Maharashtra,Bhusaval APMC,Potato,2026-02-01,Other,1.3,1500.0,2000.0,1800.0
Maharashtra,Chattrapati Sambhajinagar APMC,Potato,2026-02-01,Other,57.0,850.0,1200.0,1025.0
Maharashtra,Junnar(Narayangaon) APMC,Potato,2026-02-01,Other,6.0,400.0,1300.0,850.0
Maharashtra,Junnar(Otur) APMC,Potato,2026-02-01,Local,6.4,500.0,1200.0,850.0
Maharashtra,Kalyan APMC,Potato,2026-02-01,Other,0.3,700.0,800.0,750.0
Maharashtra,Kamthi APMC,Potato,2026-02-01,Local,3.3,2040.0,2540.0,2290.0
Maharashtra,Nagpur APMC,Potato,2026-02-01,Local,87.5,400.0,1000.0,850.0
Maharashtra,Pune APMC,Potato,2026-02-01,Local,785.3,500.0,1400.0,950.0
Maharashtra,Pune(Khadiki) APMC,Potato,2026-02-01,Local,0.9,800.0,1200.0,1000.0
Maharashtra,Pune(Manjri) APMC,Potato,2026-02-01,Other,1.9,1000.0,2000.0,1600.0
Maharashtra,Pune(Moshi) APMC,Potato,2026-02-01,Local,104.5,700.0,1000.0,850.0
Maharashtra,Rahata APMC,Potato,2026-02-01,Other,29.5,500.0,1200.0,800.0
Maharashtra,Rahuri APMC,Potato,2026-02-01,Other,4.5,700.0,1300.0,1000.0
Maharashtra,Ramtek APMC,Potato,2026-02-01,Local,7.0,800.0,1000.0,900.0
Maharashtra,Shrirampur APMC,Potato,2026-02-01,Other,13.0,800.0,1100.0,950.0
Maharashtra,Vaduj APMC,Potato,2026-02-01,Local,2.0,1200.0,2000.0,1600.0
Maharashtra,Vai APMC,Potato,2026-02-01,Local,1.5,1400.0,1600.0,1500.0
Maharashtra,Akluj APMC,Potato,2026-02-02,Local,13.0,900.0,1400.0,1300.0
Maharashtra,Akola APMC,Potato,2026-02-02,Other,119.0,500.0,1400.0,1000.0
Maharashtra,Amrawati(Frui & Veg. Market) APMC,Potato,2026-02-02,Local,54.0,500.0,1600.0,1050.0
Maharashtra,Chattrapati Sambhajinagar APMC,Potato,2026-02-02,Other,54.0,600.0,1200.0,900.0
Maharashtra,HINGNA - APMC,Potato,2026-02-02,Local,1.0,900.0,2800.0,1385.0
Maharashtra,Jalgaon APMC,Potato,2026-02-02,Other,40.0,600.0,1200.0,900.0
Maharashtra,Junnar(Narayangaon) APMC,Potato,2026-02-02,Other,3.8,400.0,1300.0,850.0
Maharashtra,Kalyan APMC,Potato,2026-02-02,Other,0.3,800.0,900.0,850.0
Maharashtra,Kamthi APMC,Potato,2026-02-02,Local,0.1,2070.0,2570.0,2320.0
Maharashtra,Manchar APMC,Potato,2026-02-02,Other,13.5,1000.0,1200.0,1100.0
Maharashtra,Mumbai-Onion & Potato Market APMC,Potato,2026-02-02,Other,1384.9,500.0,1200.0,850.0
Maharashtra,Nagpur APMC,Potato,2026-02-02,Local,332.5,600.0,1000.0,900.0
Maharashtra,Pune APMC,Potato,2026-02-02,Local,899.8,500.0,1400.0,950.0
Maharashtra,Pune(Khadiki) APMC,Potato,2026-02-02,Local,1.6,800.0,1300.0,1050.0
Maharashtra,Pune(Manjri) APMC,Potato,2026-02-02,Other,1.0,1000.0,2000.0,1700.0
Maharashtra,Pune(Moshi) APMC,Potato,2026-02-02,Local,17.6,800.0,1000.0,900.0
Maharashtra,SHRI.SIDDHESHWAR  APMC,Potato,2026-02-02,Local,82.4,500.0,1200.0,900.0
Maharashtra,"Sangli(Phale, Bhajipala Market) APMC",Potato,2026-02-02,Local,105.0,700.0,1600.0,1150.0
Maharashtra,Satara APMC,Potato,2026-02-02,Other,25.5,1000.0,1400.0,1200.0
Maharashtra,Shrirampur APMC,Potato,2026-02-02,Other,10.0,1000.0,1200.0,1100.0
Maharashtra,Vaduj APMC,Potato,2026-02-02,Local,2.5,1000.0,1300.0,1150.0
Maharashtra,Vai APMC,Potato,2026-02-02,Local,1.2,1200.0,1500.0,1350.0
Maharashtra,Amrawati(Frui & Veg. Market) APMC,Potato,2026-02-03,Local,52.0,600.0,1600.0,1100.0
Maharashtra,Bhusaval APMC,Potato,2026-02-03,Other,5.5,1500.0,2000.0,1800.0
Maharashtra,Chandrapur(Ganjwad) APMC,Potato,2026-02-03,Other,126.0,1000.0,1500.0,1300.0
Maharashtra,Chattrapati Sambhajinagar APMC,Potato,2026-02-03,Other,46.3,600.0,1000.0,800.0
Maharashtra,Dharashiv APMC,Potato,2026-02-03,Other,11.0,500.0,1000.0,750.0
Maharashtra,HINGNA - APMC,Potato,2026-02-03,Local,1.2,1000.0,1500.0,1175.0
Maharashtra,Islampur APMC,Potato,2026-02-03,Other,4.0,1000.0,1500.0,1250.0
Maharashtra,Jalgaon APMC,Potato,2026-02-03,Other,30.0,500.0,1100.0,800.0
Maharashtra,Kalyan APMC,Potato,2026-02-03,Other,0.3,1100.0,1200.0,1150.0
Maharashtra,Kamthi APMC,Potato,2026-02-03,Local,0.3,2040.0,2540.0,2290.0
Maharashtra,Khed(Chakan) APMC,Potato,2026-02-03,Other,90.0,800.0,1200.0,1000.0
Maharashtra,Manchar APMC,Potato,2026-02-03,Other,17.8,800.0,1200.0,1050.0
Maharashtra,Mumbai-Onion & Potato Market APMC,Potato,2026-02-03,Other,856.4,500.0,1100.0,800.0
Maharashtra,Nagpur APMC,Potato,2026-02-03,Local,182.5,700.0,1100.0,1000.0
Maharashtra,Pune APMC,Potato,2026-02-03,Local,636.2,500.0,1400.0,950.0
Maharashtra,Pune(Manjri) APMC,Potato,2026-02-03,Other,1.5,1000.0,2000.0,1600.0
Maharashtra,Pune(Moshi) APMC,Potato,2026-02-03,Local,100.7,700.0,1000.0,850.0
Maharashtra,Rahata APMC,Potato,2026-02-03,Other,22.8,700.0,1200.0,1000.0
Maharashtra,Rahuri APMC,Potato,2026-02-03,Other,7.2,600.0,1800.0,1200.0
Maharashtra,Rahuri(Songaon) APMC,Potato,2026-02-03,Other,0.3,1200.0,1500.0,1350.0
Maharashtra,Ramtek APMC,Potato,2026-02-03,Local,1.3,800.0,1000.0,900.0
Maharashtra,SHRI.SIDDHESHWAR  APMC,Potato,2026-02-03,Local,122.6,500.0,1200.0,900.0
Maharashtra,"Sangli(Phale, Bhajipala Market) APMC",Potato,2026-02-03,Local,90.7,800.0,1600.0,1200.0
Maharashtra,Satara APMC,Potato,2026-02-03,Other,10.0,1000.0,1400.0,1200.0
Maharashtra,Vaduj APMC,Potato,2026-02-03,Local,2.0,1200.0,1500.0,1300.0
Maharashtra,Akluj APMC,Potato,2026-02-04,Local,11.0,1000.0,1500.0,1300.0
Maharashtra,Amrawati(Frui & Veg. Market) APMC,Potato,2026-02-04,Local,54.9,500.0,1600.0,1050.0
Maharashtra,Bhusaval APMC,Potato,2026-02-04,Other,2.9,1500.0,2000.0,1800.0
Maharashtra,Chandrapur(Ganjwad) APMC,Potato,2026-02-04,Other,96.0,1000.0,1300.0,1200.0
Maharashtra,Chattrapati Sambhajinagar APMC,Potato,2026-02-04,Other,33.0,700.0,1000.0,850.0
Maharashtra,Dharashiv APMC,Potato,2026-02-04,Other,3.2,600.0,1100.0,850.0
Maharashtra,HINGNA - APMC,Potato,2026-02-04,Local,0.1,1000.0,1000.0,1000.0
Maharashtra,Jalgaon APMC,Potato,2026-02-04,Other,23.2,600.0,1100.0,850.0
Maharashtra,Kalyan APMC,Potato,2026-02-04,Other,0.3,500.0,1000.0,750.0
Maharashtra,Kamthi APMC,Potato,2026-02-04,Local,0.8,2060.0,2560.0,2310.0
Maharashtra,Khed(Chakan) APMC,Potato,2026-02-04,Other,110.0,800.0,1200.0,1000.0
Maharashtra,Manchar APMC,Potato,2026-02-04,Other,16.3,600.0,1200.0,900.0
Maharashtra,Mumbai-Onion & Potato Market APMC,Potato,2026-02-04,Other,848.3,600.0,1200.0,900.0
Maharashtra,Nagpur APMC,Potato,2026-02-04,Local,260.0,800.0,1200.0,1100.0
Maharashtra,Nasik APMC,Potato,2026-02-04,Other,235.0,600.0,1300.0,850.0
Maharashtra,Pune APMC,Potato,2026-02-04,Local,743.4,500.0,1300.0,900.0
Maharashtra,Pune(Khadiki) APMC,Potato,2026-02-04,Local,1.1,800.0,1300.0,1050.0
Maharashtra,Pune(Manjri) APMC,Potato,2026-02-04,Other,0.8,1000.0,2000.0,1800.0
Maharashtra,Rahata APMC,Potato,2026-02-04,Other,33.0,1000.0,1200.0,1100.0
Maharashtra,SHRI.SIDDHESHWAR  APMC,Potato,2026-02-04,Local,130.6,500.0,1300.0,900.0
Maharashtra,"Sangli(Phale, Bhajipala Market) APMC",Potato,2026-02-04,Local,62.0,700.0,1500.0,1100.0
Maharashtra,Satara APMC,Potato,2026-02-04,Other,15.5,1000.0,1400.0,1200.0
Maharashtra,Shrirampur APMC,Potato,2026-02-04,Other,14.0,1000.0,1400.0,1200.0
Maharashtra,Vaduj APMC,Potato,2026-02-04,Local,1.5,1200.0,1400.0,1300.0
Maharashtra,Akluj APMC,Potato,2026-02-05,Local,10.5,1200.0,1500.0,1300.0
Maharashtra,Bhusaval APMC,Potato,2026-02-05,Other,3.8,1500.0,2000.0,1800.0
Maharashtra,Chandrapur(Ganjwad) APMC,Potato,2026-02-05,Other,33.0,800.0,1200.0,1000.0
Maharashtra,Chattrapati Sambhajinagar APMC,Potato,2026-02-05,Other,54.0,700.0,1300.0,1000.0
Maharashtra,Dharashiv APMC,Potato,2026-02-05,Other,12.6,700.0,1300.0,1000.0
Maharashtra,HINGNA - APMC,Potato,2026-02-05,Local,2.2,900.0,1300.0,1066.0
Maharashtra,Jalana APMC,Potato,2026-02-05,Other,21.7,200.0,1300.0,700.0
Maharashtra,Jalgaon APMC,Potato,2026-02-05,Other,35.0,600.0,1100.0,850.0
Maharashtra,Junnar APMC,Potato,2026-02-05,Local,28.4,800.0,1100.0,900.0
Maharashtra,Junnar(Narayangaon) APMC,Potato,2026-02-05,Other,9.8,200.0,1200.0,650.0
Maharashtra,Junnar(Otur) APMC,Potato,2026-02-05,Local,19.4,300.0,1500.0,1000.0
Maharashtra,Kalyan APMC,Potato,2026-02-05,Other,0.3,500.0,1000.0,750.0
Maharashtra,Khed(Chakan) APMC,Potato,2026-02-05,Other,100.0,800.0,1200.0,1000.0
Maharashtra,Manchar APMC,Potato,2026-02-05,Other,32.2,600.0,1200.0,900.0
Maharashtra,Mumbai-Onion & Potato Market APMC,Potato,2026-02-05,Other,980.6,500.0,1100.0,800.0
Maharashtra,Nagpur APMC,Potato,2026-02-05,Local,245.0,900.0,1200.0,1125.0
Maharashtra,Nasik APMC,Potato,2026-02-05,Other,224.6,500.0,1250.0,800.0
Maharashtra,Pune APMC,Potato,2026-02-05,Local,675.3,600.0,1300.0,950.0
Maharashtra,Pune(Khadiki) APMC,Potato,2026-02-05,Local,1.4,800.0,1300.0,1050.0
Maharashtra,Pune(Manjri) APMC,Potato,2026-02-05,Other,1.4,1000.0,1800.0,1600.0
Maharashtra,Pune(Moshi) APMC,Potato,2026-02-05,Local,133.7,700.0,1000.0,850.0
Maharashtra,Rahata APMC,Potato,2026-02-05,Other,19.9,700.0,1250.0,1000.0
Maharashtra,SHRI.SIDDHESHWAR  APMC,Potato,2026-02-05,Local,45.9,500.0,1150.0,800.0
Maharashtra,"Sangli(Phale, Bhajipala Market) APMC",Potato,2026-02-05,Local,85.6,800.0,1600.0,1200.0
Maharashtra,Satara APMC,Potato,2026-02-05,Other,14.5,1000.0,1400.0,1200.0
Maharashtra,Shrirampur APMC,Potato,2026-02-05,Other,15.0,1000.0,1400.0,1200.0
Maharashtra,Vaduj APMC,Potato,2026-02-05,Local,1.5,1200.0,1300.0,1250.0
Maharashtra,Akluj APMC,Potato,2026-02-06,Local,10.5,1000.0,1400.0,1200.0
Maharashtra,Akola APMC,Potato,2026-02-06,Other,96.0,500.0,1500.0,1100.0
Maharashtra,Amrawati(Frui & Veg. Market) APMC,Potato,2026-02-06,Local,61.9,500.0,1300.0,900.0
Maharashtra,Bhusaval APMC,Potato,2026-02-06,Other,1.5,1400.0,2000.0,1800.0
Maharashtra,Chandrapur(Ganjwad) APMC,Potato,2026-02-06,Other,13.0,900.0,1100.0,1000.0
Maharashtra,Dharashiv APMC,Potato,2026-02-06,Other,6.3,800.0,1200.0,1000.0
Maharashtra,HINGNA - APMC,Potato,2026-02-06,Local,3.2,900.0,1700.0,1200.0
Maharashtra,Jalgaon APMC,Potato,2026-02-06,Other,38.8,600.0,1200.0,900.0
Maharashtra,Junnar(Narayangaon) APMC,Potato,2026-02-06,Other,12.5,200.0,1200.0,700.0
Maharashtra,Kalyan APMC,Potato,2026-02-06,Other,0.3,500.0,1000.0,750.0
Maharashtra,Kamthi APMC,Potato,2026-02-06,Local,2.1,2060.0,2560.0,2310.0
Maharashtra,Khed(Chakan) APMC,Potato,2026-02-06,Other,110.0,800.0,1500.0,1200.0
Maharashtra,Mumbai-Onion & Potato Market APMC,Potato,2026-02-06,Other,1006.6,500.0,1200.0,850.0
Maharashtra,Nasik APMC,Potato,2026-02-06,Other,196.5,600.0,1300.0,850.0
Maharashtra,Pune APMC,Potato,2026-02-06,Local,680.8,500.0,1300.0,900.0
Maharashtra,Pune(Khadiki) APMC,Potato,2026-02-06,Local,0.8,800.0,1300.0,1050.0
Maharashtra,Pune(Manjri) APMC,Potato,2026-02-06,Other,2.4,1000.0,2000.0,1600.0
Maharashtra,Pune(Moshi) APMC,Potato,2026-02-06,Local,70.6,700.0,1000.0,850.0
Maharashtra,Pune(Pimpri) APMC,Potato,2026-02-06,Local,0.6,950.0,1000.0,975.0
Maharashtra,Rahata APMC,Potato,2026-02-06,Other,9.0,1000.0,1200.0,1100.0
Maharashtra,"Sangli(Phale, Bhajipala Market) APMC",Potato,2026-02-06,Local,55.0,700.0,1500.0,1100.0
Maharashtra,Shrirampur APMC,Potato,2026-02-06,Other,14.0,1000.0,1200.0,1100.0
Maharashtra,Ahilyanagar APMC,Potato,2026-02-07,Other,48.1,300.0,1500.0,900.0
Maharashtra,Akluj APMC,Potato,2026-02-07,Local,5.5,1000.0,1500.0,1300.0
Maharashtra,Akola APMC,Potato,2026-02-07,Other,73.0,600.0,1400.0,1000.0
Maharashtra,Amrawati(Frui & Veg. Market) APMC,Potato,2026-02-07,Local,55.8,500.0,1400.0,950.0
Maharashtra,Bhusaval APMC,Potato,2026-02-07,Other,0.3,1500.0,2000.0,2000.0
Maharashtra,Chandrapur(Ganjwad) APMC,Potato,2026-02-07,Other,165.0,1000.0,1200.0,1100.0
Maharashtra,Dharashiv APMC,Potato,2026-02-07,Other,3.9,500.0,1200.0,850.0
Maharashtra,HINGNA - APMC,Potato,2026-02-07,Local,1.5,1000.0,1000.0,1000.0
Maharashtra,Jalgaon APMC,Potato,2026-02-07,Other,40.0,600.0,1200.0,900.0
Maharashtra,Nagpur APMC,Potato,2026-02-07,Local,157.5,900.0,1200.0,1075.0
Maharashtra,Nasik APMC,Potato,2026-02-07,Other,208.0,700.0,1350.0,900.0
Maharashtra,Pune(Khadiki) APMC,Potato,2026-02-07,Local,0.7,700.0,1200.0,950.0
Maharashtra,Pune(Manjri) APMC,Potato,2026-02-07,Other,1.8,1200.0,2000.0,1800.0
Maharashtra,Pune(Moshi) APMC,Potato,2026-02-07,Local,67.0,700.0,1000.0,850.0
Maharashtra,Pune(Pimpri) APMC,Potato,2026-02-07,Local,0.3,900.0,900.0,900.0
Maharashtra,Ramtek APMC,Potato,2026-02-07,Local,1.1,1000.0,1500.0,1300.0
Maharashtra,"Sangli(Phale, Bhajipala Market) APMC",Potato,2026-02-07,Local,93.0,800.0,1600.0,1200.0
Maharashtra,Shrirampur APMC,Potato,2026-02-07,Other,17.0,1000.0,1400.0,1200.0
Maharashtra,Vaduj APMC,Potato,2026-02-07,Local,2.3,1200.0,1500.0,1309.0
Maharashtra,Ahilyanagar APMC,Potato,2026-02-08,Other,69.2,500.0,1500.0,1000.0
Maharashtra,Akluj APMC,Potato,2026-02-08,Other,8.0,1000.0,1600.0,1300.0
Maharashtra,Amrawati(Frui & Veg. Market) APMC,Potato,2026-02-08,Local,40.0,600.0,1400.0,1000.0
Maharashtra,Bhusaval APMC,Potato,2026-02-08,Other,3.1,1500.0,2000.0,1800.0
Maharashtra,Chattrapati Sambhajinagar APMC,Potato,2026-02-08,Other,31.0,600.0,900.0,750.0
Maharashtra,Junnar(Narayangaon) APMC,Potato,2026-02-08,Other,3.4,300.0,1200.0,750.0
Maharashtra,Junnar(Otur) APMC,Potato,2026-02-08,Local,21.6,300.0,1300.0,800.0
Maharashtra,Kalyan APMC,Potato,2026-02-08,Other,0.3,500.0,1000.0,750.0
Maharashtra,Kamthi APMC,Potato,2026-02-08,Local,1.1,2090.0,2590.0,2340.0
Maharashtra,Khed(Chakan) APMC,Potato,2026-02-08,Other,125.0,900.0,1200.0,1100.0
Maharashtra,Manchar APMC,Potato,2026-02-08,Other,19.8,700.0,1100.0,900.0
Maharashtra,Nagpur APMC,Potato,2026-02-08,Local,245.0,1000.0,1200.0,1150.0
Maharashtra,Pune APMC,Potato,2026-02-08,Local,512.5,700.0,1300.0,1000.0
Maharashtra,Pune(Khadiki) APMC,Potato,2026-02-08,Local,1.6,700.0,1200.0,950.0
Maharashtra,Pune(Manjri) APMC,Potato,2026-02-08,Other,2.8,1000.0,2000.0,1800.0
Maharashtra,Pune(Moshi) APMC,Potato,2026-02-08,Local,88.9,800.0,1000.0,900.0
Maharashtra,Rahata APMC,Potato,2026-02-08,Other,36.7,400.0,1400.0,900.0
Maharashtra,Rahuri APMC,Potato,2026-02-08,Other,3.3,800.0,1500.0,1150.0
Maharashtra,Ramtek APMC,Potato,2026-02-08,Local,5.6,1000.0,1500.0,1300.0
Maharashtra,Satara APMC,Potato,2026-02-08,Other,32.0,1000.0,1400.0,1200.0
Maharashtra,Shrirampur APMC,Potato,2026-02-08,Other,14.0,1000.0,1400.0,1200.0
Maharashtra,Vaduj APMC,Potato,2026-02-08,Local,0.9,1200.0,1500.0,1300.0
Maharashtra,Vai APMC,Potato,2026-02-08,Local,1.2,1200.0,1500.0,1350.0
Maharashtra,Vita APMC,Potato,2026-02-08,Other,10.0,1600.0,1700.0,1650.0
Maharashtra,Ahilyanagar APMC,Potato,2026-02-09,Other,37.1,500.0,1600.0,1050.0
Maharashtra,Akluj APMC,Potato,2026-02-09,Other,11.0,1000.0,1400.0,1200.0
Maharashtra,Akola APMC,Potato,2026-02-09,Other,143.0,600.0,1400.0,1000.0
Maharashtra,Amrawati(Frui & Veg. Market) APMC,Potato,2026-02-09,Local,34.9,800.0,1400.0,1100.0
Maharashtra,Chattrapati Sambhajinagar APMC,Potato,2026-02-09,Other,36.0,1000.0,1500.0,1250.0
Maharashtra,HINGNA - APMC,Potato,2026-02-09,Local,0.3,1200.0,1700.0,1450.0
Maharashtra,Jalgaon APMC,Potato,2026-02-09,Other,40.0,800.0,1100.0,950.0
Maharashtra,Junnar(Narayangaon) APMC,Potato,2026-02-09,Other,11.5,200.0,1250.0,800.0
Maharashtra,Kalyan APMC,Potato,2026-02-09,Other,0.3,500.0,1000.0,750.0
Maharashtra,Kamthi APMC,Potato,2026-02-09,Local,1.1,2040.0,2540.0,2290.0
Maharashtra,Manchar APMC,Potato,2026-02-09,Other,14.6,700.0,1500.0,1100.0
Maharashtra,Mumbai-Onion & Potato Market APMC,Potato,2026-02-09,Other,1265.9,500.0,1100.0,800.0
Maharashtra,Nagpur APMC,Potato,2026-02-09,Local,250.0,900.0,1200.0,1125.0
Maharashtra,Nasik APMC,Potato,2026-02-09,Other,261.0,650.0,1300.0,850.0
Maharashtra,Pune APMC,Potato,2026-02-09,Local,475.4,700.0,1300.0,1000.0
Maharashtra,Pune(Khadiki) APMC,Potato,2026-02-09,Local,0.9,800.0,1200.0,1000.0
Maharashtra,Pune(Manjri) APMC,Potato,2026-02-09,Other,2.9,1200.0,2000.0,1600.0
Maharashtra,Pune(Moshi) APMC,Potato,2026-02-09,Local,55.9,800.0,1000.0,900.0
Maharashtra,SHRI.SIDDHESHWAR  APMC,Potato,2026-02-09,Local,102.3,500.0,1300.0,1000.0
Maharashtra,"Sangli(Phale, Bhajipala Market) APMC",Potato,2026-02-09,Local,152.0,700.0,1500.0,1100.0
Maharashtra,Shrirampur APMC,Potato,2026-02-09,Other,17.0,1000.0,1500.0,1250.0
Maharashtra,Vaduj APMC,Potato,2026-02-09,Local,1.2,1200.0,1500.0,1300.0
Maharashtra,Vai APMC,Potato,2026-02-09,Local,1.2,1200.0,1500.0,1350.0
Maharashtra,Akola APMC,Potato,2026-02-10,Other,91.0,600.0,1400.0,1000.0
Maharashtra,Amrawati(Frui & Veg. Market) APMC,Potato,2026-02-10,Local,45.0,800.0,1400.0,1100.0
Maharashtra,Bhusaval APMC,Potato,2026-02-10,Other,3.5,1500.0,2000.0,1800.0
Maharashtra,Chattrapati Sambhajinagar APMC,Potato,2026-02-10,Other,45.0,850.0,1250.0,1050.0
Maharashtra,Dharashiv APMC,Potato,2026-02-10,Other,14.9,800.0,1500.0,1150.0
Maharashtra,HINGNA - APMC,Potato,2026-02-10,Local,0.3,1000.0,1500.0,1333.0
Maharashtra,Islampur APMC,Potato,2026-02-10,Other,6.0,1300.0,1600.0,1450.0
Maharashtra,Jalgaon APMC,Potato,2026-02-10,Other,42.0,800.0,1000.0,900.0
Maharashtra,Kalyan APMC,Potato,2026-02-10,Other,0.3,800.0,900.0,850.0
Maharashtra,Kamthi APMC,Potato,2026-02-10,Local,3.0,2060.0,2560.0,2310.0
Maharashtra,Khed(Chakan) APMC,Potato,2026-02-10,Other,90.0,800.0,1200.0,1000.0
Maharashtra,Mumbai-Onion & Potato Market APMC,Potato,2026-02-10,Other,868.3,600.0,1100.0,850.0
Maharashtra,Nagpur APMC,Potato,2026-02-10,Local,262.5,1000.0,1200.0,1150.0
Maharashtra,Nasik APMC,Potato,2026-02-10,Other,147.6,600.0,1250.0,800.0
Maharashtra,Pune APMC,Potato,2026-02-10,Local,609.1,700.0,1300.0,1000.0
Maharashtra,Pune(Khadiki) APMC,Potato,2026-02-10,Local,1.4,800.0,1200.0,1000.0
Maharashtra,Pune(Manjri) APMC,Potato,2026-02-10,Other,2.7,1200.0,1800.0,1600.0
Maharashtra,Pune(Moshi) APMC,Potato,2026-02-10,Local,37.4,700.0,1000.0,850.0
Maharashtra,Rahata APMC,Potato,2026-02-10,Other,29.0,500.0,1400.0,1000.0
Maharashtra,Rahuri APMC,Potato,2026-02-10,Other,9.5,1000.0,1500.0,1250.0
Maharashtra,SHRI.SIDDHESHWAR  APMC,Potato,2026-02-10,Local,56.3,750.0,1500.0,1200.0
Maharashtra,"Sangli(Phale, Bhajipala Market) APMC",Potato,2026-02-10,Local,134.0,700.0,1600.0,1150.0
Maharashtra,Vai APMC,Potato,2026-02-10,Local,2.0,1200.0,1500.0,1350.0
Maharashtra,Akluj APMC,Potato,2026-02-11,Local,13.5,1000.0,1400.0,1200.0
Maharashtra,Amrawati(Frui & Veg. Market) APMC,Potato,2026-02-11,Local,69.3,700.0,1400.0,1050.0
Maharashtra,Bhusaval APMC,Potato,2026-02-11,Other,7.3,1400.0,2000.0,1700.0
Maharashtra,Chandrapur(Ganjwad) APMC,Potato,2026-02-11,Other,30.0,1000.0,1200.0,1100.0
Maharashtra,Chattrapati Sambhajinagar APMC,Potato,2026-02-11,Other,37.0,800.0,3200.0,1050.0
Maharashtra,Dharashiv APMC,Potato,2026-02-11,Other,8.6,800.0,1500.0,1150.0
Maharashtra,HINGNA - APMC,Potato,2026-02-11,Local,4.0,700.0,1400.0,1120.0
Maharashtra,Jalgaon APMC,Potato,2026-02-11,Other,47.0,800.0,1200.0,1000.0
Maharashtra,Junnar(Otur) APMC,Potato,2026-02-11,Local,4.2,500.0,1300.0,900.0
Maharashtra,Kalyan APMC,Potato,2026-02-11,Other,0.3,1000.0,1400.0,1200.0
Maharashtra,Kamthi APMC,Potato,2026-02-11,Local,1.0,2060.0,2560.0,2310.0
Maharashtra,Khed(Chakan) APMC,Potato,2026-02-11,Other,110.0,800.0,1200.0,1000.0
Maharashtra,Manchar APMC,Potato,2026-02-11,Other,31.4,700.0,1300.0,1000.0
Maharashtra,Mumbai-Onion & Potato Market APMC,Potato,2026-02-11,Other,969.5,700.0,1200.0,950.0
Maharashtra,Nagpur APMC,Potato,2026-02-11,Local,490.0,1000.0,1200.0,1150.0
Maharashtra,Nasik APMC,Potato,2026-02-11,Other,227.0,600.0,1350.0,1150.0
Maharashtra,Pune APMC,Potato,2026-02-11,Local,636.8,500.0,1300.0,900.0
Maharashtra,Pune(Khadiki) APMC,Potato,2026-02-11,Local,1.1,800.0,1200.0,1000.0
Maharashtra,Pune(Manjri) APMC,Potato,2026-02-11,Other,2.2,1200.0,2000.0,1800.0
Maharashtra,Rahata APMC,Potato,2026-02-11,Other,25.1,300.0,1300.0,800.0
Maharashtra,Rahuri APMC,Potato,2026-02-11,Other,7.7,600.0,1300.0,950.0
Maharashtra,Ramtek APMC,Potato,2026-02-11,Local,1.2,1000.0,1500.0,1300.0
Maharashtra,SHRI.SIDDHESHWAR  APMC,Potato,2026-02-11,Local,79.1,650.0,1400.0,1100.0
Maharashtra,"Sangli(Phale, Bhajipala Market) APMC",Potato,2026-02-11,Local,91.0,1000.0,1400.0,1200.0
Maharashtra,Shrirampur APMC,Potato,2026-02-11,Other,15.0,1000.0,1500.0,1250.0
Maharashtra,Vadgaonpeth APMC,Potato,2026-02-11,Local,7.5,1400.0,2000.0,1800.0
Maharashtra,Vai APMC,Potato,2026-02-11,Local,1.5,1200.0,1500.0,1350.0
Maharashtra,Ahilyanagar APMC,Potato,2026-02-12,Other,99.2,300.0,1600.0,950.0
Maharashtra,Akluj APMC,Potato,2026-02-12,Local,9.0,900.0,1400.0,1300.0
Maharashtra,Bhusaval APMC,Potato,2026-02-12,Other,3.0,1500.0,2000.0,1800.0
Maharashtra,Chandrapur(Ganjwad) APMC,Potato,2026-02-12,Other,2.6,1100.0,1300.0,1200.0
Maharashtra,Chattrapati Sambhajinagar APMC,Potato,2026-02-12,Other,55.0,800.0,1000.0,900.0
Maharashtra,Dharashiv APMC,Potato,2026-02-12,Other,13.6,500.0,1700.0,1100.0
Maharashtra,HINGNA - APMC,Potato,2026-02-12,Local,0.3,1400.0,1400.0,1400.0
Maharashtra,Islampur APMC,Potato,2026-02-12,Other,3.0,1400.0,1600.0,1500.0
Maharashtra,Jalgaon APMC,Potato,2026-02-12,Other,60.0,800.0,1200.0,1000.0
Maharashtra,Junnar APMC,Potato,2026-02-12,Local,64.9,700.0,1000.0,800.0
Maharashtra,Junnar(Narayangaon) APMC,Potato,2026-02-12,Other,10.0,300.0,1500.0,850.0
Maharashtra,Junnar(Otur) APMC,Potato,2026-02-12,Local,37.4,500.0,1300.0,900.0
Maharashtra,Kalyan APMC,Potato,2026-02-12,Other,0.3,1000.0,1400.0,1200.0
Maharashtra,Kamthi APMC,Potato,2026-02-12,Local,0.6,2060.0,2560.0,2310.0
Maharashtra,Khed(Chakan) APMC,Potato,2026-02-12,Other,100.0,800.0,1400.0,1100.0
Maharashtra,Mumbai-Onion & Potato Market APMC,Potato,2026-02-12,Other,646.0,600.0,1200.0,900.0
Maharashtra,Nagpur APMC,Potato,2026-02-12,Local,420.0,800.0,1200.0,1100.0
Maharashtra,Nasik APMC,Potato,2026-02-12,Other,293.5,750.0,1400.0,950.0
Maharashtra,Pune APMC,Potato,2026-02-12,Local,737.8,700.0,1300.0,1000.0
Maharashtra,Pune(Khadiki) APMC,Potato,2026-02-12,Local,1.6,800.0,1200.0,1000.0
Maharashtra,Pune(Manjri) APMC,Potato,2026-02-12,Other,2.0,1200.0,2000.0,1800.0
Maharashtra,Pune(Moshi) APMC,Potato,2026-02-12,Local,171.3,700.0,1000.0,850.0
Maharashtra,Rahata APMC,Potato,2026-02-12,Other,25.9,600.0,1300.0,1000.0
Maharashtra,Rahuri APMC,Potato,2026-02-12,Other,16.9,800.0,1600.0,1200.0
Maharashtra,SHRI.SIDDHESHWAR  APMC,Potato,2026-02-12,Local,38.6,650.0,1300.0,1000.0
Maharashtra,"Sangli(Phale, Bhajipala Market) APMC",Potato,2026-02-12,Local,102.0,1000.0,1400.0,1200.0
Maharashtra,Satara APMC,Potato,2026-02-12,Other,14.8,1000.0,1400.0,1200.0
Maharashtra,Shrirampur APMC,Potato,2026-02-12,Other,12.0,800.0,1300.0,1050.0
Maharashtra,Vaduj APMC,Potato,2026-02-12,Local,4.0,1200.0,1500.0,1300.0
Maharashtra,Vita APMC,Potato,2026-02-12,Other,10.0,1500.0,1600.0,1550.0
Maharashtra,Akluj APMC,Potato,2026-02-13,Local,11.0,1000.0,1300.0,1200.0
Maharashtra,Amrawati(Frui & Veg. Market) APMC,Potato,2026-02-13,Local,95.9,800.0,1300.0,1050.0
Maharashtra,Bhusaval APMC,Potato,2026-02-13,Other,6.6,1500.0,2000.0,1800.0
Maharashtra,Chandrapur(Ganjwad) APMC,Potato,2026-02-13,Other,26.8,1000.0,1300.0,1200.0
Maharashtra,Dharashiv APMC,Potato,2026-02-13,Other,8.4,700.0,1700.0,1200.0
Maharashtra,HINGNA - APMC,Potato,2026-02-13,Local,2.6,1000.0,1200.0,1100.0
Maharashtra,Jalana APMC,Potato,2026-02-13,Other,24.7,200.0,1500.0,800.0
Maharashtra,Jalgaon APMC,Potato,2026-02-13,Other,60.0,800.0,1200.0,1000.0
Maharashtra,Junnar(Narayangaon) APMC,Potato,2026-02-13,Other,13.4,200.0,1300.0,750.0
Maharashtra,Kalyan APMC,Potato,2026-02-13,Other,0.3,800.0,1000.0,900.0
Maharashtra,Kamthi APMC,Potato,2026-02-13,Local,1.4,2060.0,2560.0,2310.0
Maharashtra,Khed(Chakan) APMC,Potato,2026-02-13,Other,90.0,800.0,1200.0,1000.0
Maharashtra,Mumbai-Onion & Potato Market APMC,Potato,2026-02-13,Other,1307.8,500.0,1100.0,800.0
Maharashtra,Nasik APMC,Potato,2026-02-13,Other,381.0,700.0,1350.0,900.0
Maharashtra,Pune APMC,Potato,2026-02-13,Local,829.7,600.0,1200.0,900.0
Maharashtra,Pune(Khadiki) APMC,Potato,2026-02-13,Local,0.9,800.0,1200.0,1000.0
Maharashtra,Pune(Manjri) APMC,Potato,2026-02-13,Other,3.0,1000.0,2200.0,1800.0
Maharashtra,Pune(Moshi) APMC,Potato,2026-02-13,Local,94.4,800.0,1000.0,900.0
Maharashtra,Rahata APMC,Potato,2026-02-13,Other,8.3,500.0,1200.0,850.0
Maharashtra,SHRI.SIDDHESHWAR  APMC,Potato,2026-02-13,Local,63.7,550.0,1300.0,1000.0
Maharashtra,"Sangli(Phale, Bhajipala Market) APMC",Potato,2026-02-13,Local,80.0,1000.0,1400.0,1200.0
Maharashtra,Shrirampur APMC,Potato,2026-02-13,Other,15.0,1000.0,1400.0,1200.0
Maharashtra,Vai APMC,Potato,2026-02-13,Local,2.0,1200.0,1500.0,1350.0
Maharashtra,Ahilyanagar APMC,Potato,2026-02-14,Other,65.5,300.0,1500.0,900.0
Maharashtra,Akluj APMC,Potato,2026-02-14,Local,10.5,1000.0,1200.0,1100.0
Maharashtra,Amrawati(Frui & Veg. Market) APMC,Potato,2026-02-14,Local,67.7,700.0,1300.0,1000.0
Maharashtra,Bhusaval APMC,Potato,2026-02-14,Other,15.1,1000.0,1500.0,1200.0
Maharashtra,Chandrapur(Ganjwad) APMC,Potato,2026-02-14,Other,27.0,1000.0,1300.0,1200.0
Maharashtra,Chattrapati Sambhajinagar APMC,Potato,2026-02-14,Other,115.2,700.0,1400.0,1050.0
Maharashtra,Dharashiv APMC,Potato,2026-02-14,Other,14.1,500.0,1700.0,1100.0
Maharashtra,HINGNA - APMC,Potato,2026-02-14,Local,1.3,1000.0,1800.0,1360.0
Maharashtra,Nasik APMC,Potato,2026-02-14,Other,254.5,650.0,1300.0,850.0
Maharashtra,Pune(Manjri) APMC,Potato,2026-02-14,Other,4.3,1400.0,2000.0,1800.0
Maharashtra,Pune(Moshi) APMC,Potato,2026-02-14,Local,162.7,800.0,1000.0,900.0
Maharashtra,Pune(Pimpri) APMC,Potato,2026-02-14,Local,0.5,1200.0,1200.0,1200.0
Maharashtra,Rahata APMC,Potato,2026-02-14,Other,10.7,1100.0,1400.0,1250.0
Maharashtra,Rahuri APMC,Potato,2026-02-14,Other,26.5,800.0,1500.0,1150.0
Maharashtra,SHRI.SIDDHESHWAR  APMC,Potato,2026-02-14,Local,36.8,400.0,1250.0,900.0
Maharashtra,"Sangli(Phale, Bhajipala Market) APMC",Potato,2026-02-14,Local,108.0,700.0,1500.0,1100.0
Maharashtra,Shrirampur APMC,Potato,2026-02-14,Other,12.0,1000.0,1200.0,1100.0
Maharashtra,Vaduj APMC,Potato,2026-02-14,Local,40.0,1000.0,1500.0,1300.0
Maharashtra,Vai APMC,Potato,2026-02-14,Local,2.0,1400.0,1700.0,1650.0
Maharashtra,Akluj APMC,Potato,2026-02-15,Other,9.0,1000.0,1300.0,1200.0
Maharashtra,Bhusaval APMC,Potato,2026-02-15,Other,11.7,1000.0,1500.0,1200.0
Maharashtra,Chattrapati Sambhajinagar APMC,Potato,2026-02-15,Other,82.0,1000.0,1300.0,1150.0
Maharashtra,Junnar(Otur) APMC,Potato,2026-02-15,Local,11.8,500.0,1400.0,950.0
Maharashtra,Kamthi APMC,Potato,2026-02-15,Local,2.9,2030.0,2530.0,2280.0
Maharashtra,Khed(Chakan) APMC,Potato,2026-02-15,Other,90.0,800.0,1200.0,1000.0
Maharashtra,Pune APMC,Potato,2026-02-15,Local,813.8,600.0,1300.0,950.0
Maharashtra,Pune(Manjri) APMC,Potato,2026-02-15,Other,2.3,1400.0,2000.0,1800.0
Maharashtra,Pune(Moshi) APMC,Potato,2026-02-15,Local,85.6,800.0,1000.0,1000.0
Maharashtra,Rahata APMC,Potato,2026-02-15,Other,42.0,1000.0,1400.0,1200.0
Maharashtra,Rahuri APMC,Potato,2026-02-15,Other,7.1,1000.0,1500.0,1250.0
Maharashtra,Ramtek APMC,Potato,2026-02-15,Local,9.5,800.0,1000.0,900.0
Maharashtra,Satara APMC,Potato,2026-02-15,Other,23.5,1000.0,1400.0,1200.0
Maharashtra,Shrirampur APMC,Potato,2026-02-15,Other,14.0,1000.0,1400.0,1200.0
Maharashtra,Vaduj APMC,Potato,2026-02-15,Local,2.5,1000.0,1400.0,1200.0
Maharashtra,Vai APMC,Potato,2026-02-15,Local,1.2,1500.0,1800.0,1650.0
Maharashtra,Ahilyanagar APMC,Potato,2026-02-16,Other,81.5,400.0,1600.0,1000.0
Maharashtra,Akluj APMC,Potato,2026-02-16,Local,11.0,800.0,1200.0,1000.0
Maharashtra,Akola APMC,Potato,2026-02-16,Other,121.0,600.0,1400.0,1000.0
Maharashtra,Amrawati(Frui & Veg. Market) APMC,Potato,2026-02-16,Local,42.0,600.0,1200.0,900.0
Maharashtra,Chandrapur(Ganjwad) APMC,Potato,2026-02-16,Other,65.0,1000.0,1300.0,1200.0
Maharashtra,Chattrapati Sambhajinagar APMC,Potato,2026-02-16,Other,46.9,900.0,1200.0,1050.0
Maharashtra,HINGNA - APMC,Potato,2026-02-16,Local,3.2,1000.0,1800.0,1425.0
Maharashtra,Junnar(Narayangaon) APMC,Potato,2026-02-16,Other,10.8,200.0,1300.0,700.0
Maharashtra,Kalyan APMC,Potato,2026-02-16,Other,0.3,800.0,900.0,850.0
Maharashtra,Kamthi APMC,Potato,2026-02-16,Local,0.5,2060.0,2560.0,2310.0
Maharashtra,Manchar APMC,Potato,2026-02-16,Other,31.1,700.0,1300.0,1000.0
Maharashtra,Mumbai-Onion & Potato Market APMC,Potato,2026-02-16,Other,1313.5,600.0,1200.0,900.0
Maharashtra,Nagpur APMC,Potato,2026-02-16,Local,437.5,800.0,1200.0,1100.0
Maharashtra,Nasik APMC,Potato,2026-02-16,Other,194.5,700.0,1300.0,800.0
Maharashtra,Pune APMC,Potato,2026-02-16,Local,504.6,700.0,1300.0,1000.0
Maharashtra,Pune(Manjri) APMC,Potato,2026-02-16,Other,2.4,1000.0,1800.0,1600.0
Maharashtra,Pune(Moshi) APMC,Potato,2026-02-16,Local,77.5,900.0,1000.0,950.0
Maharashtra,Rahuri APMC,Potato,2026-02-16,Other,3.9,1000.0,1500.0,1250.0
Maharashtra,SHRI.SIDDHESHWAR  APMC,Potato,2026-02-16,Local,43.0,500.0,1300.0,1000.0
Maharashtra,"Sangli(Phale, Bhajipala Market) APMC",Potato,2026-02-16,Local,113.5,900.0,1600.0,1250.0
Maharashtra,Satara APMC,Potato,2026-02-16,Other,13.5,1000.0,1400.0,1200.0
Maharashtra,Shrirampur APMC,Potato,2026-02-16,Other,12.0,1000.0,1200.0,1100.0
Maharashtra,Vaduj APMC,Potato,2026-02-16,Local,3.5,1000.0,1400.0,1200.0
Maharashtra,Vai APMC,Potato,2026-02-16,Local,2.0,1200.0,1500.0,1350.0
Maharashtra,Akola APMC,Potato,2026-02-17,Other,77.0,600.0,1300.0,1000.0
Maharashtra,Amrawati(Frui & Veg. Market) APMC,Potato,2026-02-17,Local,43.7,600.0,1300.0,950.0
Maharashtra,Bhusaval APMC,Potato,2026-02-17,Other,6.6,1000.0,1500.0,1200.0
Maharashtra,Chandrapur(Ganjwad) APMC,Potato,2026-02-17,Other,63.5,1100.0,1300.0,1200.0
Maharashtra,Dharashiv APMC,Potato,2026-02-17,Other,13.8,600.0,1300.0,950.0
Maharashtra,HINGNA - APMC,Potato,2026-02-17,Local,0.3,1200.0,1700.0,1450.0
Maharashtra,Islampur APMC,Potato,2026-02-17,Other,4.7,1400.0,1600.0,1500.0
Maharashtra,Kalyan APMC,Potato,2026-02-17,Other,0.3,1000.0,1100.0,1000.0
Maharashtra,Kamthi APMC,Potato,2026-02-17,Local,2.2,2260.0,2560.0,2310.0
Maharashtra,Khed(Chakan) APMC,Potato,2026-02-17,Other,80.0,800.0,1200.0,1000.0
Maharashtra,Manchar APMC,Potato,2026-02-17,Other,72.9,700.0,1400.0,1050.0
Maharashtra,Mumbai-Onion & Potato Market APMC,Potato,2026-02-17,Other,704.8,600.0,1200.0,900.0
Maharashtra,Nagpur APMC,Potato,2026-02-17,Local,315.0,800.0,1200.0,1100.0
Maharashtra,Nasik APMC,Potato,2026-02-17,Other,225.0,650.0,1350.0,800.0
Maharashtra,Pune APMC,Potato,2026-02-17,Local,503.6,800.0,1300.0,1050.0
Maharashtra,Pune(Khadiki) APMC,Potato,2026-02-17,Local,1.9,800.0,1300.0,1050.0
Maharashtra,Pune(Manjri) APMC,Potato,2026-02-17,Other,2.1,1200.0,1800.0,1600.0
Maharashtra,Pune(Moshi) APMC,Potato,2026-02-17,Local,40.0,700.0,1000.0,850.0
Maharashtra,Rahata APMC,Potato,2026-02-17,Other,44.0,1000.0,1200.0,1100.0
Maharashtra,Rahuri APMC,Potato,2026-02-17,Other,6.7,500.0,1600.0,1050.0
Maharashtra,Ramtek APMC,Potato,2026-02-17,Local,1.5,800.0,1000.0,900.0
Maharashtra,SHRI.SIDDHESHWAR  APMC,Potato,2026-02-17,Local,151.6,500.0,1200.0,800.0
Maharashtra,"Sangli(Phale, Bhajipala Market) APMC",Potato,2026-02-17,Local,24.0,800.0,1600.0,1200.0
Maharashtra,Satara APMC,Potato,2026-02-17,Other,18.7,1000.0,1400.0,1200.0
Maharashtra,Vaduj APMC,Potato,2026-02-17,Local,2.0,1000.0,1400.0,1200.0
Maharashtra,Akluj APMC,Potato,2026-02-18,Local,10.5,1000.0,1400.0,1300.0
Maharashtra,Akola APMC,Potato,2026-02-18,Other,75.0,600.0,1400.0,1000.0
Maharashtra,Amrawati(Frui & Veg. Market) APMC,Potato,2026-02-18,Local,48.8,600.0,1400.0,1000.0
Maharashtra,Bhusaval APMC,Potato,2026-02-18,Other,5.4,1000.0,1500.0,1200.0
Maharashtra,Chandrapur(Ganjwad) APMC,Potato,2026-02-18,Other,42.0,1100.0,1300.0,1200.0
Maharashtra,Chattrapati Sambhajinagar APMC,Potato,2026-02-18,Other,77.0,600.0,1200.0,900.0
Maharashtra,Dharashiv APMC,Potato,2026-02-18,Other,15.8,700.0,1500.0,1100.0
Maharashtra,HINGNA - APMC,Potato,2026-02-18,Local,0.6,1200.0,1500.0,1400.0
Maharashtra,Junnar(Narayangaon) APMC,Potato,2026-02-18,Other,15.5,300.0,1400.0,800.0
Maharashtra,Kamthi APMC,Potato,2026-02-18,Local,0.5,2020.0,2520.0,2270.0
Maharashtra,Khed(Chakan) APMC,Potato,2026-02-18,Other,110.0,800.0,1200.0,1000.0
Maharashtra,Mumbai-Onion & Potato Market APMC,Potato,2026-02-18,Other,989.1,500.0,1200.0,850.0
Maharashtra,Nagpur APMC,Potato,2026-02-18,Local,315.0,800.0,1000.0,950.0
Maharashtra,Nasik APMC,Potato,2026-02-18,Other,267.1,650.0,1300.0,800.0
Maharashtra,Pune APMC,Potato,2026-02-18,Local,578.5,800.0,1300.0,1050.0
Maharashtra,Pune(Manjri) APMC,Potato,2026-02-18,Other,2.4,1400.0,2000.0,1800.0
Maharashtra,Pune(Pimpri) APMC,Potato,2026-02-18,Local,0.1,500.0,500.0,500.0
Maharashtra,Rahata APMC,Potato,2026-02-18,Other,10.6,1000.0,1100.0,1050.0
Maharashtra,Rahuri APMC,Potato,2026-02-18,Other,6.1,600.0,1500.0,1050.0
Maharashtra,SHRI.SIDDHESHWAR  APMC,Potato,2026-02-18,Local,65.4,700.0,1250.0,1000.0
Maharashtra,"Sangli(Phale, Bhajipala Market) APMC",Potato,2026-02-18,Local,73.0,700.0,1500.0,1100.0
Maharashtra,Satara APMC,Potato,2026-02-18,Other,10.8,1000.0,1400.0,1200.0
Maharashtra,Shrirampur APMC,Potato,2026-02-18,Other,14.0,1000.0,1400.0,1200.0
Maharashtra,Vaduj APMC,Potato,2026-02-18,Local,2.5,1000.0,1400.0,1200.0
Maharashtra,Ahilyanagar APMC,Potato,2026-02-19,Other,75.7,300.0,1900.0,1100.0
Maharashtra,Akluj APMC,Potato,2026-02-19,Other,10.5,900.0,1300.0,1000.0
Maharashtra,Bhusaval APMC,Potato,2026-02-19,Other,11.8,1000.0,1500.0,1200.0
Maharashtra,Dharashiv APMC,Potato,2026-02-19,Other,12.3,600.0,1400.0,1000.0
Maharashtra,HINGNA - APMC,Potato,2026-02-19,Local,1.5,700.0,1400.0,1050.0
Maharashtra,Islampur APMC,Potato,2026-02-19,Other,7.2,1000.0,1400.0,1200.0
Maharashtra,Junnar(Narayangaon) APMC,Potato,2026-02-19,Other,14.4,200.0,1400.0,750.0
Maharashtra,Junnar(Otur) APMC,Potato,2026-02-19,Local,21.3,500.0,1500.0,1200.0
Maharashtra,Kalyan APMC,Potato,2026-02-19,Other,0.3,800.0,1000.0,900.0
Maharashtra,Kamthi APMC,Potato,2026-02-19,Local,1.5,2040.0,2560.0,2300.0
Maharashtra,Khed(Chakan) APMC,Potato,2026-02-19,Other,90.0,800.0,1300.0,1000.0
Maharashtra,Pune APMC,Potato,2026-02-19,Local,530.3,800.0,1300.0,1050.0
Maharashtra,Pune(Manjri) APMC,Potato,2026-02-19,Other,2.1,1400.0,2000.0,1600.0
Maharashtra,Pune(Moshi) APMC,Potato,2026-02-19,Local,115.0,400.0,1200.0,800.0
Maharashtra,Rahata APMC,Potato,2026-02-19,Other,15.2,1000.0,1200.0,1100.0
Maharashtra,"Sangli(Phale, Bhajipala Market) APMC",Potato,2026-02-19,Local,92.0,800.0,1600.0,1200.0
Maharashtra,Satara APMC,Potato,2026-02-19,Other,7.5,1000.0,1400.0,1200.0
Maharashtra,Shrirampur APMC,Potato,2026-02-19,Other,11.0,1000.0,1200.0,1100.0
Maharashtra,Ahilyanagar APMC,Potato,2026-02-20,Other,51.2,400.0,1600.0,1000.0
Maharashtra,Akluj APMC,Potato,2026-02-20,Local,11.0,900.0,1300.0,1200.0
Maharashtra,Akola APMC,Potato,2026-02-20,Other,114.0,500.0,1400.0,1000.0
Maharashtra,Amrawati(Frui & Veg. Market) APMC,Potato,2026-02-20,Local,48.0,500.0,1500.0,1000.0
Maharashtra,Bhusaval APMC,Potato,2026-02-20,Other,10.8,1000.0,1500.0,1200.0
Maharashtra,Chandrapur(Ganjwad) APMC,Potato,2026-02-20,Other,44.0,1100.0,1300.0,1200.0
Maharashtra,Dharashiv APMC,Potato,2026-02-20,Other,19.5,500.0,1500.0,1000.0
Maharashtra,HINGNA - APMC,Potato,2026-02-20,Local,2.6,1000.0,1200.0,1100.0
Maharashtra,Islampur APMC,Potato,2026-02-20,Other,6.0,1300.0,1600.0,1450.0
Maharashtra,Jalgaon APMC,Potato,2026-02-20,Other,50.0,500.0,1300.0,900.0
Maharashtra,Junnar(Narayangaon) APMC,Potato,2026-02-20,Other,23.1,200.0,1300.0,700.0
Maharashtra,Kalyan APMC,Potato,2026-02-20,Other,0.3,1000.0,1400.0,1200.0
Maharashtra,Kamthi APMC,Potato,2026-02-20,Local,3.7,2060.0,2560.0,2310.0
Maharashtra,Khed(Chakan) APMC,Potato,2026-02-20,Other,100.0,800.0,1300.0,1000.0
Maharashtra,Mumbai-Onion & Potato Market APMC,Potato,2026-02-20,Other,1335.6,600.0,1200.0,900.0
Maharashtra,Nasik APMC,Potato,2026-02-20,Other,361.0,750.0,1400.0,900.0
Maharashtra,Pune APMC,Potato,2026-02-20,Local,724.3,700.0,1300.0,1000.0
Maharashtra,Pune(Manjri) APMC,Potato,2026-02-20,Other,1.9,1200.0,2000.0,1800.0
Maharashtra,Pune(Moshi) APMC,Potato,2026-02-20,Local,81.9,700.0,1000.0,850.0
Maharashtra,Rahata APMC,Potato,2026-02-20,Other,14.1,1000.0,1200.0,1100.0
Maharashtra,SHRI.SIDDHESHWAR  APMC,Potato,2026-02-20,Local,87.1,500.0,1200.0,1000.0
Maharashtra,"Sangli(Phale, Bhajipala Market) APMC",Potato,2026-02-20,Local,129.0,800.0,1600.0,1200.0
Maharashtra,Shrirampur APMC,Potato,2026-02-20,Other,14.0,1000.0,1400.0,1200.0
Maharashtra,Vai APMC,Potato,2026-02-20,Local,2.5,1200.0,1500.0,1350.0
Maharashtra,Akluj APMC,Potato,2026-02-21,Local,9.0,1000.0,1400.0,1200.0
Maharashtra,Akola APMC,Potato,2026-02-21,Other,73.0,600.0,1300.0,1000.0
Maharashtra,Amrawati(Frui & Veg. Market) APMC,Potato,2026-02-21,Local,50.9,700.0,1400.0,1050.0
Maharashtra,Bhusaval APMC,Potato,2026-02-21,Other,7.6,1000.0,1500.0,1200.0
Maharashtra,Chandrapur(Ganjwad) APMC,Potato,2026-02-21,Other,31.0,1000.0,1300.0,1200.0
Maharashtra,Chattrapati Sambhajinagar APMC,Potato,2026-02-21,Other,65.5,800.0,1000.0,900.0
Maharashtra,Dharashiv APMC,Potato,2026-02-21,Other,8.3,500.0,1500.0,1000.0
Maharashtra,HINGNA - APMC,Potato,2026-02-21,Local,0.5,1400.0,1800.0,1566.0
Maharashtra,Jalgaon APMC,Potato,2026-02-21,Other,37.5,500.0,1300.0,900.0
Maharashtra,Khed(Chakan) APMC,Potato,2026-02-21,Other,150.0,800.0,1200.0,1000.0
Maharashtra,Nagpur APMC,Potato,2026-02-21,Local,490.0,800.0,1000.0,950.0
Maharashtra,Nasik APMC,Potato,2026-02-21,Other,187.0,700.0,1300.0,800.0
Maharashtra,Pune(Khadiki) APMC,Potato,2026-02-21,Local,1.6,900.0,1200.0,1050.0
Maharashtra,Pune(Manjri) APMC,Potato,2026-02-21,Other,2.6,1300.0,2000.0,1600.0
Maharashtra,Pune(Moshi) APMC,Potato,2026-02-21,Local,41.7,800.0,1000.0,900.0
Maharashtra,Rahata APMC,Potato,2026-02-21,Other,35.5,1000.0,1200.0,1100.0
Maharashtra,Rahuri APMC,Potato,2026-02-21,Other,20.4,1000.0,1300.0,1150.0
Maharashtra,SHRI.SIDDHESHWAR  APMC,Potato,2026-02-21,Local,50.6,500.0,1300.0,1000.0
Maharashtra,"Sangli(Phale, Bhajipala Market) APMC",Potato,2026-02-21,Local,86.0,700.0,1500.0,1100.0
Maharashtra,Satara APMC,Potato,2026-02-21,Other,37.8,1000.0,1800.0,1400.0
Maharashtra,Shrirampur APMC,Potato,2026-02-21,Other,12.0,1000.0,1200.0,1100.0
Maharashtra,Vaduj APMC,Potato,2026-02-21,Local,9.0,1000.0,1400.0,1200.0
Maharashtra,Akluj APMC,Potato,2026-02-22,Local,11.0,1000.0,1400.0,1300.0
Maharashtra,Amrawati(Frui & Veg. Market) APMC,Potato,2026-02-22,Local,61.6,700.0,1500.0,1100.0
Maharashtra,Bhusaval APMC,Potato,2026-02-22,Other,15.8,1000.0,1500.0,1200.0
Maharashtra,Dharashiv APMC,Potato,2026-02-22,Other,29.9,400.0,1500.0,950.0
Maharashtra,Islampur APMC,Potato,2026-02-22,Other,3.2,1200.0,1500.0,1350.0
Maharashtra,Junnar(Otur) APMC,Potato,2026-02-22,Local,33.8,500.0,1500.0,1000.0
Maharashtra,Kalyan APMC,Potato,2026-02-22,Other,0.3,800.0,1000.0,900.0
Maharashtra,Khed(Chakan) APMC,Potato,2026-02-22,Other,100.0,800.0,1200.0,1000.0
Maharashtra,Manchar APMC,Potato,2026-02-22,Other,36.6,600.0,1300.0,900.0
Maharashtra,Pune APMC,Potato,2026-02-22,Local,717.8,700.0,1300.0,1000.0
Maharashtra,Pune(Khadiki) APMC,Potato,2026-02-22,Local,1.3,800.0,1200.0,1000.0
Maharashtra,Pune(Manjri) APMC,Potato,2026-02-22,Other,2.0,1400.0,2000.0,1800.0
Maharashtra,Pune(Moshi) APMC,Potato,2026-02-22,Local,65.1,800.0,1000.0,900.0
Maharashtra,Pune(Pimpri) APMC,Potato,2026-02-22,Local,0.2,1200.0,1200.0,1200.0
Maharashtra,Rahata APMC,Potato,2026-02-22,Other,41.1,1000.0,1200.0,1100.0
Maharashtra,Rahuri APMC,Potato,2026-02-22,Other,6.9,500.0,1500.0,1000.0
Maharashtra,Satara APMC,Potato,2026-02-22,Other,22.6,1000.0,1800.0,1400.0
Maharashtra,Shrirampur APMC,Potato,2026-02-22,Other,14.0,1000.0,1400.0,1200.0
Maharashtra,Vaduj APMC,Potato,2026-02-22,Local,4.0,1000.0,1400.0,1200.0
Maharashtra,Akluj APMC,Potato,2026-02-23,Local,9.0,1000.0,1300.0,1200.0
Maharashtra,Akola APMC,Potato,2026-02-23,Other,94.0,600.0,1300.0,1000.0
Maharashtra,Amrawati(Frui & Veg. Market) APMC,Potato,2026-02-23,Local,64.6,600.0,1500.0,1050.0
Maharashtra,Chattrapati Sambhajinagar APMC,Potato,2026-02-23,Other,54.0,700.0,1200.0,950.0
Maharashtra,HINGNA - APMC,Potato,2026-02-23,Local,3.1,1000.0,1400.0,1250.0
Maharashtra,Jalgaon APMC,Potato,2026-02-23,Other,47.0,500.0,1000.0,750.0
Maharashtra,Junnar(Narayangaon) APMC,Potato,2026-02-23,Other,14.4,200.0,1500.0,850.0
Maharashtra,Kalyan APMC,Potato,2026-02-23,Other,0.3,1000.0,1400.0,1200.0
Maharashtra,Manchar APMC,Potato,2026-02-23,Other,22.1,500.0,1100.0,800.0
Maharashtra,Mumbai-Onion & Potato Market APMC,Potato,2026-02-23,Other,1496.5,600.0,1200.0,900.0
Maharashtra,Nagpur APMC,Potato,2026-02-23,Local,437.5,800.0,1000.0,950.0
Maharashtra,Nasik APMC,Potato,2026-02-23,Other,260.5,650.0,1300.0,800.0
Maharashtra,Pune(Khadiki) APMC,Potato,2026-02-23,Local,1.4,800.0,1200.0,1000.0
Maharashtra,Pune(Manjri) APMC,Potato,2026-02-23,Other,2.2,1400.0,2000.0,1500.0
Maharashtra,Pune(Moshi) APMC,Potato,2026-02-23,Local,65.6,700.0,1000.0,850.0
Maharashtra,Pune(Pimpri) APMC,Potato,2026-02-23,Local,0.2,1000.0,1000.0,1000.0
Maharashtra,Rahuri APMC,Potato,2026-02-23,Other,6.1,500.0,2000.0,1250.0
Maharashtra,SHRI.SIDDHESHWAR  APMC,Potato,2026-02-23,Local,39.2,400.0,1300.0,1000.0
Maharashtra,"Sangli(Phale, Bhajipala Market) APMC",Potato,2026-02-23,Local,145.5,900.0,1500.0,1200.0
Maharashtra,Satara APMC,Potato,2026-02-23,Other,14.8,1000.0,1800.0,1400.0
Maharashtra,Shrirampur APMC,Potato,2026-02-23,Other,11.0,800.0,1200.0,1000.0
Maharashtra,Vaduj APMC,Potato,2026-02-23,Local,2.0,1000.0,1400.0,1200.0
Maharashtra,Akola APMC,Potato,2026-02-24,Other,74.0,500.0,1300.0,1000.0
Maharashtra,Amrawati(Frui & Veg. Market) APMC,Potato,2026-02-24,Local,71.7,700.0,1400.0,1050.0
Maharashtra,Bhusaval APMC,Potato,2026-02-24,Other,7.2,1000.0,1500.0,1200.0
Maharashtra,Chandrapur(Ganjwad) APMC,Potato,2026-02-24,Other,60.0,1100.0,1300.0,1200.0
Maharashtra,Chattrapati Sambhajinagar APMC,Potato,2026-02-24,Other,39.0,1000.0,1400.0,1200.0
Maharashtra,Dharashiv APMC,Potato,2026-02-24,Other,13.8,600.0,1500.0,1050.0
Maharashtra,HINGNA - APMC,Potato,2026-02-24,Local,1.2,900.0,1600.0,1350.0
Maharashtra,Jalgaon APMC,Potato,2026-02-24,Other,37.7,500.0,1200.0,850.0
Maharashtra,Kalyan APMC,Potato,2026-02-24,Other,0.3,500.0,700.0,600.0
Maharashtra,Khed(Chakan) APMC,Potato,2026-02-24,Other,90.0,800.0,1200.0,1000.0
Maharashtra,Manchar APMC,Potato,2026-02-24,Other,20.2,600.0,1300.0,950.0
Maharashtra,Mumbai-Onion & Potato Market APMC,Potato,2026-02-24,Other,1186.1,600.0,1100.0,850.0
Maharashtra,Nagpur APMC,Potato,2026-02-24,Local,595.0,600.0,1000.0,900.0
Maharashtra,Nasik APMC,Potato,2026-02-24,Other,231.0,700.0,1350.0,850.0
Maharashtra,Pune APMC,Potato,2026-02-24,Local,595.9,600.0,1400.0,1000.0
Maharashtra,Pune(Khadiki) APMC,Potato,2026-02-24,Local,1.3,800.0,1200.0,1000.0
Maharashtra,Pune(Manjri) APMC,Potato,2026-02-24,Other,1.2,1200.0,2000.0,1800.0
Maharashtra,Rahuri APMC,Potato,2026-02-24,Other,9.5,1000.0,1500.0,1250.0
Maharashtra,Ramtek APMC,Potato,2026-02-24,Local,1.9,800.0,1000.0,900.0
Maharashtra,SHRI.SIDDHESHWAR  APMC,Potato,2026-02-24,Local,126.5,500.0,1200.0,1000.0
Maharashtra,"Sangli(Phale, Bhajipala Market) APMC",Potato,2026-02-24,Local,85.0,800.0,1500.0,1150.0
Maharashtra,Satara APMC,Potato,2026-02-24,Other,23.0,1000.0,1800.0,1400.0
Maharashtra,Vaduj APMC,Potato,2026-02-24,Local,2.5,1000.0,1400.0,1200.0
Maharashtra,Akluj APMC,Potato,2026-02-25,Local,11.5,1000.0,1400.0,1200.0
Maharashtra,Akola APMC,Potato,2026-02-25,Other,77.0,500.0,1300.0,900.0
Maharashtra,Amrawati(Frui & Veg. Market) APMC,Potato,2026-02-25,Local,80.8,600.0,1500.0,1050.0
Maharashtra,Bhusaval APMC,Potato,2026-02-25,Other,7.9,1000.0,1500.0,1200.0
Maharashtra,Chattrapati Sambhajinagar APMC,Potato,2026-02-25,Other,77.0,700.0,1200.0,950.0
Maharashtra,Dharashiv APMC,Potato,2026-02-25,Other,14.0,700.0,1500.0,1100.0
Maharashtra,HINGNA - APMC,Potato,2026-02-25,Local,3.2,1000.0,1400.0,1200.0
Maharashtra,Jalgaon APMC,Potato,2026-02-25,Other,60.0,600.0,1000.0,800.0
Maharashtra,Junnar(Narayangaon) APMC,Potato,2026-02-25,Other,22.8,200.0,1400.0,750.0
Maharashtra,Kalyan APMC,Potato,2026-02-25,Other,0.3,800.0,1000.0,900.0
Maharashtra,Khed(Chakan) APMC,Potato,2026-02-25,Other,100.0,800.0,1200.0,1000.0
Maharashtra,Mumbai-Onion & Potato Market APMC,Potato,2026-02-25,Other,1073.5,600.0,1100.0,850.0
Maharashtra,Nagpur APMC,Potato,2026-02-25,Local,525.0,600.0,1000.0,900.0
Maharashtra,Nasik APMC,Potato,2026-02-25,Other,225.6,600.0,1300.0,800.0
Maharashtra,Pune(Manjri) APMC,Potato,2026-02-25,Other,2.4,1400.0,2000.0,1600.0
Maharashtra,Rahuri APMC,Potato,2026-02-25,Other,5.5,800.0,1500.0,1150.0
Maharashtra,SHRI.SIDDHESHWAR  APMC,Potato,2026-02-25,Local,19.0,400.0,1350.0,900.0
Maharashtra,"Sangli(Phale, Bhajipala Market) APMC",Potato,2026-02-25,Local,127.5,900.0,1500.0,1200.0
Maharashtra,Satara APMC,Potato,2026-02-25,Other,16.6,1000.0,1800.0,1400.0
Maharashtra,Shrirampur APMC,Potato,2026-02-25,Other,14.0,1000.0,1400.0,1200.0
Maharashtra,Vaduj APMC,Potato,2026-02-25,Local,3.0,1000.0,1400.0,1200.0
Maharashtra,APMC CHANDRAPUR,Potato,2026-02-26,Other,93.0,1100.0,1300.0,1200.0
Maharashtra,Ahilyanagar APMC,Potato,2026-02-26,Other,89.1,400.0,1600.0,1000.0
Maharashtra,Akluj APMC,Potato,2026-02-26,Local,9.0,900.0,1300.0,1200.0
Maharashtra,Akola APMC,Potato,2026-02-26,Other,97.0,600.0,1300.0,900.0
Maharashtra,Bhusaval APMC,Potato,2026-02-26,Other,8.4,1000.0,1500.0,1200.0
Maharashtra,Dharashiv APMC,Potato,2026-02-26,Other,13.6,700.0,1500.0,1100.0
Maharashtra,HINGNA - APMC,Potato,2026-02-26,Local,0.5,1400.0,1500.0,1466.0
Maharashtra,Jalgaon APMC,Potato,2026-02-26,Other,55.3,600.0,1300.0,950.0
Maharashtra,Junnar APMC,Potato,2026-02-26,Local,32.2,600.0,1100.0,900.0
Maharashtra,Junnar(Narayangaon) APMC,Potato,2026-02-26,Other,11.2,200.0,1300.0,700.0
Maharashtra,Junnar(Otur) APMC,Potato,2026-02-26,Local,31.9,300.0,1500.0,1000.0
Maharashtra,Kalyan APMC,Potato,2026-02-26,Other,1.3,1100.0,1200.0,1150.0
Maharashtra,Khed(Chakan) APMC,Potato,2026-02-26,Other,75.0,800.0,1200.0,1000.0
Maharashtra,Mumbai-Onion & Potato Market APMC,Potato,2026-02-26,Other,947.0,500.0,1000.0,750.0
Maharashtra,Nagpur APMC,Potato,2026-02-26,Local,612.5,500.0,1000.0,925.0
Maharashtra,Nasik APMC,Potato,2026-02-26,Other,182.5,600.0,1300.0,750.0
Maharashtra,Pune APMC,Potato,2026-02-26,Local,722.5,700.0,1300.0,1000.0
Maharashtra,Pune(Khadiki) APMC,Potato,2026-02-26,Local,1.0,700.0,1200.0,950.0
Maharashtra,Pune(Manjri) APMC,Potato,2026-02-26,Other,2.1,1400.0,1800.0,1600.0
Maharashtra,Pune(Moshi) APMC,Potato,2026-02-26,Local,154.8,800.0,1100.0,950.0
Maharashtra,Pune(Pimpri) APMC,Potato,2026-02-26,Local,0.4,1000.0,1100.0,1050.0
Maharashtra,Rahata APMC,Potato,2026-02-26,Other,32.9,800.0,1200.0,1000.0
Maharashtra,SHRI.SIDDHESHWAR  APMC,Potato,2026-02-26,Local,60.0,500.0,1300.0,900.0
Maharashtra,"Sangli(Phale, Bhajipala Market) APMC",Potato,2026-02-26,Local,101.0,800.0,1500.0,1150.0
Maharashtra,Satara APMC,Potato,2026-02-26,Other,29.0,1000.0,1800.0,1400.0
Maharashtra,Shrirampur APMC,Potato,2026-02-26,Other,12.0,1000.0,1500.0,1250.0
Maharashtra,Vaduj APMC,Potato,2026-02-26,Local,1.5,1000.0,1400.0,1200.0
Maharashtra,Akluj APMC,Potato,2026-02-27,Local,13.0,1000.0,1300.0,1100.0
Maharashtra,Akola APMC,Potato,2026-02-27,Other,117.0,600.0,1300.0,900.0
Maharashtra,Amrawati(Frui & Veg. Market) APMC,Potato,2026-02-27,Local,64.4,600.0,1400.0,1000.0
Maharashtra,Bhusaval APMC,Potato,2026-02-27,Other,10.5,1000.0,1500.0,1200.0
Maharashtra,Chandrapur(Ganjwad) APMC,Potato,2026-02-27,Other,30.0,1100.0,1300.0,1200.0
Maharashtra,Dharashiv APMC,Potato,2026-02-27,Other,7.5,700.0,1400.0,1050.0
Maharashtra,HINGNA - APMC,Potato,2026-02-27,Local,2.5,1000.0,1000.0,1000.0
Maharashtra,Jalgaon APMC,Potato,2026-02-27,Other,40.0,500.0,1400.0,950.0
Maharashtra,Junnar(Narayangaon) APMC,Potato,2026-02-27,Other,13.0,200.0,1300.0,750.0
Maharashtra,Kalyan APMC,Potato,2026-02-27,Other,0.3,800.0,1000.0,900.0
Maharashtra,Khed(Chakan) APMC,Potato,2026-02-27,Other,90.0,800.0,1200.0,1000.0
Maharashtra,Mumbai-Onion & Potato Market APMC,Potato,2026-02-27,Other,911.1,600.0,1100.0,850.0
Maharashtra,Nasik APMC,Potato,2026-02-27,Other,300.0,650.0,1250.0,800.0
Maharashtra,Pune APMC,Potato,2026-02-27,Local,811.5,600.0,1300.0,950.0
Maharashtra,Pune(Khadiki) APMC,Potato,2026-02-27,Local,0.8,800.0,1200.0,1000.0
Maharashtra,Pune(Manjri) APMC,Potato,2026-02-27,Other,2.3,1400.0,1800.0,1600.0
Maharashtra,Pune(Moshi) APMC,Potato,2026-02-27,Local,98.2,800.0,1200.0,1000.0
Maharashtra,Pune(Pimpri) APMC,Potato,2026-02-27,Local,0.1,1000.0,1000.0,1000.0
Maharashtra,Rahata APMC,Potato,2026-02-27,Other,8.0,1100.0,1200.0,1150.0
Maharashtra,SHRI.SIDDHESHWAR  APMC,Potato,2026-02-27,Local,91.6,500.0,1200.0,800.0
Maharashtra,"Sangli(Phale, Bhajipala Market) APMC",Potato,2026-02-27,Local,67.3,800.0,1500.0,1150.0
Maharashtra,Shrirampur APMC,Potato,2026-02-27,Other,14.0,1000.0,1500.0,1250.0
Maharashtra,Vai APMC,Potato,2026-02-27,Local,1.5,1200.0,1500.0,1400.0
Maharashtra,Ahilyanagar APMC,Potato,2026-02-28,Other,37.3,300.0,1600.0,950.0
Maharashtra,Akluj APMC,Potato,2026-02-28,Local,11.0,1000.0,1400.0,1200.0
Maharashtra,Akola APMC,Potato,2026-02-28,Other,78.0,500.0,1300.0,900.0
Maharashtra,Amrawati(Frui & Veg. Market) APMC,Potato,2026-02-28,Local,61.5,600.0,1500.0,1050.0
Maharashtra,Bhusaval APMC,Potato,2026-02-28,Other,15.8,1000.0,1500.0,1200.0
Maharashtra,Chandrapur(Ganjwad) APMC,Potato,2026-02-28,Other,88.0,1100.0,1300.0,1200.0
Maharashtra,Chattrapati Sambhajinagar APMC,Potato,2026-02-28,Other,64.5,700.0,1000.0,875.0
Maharashtra,HINGNA - APMC,Potato,2026-02-28,Local,0.3,1500.0,1500.0,1500.0
Maharashtra,Jalgaon APMC,Potato,2026-02-28,Other,60.0,500.0,1300.0,900.0
Maharashtra,Nagpur APMC,Potato,2026-02-28,Local,470.0,500.0,1000.0,875.0
Maharashtra,Nasik APMC,Potato,2026-02-28,Other,289.1,600.0,1300.0,750.0
Maharashtra,Pune(Manjri) APMC,Potato,2026-02-28,Other,3.7,1400.0,1800.0,1600.0
Maharashtra,Pune(Moshi) APMC,Potato,2026-02-28,Local,109.9,900.0,1000.0,950.0
Maharashtra,Pune(Pimpri) APMC,Potato,2026-02-28,Local,0.1,1000.0,1000.0,1000.0
Maharashtra,Rahata APMC,Potato,2026-02-28,Other,23.0,1000.0,1100.0,1050.0
Maharashtra,Rahuri APMC,Potato,2026-02-28,Other,10.6,300.0,1500.0,900.0
Maharashtra,SHRI.SIDDHESHWAR  APMC,Potato,2026-02-28,Local,103.7,400.0,1200.0,900.0
Maharashtra,"Sangli(Phale, Bhajipala Market) APMC",Potato,2026-02-28,Local,94.0,900.0,1500.0,1200.0
Maharashtra,Satara APMC,Potato,2026-02-28,Other,24.5,1000.0,1800.0,1400.0
Maharashtra,Shrirampur APMC,Potato,2026-02-28,Other,11.0,800.0,1000.0,900.0
Maharashtra,Vaduj APMC,Potato,2026-02-28,Local,3.0,1000.0,1400.0,1200.0
Maharashtra,Vai APMC,Potato,2026-02-28,Local,2.0,1200.0,1500.0,1350.0
Maharashtra,Ahilyanagar APMC,Potato,2026-03-01,Other,60.5,200.0,1600.0,900.0
Maharashtra,Akluj APMC,Potato,2026-03-01,Local,8.0,1000.0,1300.0,1200.0
Maharashtra,Amrawati(Frui & Veg. Market) APMC,Potato,2026-03-01,Local,71.8,600.0,1400.0,1000.0
Maharashtra,Bhusaval APMC,Potato,2026-03-01,Other,16.1,1000.0,1500.0,1200.0
Maharashtra,Chattrapati Sambhajinagar APMC,Potato,2026-03-01,Other,75.0,700.0,1200.0,950.0
Maharashtra,Junnar(Narayangaon) APMC,Potato,2026-03-01,Other,11.0,200.0,1500.0,850.0
Maharashtra,Junnar(Otur) APMC,Potato,2026-03-01,Local,27.4,500.0,1600.0,1050.0
Maharashtra,Kalyan APMC,Potato,2026-03-01,Other,0.3,800.0,900.0,850.0
Maharashtra,Kamthi APMC,Potato,2026-03-01,Local,2.5,2070.0,2570.0,2320.0
Maharashtra,Khed(Chakan) APMC,Potato,2026-03-01,Other,90.0,800.0,1300.0,1000.0
Maharashtra,Manchar APMC,Potato,2026-03-01,Other,17.1,800.0,1300.0,1055.0
Maharashtra,Pune APMC,Potato,2026-03-01,Local,983.4,600.0,1300.0,950.0
Maharashtra,Pune(Khadiki) APMC,Potato,2026-03-01,Local,1.4,800.0,1200.0,1000.0
Maharashtra,Pune(Manjri) APMC,Potato,2026-03-01,Other,2.7,1200.0,2000.0,1800.0
Maharashtra,Pune(Moshi) APMC,Potato,2026-03-01,Local,86.1,700.0,1000.0,850.0
Maharashtra,Pune(Pimpri) APMC,Potato,2026-03-01,Local,0.2,1000.0,1000.0,1000.0
Maharashtra,Rahata APMC,Potato,2026-03-01,Other,50.2,500.0,1200.0,800.0
Maharashtra,Rahuri APMC,Potato,2026-03-01,Other,15.1,500.0,1300.0,900.0
Maharashtra,Satara APMC,Potato,2026-03-01,Other,9.5,1000.0,1800.0,1400.0
Maharashtra,Shrirampur APMC,Potato,2026-03-01,Other,13.0,800.0,1200.0,1000.0
Maharashtra,Vaduj APMC,Potato,2026-03-01,Local,6.0,1000.0,1500.0,1300.0
Maharashtra,Vai APMC,Potato,2026-03-01,Local,1.2,1300.0,1600.0,1450.0
Maharashtra,Akluj APMC,Potato,2026-03-02,Local,13.5,1000.0,1300.0,1200.0
Maharashtra,Akola APMC,Potato,2026-03-02,Other,158.0,500.0,1300.0,900.0
Maharashtra,Amrawati(Frui & Veg. Market) APMC,Potato,2026-03-02,Local,66.3,600.0,1500.0,1050.0
Maharashtra,Chandrapur(Ganjwad) APMC,Potato,2026-03-02,Other,48.0,1000.0,1300.0,1200.0
Maharashtra,Chattrapati Sambhajinagar APMC,Potato,2026-03-02,Other,65.0,500.0,1300.0,900.0
Maharashtra,Kalyan APMC,Potato,2026-03-02,Other,0.3,800.0,1000.0,900.0
Maharashtra,Mumbai-Onion & Potato Market APMC,Potato,2026-03-02,Other,871.5,500.0,1100.0,800.0
Maharashtra,Nasik APMC,Potato,2026-03-02,Other,207.0,600.0,1200.0,800.0
Maharashtra,Pune(Khadiki) APMC,Potato,2026-03-02,Local,1.6,700.0,1200.0,950.0
Maharashtra,Pune(Manjri) APMC,Potato,2026-03-02,Other,2.7,1200.0,1800.0,1600.0
Maharashtra,Rahuri APMC,Potato,2026-03-02,Other,8.3,700.0,1700.0,1200.0
Maharashtra,SHRI.SIDDHESHWAR  APMC,Potato,2026-03-02,Local,67.3,400.0,1400.0,800.0
Maharashtra,"Sangli(Phale, Bhajipala Market) APMC",Potato,2026-03-02,Local,110.0,800.0,1500.0,1150.0
Maharashtra,Satara APMC,Potato,2026-03-02,Other,20.0,1000.0,1800.0,1400.0
Maharashtra,Shrirampur APMC,Potato,2026-03-02,Other,12.0,800.0,1000.0,900.0
Maharashtra,Vaduj APMC,Potato,2026-03-02,Local,2.5,1000.0,1500.0,1200.0
Maharashtra,Vai APMC,Potato,2026-03-02,Local,2.0,1200.0,1500.0,1350.0
Maharashtra,Amrawati(Frui & Veg. Market) APMC,Potato,2026-03-03,Local,0.3,700.0,1500.0,1100.0
Maharashtra,Dharashiv APMC,Potato,2026-03-03,Other,9.6,600.0,1600.0,1100.0
Maharashtra,Kalyan APMC,Potato,2026-03-03,Other,0.3,1100.0,1200.0,1150.0
Maharashtra,Khed(Chakan) APMC,Potato,2026-03-03,Other,90.0,800.0,1300.0,1000.0
Maharashtra,Manchar APMC,Potato,2026-03-03,Other,13.8,500.0,1300.0,925.0
Maharashtra,Nasik APMC,Potato,2026-03-03,Other,131.5,650.0,1250.0,800.0
Maharashtra,Pune(Manjri) APMC,Potato,2026-03-03,Other,0.5,1200.0,1800.0,1600.0
Maharashtra,Rahuri APMC,Potato,2026-03-03,Other,11.4,500.0,1600.0,1050.0
Maharashtra,Satara APMC,Potato,2026-03-03,Other,4.0,1000.0,1800.0,1400.0
Maharashtra,Vaduj APMC,Potato,2026-03-03,Local,3.0,800.0,1000.0,900.0
Maharashtra,Akluj APMC,Potato,2026-03-04,Local,11.0,1000.0,1300.0,1200.0
Maharashtra,Bhusaval APMC,Potato,2026-03-04,Other,15.8,1000.0,1500.0,1200.0
Maharashtra,Chandrapur(Ganjwad) APMC,Potato,2026-03-04,Other,87.5,1000.0,1300.0,1200.0
Maharashtra,Chattrapati Sambhajinagar APMC,Potato,2026-03-04,Other,84.0,700.0,1200.0,950.0
Maharashtra,Dharashiv APMC,Potato,2026-03-04,Other,17.9,600.0,1500.0,1050.0
Maharashtra,HINGNA - APMC,Potato,2026-03-04,Local,0.3,1000.0,1400.0,1200.0
Maharashtra,Jalana APMC,Potato,2026-03-04,Other,23.8,200.0,1500.0,800.0
Maharashtra,Jalgaon APMC,Potato,2026-03-04,Other,17.0,700.0,1300.0,1000.0
Maharashtra,Kalyan APMC,Potato,2026-03-04,Other,0.3,1100.0,1200.0,1150.0
Maharashtra,Khed(Chakan) APMC,Potato,2026-03-04,Other,100.0,800.0,1200.0,1000.0
Maharashtra,Manchar APMC,Potato,2026-03-04,Other,16.4,600.0,1200.0,900.0
Maharashtra,Mumbai-Onion & Potato Market APMC,Potato,2026-03-04,Other,486.9,700.0,1300.0,1000.0
Maharashtra,Nagpur APMC,Potato,2026-03-04,Local,315.0,400.0,1000.0,850.0
Maharashtra,Nasik APMC,Potato,2026-03-04,Other,126.1,650.0,1300.0,850.0
Maharashtra,Pune APMC,Potato,2026-03-04,Local,656.6,700.0,1300.0,1000.0
Maharashtra,Pune(Manjri) APMC,Potato,2026-03-04,Other,2.5,1400.0,1800.0,1600.0
Maharashtra,Rahata APMC,Potato,2026-03-04,Other,20.0,1100.0,1200.0,1150.0
Maharashtra,Rahuri APMC,Potato,2026-03-04,Other,5.2,600.0,1400.0,1000.0
Maharashtra,SHRI.SIDDHESHWAR  APMC,Potato,2026-03-04,Local,53.6,500.0,1300.0,900.0
Maharashtra,"Sangli(Phale, Bhajipala Market) APMC",Potato,2026-03-04,Local,202.0,800.0,1500.0,1150.0
Maharashtra,Satara APMC,Potato,2026-03-04,Other,9.7,1000.0,1800.0,1400.0
Maharashtra,Shrirampur APMC,Potato,2026-03-04,Other,13.0,800.0,1200.0,1000.0
Maharashtra,Vaduj APMC,Potato,2026-03-04,Local,2.5,800.0,900.0,850.0
Maharashtra,Ahilyanagar APMC,Potato,2026-03-05,Other,47.8,400.0,1600.0,1000.0
Maharashtra,Akluj APMC,Potato,2026-03-05,Local,13.0,1000.0,1300.0,1200.0
Maharashtra,Akola APMC,Potato,2026-03-05,Other,66.0,500.0,1300.0,900.0
Maharashtra,Bhusaval APMC,Potato,2026-03-05,Other,1.2,1000.0,1500.0,1200.0
Maharashtra,Chandrapur(Ganjwad) APMC,Potato,2026-03-05,Other,31.0,1000.0,1300.0,1200.0
Maharashtra,Chattrapati Sambhajinagar APMC,Potato,2026-03-05,Other,97.0,1000.0,1400.0,1200.0
Maharashtra,Dharashiv APMC,Potato,2026-03-05,Other,7.2,500.0,1500.0,1000.0
Maharashtra,HINGNA - APMC,Potato,2026-03-05,Local,2.6,800.0,1600.0,1200.0
Maharashtra,Islampur APMC,Potato,2026-03-05,Other,1.5,1000.0,1200.0,1100.0
Maharashtra,Junnar APMC,Potato,2026-03-05,Local,37.4,700.0,1000.0,900.0
Maharashtra,Junnar(Narayangaon) APMC,Potato,2026-03-05,Other,12.4,200.0,1500.0,850.0
Maharashtra,Junnar(Otur) APMC,Potato,2026-03-05,Local,45.5,500.0,1500.0,1200.0
Maharashtra,Kalyan APMC,Potato,2026-03-05,Other,0.3,1100.0,1200.0,1150.0
Maharashtra,Khed(Chakan) APMC,Potato,2026-03-05,Other,80.0,800.0,1200.0,1000.0
Maharashtra,Manchar APMC,Potato,2026-03-05,Other,16.4,750.0,1300.0,1025.0
Maharashtra,Mumbai-Onion & Potato Market APMC,Potato,2026-03-05,Other,242.6,800.0,1400.0,1100.0
Maharashtra,Nagpur APMC,Potato,2026-03-05,Local,350.0,400.0,1000.0,850.0
Maharashtra,Nasik APMC,Potato,2026-03-05,Other,136.5,700.0,1350.0,850.0
Maharashtra,Pune APMC,Potato,2026-03-05,Local,382.5,700.0,1300.0,1000.0
Maharashtra,Pune(Khadiki) APMC,Potato,2026-03-05,Local,0.8,800.0,1200.0,1000.0
Maharashtra,Pune(Manjri) APMC,Potato,2026-03-05,Other,2.8,1400.0,1800.0,1600.0
Maharashtra,Pune(Moshi) APMC,Potato,2026-03-05,Local,93.0,800.0,1000.0,900.0
Maharashtra,SHRI.SIDDHESHWAR  APMC,Potato,2026-03-05,Local,40.2,600.0,1300.0,1000.0
Maharashtra,"Sangli(Phale, Bhajipala Market) APMC",Potato,2026-03-05,Local,85.0,800.0,1500.0,1150.0
Maharashtra,Satara APMC,Potato,2026-03-05,Other,8.3,1000.0,1800.0,1400.0
Maharashtra,Shrirampur APMC,Potato,2026-03-05,Other,11.0,800.0,1200.0,1000.0
Maharashtra,Vaduj APMC,Potato,2026-03-05,Local,2.0,800.0,1000.0,900.0
Maharashtra,Vai APMC,Potato,2026-03-05,Local,1.5,1000.0,1400.0,1300.0
Maharashtra,Ahilyanagar APMC,Potato,2026-03-06,Other,66.1,400.0,1600.0,1000.0
Maharashtra,Akluj APMC,Potato,2026-03-06,Local,14.0,800.0,1300.0,1000.0
Maharashtra,Akola APMC,Potato,2026-03-06,Other,50.0,500.0,1400.0,1000.0
Maharashtra,Amrawati(Frui & Veg. Market) APMC,Potato,2026-03-06,Local,57.8,400.0,1800.0,1100.0
Maharashtra,Bhusaval APMC,Potato,2026-03-06,Other,9.1,1000.0,1500.0,1200.0
Maharashtra,Chandrapur(Ganjwad) APMC,Potato,2026-03-06,Other,182.0,800.0,1300.0,1200.0
Maharashtra,Dharashiv APMC,Potato,2026-03-06,Other,14.4,600.0,1500.0,1050.0
Maharashtra,HINGNA - APMC,Potato,2026-03-06,Local,3.0,1000.0,1000.0,1000.0
Maharashtra,Jalgaon APMC,Potato,2026-03-06,Other,45.0,500.0,1200.0,850.0
Maharashtra,Junnar(Narayangaon) APMC,Potato,2026-03-06,Other,16.6,200.0,1500.0,800.0
Maharashtra,Kalyan APMC,Potato,2026-03-06,Other,0.3,1000.0,1200.0,1100.0
Maharashtra,Khed(Chakan) APMC,Potato,2026-03-06,Other,75.0,800.0,1200.0,1000.0
Maharashtra,Mumbai-Onion & Potato Market APMC,Potato,2026-03-06,Other,544.6,800.0,1400.0,1100.0
Maharashtra,Pune APMC,Potato,2026-03-06,Local,431.5,600.0,1400.0,1000.0
Maharashtra,Pune(Manjri) APMC,Potato,2026-03-06,Other,3.0,1200.0,1800.0,1500.0
Maharashtra,Pune(Moshi) APMC,Potato,2026-03-06,Local,59.4,800.0,1000.0,900.0
Maharashtra,Rahata APMC,Potato,2026-03-06,Other,6.7,1000.0,1300.0,1150.0
Maharashtra,SHRI.SIDDHESHWAR  APMC,Potato,2026-03-06,Local,37.0,500.0,1400.0,1000.0
Maharashtra,"Sangli(Phale, Bhajipala Market) APMC",Potato,2026-03-06,Local,95.6,800.0,1500.0,1150.0
Maharashtra,Shrirampur APMC,Potato,2026-03-06,Other,12.0,800.0,1200.0,1000.0
Maharashtra,Vai APMC,Potato,2026-03-06,Local,2.5,1200.0,1500.0,1350.0
Maharashtra,Akluj APMC,Potato,2026-03-07,Local,11.0,1000.0,1300.0,1200.0
Maharashtra,Akola APMC,Potato,2026-03-07,Other,62.0,600.0,1400.0,1000.0
Maharashtra,Amrawati(Frui & Veg. Market) APMC,Potato,2026-03-07,Local,57.7,600.0,1800.0,1200.0
Maharashtra,Bhusaval APMC,Potato,2026-03-07,Other,11.0,1000.0,1500.0,1200.0
Maharashtra,Chandrapur(Ganjwad) APMC,Potato,2026-03-07,Other,76.0,1000.0,1300.0,1200.0
Maharashtra,Chattrapati Sambhajinagar APMC,Potato,2026-03-07,Other,91.1,550.0,1350.0,950.0
Maharashtra,Dharashiv APMC,Potato,2026-03-07,Other,9.5,500.0,1600.0,1050.0
Maharashtra,HINGNA - APMC,Potato,2026-03-07,Local,3.7,1000.0,1600.0,1333.0
Maharashtra,Junnar(Narayangaon) APMC,Potato,2026-03-07,Other,27.6,300.0,1500.0,800.0
Maharashtra,Nagpur APMC,Potato,2026-03-07,Local,140.0,400.0,1000.0,850.0
Maharashtra,Nasik APMC,Potato,2026-03-07,Other,256.0,750.0,1400.0,900.0
Maharashtra,Pune(Khadiki) APMC,Potato,2026-03-07,Local,1.2,700.0,1200.0,950.0
Maharashtra,Pune(Manjri) APMC,Potato,2026-03-07,Other,3.4,1400.0,1800.0,1600.0
Maharashtra,Pune(Moshi) APMC,Potato,2026-03-07,Local,59.4,800.0,1000.0,900.0
Maharashtra,SHRI.SIDDHESHWAR  APMC,Potato,2026-03-07,Local,78.0,400.0,1400.0,900.0
Maharashtra,"Sangli(Phale, Bhajipala Market) APMC",Potato,2026-03-07,Local,81.4,900.0,1500.0,1200.0
Maharashtra,Satara APMC,Potato,2026-03-07,Other,33.3,1000.0,1800.0,1400.0
Maharashtra,Shrirampur APMC,Potato,2026-03-07,Other,12.0,1000.0,1200.0,1100.0
Maharashtra,Vaduj APMC,Potato,2026-03-07,Local,30.0,1200.0,1400.0,1300.0
Maharashtra,Ahilyanagar APMC,Potato,2026-03-08,Other,69.1,300.0,1700.0,1000.0
Maharashtra,Akluj APMC,Potato,2026-03-08,Local,9.5,1000.0,1400.0,1200.0
Maharashtra,Amrawati(Frui & Veg. Market) APMC,Potato,2026-03-08,Local,60.8,400.0,1800.0,1100.0
Maharashtra,Bhusaval APMC,Potato,2026-03-08,Other,14.7,1000.0,1500.0,1200.0
Maharashtra,Chattrapati Sambhajinagar APMC,Potato,2026-03-08,Other,83.0,500.0,1300.0,900.0
Maharashtra,Dharashiv APMC,Potato,2026-03-08,Other,15.9,400.0,1500.0,950.0
Maharashtra,Junnar APMC,Potato,2026-03-08,Local,62.0,700.0,1400.0,1000.0
Maharashtra,Junnar(Narayangaon) APMC,Potato,2026-03-08,Other,17.5,200.0,1500.0,800.0
Maharashtra,Junnar(Otur) APMC,Potato,2026-03-08,Local,22.7,500.0,1600.0,1200.0
Maharashtra,Kalyan APMC,Potato,2026-03-08,Other,0.3,900.0,1000.0,950.0
Maharashtra,Khed(Chakan) APMC,Potato,2026-03-08,Other,100.0,800.0,1300.0,1000.0
Maharashtra,Manchar APMC,Potato,2026-03-08,Other,23.3,1000.0,1300.0,1150.0
Maharashtra,Pune APMC,Potato,2026-03-08,Local,922.8,600.0,1400.0,1000.0
Maharashtra,Pune(Khadiki) APMC,Potato,2026-03-08,Local,1.1,800.0,1200.0,1000.0
Maharashtra,Pune(Manjri) APMC,Potato,2026-03-08,Other,4.1,1200.0,1800.0,1600.0
Maharashtra,Pune(Moshi) APMC,Potato,2026-03-08,Local,110.8,1000.0,1200.0,1100.0
Maharashtra,Rahata APMC,Potato,2026-03-08,Other,46.2,800.0,1200.0,1000.0
Maharashtra,Satara APMC,Potato,2026-03-08,Other,19.7,1000.0,1600.0,1300.0
Maharashtra,Shrirampur APMC,Potato,2026-03-08,Other,14.0,1000.0,1400.0,1200.0
Maharashtra,Vaduj APMC,Potato,2026-03-08,Local,2.0,1200.0,1300.0,1250.0
Maharashtra,Vai APMC,Potato,2026-03-08,Local,2.5,1200.0,1500.0,1350.0
Maharashtra,Akluj APMC,Potato,2026-03-09,Local,14.5,800.0,1400.0,1000.0
Maharashtra,Akola APMC,Potato,2026-03-09,Other,96.0,500.0,1400.0,1000.0
Maharashtra,Amrawati(Frui & Veg. Market) APMC,Potato,2026-03-09,Local,56.9,600.0,1800.0,1200.0
Maharashtra,Chandrapur(Ganjwad) APMC,Potato,2026-03-09,Other,69.0,1000.0,1400.0,1100.0
Maharashtra,Chattrapati Sambhajinagar APMC,Potato,2026-03-09,Other,55.0,600.0,1200.0,900.0
Maharashtra,HINGNA - APMC,Potato,2026-03-09,Local,0.3,1600.0,1800.0,1666.0
Maharashtra,Jalgaon APMC,Potato,2026-03-09,Other,63.0,600.0,1400.0,1000.0
Maharashtra,Junnar(Narayangaon) APMC,Potato,2026-03-09,Other,15.6,200.0,1500.0,850.0
Maharashtra,Kalyan APMC,Potato,2026-03-09,Other,0.3,800.0,900.0,850.0
Maharashtra,Manchar APMC,Potato,2026-03-09,Other,18.2,700.0,1200.0,955.0
Maharashtra,Mumbai-Onion & Potato Market APMC,Potato,2026-03-09,Other,1386.9,700.0,1300.0,1000.0
Maharashtra,Nagpur APMC,Potato,2026-03-09,Local,665.0,1000.0,1400.0,1325.0
Maharashtra,Nasik APMC,Potato,2026-03-09,Other,256.0,800.0,1350.0,900.0
Maharashtra,Pune APMC,Potato,2026-03-09,Local,706.6,700.0,1400.0,1050.0
Maharashtra,Pune(Khadiki) APMC,Potato,2026-03-09,Local,1.7,500.0,1200.0,850.0
Maharashtra,Pune(Manjri) APMC,Potato,2026-03-09,Other,2.9,1400.0,2000.0,1800.0
Maharashtra,Pune(Moshi) APMC,Potato,2026-03-09,Local,151.4,1000.0,1200.0,1100.0
Maharashtra,Rahuri APMC,Potato,2026-03-09,Other,7.8,400.0,1500.0,950.0
Maharashtra,SHRI.SIDDHESHWAR  APMC,Potato,2026-03-09,Local,94.6,400.0,1300.0,1000.0
Maharashtra,"Sangli(Phale, Bhajipala Market) APMC",Potato,2026-03-09,Local,94.0,800.0,1500.0,1150.0
Maharashtra,Satara APMC,Potato,2026-03-09,Other,17.6,1000.0,1800.0,1400.0
Maharashtra,Shrirampur APMC,Potato,2026-03-09,Other,9.0,800.0,1200.0,1000.0
Maharashtra,Vaduj APMC,Potato,2026-03-09,Local,2.0,1200.0,1300.0,1250.0
Maharashtra,Vai APMC,Potato,2026-03-09,Local,2.3,1200.0,1500.0,1350.0
Maharashtra,Akola APMC,Potato,2026-03-10,Other,158.0,500.0,1400.0,1000.0
Maharashtra,Amrawati(Frui & Veg. Market) APMC,Potato,2026-03-10,Local,61.7,400.0,1800.0,1100.0
Maharashtra,Bhusaval APMC,Potato,2026-03-10,Other,9.4,1000.0,1500.0,1200.0
Maharashtra,Chandrapur(Ganjwad) APMC,Potato,2026-03-10,Other,96.0,1100.0,1300.0,1200.0
Maharashtra,Chattrapati Sambhajinagar APMC,Potato,2026-03-10,Other,77.0,600.0,1300.0,950.0
Maharashtra,Dharashiv APMC,Potato,2026-03-10,Other,7.7,500.0,1400.0,950.0
Maharashtra,Jalgaon APMC,Potato,2026-03-10,Other,70.0,600.0,1300.0,950.0
Maharashtra,Kalyan APMC,Potato,2026-03-10,Other,0.3,1000.0,1200.0,1100.0
Maharashtra,Kamthi APMC,Potato,2026-03-10,Local,3.3,2060.0,2560.0,2310.0
Maharashtra,Khed(Chakan) APMC,Potato,2026-03-10,Other,100.0,800.0,1300.0,1000.0
Maharashtra,Manchar APMC,Potato,2026-03-10,Other,25.5,1000.0,1200.0,1125.0
Maharashtra,Mumbai-Onion & Potato Market APMC,Potato,2026-03-10,Other,1281.0,700.0,1300.0,1000.0
Maharashtra,Nagpur APMC,Potato,2026-03-10,Local,892.5,800.0,1000.0,950.0
Maharashtra,Nasik APMC,Potato,2026-03-10,Other,270.5,700.0,1300.0,800.0
Maharashtra,Pune APMC,Potato,2026-03-10,Local,679.9,600.0,1400.0,1000.0
Maharashtra,Pune(Manjri) APMC,Potato,2026-03-10,Other,2.3,1400.0,1800.0,1600.0
Maharashtra,Pune(Moshi) APMC,Potato,2026-03-10,Local,114.5,1000.0,12000.0,1100.0
Maharashtra,Rahuri APMC,Potato,2026-03-10,Other,17.7,500.0,1700.0,1100.0
Maharashtra,SHRI.SIDDHESHWAR  APMC,Potato,2026-03-10,Local,74.7,400.0,1400.0,1000.0
Maharashtra,"Sangli(Phale, Bhajipala Market) APMC",Potato,2026-03-10,Local,101.5,800.0,1500.0,1150.0
Maharashtra,Satara APMC,Potato,2026-03-10,Other,2.0,1000.0,1800.0,1400.0
Maharashtra,Vaduj APMC,Potato,2026-03-10,Local,2.5,1200.0,1300.0,1250.0
Maharashtra,Akluj APMC,Potato,2026-03-11,Local,11.0,1000.0,1300.0,1200.0
Maharashtra,Akola APMC,Potato,2026-03-11,Other,246.5,500.0,1300.0,900.0
Maharashtra,Amrawati(Frui & Veg. Market) APMC,Potato,2026-03-11,Local,53.8,600.0,1800.0,1200.0
Maharashtra,Bhusaval APMC,Potato,2026-03-11,Other,13.9,1000.0,1500.0,1200.0
Maharashtra,Chattrapati Sambhajinagar APMC,Potato,2026-03-11,Other,65.5,500.0,1300.0,900.0
Maharashtra,Dharashiv APMC,Potato,2026-03-11,Other,10.2,500.0,1500.0,1000.0
Maharashtra,Jalgaon APMC,Potato,2026-03-11,Other,75.0,500.0,1000.0,750.0
Maharashtra,Kalyan APMC,Potato,2026-03-11,Other,0.3,1000.0,1400.0,1200.0
Maharashtra,Kamthi APMC,Potato,2026-03-11,Local,1.5,2040.0,2540.0,2290.0
Maharashtra,Khed(Chakan) APMC,Potato,2026-03-11,Other,140.0,600.0,1300.0,900.0
Maharashtra,Manchar APMC,Potato,2026-03-11,Other,20.6,700.0,1200.0,955.0
Maharashtra,Mumbai-Onion & Potato Market APMC,Potato,2026-03-11,Other,1293.2,700.0,1300.0,1000.0
Maharashtra,Nagpur APMC,Potato,2026-03-11,Local,980.0,800.0,10000.0,950.0
Maharashtra,Nasik APMC,Potato,2026-03-11,Other,196.5,750.0,1350.0,800.0
Maharashtra,Pune APMC,Potato,2026-03-11,Local,822.6,600.0,1400.0,1000.0
Maharashtra,Pune(Khadiki) APMC,Potato,2026-03-11,Local,0.6,900.0,1200.0,1050.0
Maharashtra,Pune(Manjri) APMC,Potato,2026-03-11,Other,4.6,1200.0,1800.0,1600.0
Maharashtra,Pune(Pimpri) APMC,Potato,2026-03-11,Local,0.2,1200.0,1200.0,1200.0
Maharashtra,Rahuri APMC,Potato,2026-03-11,Other,6.9,600.0,1500.0,1050.0
Maharashtra,SHRI.SIDDHESHWAR  APMC,Potato,2026-03-11,Local,46.5,600.0,1400.0,1000.0
Maharashtra,"Sangli(Phale, Bhajipala Market) APMC",Potato,2026-03-11,Local,139.0,800.0,1600.0,1200.0
Maharashtra,Satara APMC,Potato,2026-03-11,Other,17.3,1000.0,1600.0,1300.0
Maharashtra,Shrirampur APMC,Potato,2026-03-11,Other,8.0,1000.0,1400.0,1200.0
Maharashtra,Vaduj APMC,Potato,2026-03-11,Local,2.5,1200.0,1300.0,1250.0
Maharashtra,Vai APMC,Potato,2026-03-11,Local,2.5,1200.0,1500.0,1350.0
Maharashtra,Akluj APMC,Potato,2026-03-12,Local,10.5,900.0,1300.0,1000.0
Maharashtra,Akola APMC,Potato,2026-03-12,Other,171.0,600.0,1400.0,1000.0
Maharashtra,Bhusaval APMC,Potato,2026-03-12,Other,10.2,1000.0,1500.0,1200.0
Maharashtra,Chandrapur(Ganjwad) APMC,Potato,2026-03-12,Other,50.0,1100.0,1300.0,1200.0
Maharashtra,Chattrapati Sambhajinagar APMC,Potato,2026-03-12,Other,93.0,600.0,1200.0,900.0
Maharashtra,Dharashiv APMC,Potato,2026-03-12,Other,10.8,700.0,1500.0,1100.0
Maharashtra,Jalgaon APMC,Potato,2026-03-12,Other,57.6,500.0,1000.0,700.0
Maharashtra,Junnar(Narayangaon) APMC,Potato,2026-03-12,Other,12.8,200.0,1600.0,850.0
Maharashtra,Junnar(Otur) APMC,Potato,2026-03-12,Local,15.6,500.0,1700.0,1200.0
Maharashtra,Kalyan APMC,Potato,2026-03-12,Other,0.3,1000.0,1400.0,1200.0
Maharashtra,Kamthi APMC,Potato,2026-03-12,Local,2.0,2060.0,2560.0,2310.0
Maharashtra,Khed(Chakan) APMC,Potato,2026-03-12,Other,100.0,800.0,1300.0,1000.0
Maharashtra,Mumbai-Onion & Potato Market APMC,Potato,2026-03-12,Other,703.0,700.0,1300.0,1000.0
Maharashtra,Nagpur APMC,Potato,2026-03-12,Local,560.0,500.0,1000.0,875.0
Maharashtra,Nasik APMC,Potato,2026-03-12,Other,217.5,600.0,1300.0,850.0
Maharashtra,Pune(Manjri) APMC,Potato,2026-03-12,Other,4.0,1200.0,1800.0,1600.0
Maharashtra,Pune(Moshi) APMC,Potato,2026-03-12,Local,110.9,800.0,1000.0,900.0
Maharashtra,Rahata APMC,Potato,2026-03-12,Other,32.2,500.0,1200.0,850.0
Maharashtra,Rahuri APMC,Potato,2026-03-12,Other,12.4,1000.0,1600.0,1300.0
Maharashtra,"Sangli(Phale, Bhajipala Market) APMC",Potato,2026-03-12,Local,115.0,700.0,1500.0,1100.0
Maharashtra,Satara APMC,Potato,2026-03-12,Other,9.9,1000.0,1500.0,1250.0
Maharashtra,Shrirampur APMC,Potato,2026-03-12,Other,10.0,800.0,1200.0,1000.0
Maharashtra,Vaduj APMC,Potato,2026-03-12,Local,2.5,1200.0,1300.0,1250.0
Maharashtra,Vai APMC,Potato,2026-03-12,Local,1.2,1500.0,1600.0,1550.0
Maharashtra,Akluj APMC,Potato,2026-03-13,Local,11.5,900.0,1500.0,1100.0
Maharashtra,Akola APMC,Potato,2026-03-13,Other,156.3,500.0,1300.0,900.0
Maharashtra,Amrawati(Frui & Veg. Market) APMC,Potato,2026-03-13,Local,58.8,500.0,1400.0,950.0
Maharashtra,Bhusaval APMC,Potato,2026-03-13,Other,5.3,1000.0,1500.0,1200.0
Maharashtra,Chandrapur(Ganjwad) APMC,Potato,2026-03-13,Other,22.0,1100.0,1300.0,1200.0
Maharashtra,Dharashiv APMC,Potato,2026-03-13,Other,12.3,700.0,1600.0,1150.0
Maharashtra,Jalgaon APMC,Potato,2026-03-13,Other,70.0,500.0,1000.0,750.0
Maharashtra,Kalyan APMC,Potato,2026-03-13,Other,0.3,1000.0,1400.0,1200.0
Maharashtra,Kamthi APMC,Potato,2026-03-13,Local,5.8,2030.0,2530.0,2280.0
Maharashtra,Khed(Chakan) APMC,Potato,2026-03-13,Other,80.0,800.0,1300.0,1000.0
Maharashtra,Mumbai-Onion & Potato Market APMC,Potato,2026-03-13,Other,787.1,600.0,1200.0,900.0
Maharashtra,Nasik APMC,Potato,2026-03-13,Other,235.5,700.0,1350.0,900.0
Maharashtra,Pune APMC,Potato,2026-03-13,Local,508.1,500.0,1500.0,1000.0
Maharashtra,Pune(Manjri) APMC,Potato,2026-03-13,Other,4.4,1300.0,1800.0,1500.0
Maharashtra,Pune(Moshi) APMC,Potato,2026-03-13,Local,101.7,800.0,1200.0,1000.0
Maharashtra,Pune(Pimpri) APMC,Potato,2026-03-13,Local,0.3,900.0,900.0,900.0
Maharashtra,Rahata APMC,Potato,2026-03-13,Other,7.4,1000.0,1200.0,1100.0
Maharashtra,SHRI.SIDDHESHWAR  APMC,Potato,2026-03-13,Local,47.2,400.0,1400.0,900.0
Maharashtra,"Sangli(Phale, Bhajipala Market) APMC",Potato,2026-03-13,Local,125.0,800.0,1600.0,1200.0
Maharashtra,Shrirampur APMC,Potato,2026-03-13,Other,11.0,1000.0,1200.0,1100.0
Maharashtra,Akluj APMC,Potato,2026-03-14,Local,11.0,1000.0,1300.0,1200.0
Maharashtra,Akola APMC,Potato,2026-03-14,Other,71.0,500.0,1300.0,900.0
Maharashtra,Amrawati(Frui & Veg. Market) APMC,Potato,2026-03-14,Local,61.6,400.0,1400.0,900.0
Maharashtra,Bhusaval APMC,Potato,2026-03-14,Other,8.3,1000.0,1500.0,1200.0
Maharashtra,Chandrapur(Ganjwad) APMC,Potato,2026-03-14,Other,31.0,1100.0,1300.0,1200.0
Maharashtra,Chattrapati Sambhajinagar APMC,Potato,2026-03-14,Other,65.0,800.0,1000.0,900.0
Maharashtra,Dharashiv APMC,Potato,2026-03-14,Other,6.0,600.0,1600.0,1100.0
Maharashtra,HINGNA - APMC,Potato,2026-03-14,Local,3.1,1000.0,1800.0,1500.0
Maharashtra,Jalgaon APMC,Potato,2026-03-14,Other,50.0,500.0,1300.0,900.0
Maharashtra,Junnar(Narayangaon) APMC,Potato,2026-03-14,Other,13.2,200.0,1500.0,800.0
Maharashtra,Nagpur APMC,Potato,2026-03-14,Local,560.0,500.0,1000.0,875.0
Maharashtra,Nasik APMC,Potato,2026-03-14,Other,293.6,600.0,1250.0,800.0
Maharashtra,Pune(Khadiki) APMC,Potato,2026-03-14,Local,0.8,800.0,1200.0,1000.0
Maharashtra,Pune(Manjri) APMC,Potato,2026-03-14,Other,6.2,1200.0,1800.0,1500.0
Maharashtra,Pune(Moshi) APMC,Potato,2026-03-14,Local,95.5,900.0,1000.0,950.0
Maharashtra,Rahata APMC,Potato,2026-03-14,Other,26.8,500.0,1200.0,850.0
Maharashtra,Rahuri APMC,Potato,2026-03-14,Other,17.7,500.0,1600.0,1050.0
Maharashtra,SHRI.SIDDHESHWAR  APMC,Potato,2026-03-14,Local,136.7,400.0,1300.0,900.0
Maharashtra,"Sangli(Phale, Bhajipala Market) APMC",Potato,2026-03-14,Local,90.0,800.0,1550.0,1175.0
Maharashtra,Satara APMC,Potato,2026-03-14,Other,46.5,1000.0,1500.0,1250.0
Maharashtra,Shrirampur APMC,Potato,2026-03-14,Other,8.0,1000.0,1400.0,1200.0
Maharashtra,Vaduj APMC,Potato,2026-03-14,Local,8.0,1200.0,1400.0,1300.0
Maharashtra,Vai APMC,Potato,2026-03-14,Local,2.0,1200.0,1500.0,1300.0
Maharashtra,Akluj APMC,Potato,2026-03-15,Local,11.5,900.0,1200.0,1000.0
Maharashtra,Amrawati(Frui & Veg. Market) APMC,Potato,2026-03-15,Local,57.8,500.0,1400.0,950.0
Maharashtra,Bhusaval APMC,Potato,2026-03-15,Other,14.1,1000.0,1500.0,1200.0
Maharashtra,Chattrapati Sambhajinagar APMC,Potato,2026-03-15,Other,91.0,600.0,1200.0,900.0
Maharashtra,Dharashiv APMC,Potato,2026-03-15,Other,18.2,600.0,1500.0,1050.0
Maharashtra,Islampur APMC,Potato,2026-03-15,Other,10.5,1300.0,1500.0,1400.0
Maharashtra,Junnar APMC,Potato,2026-03-15,Local,28.0,700.0,1000.0,800.0
Maharashtra,Junnar(Narayangaon) APMC,Potato,2026-03-15,Other,5.5,200.0,1400.0,800.0
Maharashtra,Junnar(Otur) APMC,Potato,2026-03-15,Local,23.0,500.0,1800.0,1150.0
Maharashtra,Kamthi APMC,Potato,2026-03-15,Local,3.0,2040.0,2540.0,2290.0
Maharashtra,Khed(Chakan) APMC,Potato,2026-03-15,Other,110.0,800.0,1200.0,1000.0
Maharashtra,Manchar APMC,Potato,2026-03-15,Local,13.0,1000.0,2000.0,1500.0
Maharashtra,Pune APMC,Potato,2026-03-15,Local,1150.2,500.0,1400.0,950.0
Maharashtra,Pune(Khadiki) APMC,Potato,2026-03-15,Local,1.5,800.0,1200.0,1000.0
Maharashtra,Pune(Manjri) APMC,Potato,2026-03-15,Other,6.8,1200.0,1800.0,1600.0
Maharashtra,Pune(Moshi) APMC,Potato,2026-03-15,Local,89.5,800.0,1200.0,1000.0
Maharashtra,Rahata APMC,Potato,2026-03-15,Other,63.1,600.0,1200.0,1000.0
Maharashtra,Rahuri APMC,Potato,2026-03-15,Other,16.5,800.0,1600.0,1200.0
Maharashtra,Shrirampur APMC,Potato,2026-03-15,Other,9.0,1000.0,1400.0,1200.0
Maharashtra,Vaduj APMC,Potato,2026-03-15,Local,3.5,1200.0,1400.0,1300.0
Maharashtra,Vai APMC,Potato,2026-03-15,Local,1.5,1200.0,1600.0,1400.0
Maharashtra,Ahilyanagar APMC,Potato,2026-03-16,Other,63.0,400.0,1400.0,900.0
Maharashtra,Akluj APMC,Potato,2026-03-16,Local,11.5,1000.0,1400.0,1200.0
Maharashtra,Akola APMC,Potato,2026-03-16,Other,145.0,600.0,1400.0,1000.0
Maharashtra,Amrawati(Frui & Veg. Market) APMC,Potato,2026-03-16,Local,56.8,400.0,1400.0,900.0
Maharashtra,Chattrapati Sambhajinagar APMC,Potato,2026-03-16,Other,59.0,600.0,1300.0,950.0
Maharashtra,HINGNA - APMC,Potato,2026-03-16,Local,2.2,900.0,1800.0,1388.0
Maharashtra,Junnar(Narayangaon) APMC,Potato,2026-03-16,Other,10.8,200.0,1300.0,750.0
Maharashtra,Kalyan APMC,Potato,2026-03-16,Other,0.3,1000.0,1400.0,1200.0
Maharashtra,Manchar APMC,Potato,2026-03-16,Other,17.1,1000.0,2700.0,1850.0
Maharashtra,Mumbai-Onion & Potato Market APMC,Potato,2026-03-16,Other,779.5,700.0,1300.0,1000.0
Maharashtra,Nagpur APMC,Potato,2026-03-16,Other,420.0,500.0,1000.0,875.0
Maharashtra,Nasik APMC,Potato,2026-03-16,Other,266.4,650.0,1300.0,850.0
Maharashtra,Pune APMC,Potato,2026-03-16,Local,469.0,500.0,1300.0,900.0
Maharashtra,Pune(Khadiki) APMC,Potato,2026-03-16,Local,1.0,700.0,1200.0,950.0
Maharashtra,Pune(Manjri) APMC,Potato,2026-03-16,Other,5.0,1200.0,1800.0,1600.0
Maharashtra,Pune(Moshi) APMC,Potato,2026-03-16,Local,66.5,800.0,1100.0,950.0
Maharashtra,SHRI.SIDDHESHWAR  APMC,Potato,2026-03-16,Local,83.7,400.0,1300.0,800.0
Maharashtra,"Sangli(Phale, Bhajipala Market) APMC",Potato,2026-03-16,Local,241.0,700.0,1500.0,1100.0
Maharashtra,Shrirampur APMC,Potato,2026-03-16,Other,7.0,800.0,1200.0,1000.0
Maharashtra,Vaduj APMC,Potato,2026-03-16,Local,3.5,1200.0,1300.0,1250.0
Maharashtra,Vai APMC,Potato,2026-03-16,Local,2.0,1200.0,1500.0,1350.0
Maharashtra,Ahilyanagar APMC,Potato,2026-03-17,Other,59.0,300.0,1300.0,800.0
Maharashtra,Akola APMC,Potato,2026-03-17,Other,62.0,600.0,1400.0,1000.0
Maharashtra,Amrawati(Frui & Veg. Market) APMC,Potato,2026-03-17,Local,56.8,500.0,1400.0,950.0
Maharashtra,Chandrapur(Ganjwad) APMC,Potato,2026-03-17,Other,74.0,1000.0,1300.0,1200.0
Maharashtra,Chattrapati Sambhajinagar APMC,Potato,2026-03-17,Other,69.0,500.0,1400.0,950.0
Maharashtra,Dharashiv APMC,Potato,2026-03-17,Other,15.6,600.0,1500.0,1050.0
Maharashtra,HINGNA - APMC,Potato,2026-03-17,Local,2.7,1000.0,1600.0,1300.0
Maharashtra,Jalgaon APMC,Potato,2026-03-17,Other,26.0,600.0,1200.0,900.0
Maharashtra,Kalyan APMC,Potato,2026-03-17,Other,0.3,1000.0,1400.0,1200.0
Maharashtra,Kamthi APMC,Potato,2026-03-17,Local,0.8,2060.0,2560.0,2310.0
Maharashtra,Khed(Chakan) APMC,Potato,2026-03-17,Other,100.0,800.0,1200.0,1000.0
Maharashtra,Manchar APMC,Potato,2026-03-17,Local,8.9,1000.0,1300.0,1150.0
Maharashtra,Mumbai-Onion & Potato Market APMC,Potato,2026-03-17,Other,624.7,600.0,1200.0,900.0
Maharashtra,Nagpur APMC,Potato,2026-03-17,Local,385.0,500.0,1000.0,875.0
Maharashtra,Nasik APMC,Potato,2026-03-17,Other,189.0,600.0,1250.0,800.0
Maharashtra,Pune APMC,Potato,2026-03-17,Local,455.9,500.0,1400.0,950.0
Maharashtra,Pune(Khadiki) APMC,Potato,2026-03-17,Local,0.7,800.0,1200.0,1000.0
Maharashtra,Pune(Moshi) APMC,Potato,2026-03-17,Local,56.5,900.0,1000.0,950.0
Maharashtra,Rahata APMC,Potato,2026-03-17,Other,45.0,600.0,1200.0,900.0
Maharashtra,Rahuri APMC,Potato,2026-03-17,Other,14.8,400.0,1600.0,1000.0
Maharashtra,Ramtek APMC,Potato,2026-03-17,Local,1.4,800.0,1000.0,900.0
Maharashtra,SHRI.SIDDHESHWAR  APMC,Potato,2026-03-17,Local,80.4,500.0,1300.0,900.0
Maharashtra,"Sangli(Phale, Bhajipala Market) APMC",Potato,2026-03-17,Local,115.0,800.0,1500.0,1150.0
Maharashtra,Satara APMC,Potato,2026-03-17,Other,12.7,1000.0,1400.0,1200.0
Maharashtra,Vaduj APMC,Potato,2026-03-17,Local,4.5,1200.0,1300.0,1250.0
Maharashtra,Akluj APMC,Potato,2026-03-18,Local,9.0,1000.0,1300.0,1200.0
Maharashtra,Akola APMC,Potato,2026-03-18,Other,138.0,500.0,1200.0,900.0
Maharashtra,Amrawati(Frui & Veg. Market) APMC,Potato,2026-03-18,Local,51.8,400.0,1400.0,900.0
Maharashtra,Bhusaval APMC,Potato,2026-03-18,Other,9.5,1000.0,1500.0,1200.0
Maharashtra,Chandrapur(Ganjwad) APMC,Potato,2026-03-18,Other,182.0,800.0,1300.0,1200.0
Maharashtra,Chattrapati Sambhajinagar APMC,Potato,2026-03-18,Other,64.0,500.0,1300.0,900.0
Maharashtra,Dharashiv APMC,Potato,2026-03-18,Other,10.5,750.0,1500.0,1125.0
Maharashtra,HINGNA - APMC,Potato,2026-03-18,Local,1.7,850.0,1500.0,1183.0
Maharashtra,Jalgaon APMC,Potato,2026-03-18,Other,40.0,600.0,1300.0,950.0
Maharashtra,Junnar(Narayangaon) APMC,Potato,2026-03-18,Other,16.6,200.0,1300.0,700.0
Maharashtra,Kalyan APMC,Potato,2026-03-18,Other,0.3,1000.0,1400.0,1200.0
Maharashtra,Kamthi APMC,Potato,2026-03-18,Local,0.8,2060.0,2560.0,2310.0
Maharashtra,Khed(Chakan) APMC,Potato,2026-03-18,Other,100.0,800.0,1200.0,1000.0
Maharashtra,Manchar APMC,Potato,2026-03-18,Local,6.4,1000.0,2500.0,1750.0
Maharashtra,Mumbai-Onion & Potato Market APMC,Potato,2026-03-18,Other,1196.6,700.0,1200.0,950.0
Maharashtra,Nagpur APMC,Potato,2026-03-18,Local,665.0,500.0,1000.0,875.0
Maharashtra,Nasik APMC,Potato,2026-03-18,Other,268.0,650.0,1300.0,850.0
Maharashtra,Pune APMC,Potato,2026-03-18,Local,624.8,500.0,1400.0,950.0
Maharashtra,Pune(Khadiki) APMC,Potato,2026-03-18,Local,0.8,800.0,1200.0,1000.0
Maharashtra,Pune(Manjri) APMC,Potato,2026-03-18,Other,3.0,1500.0,1800.0,1600.0
Maharashtra,Ramtek APMC,Potato,2026-03-18,Local,1.0,800.0,1000.0,900.0
Maharashtra,SHRI.SIDDHESHWAR  APMC,Potato,2026-03-18,Local,106.7,500.0,1200.0,900.0
Maharashtra,"Sangli(Phale, Bhajipala Market) APMC",Potato,2026-03-18,Local,79.0,800.0,1500.0,1150.0
Maharashtra,Shrirampur APMC,Potato,2026-03-18,Other,7.0,1000.0,1400.0,1200.0
Maharashtra,Vaduj APMC,Potato,2026-03-18,Local,6.5,1200.0,1300.0,1250.0
Maharashtra,Akluj APMC,Potato,2026-03-19,Other,10.5,1000.0,1400.0,1200.0
Maharashtra,Bhusaval APMC,Potato,2026-03-19,Other,7.3,1000.0,1500.0,1200.0
Maharashtra,Chattrapati Sambhajinagar APMC,Potato,2026-03-19,Other,63.0,500.0,1100.0,800.0
Maharashtra,Dharashiv APMC,Potato,2026-03-19,Other,2.3,500.0,1200.0,850.0
Maharashtra,Junnar APMC,Potato,2026-03-19,Local,10.0,600.0,1500.0,1000.0
Maharashtra,Junnar(Otur) APMC,Potato,2026-03-19,Local,24.2,500.0,1500.0,1100.0
Maharashtra,Kalyan APMC,Potato,2026-03-19,Other,0.3,1000.0,1500.0,1250.0
Maharashtra,Kamthi APMC,Potato,2026-03-19,Local,1.5,2060.0,2560.0,2310.0
Maharashtra,Pune APMC,Potato,2026-03-19,Local,648.9,500.0,1300.0,900.0
Maharashtra,Pune(Khadiki) APMC,Potato,2026-03-19,Local,0.7,900.0,1200.0,1050.0
Maharashtra,Pune(Manjri) APMC,Potato,2026-03-19,Other,4.0,1000.0,1800.0,1600.0
Maharashtra,Pune(Moshi) APMC,Potato,2026-03-19,Local,76.0,800.0,1200.0,1000.0
Maharashtra,Rahata APMC,Potato,2026-03-19,Other,46.0,500.0,1200.0,850.0
Maharashtra,Rahuri APMC,Potato,2026-03-19,Other,19.6,500.0,1500.0,1000.0
Maharashtra,Ramtek APMC,Potato,2026-03-19,Local,4.3,800.0,1000.0,900.0
Maharashtra,"Sangli(Phale, Bhajipala Market) APMC",Potato,2026-03-19,Local,189.0,800.0,1600.0,1200.0
Maharashtra,Satara APMC,Potato,2026-03-19,Other,10.0,1000.0,1500.0,1200.0
Maharashtra,Shrirampur APMC,Potato,2026-03-19,Other,9.0,800.0,1200.0,1000.0
Maharashtra,Vai APMC,Potato,2026-03-19,Local,2.5,1300.0,1600.0,1400.0
Maharashtra,Ahilyanagar APMC,Potato,2026-03-20,Other,61.7,500.0,1700.0,1100.0
Maharashtra,Akluj APMC,Potato,2026-03-20,Local,11.0,1000.0,1300.0,1200.0
Maharashtra,Akola APMC,Potato,2026-03-20,Other,91.0,500.0,1200.0,900.0
Maharashtra,Amrawati(Frui & Veg. Market) APMC,Potato,2026-03-20,Local,57.8,500.0,1400.0,950.0
Maharashtra,Bhusaval APMC,Potato,2026-03-20,Other,5.9,1000.0,1500.0,1200.0
Maharashtra,Chandrapur(Ganjwad) APMC,Potato,2026-03-20,Other,39.0,1000.0,1300.0,1200.0
Maharashtra,Dharashiv APMC,Potato,2026-03-20,Other,1.9,600.0,1300.0,950.0
Maharashtra,HINGNA - APMC,Potato,2026-03-20,Local,3.6,1000.0,1600.0,1160.0
Maharashtra,Jalgaon APMC,Potato,2026-03-20,Other,72.0,500.0,1000.0,700.0
Maharashtra,Junnar(Narayangaon) APMC,Potato,2026-03-20,Other,14.5,200.0,1400.0,800.0
Maharashtra,Kalyan APMC,Potato,2026-03-20,Other,0.3,1000.0,1500.0,1250.0
Maharashtra,Kamthi APMC,Potato,2026-03-20,Local,3.5,2040.0,2540.0,2290.0
Maharashtra,Mumbai-Onion & Potato Market APMC,Potato,2026-03-20,Other,2163.0,600.0,1300.0,950.0
Maharashtra,Nasik APMC,Potato,2026-03-20,Other,279.5,600.0,1250.0,800.0
Maharashtra,Pune APMC,Potato,2026-03-20,Local,567.0,500.0,1400.0,950.0
Maharashtra,Pune(Khadiki) APMC,Potato,2026-03-20,Local,0.7,800.0,1200.0,1000.0
Maharashtra,Pune(Manjri) APMC,Potato,2026-03-20,Other,5.0,1400.0,2000.0,1800.0
Maharashtra,Pune(Moshi) APMC,Potato,2026-03-20,Local,83.5,1000.0,1200.0,1100.0
Maharashtra,SHRI.SIDDHESHWAR  APMC,Potato,2026-03-20,Local,6.4,400.0,1200.0,900.0
Maharashtra,"Sangli(Phale, Bhajipala Market) APMC",Potato,2026-03-20,Local,65.3,800.0,1500.0,1150.0
Maharashtra,Shrirampur APMC,Potato,2026-03-20,Other,11.0,1000.0,1400.0,1200.0
Maharashtra,Vai APMC,Potato,2026-03-20,Local,2.0,1200.0,1500.0,1350.0
Maharashtra,Akluj APMC,Potato,2026-03-21,Other,13.0,1000.0,1300.0,1100.0
Maharashtra,Bhusaval APMC,Potato,2026-03-21,Other,8.2,1000.0,1500.0,1200.0
Maharashtra,Junnar(Narayangaon) APMC,Potato,2026-03-21,Other,8.6,200.0,1300.0,700.0
Maharashtra,Pune(Khadiki) APMC,Potato,2026-03-21,Local,0.7,900.0,1200.0,1050.0
Maharashtra,Pune(Manjri) APMC,Potato,2026-03-21,Other,5.2,1400.0,1800.0,1600.0
Maharashtra,Ramtek APMC,Potato,2026-03-21,Local,1.0,800.0,1000.0,900.0
Maharashtra,Vaduj APMC,Potato,2026-03-21,Local,4.0,1200.0,1300.0,1250.0
Maharashtra,Vai APMC,Potato,2026-03-21,Local,1.5,1200.0,1500.0,1350.0
Maharashtra,Ahilyanagar APMC,Potato,2026-03-22,Other,57.9,300.0,1600.0,950.0
Maharashtra,Akluj APMC,Potato,2026-03-22,Other,11.5,900.0,2300.0,1800.0
Maharashtra,Amrawati(Frui & Veg. Market) APMC,Potato,2026-03-22,Local,51.0,500.0,1400.0,950.0
Maharashtra,Bhusaval APMC,Potato,2026-03-22,Other,7.4,1000.0,1500.0,1200.0
Maharashtra,Chattrapati Sambhajinagar APMC,Potato,2026-03-22,Other,69.0,500.0,1100.0,800.0
Maharashtra,Junnar APMC,Potato,2026-03-22,Local,28.8,600.0,1500.0,900.0
Maharashtra,Junnar(Narayangaon) APMC,Potato,2026-03-22,Other,7.0,200.0,1300.0,750.0
Maharashtra,Junnar(Otur) APMC,Potato,2026-03-22,Local,19.0,500.0,1500.0,1100.0
Maharashtra,Kalyan APMC,Potato,2026-03-22,Other,0.3,1000.0,1500.0,1250.0
Maharashtra,Kamthi APMC,Potato,2026-03-22,Local,0.7,2060.0,2560.0,2310.0
Maharashtra,Khed(Chakan) APMC,Potato,2026-03-22,Other,100.0,800.0,1300.0,1000.0
Maharashtra,Nagpur APMC,Potato,2026-03-22,Local,472.5,400.0,800.0,700.0
Maharashtra,Pune APMC,Potato,2026-03-22,Local,635.1,500.0,1300.0,900.0
Maharashtra,Pune(Khadiki) APMC,Potato,2026-03-22,Local,0.7,800.0,1200.0,1000.0
Maharashtra,Pune(Manjri) APMC,Potato,2026-03-22,Other,5.0,1500.0,1800.0,1600.0
Maharashtra,Pune(Moshi) APMC,Potato,2026-03-22,Local,160.5,800.0,1000.0,900.0
Maharashtra,Rahata APMC,Potato,2026-03-22,Other,37.5,200.0,1200.0,700.0
Maharashtra,Rahuri APMC,Potato,2026-03-22,Other,10.6,1000.0,1300.0,1250.0
Maharashtra,Satara APMC,Potato,2026-03-22,Other,38.9,1000.0,1400.0,1200.0
Maharashtra,Shrirampur APMC,Potato,2026-03-22,Other,9.0,800.0,1400.0,1100.0
Maharashtra,Vaduj APMC,Potato,2026-03-22,Local,6.0,1300.0,1400.0,1350.0
Maharashtra,Vai APMC,Potato,2026-03-22,Local,2.5,1400.0,1600.0,1500.0
Maharashtra,Ahilyanagar APMC,Potato,2026-03-23,Other,56.6,400.0,1300.0,850.0
Maharashtra,Akluj APMC,Potato,2026-03-23,Local,14.0,1000.0,1400.0,1200.0
Maharashtra,Akola APMC,Potato,2026-03-23,Other,216.0,500.0,1200.0,800.0
Maharashtra,Amrawati(Frui & Veg. Market) APMC,Potato,2026-03-23,Local,50.8,400.0,1400.0,900.0
Maharashtra,Chandrapur(Ganjwad) APMC,Potato,2026-03-23,Other,49.0,1000.0,1200.0,1100.0
Maharashtra,Chattrapati Sambhajinagar APMC,Potato,2026-03-23,Other,75.0,800.0,1300.0,1050.0
Maharashtra,Jalgaon APMC,Potato,2026-03-23,Other,54.0,500.0,1300.0,900.0
Maharashtra,Kalyan APMC,Potato,2026-03-23,Other,0.3,800.0,1000.0,900.0
Maharashtra,Kamthi APMC,Potato,2026-03-23,Local,1.6,2040.0,2540.0,2290.0
Maharashtra,Manchar APMC,Potato,2026-03-23,Local,15.3,1000.0,1350.0,1175.0
Maharashtra,Nagpur APMC,Potato,2026-03-23,Local,542.5,800.0,1000.0,950.0
Maharashtra,Nasik APMC,Potato,2026-03-23,Other,240.0,700.0,1350.0,900.0
Maharashtra,Pune APMC,Potato,2026-03-23,Local,629.6,500.0,1300.0,900.0
Maharashtra,Pune(Khadiki) APMC,Potato,2026-03-23,Local,1.0,800.0,1200.0,1000.0
Maharashtra,Pune(Manjri) APMC,Potato,2026-03-23,Other,5.4,1500.0,1800.0,1600.0
Maharashtra,Pune(Moshi) APMC,Potato,2026-03-23,Local,39.0,800.0,1000.0,900.0
Maharashtra,Rahuri APMC,Potato,2026-03-23,Other,7.2,500.0,1400.0,950.0
Maharashtra,SHRI.SIDDHESHWAR  APMC,Potato,2026-03-23,Local,80.7,800.0,1300.0,1000.0
Maharashtra,"Sangli(Phale, Bhajipala Market) APMC",Potato,2026-03-23,Local,121.0,800.0,1600.0,1200.0
Maharashtra,Satara APMC,Potato,2026-03-23,Other,13.9,1000.0,1400.0,1200.0
Maharashtra,Shrirampur APMC,Potato,2026-03-23,Other,12.0,1000.0,1200.0,1100.0
Maharashtra,Vai APMC,Potato,2026-03-23,Local,2.0,1200.0,1500.0,1350.0
Maharashtra,Ahilyanagar APMC,Potato,2026-03-24,Other,61.3,300.0,1700.0,1000.0
Maharashtra,Akola APMC,Potato,2026-03-24,Other,74.0,500.0,1200.0,900.0
Maharashtra,Amrawati(Frui & Veg. Market) APMC,Potato,2026-03-24,Local,48.8,500.0,1400.0,950.0
Maharashtra,Bhusaval APMC,Potato,2026-03-24,Other,5.7,1000.0,1500.0,1200.0
Maharashtra,Chandrapur(Ganjwad) APMC,Potato,2026-03-24,Other,76.0,900.0,1300.0,1100.0
Maharashtra,Chattrapati Sambhajinagar APMC,Potato,2026-03-24,Other,66.0,500.0,1300.0,900.0
Maharashtra,Dharashiv APMC,Potato,2026-03-24,Other,7.5,600.0,1300.0,950.0
Maharashtra,HINGNA - APMC,Potato,2026-03-24,Local,2.9,1000.0,1800.0,1400.0
Maharashtra,Islampur APMC,Potato,2026-03-24,Other,13.4,1300.0,1500.0,1400.0
Maharashtra,Jalgaon APMC,Potato,2026-03-24,Other,30.0,800.0,1400.0,1200.0
Maharashtra,Kalyan APMC,Potato,2026-03-24,Other,0.3,800.0,1000.0,900.0
Maharashtra,Kamthi APMC,Potato,2026-03-24,Local,0.2,2060.0,2560.0,2310.0
Maharashtra,Khed(Chakan) APMC,Potato,2026-03-24,Other,100.0,800.0,1200.0,1000.0
Maharashtra,Mumbai-Onion & Potato Market APMC,Potato,2026-03-24,Other,1634.0,700.0,1300.0,1000.0
Maharashtra,Nagpur APMC,Potato,2026-03-24,Local,455.0,700.0,1000.0,925.0
Maharashtra,Nasik APMC,Potato,2026-03-24,Other,199.0,650.0,13500.0,850.0
Maharashtra,Pune APMC,Potato,2026-03-24,Local,617.1,300.0,1300.0,800.0
Maharashtra,Pune(Manjri) APMC,Potato,2026-03-24,Other,5.0,1400.0,1800.0,1600.0
Maharashtra,Pune(Moshi) APMC,Potato,2026-03-24,Local,64.7,900.0,1000.0,950.0
Maharashtra,Rahata APMC,Potato,2026-03-24,Other,28.9,800.0,1100.0,900.0
Maharashtra,Rahuri APMC,Potato,2026-03-24,Other,12.7,1000.0,1400.0,1200.0
Maharashtra,Ramtek APMC,Potato,2026-03-24,Local,1.1,1100.0,1500.0,1300.0
Maharashtra,SHRI.SIDDHESHWAR  APMC,Potato,2026-03-24,Local,87.5,400.0,1300.0,1000.0
Maharashtra,"Sangli(Phale, Bhajipala Market) APMC",Potato,2026-03-24,Local,60.2,800.0,1500.0,1150.0
Maharashtra,Satara APMC,Potato,2026-03-24,Other,16.8,1000.0,1400.0,1200.0
Maharashtra,Akluj APMC,Potato,2026-03-25,Local,11.0,1000.0,1300.0,1200.0
Maharashtra,Akola APMC,Potato,2026-03-25,Other,146.0,500.0,1100.0,800.0
Maharashtra,Amrawati(Frui & Veg. Market) APMC,Potato,2026-03-25,Local,52.7,400.0,1400.0,900.0
Maharashtra,Bhusaval APMC,Potato,2026-03-25,Other,11.2,1000.0,1500.0,1200.0
Maharashtra,Chandrapur(Ganjwad) APMC,Potato,2026-03-25,Other,56.0,1000.0,1300.0,1200.0
Maharashtra,Chattrapati Sambhajinagar APMC,Potato,2026-03-25,Other,79.0,500.0,1200.0,850.0
Maharashtra,Dharashiv APMC,Potato,2026-03-25,Other,9.1,600.0,1300.0,950.0
Maharashtra,HINGNA - APMC,Potato,2026-03-25,Local,1.7,900.0,1800.0,1425.0
Maharashtra,Jalgaon APMC,Potato,2026-03-25,Other,55.0,700.0,1200.0,1000.0
Maharashtra,Kamthi APMC,Potato,2026-03-25,Local,1.6,2070.0,2570.0,2320.0
Maharashtra,Khed(Chakan) APMC,Potato,2026-03-25,Other,110.0,700.0,1200.0,1000.0
Maharashtra,Mumbai-Onion & Potato Market APMC,Potato,2026-03-25,Other,1388.0,600.0,1200.0,900.0
Maharashtra,Nagpur APMC,Potato,2026-03-25,Local,595.0,600.0,1000.0,900.0
Maharashtra,Pune APMC,Potato,2026-03-25,Local,613.6,400.0,1300.0,850.0
Maharashtra,Pune(Khadiki) APMC,Potato,2026-03-25,Local,0.8,800.0,1200.0,1000.0
Maharashtra,Pune(Manjri) APMC,Potato,2026-03-25,Other,5.5,1200.0,1600.0,1500.0
Maharashtra,Rahuri APMC,Potato,2026-03-25,Other,5.1,400.0,1500.0,850.0
Maharashtra,SHRI.SIDDHESHWAR  APMC,Potato,2026-03-25,Local,47.8,600.0,1250.0,1100.0
Maharashtra,"Sangli(Phale, Bhajipala Market) APMC",Potato,2026-03-25,Local,74.0,700.0,1500.0,1100.0
Maharashtra,Satara APMC,Potato,2026-03-25,Other,29.7,1000.0,1400.0,1200.0
Maharashtra,Shrirampur APMC,Potato,2026-03-25,Other,8.0,800.0,1000.0,900.0
Maharashtra,Vadgaonpeth APMC,Potato,2026-03-25,Local,3.6,1800.0,2500.0,2000.0
Maharashtra,Vaduj APMC,Potato,2026-03-25,Local,5.0,1300.0,1400.0,1350.0
Maharashtra,Vai APMC,Potato,2026-03-25,Local,1.4,1400.0,1600.0,1500.0
Maharashtra,Ahilyanagar APMC,Potato,2026-03-26,Other,67.0,400.0,1600.0,1000.0
Maharashtra,Akluj APMC,Potato,2026-03-26,Local,9.5,1000.0,1300.0,1200.0
Maharashtra,Bhusaval APMC,Potato,2026-03-26,Other,12.9,1000.0,1500.0,1200.0
Maharashtra,Chattrapati Sambhajinagar APMC,Potato,2026-03-26,Other,54.0,400.0,1200.0,800.0
Maharashtra,Junnar(Otur) APMC,Potato,2026-03-26,Local,17.9,500.0,1600.0,1000.0
Maharashtra,Kalyan APMC,Potato,2026-03-26,Other,0.3,1000.0,1500.0,1250.0
Maharashtra,Kamthi APMC,Potato,2026-03-26,Local,4.5,2060.0,2560.0,2310.0
Maharashtra,Khed(Chakan) APMC,Potato,2026-03-26,Other,100.0,800.0,1200.0,1000.0
Maharashtra,Mumbai-Onion & Potato Market APMC,Potato,2026-03-26,Other,1014.5,800.0,1400.0,1100.0
Maharashtra,Nasik APMC,Potato,2026-03-26,Other,192.0,650.0,1300.0,800.0
Maharashtra,Pune APMC,Potato,2026-03-26,Local,675.5,400.0,1300.0,850.0
Maharashtra,Pune(Khadiki) APMC,Potato,2026-03-26,Local,0.8,800.0,1200.0,1000.0
Maharashtra,Rahata APMC,Potato,2026-03-26,Other,52.7,500.0,1100.0,800.0
Maharashtra,Rahuri APMC,Potato,2026-03-26,Other,11.7,500.0,1500.0,1000.0
Maharashtra,"Sangli(Phale, Bhajipala Market) APMC",Potato,2026-03-26,Local,74.0,800.0,1500.0,1150.0
Maharashtra,Shrirampur APMC,Potato,2026-03-26,Other,8.0,800.0,1200.0,1000.0
Maharashtra,Akluj APMC,Potato,2026-03-27,Local,9.0,900.0,1200.0,1100.0
Maharashtra,Akola APMC,Potato,2026-03-27,Other,259.0,500.0,1100.0,800.0
Maharashtra,Amrawati(Frui & Veg. Market) APMC,Potato,2026-03-27,Local,48.8,500.0,1300.0,900.0
Maharashtra,Bhusaval APMC,Potato,2026-03-27,Other,4.7,1000.0,1500.0,1200.0
Maharashtra,Chandrapur(Ganjwad) APMC,Potato,2026-03-27,Other,56.0,1000.0,1300.0,1200.0
Maharashtra,Dharashiv APMC,Potato,2026-03-27,Other,9.8,500.0,1400.0,950.0
Maharashtra,HINGNA - APMC,Potato,2026-03-27,Local,3.6,1000.0,1700.0,1220.0
Maharashtra,Jalgaon APMC,Potato,2026-03-27,Other,90.0,500.0,900.0,700.0
Maharashtra,Junnar(Narayangaon) APMC,Potato,2026-03-27,Other,11.0,200.0,1500.0,850.0
Maharashtra,Kalyan APMC,Potato,2026-03-27,Other,0.3,1400.0,1800.0,1600.0
Maharashtra,Kamthi APMC,Potato,2026-03-27,Local,2.3,2040.0,2540.0,2290.0
Maharashtra,Khed(Chakan) APMC,Potato,2026-03-27,Other,90.0,800.0,1200.0,1000.0
Maharashtra,Mumbai-Onion & Potato Market APMC,Potato,2026-03-27,Other,1579.4,700.0,1300.0,1000.0
Maharashtra,Pune APMC,Potato,2026-03-27,Local,1237.1,400.0,1300.0,850.0
Maharashtra,Pune(Moshi) APMC,Potato,2026-03-27,Local,116.6,800.0,1200.0,1000.0
Maharashtra,Rahata APMC,Potato,2026-03-27,Other,16.3,800.0,1200.0,1000.0
Maharashtra,SHRI.SIDDHESHWAR  APMC,Potato,2026-03-27,Local,64.6,500.0,1300.0,1000.0
Maharashtra,"Sangli(Phale, Bhajipala Market) APMC",Potato,2026-03-27,Local,129.0,800.0,1500.0,1150.0
Maharashtra,Shrirampur APMC,Potato,2026-03-27,Other,11.0,800.0,1000.0,900.0
Maharashtra,Vai APMC,Potato,2026-03-27,Local,2.5,1200.0,1500.0,1350.0
Maharashtra,Ahilyanagar APMC,Potato,2026-03-28,Other,64.3,400.0,1600.0,1000.0
Maharashtra,Akluj APMC,Potato,2026-03-28,Local,10.5,900.0,1300.0,1100.0
Maharashtra,Akola APMC,Potato,2026-03-28,Other,93.0,500.0,1100.0,800.0
Maharashtra,Amrawati(Frui & Veg. Market) APMC,Potato,2026-03-28,Local,50.9,600.0,1300.0,950.0
Maharashtra,Bhusaval APMC,Potato,2026-03-28,Other,8.9,1000.0,1500.0,1200.0
Maharashtra,Chandrapur(Ganjwad) APMC,Potato,2026-03-28,Other,41.0,1000.0,1100.0,1050.0
Maharashtra,Chattrapati Sambhajinagar APMC,Potato,2026-03-28,Other,99.0,600.0,1000.0,800.0
Maharashtra,Dharashiv APMC,Potato,2026-03-28,Other,3.9,700.0,1200.0,950.0
Maharashtra,Jalgaon APMC,Potato,2026-03-28,Other,60.0,500.0,1000.0,800.0
Maharashtra,Junnar(Narayangaon) APMC,Potato,2026-03-28,Other,16.8,200.0,1400.0,800.0
Maharashtra,Khed(Chakan) APMC,Potato,2026-03-28,Other,110.0,700.0,1300.0,1200.0
Maharashtra,Mumbai-Onion & Potato Market APMC,Potato,2026-03-28,Other,1046.8,600.0,1200.0,900.0
Maharashtra,Nagpur APMC,Potato,2026-03-28,Local,595.0,800.0,1000.0,950.0
Maharashtra,Nasik APMC,Potato,2026-03-28,Other,251.1,500.0,1200.0,800.0
Maharashtra,Pune(Khadiki) APMC,Potato,2026-03-28,Local,0.7,800.0,1200.0,1000.0
Maharashtra,Pune(Manjri) APMC,Potato,2026-03-28,Other,5.2,1200.0,1600.0,1500.0
Maharashtra,Pune(Moshi) APMC,Potato,2026-03-28,Local,128.2,800.0,1000.0,900.0
Maharashtra,Rahuri APMC,Potato,2026-03-28,Other,12.3,300.0,1500.0,900.0
Maharashtra,SHRI.SIDDHESHWAR  APMC,Potato,2026-03-28,Local,71.2,400.0,1200.0,900.0
Maharashtra,"Sangli(Phale, Bhajipala Market) APMC",Potato,2026-03-28,Local,42.0,700.0,1500.0,1100.0
Maharashtra,Satara APMC,Potato,2026-03-28,Other,60.0,1000.0,1400.0,1200.0
Maharashtra,Shrirampur APMC,Potato,2026-03-28,Other,8.0,800.0,1200.0,1000.0
Maharashtra,Vaduj APMC,Potato,2026-03-28,Local,5.0,1300.0,1400.0,1350.0
Maharashtra,Akluj APMC,Potato,2026-03-29,Local,11.0,1000.0,1400.0,1200.0
Maharashtra,Amrawati(Frui & Veg. Market) APMC,Potato,2026-03-29,Local,46.7,500.0,1300.0,900.0
Maharashtra,Bhusaval APMC,Potato,2026-03-29,Other,1.2,1000.0,1500.0,1200.0
Maharashtra,Chattrapati Sambhajinagar APMC,Potato,2026-03-29,Other,97.0,500.0,1200.0,850.0
Maharashtra,Dharashiv APMC,Potato,2026-03-29,Other,7.8,700.0,1300.0,1000.0
Maharashtra,Junnar(Narayangaon) APMC,Potato,2026-03-29,Other,7.0,200.0,1400.0,750.0
Maharashtra,Kalyan APMC,Potato,2026-03-29,Other,0.3,1200.0,1600.0,1400.0
Maharashtra,Kamthi APMC,Potato,2026-03-29,Local,3.7,2060.0,2560.0,2310.0
Maharashtra,Nagpur APMC,Potato,2026-03-29,Local,560.0,600.0,1000.0,900.0
Maharashtra,Pune APMC,Potato,2026-03-29,Local,899.1,500.0,1400.0,950.0
Maharashtra,Pune(Khadiki) APMC,Potato,2026-03-29,Local,0.9,700.0,1200.0,950.0
Maharashtra,Pune(Manjri) APMC,Potato,2026-03-29,Other,5.3,1000.0,1600.0,1500.0
Maharashtra,Pune(Moshi) APMC,Potato,2026-03-29,Local,54.5,1000.0,1200.0,1100.0
Maharashtra,Rahata APMC,Potato,2026-03-29,Other,54.0,500.0,1200.0,800.0
Maharashtra,Rahuri APMC,Potato,2026-03-29,Other,10.9,500.0,1500.0,1000.0
Maharashtra,Satara APMC,Potato,2026-03-29,Other,12.1,1000.0,1400.0,1200.0
Maharashtra,Shrirampur APMC,Potato,2026-03-29,Other,9.0,800.0,1200.0,1000.0
Maharashtra,Vaduj APMC,Potato,2026-03-29,Local,2.5,1300.0,1400.0,1350.0
Maharashtra,Vai APMC,Potato,2026-03-29,Local,1.5,1400.0,1600.0,1500.0
Maharashtra,Akluj APMC,Potato,2026-03-30,Local,12.0,1000.0,1500.0,1300.0
Maharashtra,Akola APMC,Potato,2026-03-30,Other,293.0,500.0,1100.0,800.0
Maharashtra,Amrawati(Frui & Veg. Market) APMC,Potato,2026-03-30,Local,48.0,600.0,1300.0,950.0
Maharashtra,Chandrapur(Ganjwad) APMC,Potato,2026-03-30,Other,168.0,600.0,1200.0,800.0
Maharashtra,HINGNA - APMC,Potato,2026-03-30,Local,2.8,900.0,1600.0,1300.0
Maharashtra,Jalgaon APMC,Potato,2026-03-30,Other,50.0,700.0,1200.0,900.0
Maharashtra,Kalyan APMC,Potato,2026-03-30,Other,0.3,1200.0,1600.0,1400.0
Maharashtra,Kamthi APMC,Potato,2026-03-30,Local,1.4,2050.0,2550.0,2300.0
Maharashtra,Mumbai-Onion & Potato Market APMC,Potato,2026-03-30,Other,925.3,600.0,1200.0,900.0
Maharashtra,Nagpur APMC,Potato,2026-03-30,Local,367.5,600.0,1000.0,900.0
Maharashtra,Nasik APMC,Potato,2026-03-30,Other,229.5,550.0,1250.0,800.0
Maharashtra,Pune APMC,Potato,2026-03-30,Local,645.3,500.0,1300.0,900.0
Maharashtra,Pune(Khadiki) APMC,Potato,2026-03-30,Local,1.0,800.0,1200.0,1000.0
Maharashtra,Pune(Manjri) APMC,Potato,2026-03-30,Other,3.8,1200.0,1600.0,1400.0
Maharashtra,Pune(Moshi) APMC,Potato,2026-03-30,Local,88.8,800.0,1200.0,1000.0
Maharashtra,Rahuri APMC,Potato,2026-03-30,Other,12.4,500.0,1500.0,1000.0
Maharashtra,SHRI.SIDDHESHWAR  APMC,Potato,2026-03-30,Local,96.0,500.0,1200.0,1000.0
Maharashtra,"Sangli(Phale, Bhajipala Market) APMC",Potato,2026-03-30,Local,180.0,700.0,1500.0,1100.0
Maharashtra,Satara APMC,Potato,2026-03-30,Other,16.7,1000.0,1400.0,1200.0
Maharashtra,Shrirampur APMC,Potato,2026-03-30,Other,7.0,800.0,1000.0,900.0
Maharashtra,Vaduj APMC,Potato,2026-03-30,Local,2.0,1300.0,1400.0,1350.0
Maharashtra,Ahilyanagar APMC,Potato,2026-03-31,Other,62.9,300.0,1600.0,850.0
Maharashtra,Amrawati(Frui & Veg. Market) APMC,Potato,2026-03-31,Local,48.0,500.0,1300.0,900.0
Maharashtra,Bhusaval APMC,Potato,2026-03-31,Other,8.1,1000.0,1500.0,1200.0
Maharashtra,Chattrapati Sambhajinagar APMC,Potato,2026-03-31,Other,66.0,800.0,1000.0,900.0
Maharashtra,Dharashiv APMC,Potato,2026-03-31,Other,3.8,800.0,1300.0,1050.0
Maharashtra,HINGNA - APMC,Potato,2026-03-31,Local,0.3,1600.0,1600.0,1600.0
Maharashtra,Jalgaon APMC,Potato,2026-03-31,Other,45.0,600.0,1200.0,900.0
Maharashtra,Kalyan APMC,Potato,2026-03-31,Other,0.3,1000.0,1300.0,1150.0
Maharashtra,Kamthi APMC,Potato,2026-03-31,Local,1.4,2060.0,2560.0,2310.0
Maharashtra,Khed(Chakan) APMC,Potato,2026-03-31,Other,90.0,800.0,1200.0,1000.0
Maharashtra,Manchar APMC,Potato,2026-03-31,Local,4.4,400.0,1000.0,700.0
Maharashtra,Mumbai-Onion & Potato Market APMC,Potato,2026-03-31,Other,762.1,600.0,1200.0,900.0
Maharashtra,Nasik APMC,Potato,2026-03-31,Other,163.3,500.0,1200.0,750.0
Maharashtra,Pune(Khadiki) APMC,Potato,2026-03-31,Local,0.7,700.0,1200.0,950.0
Maharashtra,Pune(Manjri) APMC,Potato,2026-03-31,Other,4.1,1200.0,1600.0,1400.0
Maharashtra,Pune(Moshi) APMC,Potato,2026-03-31,Local,48.9,900.0,1000.0,950.0
Maharashtra,Rahuri APMC,Potato,2026-03-31,Other,9.3,300.0,1500.0,900.0
Maharashtra,SHRI.SIDDHESHWAR  APMC,Potato,2026-03-31,Local,132.4,600.0,1300.0,1000.0
Maharashtra,"Sangli(Phale, Bhajipala Market) APMC",Potato,2026-03-31,Local,86.6,700.0,1500.0,1100.0
Maharashtra,Satara APMC,Potato,2026-03-31,Other,33.7,1000.0,1400.0,1200.0
Maharashtra,Vaduj APMC,Potato,2026-03-31,Local,2.5,1300.0,1500.0,1400.0
Maharashtra,Vita APMC,Potato,2026-03-31,Other,4.0,1700.0,3500.0,2000.0
Maharashtra,Akluj APMC,Potato,2026-04-01,Local,14.0,1000.0,1300.0,1200.0
Maharashtra,Akola APMC,Potato,2026-04-01,Other,128.0,500.0,1000.0,800.0
Maharashtra,Amrawati(Frui & Veg. Market) APMC,Potato,2026-04-01,Local,47.9,600.0,1300.0,950.0
Maharashtra,Bhusaval APMC,Potato,2026-04-01,Other,6.4,1000.0,1500.0,1200.0
Maharashtra,Chattrapati Sambhajinagar APMC,Potato,2026-04-01,Other,55.0,700.0,1200.0,950.0
Maharashtra,Dharashiv APMC,Potato,2026-04-01,Other,1.9,1100.0,1300.0,1200.0
Maharashtra,HINGNA - APMC,Potato,2026-04-01,Local,2.5,1000.0,1600.0,1320.0
Maharashtra,Jalgaon APMC,Potato,2026-04-01,Other,50.0,700.0,1100.0,900.0
Maharashtra,Junnar(Narayangaon) APMC,Potato,2026-04-01,Other,20.2,200.0,1500.0,850.0
Maharashtra,Kalyan APMC,Potato,2026-04-01,Other,0.3,1000.0,1300.0,1150.0
Maharashtra,Kamthi APMC,Potato,2026-04-01,Local,0.9,2060.0,2560.0,2310.0
Maharashtra,Khed(Chakan) APMC,Potato,2026-04-01,Other,100.0,800.0,1300.0,1100.0
Maharashtra,Mumbai-Onion & Potato Market APMC,Potato,2026-04-01,Other,559.7,500.0,1100.0,800.0
Maharashtra,Nagpur APMC,Potato,2026-04-01,Local,437.5,600.0,1000.0,900.0
Maharashtra,Nasik APMC,Potato,2026-04-01,Other,134.6,650.0,1250.0,700.0
Maharashtra,Pune APMC,Potato,2026-04-01,Local,479.7,500.0,1300.0,900.0
Maharashtra,Pune(Manjri) APMC,Potato,2026-04-01,Other,2.5,1200.0,1800.0,1500.0
Maharashtra,Rahata APMC,Potato,2026-04-01,Other,26.0,1000.0,1200.0,1100.0
Maharashtra,Rahuri APMC,Potato,2026-04-01,Other,11.2,200.0,1500.0,850.0
Maharashtra,SHRI.SIDDHESHWAR  APMC,Potato,2026-04-01,Local,71.5,400.0,1100.0,900.0
Maharashtra,"Sangli(Phale, Bhajipala Market) APMC",Potato,2026-04-01,Local,98.1,800.0,1500.0,1150.0
Maharashtra,Satara APMC,Potato,2026-04-01,Other,4.5,1000.0,1400.0,1200.0
Maharashtra,Shrirampur APMC,Potato,2026-04-01,Other,10.0,800.0,1000.0,900.0
Maharashtra,Vai APMC,Potato,2026-04-01,Local,1.2,1300.0,1600.0,1450.0
Maharashtra,Ahilyanagar APMC,Potato,2026-04-02,Other,55.0,800.0,1600.0,1200.0
Maharashtra,Akluj APMC,Potato,2026-04-02,Local,12.5,1000.0,1300.0,1200.0
Maharashtra,Bhusaval APMC,Potato,2026-04-02,Other,6.6,1000.0,2000.0,1500.0
Maharashtra,Chandrapur(Ganjwad) APMC,Potato,2026-04-02,Other,57.0,1000.0,1200.0,1100.0
Maharashtra,Chattrapati Sambhajinagar APMC,Potato,2026-04-02,Other,71.0,500.0,1200.0,850.0
Maharashtra,Dharashiv APMC,Potato,2026-04-02,Other,3.0,800.0,1200.0,1000.0
Maharashtra,HINGNA - APMC,Potato,2026-04-02,Local,0.3,1600.0,1600.0,1600.0
Maharashtra,Junnar APMC,Potato,2026-04-02,Local,7.4,700.0,1500.0,900.0
Maharashtra,Junnar(Otur) APMC,Potato,2026-04-02,Local,23.1,500.0,1600.0,1300.0
Maharashtra,Kamthi APMC,Potato,2026-04-02,Local,1.1,2060.0,2560.0,2310.0
Maharashtra,Khed(Chakan) APMC,Potato,2026-04-02,Other,90.0,1000.0,1200.0,1100.0
Maharashtra,Mumbai-Onion & Potato Market APMC,Potato,2026-04-02,Other,691.4,500.0,1100.0,800.0
Maharashtra,Nagpur APMC,Potato,2026-04-02,Local,487.5,600.0,1000.0,900.0
Maharashtra,Nasik APMC,Potato,2026-04-02,Other,108.6,500.0,1250.0,750.0
Maharashtra,Pune APMC,Potato,2026-04-02,Local,562.5,600.0,1300.0,950.0
Maharashtra,Pune(Khadiki) APMC,Potato,2026-04-02,Local,0.8,1000.0,1200.0,1100.0
Maharashtra,Pune(Manjri) APMC,Potato,2026-04-02,Other,2.3,1200.0,1600.0,1500.0
Maharashtra,Pune(Moshi) APMC,Potato,2026-04-02,Local,176.0,800.0,1000.0,900.0
Maharashtra,Rahata APMC,Potato,2026-04-02,Other,39.5,1000.0,1200.0,1100.0
Maharashtra,Rahuri APMC,Potato,2026-04-02,Other,6.3,400.0,1700.0,1050.0
Maharashtra,SHRI.SIDDHESHWAR  APMC,Potato,2026-04-02,Local,62.7,500.0,1350.0,900.0
Maharashtra,"Sangli(Phale, Bhajipala Market) APMC",Potato,2026-04-02,Local,60.0,800.0,1600.0,1200.0
Maharashtra,Satara APMC,Potato,2026-04-02,Other,11.4,1000.0,1400.0,1200.0
Maharashtra,Shrirampur APMC,Potato,2026-04-02,Other,9.0,800.0,1200.0,1000.0
Maharashtra,Vaduj APMC,Potato,2026-04-02,Local,2.7,1200.0,1400.0,1300.0
Maharashtra,Vai APMC,Potato,2026-04-02,Local,1.5,1300.0,1600.0,1450.0
Maharashtra,Akluj APMC,Potato,2026-04-03,Other,11.0,1000.0,1300.0,1100.0
Maharashtra,Akola APMC,Potato,2026-04-03,Other,127.0,400.0,1100.0,800.0
Maharashtra,Amrawati(Frui & Veg. Market) APMC,Potato,2026-04-03,Local,42.0,400.0,1200.0,800.0
Maharashtra,Kamthi APMC,Potato,2026-04-03,Local,2.7,2040.0,2540.0,2290.0
Maharashtra,Khed(Chakan) APMC,Potato,2026-04-03,Other,90.0,1000.0,1300.0,1200.0
Maharashtra,Mumbai-Onion & Potato Market APMC,Potato,2026-04-03,Other,847.1,500.0,1200.0,850.0
Maharashtra,Nasik APMC,Potato,2026-04-03,Other,156.8,550.0,1250.0,800.0
Maharashtra,Pune APMC,Potato,2026-04-03,Local,543.0,500.0,1400.0,950.0
Maharashtra,Pune(Khadiki) APMC,Potato,2026-04-03,Local,0.8,800.0,1200.0,1000.0
Maharashtra,Pune(Manjri) APMC,Potato,2026-04-03,Other,3.7,1200.0,1500.0,1400.0
Maharashtra,Pune(Moshi) APMC,Potato,2026-04-03,Local,87.5,800.0,1000.0,900.0
Maharashtra,Rahata APMC,Potato,2026-04-03,Other,23.4,1000.0,1200.0,1100.0
Maharashtra,SHRI.SIDDHESHWAR  APMC,Potato,2026-04-03,Local,51.6,400.0,1350.0,1000.0
Maharashtra,"Sangli(Phale, Bhajipala Market) APMC",Potato,2026-04-03,Local,144.0,800.0,1600.0,1200.0
Maharashtra,Shrirampur APMC,Potato,2026-04-03,Other,11.0,800.0,1000.0,900.0
Maharashtra,Vai APMC,Potato,2026-04-03,Local,2.5,1400.0,1600.0,1500.0
Maharashtra,Akluj APMC,Potato,2026-04-04,Local,9.5,900.0,1300.0,1100.0
Maharashtra,Bhusaval APMC,Potato,2026-04-04,Other,7.0,1200.0,2000.0,1500.0
Maharashtra,Chandrapur(Ganjwad) APMC,Potato,2026-04-04,Other,60.0,1000.0,1200.0,1100.0
Maharashtra,Chattrapati Sambhajinagar APMC,Potato,2026-04-04,Other,64.0,600.0,1000.0,800.0
Maharashtra,HINGNA - APMC,Potato,2026-04-04,Local,3.0,800.0,1600.0,1350.0
Maharashtra,Jalgaon APMC,Potato,2026-04-04,Other,37.5,700.0,1200.0,800.0
Maharashtra,Junnar(Narayangaon) APMC,Potato,2026-04-04,Other,14.4,200.0,1500.0,800.0
Maharashtra,Mumbai-Onion & Potato Market APMC,Potato,2026-04-04,Other,699.1,600.0,1300.0,950.0
Maharashtra,Nagpur APMC,Potato,2026-04-04,Local,490.0,600.0,1000.0,900.0
Maharashtra,Nasik APMC,Potato,2026-04-04,Other,191.0,700.0,1300.0,850.0
Maharashtra,Pune(Manjri) APMC,Potato,2026-04-04,Other,5.4,1200.0,1600.0,1400.0
Maharashtra,Pune(Moshi) APMC,Potato,2026-04-04,Local,92.8,900.0,1100.0,1000.0
Maharashtra,Rahata APMC,Potato,2026-04-04,Other,33.0,500.0,1200.0,850.0
Maharashtra,Ramtek APMC,Potato,2026-04-04,Local,1.2,800.0,1000.0,900.0
Maharashtra,SHRI.SIDDHESHWAR  APMC,Potato,2026-04-04,Local,65.9,400.0,1350.0,1000.0
Maharashtra,"Sangli(Phale, Bhajipala Market) APMC",Potato,2026-04-04,Local,101.0,800.0,1500.0,1150.0
Maharashtra,Satara APMC,Potato,2026-04-04,Other,39.5,1000.0,1400.0,1200.0
Maharashtra,Shrirampur APMC,Potato,2026-04-04,Other,8.0,800.0,1200.0,1000.0
Maharashtra,Vaduj APMC,Potato,2026-04-04,Local,7.0,1300.0,1500.0,1400.0
Maharashtra,Ahilyanagar APMC,Potato,2026-04-05,Other,45.0,400.0,1600.0,1000.0
Maharashtra,Akluj APMC,Potato,2026-04-05,Local,13.0,1000.0,1200.0,1100.0
Maharashtra,Amrawati(Frui & Veg. Market) APMC,Potato,2026-04-05,Local,51.8,400.0,1200.0,800.0
Maharashtra,Bhusaval APMC,Potato,2026-04-05,Other,10.4,1000.0,1500.0,1200.0
Maharashtra,Chattrapati Sambhajinagar APMC,Potato,2026-04-05,Other,77.0,600.0,1300.0,950.0
Maharashtra,Dharashiv APMC,Potato,2026-04-05,Other,4.5,900.0,1400.0,1150.0
Maharashtra,Junnar(Narayangaon) APMC,Potato,2026-04-05,Other,4.8,200.0,1000.0,600.0
Maharashtra,Junnar(Otur) APMC,Potato,2026-04-05,Local,9.2,500.0,1700.0,1100.0
Maharashtra,Khed(Chakan) APMC,Potato,2026-04-05,Other,100.0,800.0,1200.0,1000.0
Maharashtra,Pune APMC,Potato,2026-04-05,Local,720.5,500.0,1400.0,950.0
Maharashtra,Pune(Khadiki) APMC,Potato,2026-04-05,Local,0.7,700.0,1200.0,950.0
Maharashtra,Pune(Manjri) APMC,Potato,2026-04-05,Other,4.6,1200.0,1600.0,1500.0
Maharashtra,Pune(Moshi) APMC,Potato,2026-04-05,Local,66.3,1000.0,1100.0,1050.0
Maharashtra,Rahata APMC,Potato,2026-04-05,Other,38.2,200.0,1200.0,700.0
Maharashtra,Rahuri APMC,Potato,2026-04-05,Other,3.6,300.0,1500.0,900.0
Maharashtra,Satara APMC,Potato,2026-04-05,Other,11.9,1000.0,1400.0,1200.0
Maharashtra,Shrirampur APMC,Potato,2026-04-05,Other,10.0,800.0,1200.0,1000.0
Maharashtra,Vaduj APMC,Potato,2026-04-05,Local,2.5,1300.0,1400.0,1350.0
Maharashtra,Akluj APMC,Potato,2026-04-06,Local,13.0,1000.0,1200.0,1100.0
Maharashtra,Akola APMC,Potato,2026-04-06,Other,223.0,500.0,1100.0,900.0
Maharashtra,Amrawati(Frui & Veg. Market) APMC,Potato,2026-04-06,Local,47.9,400.0,1300.0,850.0
Maharashtra,Chattrapati Sambhajinagar APMC,Potato,2026-04-06,Other,56.0,800.0,1000.0,900.0
Maharashtra,HINGNA - APMC,Potato,2026-04-06,Local,1.7,750.0,1800.0,1341.0
Maharashtra,Jalgaon APMC,Potato,2026-04-06,Other,50.0,800.0,1200.0,1000.0
Maharashtra,Kamthi APMC,Potato,2026-04-06,Local,1.8,2040.0,2540.0,2290.0
Maharashtra,Mumbai-Onion & Potato Market APMC,Potato,2026-04-06,Other,999.4,600.0,1400.0,1000.0
Maharashtra,Nagpur APMC,Potato,2026-04-06,Local,560.0,600.0,1000.0,900.0
Maharashtra,Nasik APMC,Potato,2026-04-06,Other,193.0,700.0,1400.0,900.0
Maharashtra,Pune APMC,Potato,2026-04-06,Local,484.3,700.0,1400.0,1050.0
Maharashtra,Pune(Khadiki) APMC,Potato,2026-04-06,Local,1.0,800.0,1200.0,1000.0
Maharashtra,Pune(Manjri) APMC,Potato,2026-04-06,Other,6.1,1000.0,1600.0,1400.0
Maharashtra,Pune(Moshi) APMC,Potato,2026-04-06,Local,81.3,1000.0,1100.0,1050.0
Maharashtra,SHRI.SIDDHESHWAR  APMC,Potato,2026-04-06,Local,31.8,600.0,1400.0,1000.0
Maharashtra,"Sangli(Phale, Bhajipala Market) APMC",Potato,2026-04-06,Local,145.0,800.0,1600.0,1200.0
Maharashtra,Satara APMC,Potato,2026-04-06,Other,27.8,1000.0,1400.0,1200.0
Maharashtra,Shrirampur APMC,Potato,2026-04-06,Other,7.0,1000.0,1200.0,1100.0
Maharashtra,Vaduj APMC,Potato,2026-04-06,Local,6.0,1000.0,1500.0,1250.0
Maharashtra,Vai APMC,Potato,2026-04-06,Local,1.2,1200.0,1600.0,1350.0
Maharashtra,Vita APMC,Potato,2026-04-06,Other,10.0,2000.0,2300.0,2150.0
Maharashtra,Ahilyanagar APMC,Potato,2026-04-07,Other,64.5,500.0,1700.0,1100.0
Maharashtra,Akola APMC,Potato,2026-04-07,Other,27.0,500.0,1100.0,900.0
Maharashtra,Amrawati(Frui & Veg. Market) APMC,Potato,2026-04-07,Local,50.9,400.0,1200.0,800.0
Maharashtra,Bhusaval APMC,Potato,2026-04-07,Other,7.1,1000.0,1500.0,1200.0
Maharashtra,Chattrapati Sambhajinagar APMC,Potato,2026-04-07,Other,55.0,600.0,1200.0,900.0
Maharashtra,Dharashiv APMC,Potato,2026-04-07,Other,4.5,670.0,1000.0,835.0
Maharashtra,HINGNA - APMC,Potato,2026-04-07,Local,2.3,1200.0,1600.0,1400.0
Maharashtra,Islampur APMC,Potato,2026-04-07,Other,23.7,1300.0,1500.0,1400.0
Maharashtra,Jalgaon APMC,Potato,2026-04-07,Other,45.0,700.0,1100.0,800.0
Maharashtra,Kalyan APMC,Potato,2026-04-07,Other,0.3,800.0,1000.0,900.0
Maharashtra,Kamthi APMC,Potato,2026-04-07,Local,2.2,2070.0,2570.0,2320.0
Maharashtra,Khed(Chakan) APMC,Potato,2026-04-07,Other,100.0,800.0,1200.0,1000.0
Maharashtra,Mumbai-Onion & Potato Market APMC,Potato,2026-04-07,Other,881.4,700.0,1300.0,1000.0
Maharashtra,Nagpur APMC,Potato,2026-04-07,Local,525.0,600.0,1000.0,900.0
Maharashtra,Nasik APMC,Potato,2026-04-07,Other,169.0,600.0,1350.0,850.0
Maharashtra,Pune APMC,Potato,2026-04-07,Local,641.0,500.0,1400.0,950.0
Maharashtra,Pune(Khadiki) APMC,Potato,2026-04-07,Local,0.6,800.0,1200.0,1000.0
Maharashtra,Pune(Manjri) APMC,Potato,2026-04-07,Other,4.7,1200.0,1600.0,1400.0
Maharashtra,Pune(Moshi) APMC,Potato,2026-04-07,Local,38.8,1000.0,1200.0,1100.0
Maharashtra,Rahuri APMC,Potato,2026-04-07,Other,4.6,800.0,1500.0,1150.0
Maharashtra,SHRI.SIDDHESHWAR  APMC,Potato,2026-04-07,Local,158.7,700.0,1400.0,1000.0
Maharashtra,"Sangli(Phale, Bhajipala Market) APMC",Potato,2026-04-07,Local,70.0,800.0,1600.0,1200.0
Maharashtra,Satara APMC,Potato,2026-04-07,Other,13.6,1000.0,1400.0,1200.0
Maharashtra,Vai APMC,Potato,2026-04-07,Local,1.5,1300.0,1700.0,1500.0
Maharashtra,Akluj APMC,Potato,2026-04-08,Local,11.0,800.0,1200.0,1000.0
Maharashtra,Akola APMC,Potato,2026-04-08,Other,92.0,500.0,1200.0,900.0
Maharashtra,Amrawati(Frui & Veg. Market) APMC,Potato,2026-04-08,Local,51.0,400.0,1300.0,850.0
Maharashtra,Bhusaval APMC,Potato,2026-04-08,Other,3.0,1000.0,1500.0,1200.0
Maharashtra,Chattrapati Sambhajinagar APMC,Potato,2026-04-08,Other,37.0,700.0,1000.0,850.0
Maharashtra,Dharashiv APMC,Potato,2026-04-08,Other,2.8,1000.0,1400.0,1200.0
Maharashtra,HINGNA - APMC,Potato,2026-04-08,Local,0.8,1000.0,1600.0,1266.0
Maharashtra,Jalgaon APMC,Potato,2026-04-08,Other,40.0,350.0,1000.0,800.0
Maharashtra,Junnar(Narayangaon) APMC,Potato,2026-04-08,Other,10.6,200.0,1500.0,800.0
Maharashtra,Kalyan APMC,Potato,2026-04-08,Other,0.3,1000.0,1300.0,1150.0
Maharashtra,Kamthi APMC,Potato,2026-04-08,Local,2.2,2060.0,2560.0,2310.0
Maharashtra,Khed(Chakan) APMC,Potato,2026-04-08,Other,100.0,800.0,1200.0,1000.0
Maharashtra,Mumbai-Onion & Potato Market APMC,Potato,2026-04-08,Other,990.1,600.0,1200.0,900.0
Maharashtra,Nasik APMC,Potato,2026-04-08,Other,169.0,650.0,1300.0,850.0
Maharashtra,Pune APMC,Potato,2026-04-08,Local,639.3,500.0,1400.0,950.0
Maharashtra,Pune(Khadiki) APMC,Potato,2026-04-08,Local,0.6,900.0,1200.0,1050.0
Maharashtra,Pune(Manjri) APMC,Potato,2026-04-08,Other,4.0,1200.0,1600.0,1500.0
Maharashtra,Rahata APMC,Potato,2026-04-08,Other,18.9,700.0,1000.0,850.0
Maharashtra,Rahuri APMC,Potato,2026-04-08,Other,3.3,700.0,1500.0,1100.0
Maharashtra,Ramtek APMC,Potato,2026-04-08,Local,1.0,800.0,1000.0,900.0
Maharashtra,SHRI.SIDDHESHWAR  APMC,Potato,2026-04-08,Local,62.2,650.0,1350.0,1100.0
Maharashtra,"Sangli(Phale, Bhajipala Market) APMC",Potato,2026-04-08,Local,102.0,700.0,1600.0,1150.0
Maharashtra,Satara APMC,Potato,2026-04-08,Other,29.8,1000.0,1400.0,1200.0
Maharashtra,Shrirampur APMC,Potato,2026-04-08,Other,10.0,1000.0,1200.0,1100.0
Maharashtra,Vaduj APMC,Potato,2026-04-08,Local,2.3,1200.0,1400.0,1300.0
Maharashtra,Ahilyanagar APMC,Potato,2026-04-09,Other,54.0,1000.0,1700.0,1350.0
Maharashtra,Akluj APMC,Potato,2026-04-09,Local,10.5,900.0,1200.0,1000.0
Maharashtra,Akola APMC,Potato,2026-04-09,Other,118.0,500.0,1200.0,900.0
Maharashtra,Bhusaval APMC,Potato,2026-04-09,Other,6.6,1000.0,1500.0,1200.0
Maharashtra,Chandrapur(Ganjwad) APMC,Potato,2026-04-09,Other,52.0,1000.0,1300.0,1200.0
Maharashtra,Chattrapati Sambhajinagar APMC,Potato,2026-04-09,Other,69.0,500.0,1200.0,850.0
Maharashtra,Dharashiv APMC,Potato,2026-04-09,Other,5.7,600.0,1200.0,900.0
Maharashtra,HINGNA - APMC,Potato,2026-04-09,Local,4.6,800.0,1500.0,1225.0
Maharashtra,Jalgaon APMC,Potato,2026-04-09,Other,45.0,500.0,800.0,700.0
Maharashtra,Junnar APMC,Potato,2026-04-09,Local,9.5,500.0,1000.0,700.0
Maharashtra,Junnar(Narayangaon) APMC,Potato,2026-04-09,Other,8.0,200.0,1300.0,700.0
Maharashtra,Junnar(Otur) APMC,Potato,2026-04-09,Local,30.5,500.0,1400.0,1000.0
Maharashtra,Kalyan APMC,Potato,2026-04-09,Other,0.3,1000.0,1300.0,1150.0
Maharashtra,Khed(Chakan) APMC,Potato,2026-04-09,Other,90.0,800.0,1200.0,1000.0
Maharashtra,Manchar APMC,Potato,2026-04-09,Other,4.8,800.0,1200.0,1000.0
Maharashtra,Mumbai-Onion & Potato Market APMC,Potato,2026-04-09,Other,835.1,600.0,1300.0,950.0
Maharashtra,Nagpur APMC,Potato,2026-04-09,Local,350.0,600.0,1000.0,900.0
Maharashtra,Nasik APMC,Potato,2026-04-09,Other,166.0,700.0,1350.0,900.0
Maharashtra,Pune APMC,Potato,2026-04-09,Local,982.0,500.0,1400.0,950.0
Maharashtra,Pune(Khadiki) APMC,Potato,2026-04-09,Local,0.9,900.0,1200.0,1050.0
Maharashtra,Pune(Manjri) APMC,Potato,2026-04-09,Other,4.0,1200.0,1600.0,1500.0
Maharashtra,Pune(Moshi) APMC,Potato,2026-04-09,Local,114.6,700.0,1000.0,850.0
Maharashtra,Rahata APMC,Potato,2026-04-09,Other,37.6,300.0,1100.0,700.0
Maharashtra,Rahuri APMC,Potato,2026-04-09,Other,9.8,500.0,1500.0,1000.0
Maharashtra,Ramtek APMC,Potato,2026-04-09,Local,3.3,800.0,1000.0,900.0
Maharashtra,SHRI.SIDDHESHWAR  APMC,Potato,2026-04-09,Local,70.6,600.0,1350.0,1000.0
Maharashtra,"Sangli(Phale, Bhajipala Market) APMC",Potato,2026-04-09,Local,110.0,700.0,1600.0,1150.0
Maharashtra,Satara APMC,Potato,2026-04-09,Other,26.7,1000.0,1400.0,1200.0
Maharashtra,Shrirampur APMC,Potato,2026-04-09,Other,9.0,800.0,1200.0,1000.0
Maharashtra,Vita APMC,Potato,2026-04-09,Other,10.0,1100.0,1200.0,1150.0
Maharashtra,Ahilyanagar APMC,Potato,2026-04-10,Other,47.0,900.0,1500.0,1200.0
Maharashtra,Akluj APMC,Potato,2026-04-10,Local,9.0,800.0,1200.0,1000.0
Maharashtra,Akola APMC,Potato,2026-04-10,Other,179.0,500.0,1200.0,900.0
Maharashtra,Amrawati(Frui & Veg. Market) APMC,Potato,2026-04-10,Local,55.8,300.0,1300.0,800.0
Maharashtra,Chandrapur(Ganjwad) APMC,Potato,2026-04-10,Other,53.0,1000.0,1300.0,1200.0
Maharashtra,Dharashiv APMC,Potato,2026-04-10,Other,5.0,600.0,1200.0,900.0
Maharashtra,HINGNA - APMC,Potato,2026-04-10,Local,0.5,1100.0,1100.0,1100.0
Maharashtra,Islampur APMC,Potato,2026-04-10,Other,20.4,1300.0,1600.0,1450.0
Maharashtra,Jalgaon APMC,Potato,2026-04-10,Other,50.0,500.0,1000.0,700.0
Maharashtra,Junnar(Narayangaon) APMC,Potato,2026-04-10,Other,2.5,200.0,1250.0,650.0
Maharashtra,Kamthi APMC,Potato,2026-04-10,Local,0.7,2060.0,2560.0,2310.0
Maharashtra,Khed(Chakan) APMC,Potato,2026-04-10,Other,80.0,800.0,1200.0,1000.0
Maharashtra,Mumbai-Onion & Potato Market APMC,Potato,2026-04-10,Other,1229.2,600.0,1200.0,900.0
Maharashtra,Nasik APMC,Potato,2026-04-10,Other,136.6,500.0,1250.0,800.0
Maharashtra,Pune APMC,Potato,2026-04-10,Local,748.0,500.0,1300.0,900.0
Maharashtra,Pune(Khadiki) APMC,Potato,2026-04-10,Local,0.8,700.0,1200.0,950.0
Maharashtra,Pune(Manjri) APMC,Potato,2026-04-10,Other,4.3,1200.0,1600.0,1400.0
Maharashtra,Pune(Moshi) APMC,Potato,2026-04-10,Local,76.6,1000.0,1200.0,1100.0
Maharashtra,Rahata APMC,Potato,2026-04-10,Other,20.5,1000.0,1100.0,1050.0
Maharashtra,SHRI.SIDDHESHWAR  APMC,Potato,2026-04-10,Local,69.0,600.0,1350.0,1000.0
Maharashtra,"Sangli(Phale, Bhajipala Market) APMC",Potato,2026-04-10,Local,108.0,700.0,1600.0,1150.0
Maharashtra,Shrirampur APMC,Potato,2026-04-10,Other,11.0,1000.0,1200.0,1100.0
Maharashtra,Vadgaonpeth APMC,Potato,2026-04-10,Local,5.5,1400.0,1700.0,1500.0
Maharashtra,Vai APMC,Potato,2026-04-10,Local,2.5,1300.0,1700.0,1500.0
Maharashtra,Akluj APMC,Potato,2026-04-11,Local,11.0,1000.0,1200.0,1100.0
Maharashtra,Akola APMC,Potato,2026-04-11,Other,206.0,500.0,1100.0,900.0
Maharashtra,Amrawati(Frui & Veg. Market) APMC,Potato,2026-04-11,Local,51.8,400.0,1300.0,850.0
Maharashtra,Bhusaval APMC,Potato,2026-04-11,Other,3.3,1000.0,1500.0,1200.0
Maharashtra,Chandrapur(Ganjwad) APMC,Potato,2026-04-11,Other,56.0,1100.0,1300.0,1200.0
Maharashtra,Chattrapati Sambhajinagar APMC,Potato,2026-04-11,Other,59.0,600.0,1200.0,900.0
Maharashtra,Dharashiv APMC,Potato,2026-04-11,Other,1.7,800.0,1000.0,900.0
Maharashtra,HINGNA - APMC,Potato,2026-04-11,Local,0.4,1500.0,1500.0,1500.0
Maharashtra,Jalgaon APMC,Potato,2026-04-11,Other,70.0,500.0,927.0,802.0
Maharashtra,Junnar(Narayangaon) APMC,Potato,2026-04-11,Other,3.8,200.0,1000.0,600.0
Maharashtra,Khed(Chakan) APMC,Potato,2026-04-11,Other,150.0,500.0,1200.0,800.0
Maharashtra,Mumbai-Onion & Potato Market APMC,Potato,2026-04-11,Other,1519.5,600.0,1200.0,900.0
Maharashtra,Nagpur APMC,Potato,2026-04-11,Local,575.0,800.0,1200.0,1100.0
Maharashtra,Pune(Khadiki) APMC,Potato,2026-04-11,Local,0.6,700.0,1200.0,950.0
Maharashtra,Pune(Manjri) APMC,Potato,2026-04-11,Other,2.2,1200.0,1600.0,1400.0
Maharashtra,Pune(Moshi) APMC,Potato,2026-04-11,Local,112.0,1000.0,1100.0,1050.0
Maharashtra,Rahata APMC,Potato,2026-04-11,Other,31.3,800.0,1100.0,950.0
Maharashtra,Rahuri APMC,Potato,2026-04-11,Other,3.2,400.0,1200.0,800.0
Maharashtra,Ramtek APMC,Potato,2026-04-11,Local,1.0,800.0,1000.0,900.0
Maharashtra,SHRI.SIDDHESHWAR  APMC,Potato,2026-04-11,Local,53.9,500.0,1300.0,1000.0
Maharashtra,"Sangli(Phale, Bhajipala Market) APMC",Potato,2026-04-11,Local,79.0,700.0,1600.0,1150.0
Maharashtra,Satara APMC,Potato,2026-04-11,Other,18.3,1000.0,1400.0,1200.0
Maharashtra,Shrirampur APMC,Potato,2026-04-11,Other,8.0,800.0,1000.0,900.0
Maharashtra,Vaduj APMC,Potato,2026-04-11,Local,5.0,1200.0,1300.0,1250.0
Maharashtra,Vai APMC,Potato,2026-04-11,Local,2.5,1400.0,1800.0,1600.0
Maharashtra,Vita APMC,Potato,2026-04-11,Other,10.0,1400.0,1500.0,1450.0
Maharashtra,Ahilyanagar APMC,Potato,2026-04-12,Other,55.2,1100.0,1600.0,1350.0
Maharashtra,Akluj APMC,Potato,2026-04-12,Local,9.0,900.0,1200.0,1000.0
Maharashtra,Amrawati(Frui & Veg. Market) APMC,Potato,2026-04-12,Local,48.8,300.0,1300.0,800.0
Maharashtra,Bhusaval APMC,Potato,2026-04-12,Other,9.4,1000.0,1500.0,1200.0
Maharashtra,Chattrapati Sambhajinagar APMC,Potato,2026-04-12,Other,55.0,700.0,1200.0,950.0
Maharashtra,Dharashiv APMC,Potato,2026-04-12,Other,5.6,700.0,1300.0,1000.0
Maharashtra,Junnar APMC,Potato,2026-04-12,Local,24.3,500.0,1500.0,900.0
Maharashtra,Junnar(Narayangaon) APMC,Potato,2026-04-12,Other,10.0,300.0,1400.0,850.0
Maharashtra,Junnar(Otur) APMC,Potato,2026-04-12,Local,17.5,500.0,1300.0,1000.0
Maharashtra,Kamthi APMC,Potato,2026-04-12,Local,1.0,2040.0,2540.0,2290.0
Maharashtra,Khed(Chakan) APMC,Potato,2026-04-12,Other,110.0,800.0,1200.0,1000.0
Maharashtra,Nagpur APMC,Potato,2026-04-12,Local,350.0,800.0,1200.0,1100.0
Maharashtra,Pune APMC,Potato,2026-04-12,Local,855.9,500.0,1300.0,900.0
Maharashtra,Pune(Manjri) APMC,Potato,2026-04-12,Other,3.5,1200.0,1600.0,1500.0
Maharashtra,Pune(Moshi) APMC,Potato,2026-04-12,Local,64.1,1000.0,1100.0,1050.0
Maharashtra,Rahata APMC,Potato,2026-04-12,Other,39.5,800.0,1100.0,1000.0
Maharashtra,Rahuri APMC,Potato,2026-04-12,Other,3.5,500.0,1400.0,950.0
Maharashtra,Ramtek APMC,Potato,2026-04-12,Local,8.4,800.0,1000.0,900.0
Maharashtra,Satara APMC,Potato,2026-04-12,Other,24.0,1000.0,1400.0,1200.0
Maharashtra,Shrirampur APMC,Potato,2026-04-12,Other,12.0,1000.0,1200.0,1100.0
Maharashtra,Vaduj APMC,Potato,2026-04-12,Local,2.5,1200.0,1300.0,1250.0
Maharashtra,Vai APMC,Potato,2026-04-12,Local,1.2,1400.0,1600.0,1500.0
Maharashtra,Akluj APMC,Potato,2026-04-13,Local,11.5,1000.0,1200.0,1100.0
Maharashtra,Amrawati(Frui & Veg. Market) APMC,Potato,2026-04-13,Local,51.8,400.0,1400.0,900.0
Maharashtra,Chandrapur(Ganjwad) APMC,Potato,2026-04-13,Other,76.0,1100.0,1300.0,1200.0
Maharashtra,Chattrapati Sambhajinagar APMC,Potato,2026-04-13,Other,64.0,600.0,1100.0,850.0
Maharashtra,HINGNA - APMC,Potato,2026-04-13,Local,2.0,900.0,1600.0,1242.0
Maharashtra,Jalgaon APMC,Potato,2026-04-13,Other,55.0,600.0,1000.0,700.0
Maharashtra,Junnar(Narayangaon) APMC,Potato,2026-04-13,Other,8.8,200.0,1300.0,750.0
Maharashtra,Kamthi APMC,Potato,2026-04-13,Local,0.3,2040.0,2540.0,2290.0
Maharashtra,Mumbai-Onion & Potato Market APMC,Potato,2026-04-13,Other,1473.8,700.0,1400.0,1050.0
Maharashtra,Nagpur APMC,Potato,2026-04-13,Local,595.0,800.0,1200.0,1100.0
Maharashtra,Nasik APMC,Potato,2026-04-13,Other,252.5,600.0,1250.0,800.0
Maharashtra,Pune APMC,Potato,2026-04-13,Local,594.2,400.0,1300.0,850.0
Maharashtra,Pune(Khadiki) APMC,Potato,2026-04-13,Local,0.7,800.0,1200.0,1000.0
Maharashtra,Pune(Manjri) APMC,Potato,2026-04-13,Other,3.0,1000.0,1600.0,1500.0
Maharashtra,Pune(Moshi) APMC,Potato,2026-04-13,Local,117.3,800.0,1200.0,1000.0
Maharashtra,Pune(Pimpri) APMC,Potato,2026-04-13,Local,0.2,600.0,600.0,600.0
Maharashtra,Rahuri APMC,Potato,2026-04-13,Other,4.0,200.0,1500.0,850.0
Maharashtra,SHRI.SIDDHESHWAR  APMC,Potato,2026-04-13,Local,52.3,500.0,1300.0,1100.0
Maharashtra,"Sangli(Phale, Bhajipala Market) APMC",Potato,2026-04-13,Local,155.0,700.0,1600.0,1150.0
Maharashtra,Satara APMC,Potato,2026-04-13,Other,2.0,1000.0,1400.0,1200.0
Maharashtra,Shrirampur APMC,Potato,2026-04-13,Other,10.0,800.0,1200.0,1000.0
Maharashtra,Vaduj APMC,Potato,2026-04-13,Local,2.5,1300.0,1400.0,1350.0
Maharashtra,Ahilyanagar APMC,Potato,2026-04-14,Other,43.7,700.0,1600.0,1150.0
Maharashtra,Amrawati(Frui & Veg. Market) APMC,Potato,2026-04-14,Local,48.9,400.0,1300.0,850.0
Maharashtra,Chattrapati Sambhajinagar APMC,Potato,2026-04-14,Other,57.0,500.0,900.0,700.0
Maharashtra,Dharashiv APMC,Potato,2026-04-14,Other,4.3,600.0,1300.0,950.0
Maharashtra,HINGNA - APMC,Potato,2026-04-14,Local,5.5,1200.0,1500.0,1425.0
Maharashtra,Islampur APMC,Potato,2026-04-14,Other,9.9,1400.0,1500.0,1450.0
Maharashtra,Kamthi APMC,Potato,2026-04-14,Local,2.6,2040.0,2540.0,2290.0
Maharashtra,Khed(Chakan) APMC,Potato,2026-04-14,Other,100.0,800.0,1200.0,1000.0
Maharashtra,Mumbai-Onion & Potato Market APMC,Potato,2026-04-14,Other,838.5,600.0,1000.0,800.0
Maharashtra,Pune APMC,Potato,2026-04-14,Local,659.4,400.0,1300.0,850.0
Maharashtra,Pune(Khadiki) APMC,Potato,2026-04-14,Local,0.9,700.0,1200.0,950.0
Maharashtra,Pune(Manjri) APMC,Potato,2026-04-14,Other,3.7,1200.0,1600.0,1500.0
Maharashtra,Pune(Moshi) APMC,Potato,2026-04-14,Local,16.8,900.0,1100.0,1000.0
Maharashtra,Rahata APMC,Potato,2026-04-14,Other,53.8,1000.0,1000.0,1000.0
Maharashtra,Rahuri APMC,Potato,2026-04-14,Other,7.7,1000.0,1400.0,1200.0
Maharashtra,Ramtek APMC,Potato,2026-04-14,Local,1.9,800.0,1000.0,900.0
Maharashtra,"Sangli(Phale, Bhajipala Market) APMC",Potato,2026-04-14,Local,113.0,700.0,1600.0,1150.0
Maharashtra,Vaduj APMC,Potato,2026-04-14,Local,4.0,800.0,1200.0,1000.0
Maharashtra,Vai APMC,Potato,2026-04-14,Local,1.2,1500.0,1700.0,1650.0
Maharashtra,Akluj APMC,Potato,2026-04-15,Local,10.5,1000.0,1200.0,1000.0
Maharashtra,Akola APMC,Potato,2026-04-15,Other,118.0,500.0,1100.0,800.0
Maharashtra,Amrawati(Frui & Veg. Market) APMC,Potato,2026-04-15,Local,48.8,400.0,1400.0,900.0
Maharashtra,Bhusaval APMC,Potato,2026-04-15,Other,8.2,1000.0,1500.0,1200.0
Maharashtra,Chandrapur(Ganjwad) APMC,Potato,2026-04-15,Other,76.0,1100.0,1300.0,1200.0
Maharashtra,Chattrapati Sambhajinagar APMC,Potato,2026-04-15,Other,93.0,400.0,1200.0,800.0
Maharashtra,Dharashiv APMC,Potato,2026-04-15,Other,3.9,700.0,1300.0,1000.0
Maharashtra,HINGNA - APMC,Potato,2026-04-15,Local,1.8,900.0,1600.0,1200.0
Maharashtra,Jalgaon APMC,Potato,2026-04-15,Other,45.0,550.0,925.0,700.0
Maharashtra,Junnar(Narayangaon) APMC,Potato,2026-04-15,Other,7.4,200.0,1000.0,550.0
Maharashtra,Kalyan APMC,Potato,2026-04-15,Other,0.3,800.0,900.0,850.0
Maharashtra,Kamthi APMC,Potato,2026-04-15,Local,0.4,1520.0,2020.0,1770.0
Maharashtra,Khed(Chakan) APMC,Potato,2026-04-15,Other,150.0,500.0,1200.0,700.0
Maharashtra,Manchar APMC,Potato,2026-04-15,Other,2.3,450.0,1000.0,730.0
Maharashtra,Mumbai-Onion & Potato Market APMC,Potato,2026-04-15,Other,1088.0,500.0,1100.0,800.0
Maharashtra,Nagpur APMC,Potato,2026-04-15,Local,735.0,800.0,1200.0,1100.0
Maharashtra,Nasik APMC,Potato,2026-04-15,Other,267.5,700.0,1300.0,850.0
Maharashtra,Pune APMC,Potato,2026-04-15,Local,452.6,500.0,1300.0,900.0
Maharashtra,Pune(Manjri) APMC,Potato,2026-04-15,Other,3.5,1200.0,1400.0,1300.0
Maharashtra,Rahuri APMC,Potato,2026-04-15,Other,2.9,300.0,1500.0,900.0
Maharashtra,Ramtek APMC,Potato,2026-04-15,Local,1.3,800.0,1000.0,900.0
Maharashtra,SHRI.SIDDHESHWAR  APMC,Potato,2026-04-15,Local,68.3,750.0,1200.0,900.0
Maharashtra,"Sangli(Phale, Bhajipala Market) APMC",Potato,2026-04-15,Local,84.0,700.0,1600.0,1150.0
Maharashtra,Satara APMC,Potato,2026-04-15,Other,24.2,1000.0,1400.0,1200.0
Maharashtra,Shrirampur APMC,Potato,2026-04-15,Other,11.0,800.0,1200.0,1000.0
Maharashtra,Akluj APMC,Potato,2026-04-16,Local,11.0,1000.0,1300.0,1200.0
Maharashtra,Akola APMC,Potato,2026-04-16,Other,115.0,500.0,1000.0,700.0
Maharashtra,Bhusaval APMC,Potato,2026-04-16,Other,3.3,1000.0,1500.0,1200.0
Maharashtra,Chandrapur(Ganjwad) APMC,Potato,2026-04-16,Other,55.0,1100.0,1300.0,1200.0
Maharashtra,Chattrapati Sambhajinagar APMC,Potato,2026-04-16,Other,48.0,650.0,1050.0,850.0
Maharashtra,Dharashiv APMC,Potato,2026-04-16,Other,1.1,1200.0,1300.0,1250.0
Maharashtra,HINGNA - APMC,Potato,2026-04-16,Local,0.9,900.0,1600.0,1375.0
Maharashtra,Islampur APMC,Potato,2026-04-16,Other,4.9,1400.0,1500.0,1450.0
Maharashtra,Jalgaon APMC,Potato,2026-04-16,Other,45.0,500.0,900.0,700.0
Maharashtra,Junnar APMC,Potato,2026-04-16,Local,16.4,800.0,1500.0,1100.0
Maharashtra,Junnar(Narayangaon) APMC,Potato,2026-04-16,Other,8.8,200.0,1000.0,550.0
Maharashtra,Junnar(Otur) APMC,Potato,2026-04-16,Local,22.9,500.0,1400.0,1000.0
Maharashtra,Kalyan APMC,Potato,2026-04-16,Other,0.3,1000.0,1200.0,1100.0
Maharashtra,Kamthi APMC,Potato,2026-04-16,Local,3.0,1520.0,2020.0,1770.0
Maharashtra,Khed(Chakan) APMC,Potato,2026-04-16,Other,90.0,800.0,1200.0,1000.0
Maharashtra,Manchar APMC,Potato,2026-04-16,Other,2.4,600.0,1000.0,820.0
Maharashtra,Mumbai-Onion & Potato Market APMC,Potato,2026-04-16,Other,983.3,600.0,1200.0,900.0
Maharashtra,Nagpur APMC,Potato,2026-04-16,Local,560.0,800.0,1200.0,1100.0
Maharashtra,Nasik APMC,Potato,2026-04-16,Other,146.5,600.0,1250.0,800.0
Maharashtra,Pune(Khadiki) APMC,Potato,2026-04-16,Local,1.2,800.0,1200.0,1000.0
Maharashtra,Pune(Moshi) APMC,Potato,2026-04-16,Local,109.7,900.0,1000.0,950.0
Maharashtra,Rahata APMC,Potato,2026-04-16,Other,41.2,1000.0,1100.0,1050.0
Maharashtra,Rahuri APMC,Potato,2026-04-16,Other,6.3,600.0,1500.0,1050.0
Maharashtra,SHRI.SIDDHESHWAR  APMC,Potato,2026-04-16,Local,44.6,1000.0,1200.0,1100.0
Maharashtra,"Sangli(Phale, Bhajipala Market) APMC",Potato,2026-04-16,Local,79.0,700.0,1600.0,1150.0
Maharashtra,Satara APMC,Potato,2026-04-16,Other,12.5,1000.0,1400.0,1200.0
Maharashtra,Shrirampur APMC,Potato,2026-04-16,Other,8.0,1000.0,1400.0,1200.0
Maharashtra,Vaduj APMC,Potato,2026-04-16,Local,2.5,1200.0,1300.0,1250.0
Maharashtra,Vai APMC,Potato,2026-04-16,Local,2.5,1200.0,1700.0,1450.0
Maharashtra,Akluj APMC,Potato,2026-04-17,Local,9.0,1000.0,1400.0,1200.0
Maharashtra,Akola APMC,Potato,2026-04-17,Other,117.0,500.0,1200.0,900.0
Maharashtra,Amrawati(Frui & Veg. Market) APMC,Potato,2026-04-17,Local,44.8,400.0,1300.0,850.0
Maharashtra,Bhusaval APMC,Potato,2026-04-17,Other,4.0,1000.0,1500.0,1200.0
Maharashtra,Chandrapur(Ganjwad) APMC,Potato,2026-04-17,Other,36.0,1100.0,1300.0,1200.0
Maharashtra,HINGNA - APMC,Potato,2026-04-17,Local,3.0,1200.0,1200.0,1200.0
Maharashtra,Jalgaon APMC,Potato,2026-04-17,Other,50.0,500.0,1000.0,700.0
Maharashtra,Kalyan APMC,Potato,2026-04-17,Other,0.3,1000.0,1200.0,1100.0
Maharashtra,Kamthi APMC,Potato,2026-04-17,Local,1.5,1520.0,2020.0,1770.0
Maharashtra,Khed(Chakan) APMC,Potato,2026-04-17,Other,80.0,800.0,1200.0,1000.0
Maharashtra,Mumbai-Onion & Potato Market APMC,Potato,2026-04-17,Other,554.0,700.0,1300.0,1000.0
Maharashtra,Nasik APMC,Potato,2026-04-17,Other,191.0,500.0,1200.0,750.0
Maharashtra,Pune APMC,Potato,2026-04-17,Local,472.0,500.0,1300.0,900.0
Maharashtra,Pune(Khadiki) APMC,Potato,2026-04-17,Local,0.7,800.0,1200.0,1000.0
Maharashtra,Pune(Manjri) APMC,Potato,2026-04-17,Other,4.0,1400.0,1600.0,1500.0
Maharashtra,Pune(Moshi) APMC,Potato,2026-04-17,Local,29.1,800.0,1000.0,900.0
Maharashtra,Rahata APMC,Potato,2026-04-17,Other,20.5,800.0,1100.0,950.0
Maharashtra,SHRI.SIDDHESHWAR  APMC,Potato,2026-04-17,Local,72.8,700.0,1200.0,1000.0
Maharashtra,"Sangli(Phale, Bhajipala Market) APMC",Potato,2026-04-17,Local,78.0,700.0,1600.0,1150.0
Maharashtra,Shrirampur APMC,Potato,2026-04-17,Other,12.0,1000.0,1400.0,1200.0
Maharashtra,Vadgaonpeth APMC,Potato,2026-04-17,Local,7.5,1400.0,1800.0,1500.0
Maharashtra,Vai APMC,Potato,2026-04-17,Local,3.0,1200.0,1700.0,1500.0
Maharashtra,Ahilyanagar APMC,Potato,2026-04-18,Other,49.9,800.0,1300.0,1050.0
Maharashtra,Akluj APMC,Potato,2026-04-18,Local,9.5,900.0,1400.0,1200.0
Maharashtra,Akola APMC,Potato,2026-04-18,Other,98.0,500.0,1000.0,800.0
Maharashtra,Amrawati(Frui & Veg. Market) APMC,Potato,2026-04-18,Local,51.9,400.0,1400.0,900.0
Maharashtra,Bhusaval APMC,Potato,2026-04-18,Other,7.5,1200.0,2000.0,1500.0
Maharashtra,Chandrapur(Ganjwad) APMC,Potato,2026-04-18,Other,47.0,1000.0,1200.0,1100.0
Maharashtra,Chattrapati Sambhajinagar APMC,Potato,2026-04-18,Other,156.0,700.0,1200.0,950.0
Maharashtra,HINGNA - APMC,Potato,2026-04-18,Local,0.2,1500.0,1500.0,1500.0
Maharashtra,Jalgaon APMC,Potato,2026-04-18,Other,50.0,500.0,900.0,700.0
Maharashtra,Junnar(Narayangaon) APMC,Potato,2026-04-18,Other,5.6,200.0,1100.0,600.0
Maharashtra,Khed(Chakan) APMC,Potato,2026-04-18,Other,150.0,500.0,1300.0,800.0
Maharashtra,Mumbai-Onion & Potato Market APMC,Potato,2026-04-18,Other,532.9,500.0,1100.0,800.0
Maharashtra,Nagpur APMC,Potato,2026-04-18,Local,612.5,800.0,1200.0,1100.0
Maharashtra,Nasik APMC,Potato,2026-04-18,Other,205.7,550.0,1250.0,780.0
Maharashtra,Pune(Khadiki) APMC,Potato,2026-04-18,Local,0.7,800.0,1200.0,1000.0
Maharashtra,Pune(Manjri) APMC,Potato,2026-04-18,Other,6.4,1200.0,1600.0,1400.0
Maharashtra,Pune(Moshi) APMC,Potato,2026-04-18,Local,35.0,1000.0,1000.0,1000.0
Maharashtra,Rahuri APMC,Potato,2026-04-18,Other,5.0,300.0,1500.0,900.0
Maharashtra,SHRI.SIDDHESHWAR  APMC,Potato,2026-04-18,Local,44.7,600.0,1200.0,1000.0
Maharashtra,"Sangli(Phale, Bhajipala Market) APMC",Potato,2026-04-18,Local,73.0,700.0,1600.0,1150.0
Maharashtra,Satara APMC,Potato,2026-04-18,Other,60.0,1000.0,1400.0,1200.0
Maharashtra,Vaduj APMC,Potato,2026-04-18,Local,4.0,1200.0,1300.0,1250.0
Maharashtra,Vita APMC,Potato,2026-04-18,Other,10.0,1400.0,1500.0,1450.0
Maharashtra,Akluj APMC,Potato,2026-04-19,Local,11.0,1000.0,1400.0,1200.0
Maharashtra,Amrawati(Frui & Veg. Market) APMC,Potato,2026-04-19,Local,51.8,400.0,1300.0,850.0
Maharashtra,Chattrapati Sambhajinagar APMC,Potato,2026-04-19,Other,69.0,600.0,900.0,750.0
Maharashtra,Dharashiv APMC,Potato,2026-04-19,Other,3.9,700.0,1300.0,1000.0
Maharashtra,Junnar APMC,Potato,2026-04-19,Local,9.4,500.0,1000.0,800.0
Maharashtra,Junnar(Narayangaon) APMC,Potato,2026-04-19,Other,8.8,300.0,1500.0,800.0
Maharashtra,Junnar(Otur) APMC,Potato,2026-04-19,Local,6.9,600.0,1300.0,1000.0
Maharashtra,Kalyan APMC,Potato,2026-04-19,Other,0.3,1200.0,1500.0,1350.0
Maharashtra,Kamthi APMC,Potato,2026-04-19,Local,3.5,1510.0,2010.0,1760.0
Maharashtra,Khed(Chakan) APMC,Potato,2026-04-19,Other,110.0,800.0,1200.0,1000.0
Maharashtra,Manchar APMC,Potato,2026-04-19,Other,5.1,500.0,1100.0,825.0
Maharashtra,Pune APMC,Potato,2026-04-19,Local,674.7,500.0,1300.0,900.0
Maharashtra,Pune(Khadiki) APMC,Potato,2026-04-19,Local,0.8,600.0,1200.0,900.0
Maharashtra,Pune(Manjri) APMC,Potato,2026-04-19,Other,3.9,1000.0,1600.0,1400.0
Maharashtra,Pune(Moshi) APMC,Potato,2026-04-19,Local,125.5,1000.0,1100.0,1050.0
Maharashtra,Rahata APMC,Potato,2026-04-19,Other,46.0,500.0,1200.0,800.0
Maharashtra,Rahuri APMC,Potato,2026-04-19,Other,9.6,500.0,1500.0,1000.0
Maharashtra,Shrirampur APMC,Potato,2026-04-19,Other,9.0,1000.0,1200.0,1100.0
Maharashtra,Vaduj APMC,Potato,2026-04-19,Local,4.0,1200.0,1300.0,1250.0
Maharashtra,Vai APMC,Potato,2026-04-19,Local,2.5,1200.0,1600.0,1500.0
Maharashtra,Akluj APMC,Potato,2026-04-20,Local,10.5,1000.0,1300.0,1200.0
Maharashtra,Akola APMC,Potato,2026-04-20,Other,222.0,500.0,1200.0,800.0
Maharashtra,Amrawati(Frui & Veg. Market) APMC,Potato,2026-04-20,Local,54.8,400.0,1200.0,800.0
Maharashtra,Chandrapur(Ganjwad) APMC,Potato,2026-04-20,Other,93.0,1000.0,1300.0,1200.0
Maharashtra,Chattrapati Sambhajinagar APMC,Potato,2026-04-20,Other,54.0,800.0,1100.0,950.0
Maharashtra,HINGNA - APMC,Potato,2026-04-20,Local,2.6,800.0,1500.0,1233.0
Maharashtra,Jalgaon APMC,Potato,2026-04-20,Other,54.0,500.0,1000.0,750.0
Maharashtra,Junnar(Narayangaon) APMC,Potato,2026-04-20,Other,9.0,200.0,1500.0,800.0
Maharashtra,Kalyan APMC,Potato,2026-04-20,Other,0.3,1200.0,1500.0,1350.0
Maharashtra,Kamthi APMC,Potato,2026-04-20,Local,0.7,1520.0,2020.0,1770.0
Maharashtra,Manchar APMC,Potato,2026-04-20,Other,2.4,600.0,1100.0,885.0
Maharashtra,Mumbai-Onion & Potato Market APMC,Potato,2026-04-20,Other,995.7,500.0,1100.0,800.0
Maharashtra,Nasik APMC,Potato,2026-04-20,Other,146.0,500.0,1200.0,800.0
Maharashtra,Pune APMC,Potato,2026-04-20,Local,341.4,500.0,1300.0,800.0
Maharashtra,Pune(Khadiki) APMC,Potato,2026-04-20,Local,0.9,800.0,1200.0,1000.0
Maharashtra,Pune(Manjri) APMC,Potato,2026-04-20,Other,4.9,1400.0,1600.0,1500.0
Maharashtra,Rahuri APMC,Potato,2026-04-20,Other,0.8,500.0,1200.0,850.0
Maharashtra,SHRI.SIDDHESHWAR  APMC,Potato,2026-04-20,Local,106.7,700.0,1250.0,800.0
Maharashtra,"Sangli(Phale, Bhajipala Market) APMC",Potato,2026-04-20,Local,102.0,700.0,1600.0,1150.0
Maharashtra,Satara APMC,Potato,2026-04-20,Other,12.3,1000.0,1400.0,1200.0
Maharashtra,Shrirampur APMC,Potato,2026-04-20,Other,11.0,1000.0,1400.0,1200.0
Maharashtra,Vai APMC,Potato,2026-04-20,Local,2.0,1200.0,1600.0,1500.0
Maharashtra,Akola APMC,Potato,2026-04-21,Other,20.0,600.0,1200.0,800.0
Maharashtra,Amrawati(Frui & Veg. Market) APMC,Potato,2026-04-21,Local,51.9,400.0,1300.0,850.0
Maharashtra,Bhusaval APMC,Potato,2026-04-21,Other,6.6,1200.0,2000.0,1500.0
Maharashtra,Chandrapur(Ganjwad) APMC,Potato,2026-04-21,Other,67.0,1000.0,1200.0,1100.0
Maharashtra,Chattrapati Sambhajinagar APMC,Potato,2026-04-21,Other,55.0,550.0,950.0,750.0
Maharashtra,HINGNA - APMC,Potato,2026-04-21,Local,0.8,1000.0,1500.0,1200.0
Maharashtra,Islampur APMC,Potato,2026-04-21,Other,4.0,1400.0,1600.0,1500.0
Maharashtra,Jalgaon APMC,Potato,2026-04-21,Other,56.0,300.0,700.0,500.0
Maharashtra,Kalyan APMC,Potato,2026-04-21,Other,0.3,1200.0,1400.0,1300.0
Maharashtra,Kamthi APMC,Potato,2026-04-21,Local,1.3,1520.0,2020.0,1770.0
Maharashtra,Khed(Chakan) APMC,Potato,2026-04-21,Other,90.0,800.0,1200.0,1000.0
Maharashtra,Manchar APMC,Potato,2026-04-21,Other,1.6,600.0,1200.0,920.0
Maharashtra,Mumbai-Onion & Potato Market APMC,Potato,2026-04-21,Other,758.9,600.0,1200.0,900.0
Maharashtra,Nasik APMC,Potato,2026-04-21,Other,131.0,600.0,1250.0,800.0
Maharashtra,Pune APMC,Potato,2026-04-21,Local,384.4,500.0,1200.0,900.0
Maharashtra,Pune(Manjri) APMC,Potato,2026-04-21,Other,4.4,1200.0,1600.0,1500.0
Maharashtra,Pune(Moshi) APMC,Potato,2026-04-21,Local,47.0,1000.0,1200.0,1100.0
Maharashtra,Rahuri APMC,Potato,2026-04-21,Other,5.3,600.0,1500.0,1050.0
Maharashtra,SHRI.SIDDHESHWAR  APMC,Potato,2026-04-21,Local,112.3,600.0,1000.0,800.0
Maharashtra,Satara APMC,Potato,2026-04-21,Other,42.0,1000.0,1400.0,1200.0
Maharashtra,Akluj APMC,Potato,2026-04-22,Local,12.0,1000.0,1300.0,1200.0
Maharashtra,Akola APMC,Potato,2026-04-22,Other,102.0,500.0,1200.0,900.0
Maharashtra,Amrawati(Frui & Veg. Market) APMC,Potato,2026-04-22,Local,47.9,400.0,1200.0,800.0
Maharashtra,Bhusaval APMC,Potato,2026-04-22,Other,7.5,1200.0,2000.0,1500.0
Maharashtra,Chandrapur(Ganjwad) APMC,Potato,2026-04-22,Other,80.0,1000.0,1300.0,1200.0
Maharashtra,Chattrapati Sambhajinagar APMC,Potato,2026-04-22,Other,37.5,600.0,1200.0,900.0
Maharashtra,Dharashiv APMC,Potato,2026-04-22,Other,0.6,600.0,1200.0,900.0
Maharashtra,HINGNA - APMC,Potato,2026-04-22,Local,1.0,900.0,1600.0,1375.0
Maharashtra,Jalgaon APMC,Potato,2026-04-22,Other,40.0,400.0,800.0,600.0
Maharashtra,Junnar(Narayangaon) APMC,Potato,2026-04-22,Other,4.8,300.0,1300.0,800.0
Maharashtra,Kalyan APMC,Potato,2026-04-22,Other,0.3,1200.0,1400.0,1300.0
Maharashtra,Khed(Chakan) APMC,Potato,2026-04-22,Other,100.0,500.0,1100.0,800.0
Maharashtra,Manchar APMC,Potato,2026-04-22,Other,1.6,500.0,1200.0,855.0
Maharashtra,Mumbai-Onion & Potato Market APMC,Potato,2026-04-22,Other,528.4,700.0,1300.0,1000.0
Maharashtra,Nagpur APMC,Potato,2026-04-22,Local,420.0,800.0,1200.0,1100.0
Maharashtra,Nasik APMC,Potato,2026-04-22,Other,118.5,500.0,1200.0,780.0
Maharashtra,Pune APMC,Potato,2026-04-22,Local,648.1,500.0,1350.0,925.0
Maharashtra,Pune(Khadiki) APMC,Potato,2026-04-22,Local,0.6,800.0,1200.0,1000.0
Maharashtra,Pune(Manjri) APMC,Potato,2026-04-22,Other,3.0,1200.0,1500.0,1400.0
Maharashtra,Rahuri APMC,Potato,2026-04-22,Other,3.6,600.0,2100.0,1350.0
Maharashtra,Ramtek APMC,Potato,2026-04-22,Local,1.0,800.0,1000.0,900.0
Maharashtra,SHRI.SIDDHESHWAR  APMC,Potato,2026-04-22,Local,133.5,600.0,1200.0,1000.0
Maharashtra,"Sangli(Phale, Bhajipala Market) APMC",Potato,2026-04-22,Local,36.0,700.0,1600.0,1150.0
Maharashtra,Satara APMC,Potato,2026-04-22,Other,11.3,1000.0,1400.0,1200.0
Maharashtra,Shrirampur APMC,Potato,2026-04-22,Other,11.0,1000.0,1400.0,1200.0
Maharashtra,Vai APMC,Potato,2026-04-22,Local,2.2,1200.0,1600.0,1500.0
Maharashtra,Akluj APMC,Potato,2026-04-23,Local,10.5,1000.0,1300.0,1200.0
Maharashtra,Akola APMC,Potato,2026-04-23,Other,84.0,600.0,1200.0,900.0
Maharashtra,Bhusaval APMC,Potato,2026-04-23,Other,3.6,1500.0,2000.0,1800.0
Maharashtra,Chandrapur(Ganjwad) APMC,Potato,2026-04-23,Other,39.0,1000.0,1200.0,1100.0
Maharashtra,Chattrapati Sambhajinagar APMC,Potato,2026-04-23,Other,97.0,450.0,1200.0,825.0
Maharashtra,Dharashiv APMC,Potato,2026-04-23,Other,1.6,800.0,1200.0,1000.0
Maharashtra,HINGNA - APMC,Potato,2026-04-23,Local,0.1,1500.0,1500.0,1500.0
Maharashtra,Islampur APMC,Potato,2026-04-23,Other,14.1,1400.0,1600.0,1500.0
Maharashtra,Junnar APMC,Potato,2026-04-23,Local,9.7,1200.0,1500.0,1300.0
Maharashtra,Junnar(Narayangaon) APMC,Potato,2026-04-23,Other,3.2,500.0,1400.0,950.0
Maharashtra,Junnar(Otur) APMC,Potato,2026-04-23,Local,3.2,300.0,1200.0,800.0
Maharashtra,Kalyan APMC,Potato,2026-04-23,Other,0.3,1200.0,1400.0,1300.0
Maharashtra,Kamthi APMC,Potato,2026-04-23,Local,2.0,1520.0,2020.0,1770.0
Maharashtra,Khed(Chakan) APMC,Potato,2026-04-23,Other,90.0,800.0,1200.0,1000.0
Maharashtra,Manchar APMC,Potato,2026-04-23,Other,2.6,850.0,1200.0,1030.0
Maharashtra,Mumbai-Onion & Potato Market APMC,Potato,2026-04-23,Other,769.7,600.0,1200.0,900.0
Maharashtra,Nagpur APMC,Potato,2026-04-23,Local,385.0,800.0,1200.0,1100.0
Maharashtra,Nasik APMC,Potato,2026-04-23,Other,146.0,500.0,1150.0,750.0
Maharashtra,Pune APMC,Potato,2026-04-23,Local,518.1,500.0,1300.0,900.0
Maharashtra,Pune(Khadiki) APMC,Potato,2026-04-23,Local,1.0,900.0,1200.0,1050.0
Maharashtra,Pune(Manjri) APMC,Potato,2026-04-23,Other,2.5,1200.0,1600.0,1500.0
Maharashtra,Pune(Moshi) APMC,Potato,2026-04-23,Local,168.5,900.0,1000.0,950.0
Maharashtra,Ramtek APMC,Potato,2026-04-23,Local,3.9,800.0,1000.0,900.0
Maharashtra,SHRI.SIDDHESHWAR  APMC,Potato,2026-04-23,Local,24.7,1000.0,1200.0,1100.0
Maharashtra,"Sangli(Phale, Bhajipala Market) APMC",Potato,2026-04-23,Local,30.0,700.0,1600.0,1150.0
Maharashtra,Shrirampur APMC,Potato,2026-04-23,Other,9.0,800.0,1200.0,1000.0
Maharashtra,Vai APMC,Potato,2026-04-23,Local,2.0,1200.0,1600.0,1400.0
Maharashtra,Vita APMC,Potato,2026-04-23,Other,10.0,1200.0,1500.0,1350.0
Maharashtra,Akluj APMC,Potato,2026-04-24,Local,9.0,1000.0,1400.0,1200.0
Maharashtra,Akola APMC,Potato,2026-04-24,Other,197.0,500.0,1100.0,800.0
Maharashtra,Amrawati(Frui & Veg. Market) APMC,Potato,2026-04-24,Local,51.9,400.0,1300.0,850.0
Maharashtra,Bhusaval APMC,Potato,2026-04-24,Other,4.8,1500.0,2000.0,1800.0
Maharashtra,Jalgaon APMC,Potato,2026-04-24,Other,60.0,300.0,800.0,550.0
Maharashtra,Junnar(Narayangaon) APMC,Potato,2026-04-24,Other,1.0,1000.0,1200.0,1100.0
Maharashtra,Kalyan APMC,Potato,2026-04-24,Other,0.3,1200.0,1400.0,1300.0
Maharashtra,Kamthi APMC,Potato,2026-04-24,Local,2.3,1520.0,2020.0,1770.0
Maharashtra,Khed(Chakan) APMC,Potato,2026-04-24,Other,70.0,500.0,1100.0,900.0
Maharashtra,Mumbai-Onion & Potato Market APMC,Potato,2026-04-24,Other,440.2,700.0,1300.0,1000.0
Maharashtra,Nasik APMC,Potato,2026-04-24,Other,132.0,600.0,1300.0,850.0
Maharashtra,Pune(Manjri) APMC,Potato,2026-04-24,Other,3.1,1400.0,1800.0,1500.0
Maharashtra,Pune(Moshi) APMC,Potato,2026-04-24,Local,38.0,1000.0,1100.0,1050.0
Maharashtra,Rahata APMC,Potato,2026-04-24,Other,18.0,1200.0,1300.0,1250.0
Maharashtra,Rahuri APMC,Potato,2026-04-24,Other,4.6,500.0,1500.0,1000.0
Maharashtra,SHRI.SIDDHESHWAR  APMC,Potato,2026-04-24,Local,61.0,800.0,1250.0,1000.0
Maharashtra,"Sangli(Phale, Bhajipala Market) APMC",Potato,2026-04-24,Local,83.5,700.0,1600.0,1150.0
Maharashtra,Shrirampur APMC,Potato,2026-04-24,Other,11.0,1000.0,1400.0,1200.0
Maharashtra,Vai APMC,Potato,2026-04-24,Local,2.5,1200.0,1600.0,1500.0
Maharashtra,Akluj APMC,Potato,2026-04-25,Local,10.5,1000.0,1300.0,1100.0
Maharashtra,Amrawati(Frui & Veg. Market) APMC,Potato,2026-04-25,Local,51.9,400.0,1200.0,800.0
Maharashtra,Bhusaval APMC,Potato,2026-04-25,Other,4.2,1200.0,2000.0,1500.0
Maharashtra,Chandrapur(Ganjwad) APMC,Potato,2026-04-25,Other,48.0,1000.0,1200.0,1100.0
Maharashtra,Chattrapati Sambhajinagar APMC,Potato,2026-04-25,Other,63.0,600.0,1200.0,900.0
Maharashtra,Dharashiv APMC,Potato,2026-04-25,Other,1.0,800.0,800.0,800.0
Maharashtra,HINGNA - APMC,Potato,2026-04-25,Local,0.4,1000.0,1500.0,1333.0
Maharashtra,Jalgaon APMC,Potato,2026-04-25,Other,45.0,500.0,900.0,700.0
Maharashtra,Junnar(Narayangaon) APMC,Potato,2026-04-25,Other,7.5,500.0,1300.0,900.0
Maharashtra,Khed(Chakan) APMC,Potato,2026-04-25,Other,150.0,500.0,1300.0,1000.0
Maharashtra,Mumbai-Onion & Potato Market APMC,Potato,2026-04-25,Other,881.3,600.0,1400.0,1000.0
Maharashtra,Nagpur APMC,Potato,2026-04-25,Local,700.0,700.0,1100.0,1000.0
Maharashtra,Nasik APMC,Potato,2026-04-25,Other,143.2,550.0,1250.0,800.0
Maharashtra,Pune(Khadiki) APMC,Potato,2026-04-25,Local,0.8,700.0,1200.0,950.0
Maharashtra,Pune(Manjri) APMC,Potato,2026-04-25,Other,3.2,1400.0,1600.0,1500.0
Maharashtra,Pune(Moshi) APMC,Potato,2026-04-25,Local,50.0,1000.0,1100.0,1050.0
Maharashtra,Rahata APMC,Potato,2026-04-25,Other,27.0,500.0,1300.0,900.0
Maharashtra,Rahuri APMC,Potato,2026-04-25,Other,3.6,700.0,2500.0,1600.0
Maharashtra,Ramtek APMC,Potato,2026-04-25,Local,1.5,800.0,1000.0,900.0
Maharashtra,SHRI.SIDDHESHWAR  APMC,Potato,2026-04-25,Local,18.0,1000.0,1200.0,1100.0
Maharashtra,"Sangli(Phale, Bhajipala Market) APMC",Potato,2026-04-25,Local,84.0,700.0,1600.0,1150.0
Maharashtra,Satara APMC,Potato,2026-04-25,Other,46.0,1000.0,1400.0,1200.0
Maharashtra,Shrirampur APMC,Potato,2026-04-25,Other,7.0,800.0,1200.0,1000.0
Maharashtra,Vai APMC,Potato,2026-04-25,Local,1.9,1400.0,1600.0,1500.0
Maharashtra,Ahilyanagar APMC,Potato,2026-04-26,Other,50.9,300.0,1700.0,1000.0
Maharashtra,Akluj APMC,Potato,2026-04-26,Other,11.5,1000.0,1300.0,1200.0
Maharashtra,Amrawati(Frui & Veg. Market) APMC,Potato,2026-04-26,Local,55.7,400.0,1300.0,850.0
Maharashtra,Chattrapati Sambhajinagar APMC,Potato,2026-04-26,Other,66.0,700.0,900.0,800.0
Maharashtra,Dharashiv APMC,Potato,2026-04-26,Other,2.5,600.0,1300.0,950.0
Maharashtra,Junnar(Narayangaon) APMC,Potato,2026-04-26,Other,2.0,700.0,1300.0,1000.0
Maharashtra,Junnar(Otur) APMC,Potato,2026-04-26,Local,3.4,500.0,1500.0,1200.0
Maharashtra,Kalyan APMC,Potato,2026-04-26,Other,0.3,900.0,1000.0,950.0
Maharashtra,Khed(Chakan) APMC,Potato,2026-04-26,Other,100.0,500.0,1100.0,900.0
Maharashtra,Manchar APMC,Potato,2026-04-26,Other,2.9,500.0,1500.0,1050.0
Maharashtra,Pune APMC,Potato,2026-04-26,Local,812.4,500.0,1400.0,950.0
Maharashtra,Pune(Khadiki) APMC,Potato,2026-04-26,Local,0.6,700.0,1000.0,950.0
Maharashtra,Pune(Manjri) APMC,Potato,2026-04-26,Other,3.4,1200.0,1600.0,1500.0
Maharashtra,Pune(Moshi) APMC,Potato,2026-04-26,Local,54.6,800.0,1000.0,900.0
Maharashtra,Rahuri APMC,Potato,2026-04-26,Other,6.1,200.0,1500.0,850.0
Maharashtra,Ramtek APMC,Potato,2026-04-26,Local,8.7,800.0,1000.0,900.0
Maharashtra,Shrirampur APMC,Potato,2026-04-26,Other,13.0,1000.0,1200.0,1100.0
Maharashtra,Vai APMC,Potato,2026-04-26,Local,2.5,1500.0,1600.0,1550.0
Maharashtra,Ahilyanagar APMC,Potato,2026-04-27,Other,29.5,300.0,1600.0,1100.0
Maharashtra,Akluj APMC,Potato,2026-04-27,Local,13.0,1000.0,1300.0,1100.0
Maharashtra,Akola APMC,Potato,2026-04-27,Other,189.0,500.0,1200.0,800.0
Maharashtra,Amrawati(Frui & Veg. Market) APMC,Potato,2026-04-27,Local,57.0,500.0,1400.0,950.0
Maharashtra,Chandrapur(Ganjwad) APMC,Potato,2026-04-27,Other,98.0,1300.0,1500.0,1400.0
Maharashtra,Chattrapati Sambhajinagar APMC,Potato,2026-04-27,Other,80.0,600.0,1300.0,950.0
Maharashtra,HINGNA - APMC,Potato,2026-04-27,Local,0.3,1000.0,1500.0,1333.0
Maharashtra,Jalgaon APMC,Potato,2026-04-27,Other,46.0,500.0,900.0,700.0
Maharashtra,Kamthi APMC,Potato,2026-04-27,Local,0.5,1520.0,2020.0,1770.0
Maharashtra,Manchar APMC,Potato,2026-04-27,Other,0.8,700.0,1100.0,920.0
Maharashtra,Mumbai-Onion & Potato Market APMC,Potato,2026-04-27,Other,1398.4,600.0,1200.0,900.0
Maharashtra,Nagpur APMC,Potato,2026-04-27,Local,490.0,800.0,1200.0,1100.0
Maharashtra,Nasik APMC,Potato,2026-04-27,Other,141.5,700.0,1400.0,900.0
Maharashtra,Pune APMC,Potato,2026-04-27,Local,691.0,500.0,1300.0,900.0
Maharashtra,Pune(Khadiki) APMC,Potato,2026-04-27,Local,0.7,500.0,1200.0,950.0
Maharashtra,Pune(Manjri) APMC,Potato,2026-04-27,Other,3.1,1300.0,1600.0,1500.0
Maharashtra,Pune(Moshi) APMC,Potato,2026-04-27,Local,9.2,1000.0,1100.0,1050.0
Maharashtra,Rahuri APMC,Potato,2026-04-27,Other,3.2,1000.0,1400.0,1200.0
Maharashtra,SHRI.SIDDHESHWAR  APMC,Potato,2026-04-27,Local,128.1,600.0,1250.0,1100.0
Maharashtra,"Sangli(Phale, Bhajipala Market) APMC",Potato,2026-04-27,Local,207.0,700.0,1600.0,1150.0
Maharashtra,Satara APMC,Potato,2026-04-27,Other,13.6,1000.0,1400.0,1200.0
Maharashtra,Shrirampur APMC,Potato,2026-04-27,Other,9.0,800.0,1200.0,1000.0
Maharashtra,Vai APMC,Potato,2026-04-27,Local,2.0,1200.0,1600.0,1500.0
Maharashtra,Akola APMC,Potato,2026-04-28,Other,37.0,500.0,1100.0,800.0
Maharashtra,Amrawati(Frui & Veg. Market) APMC,Potato,2026-04-28,Local,53.9,400.0,1300.0,850.0
Maharashtra,Bhusaval APMC,Potato,2026-04-28,Other,0.4,1500.0,2000.0,2000.0
Maharashtra,Chandrapur(Ganjwad) APMC,Potato,2026-04-28,Other,95.0,1000.0,1200.0,1100.0
Maharashtra,Chattrapati Sambhajinagar APMC,Potato,2026-04-28,Other,54.0,600.0,900.0,750.0
Maharashtra,Dharashiv APMC,Potato,2026-04-28,Other,0.3,1200.0,1200.0,1200.0
Maharashtra,HINGNA - APMC,Potato,2026-04-28,Local,1.4,1000.0,1500.0,1333.0
Maharashtra,Jalana APMC,Potato,2026-04-28,Other,34.7,200.0,1200.0,700.0
Maharashtra,Jalgaon APMC,Potato,2026-04-28,Other,24.0,500.0,800.0,650.0
Maharashtra,Kalyan APMC,Potato,2026-04-28,Other,0.3,600.0,900.0,750.0
Maharashtra,Kamthi APMC,Potato,2026-04-28,Local,3.6,1520.0,2020.0,1770.0
Maharashtra,Khed(Chakan) APMC,Potato,2026-04-28,Other,100.0,500.0,1000.0,800.0
Maharashtra,Manchar APMC,Potato,2026-04-28,Other,0.5,700.0,1000.0,855.0
Maharashtra,Mumbai-Onion & Potato Market APMC,Potato,2026-04-28,Other,726.9,700.0,1200.0,950.0
Maharashtra,Nagpur APMC,Potato,2026-04-28,Local,366.5,800.0,1200.0,1100.0
Maharashtra,Nasik APMC,Potato,2026-04-28,Other,142.7,650.0,1350.0,850.0
Maharashtra,Pune APMC,Potato,2026-04-28,Local,417.2,500.0,1400.0,950.0
Maharashtra,Pune(Khadiki) APMC,Potato,2026-04-28,Local,0.8,700.0,1200.0,950.0
Maharashtra,Pune(Manjri) APMC,Potato,2026-04-28,Other,2.5,1200.0,1600.0,1400.0
Maharashtra,Rahuri APMC,Potato,2026-04-28,Other,8.5,500.0,1500.0,1000.0
Maharashtra,Ramtek APMC,Potato,2026-04-28,Local,1.9,800.0,1000.0,900.0
Maharashtra,SHRI.SIDDHESHWAR  APMC,Potato,2026-04-28,Local,101.6,950.0,1200.0,1000.0
Maharashtra,"Sangli(Phale, Bhajipala Market) APMC",Potato,2026-04-28,Local,43.0,700.0,1600.0,1150.0
Maharashtra,Satara APMC,Potato,2026-04-28,Other,11.7,1000.0,1400.0,1200.0
Maharashtra,Akluj APMC,Potato,2026-04-29,Local,11.5,1000.0,1300.0,1200.0
Maharashtra,Akola APMC,Potato,2026-04-29,Other,133.0,500.0,1200.0,800.0
Maharashtra,Amrawati(Frui & Veg. Market) APMC,Potato,2026-04-29,Local,44.9,500.0,1400.0,950.0
Maharashtra,Chandrapur(Ganjwad) APMC,Potato,2026-04-29,Other,85.0,1100.0,1300.0,1200.0
Maharashtra,Chattrapati Sambhajinagar APMC,Potato,2026-04-29,Other,59.0,400.0,1000.0,700.0
Maharashtra,HINGNA - APMC,Potato,2026-04-29,Local,0.8,1200.0,1500.0,1350.0
Maharashtra,Jalgaon APMC,Potato,2026-04-29,Other,27.0,500.0,900.0,700.0
Maharashtra,Junnar(Narayangaon) APMC,Potato,2026-04-29,Other,4.2,200.0,1200.0,700.0
Maharashtra,Kalyan APMC,Potato,2026-04-29,Other,0.3,600.0,900.0,800.0
Maharashtra,Kamthi APMC,Potato,2026-04-29,Local,1.7,1520.0,2020.0,1770.0
Maharashtra,Khed(Chakan) APMC,Potato,2026-04-29,Other,100.0,700.0,1200.0,1000.0
Maharashtra,Manchar APMC,Potato,2026-04-29,Other,1.5,400.0,1000.0,750.0
Maharashtra,Mumbai-Onion & Potato Market APMC,Potato,2026-04-29,Other,990.5,700.0,1200.0,950.0
Maharashtra,Nagpur APMC,Potato,2026-04-29,Local,437.5,800.0,1200.0,1100.0
Maharashtra,Nasik APMC,Potato,2026-04-29,Other,134.0,600.0,1300.0,800.0
Maharashtra,Pune APMC,Potato,2026-04-29,Local,536.8,500.0,1400.0,950.0
Maharashtra,Pune(Khadiki) APMC,Potato,2026-04-29,Local,0.9,800.0,1200.0,1000.0
Maharashtra,Pune(Manjri) APMC,Potato,2026-04-29,Other,2.4,1200.0,1600.0,1500.0
Maharashtra,Rahuri APMC,Potato,2026-04-29,Other,1.3,400.0,1800.0,1100.0
Maharashtra,Ramtek APMC,Potato,2026-04-29,Local,1.2,1000.0,1200.0,1100.0
Maharashtra,SHRI.SIDDHESHWAR  APMC,Potato,2026-04-29,Local,90.9,800.0,1200.0,1000.0
Maharashtra,"Sangli(Phale, Bhajipala Market) APMC",Potato,2026-04-29,Local,162.0,700.0,1700.0,1200.0
Maharashtra,Satara APMC,Potato,2026-04-29,Other,25.1,1000.0,1400.0,1200.0
Maharashtra,Shrirampur APMC,Potato,2026-04-29,Other,13.0,1000.0,1200.0,1100.0
Maharashtra,Vai APMC,Potato,2026-04-29,Local,2.0,1200.0,1600.0,1400.0
Maharashtra,Akluj APMC,Potato,2026-04-30,Local,11.0,1000.0,1300.0,1200.0
Maharashtra,Akola APMC,Potato,2026-04-30,Other,125.0,500.0,1200.0,900.0
Maharashtra,Bhusaval APMC,Potato,2026-04-30,Other,3.1,1500.0,2000.0,1800.0
Maharashtra,Chattrapati Sambhajinagar APMC,Potato,2026-04-30,Other,65.0,700.0,1000.0,850.0
Maharashtra,HINGNA - APMC,Potato,2026-04-30,Local,0.4,1400.0,1400.0,1400.0
Maharashtra,Jalgaon APMC,Potato,2026-04-30,Other,45.0,500.0,1100.0,800.0
Maharashtra,Junnar(Narayangaon) APMC,Potato,2026-04-30,Other,3.0,200.0,1300.0,750.0
Maharashtra,Junnar(Otur) APMC,Potato,2026-04-30,Local,10.7,500.0,1500.0,1200.0
Maharashtra,Kalyan APMC,Potato,2026-04-30,Other,0.3,1000.0,1400.0,1200.0
Maharashtra,Kamthi APMC,Potato,2026-04-30,Local,1.5,1520.0,2020.0,1770.0
Maharashtra,Khed(Chakan) APMC,Potato,2026-04-30,Other,90.0,800.0,1200.0,1000.0
Maharashtra,Mumbai-Onion & Potato Market APMC,Potato,2026-04-30,Other,714.5,800.0,1300.0,1050.0
Maharashtra,Nagpur APMC,Potato,2026-04-30,Local,385.0,800.0,1200.0,1100.0
Maharashtra,Nasik APMC,Potato,2026-04-30,Other,160.2,600.0,1250.0,850.0
Maharashtra,Pune(Manjri) APMC,Potato,2026-04-30,Other,2.7,1200.0,1600.0,1500.0
Maharashtra,Pune(Moshi) APMC,Potato,2026-04-30,Local,122.5,1000.0,1200.0,1100.0
Maharashtra,SHRI.SIDDHESHWAR  APMC,Potato,2026-04-30,Local,91.7,900.0,1250.0,1000.0
Maharashtra,"Sangli(Phale, Bhajipala Market) APMC",Potato,2026-04-30,Local,46.0,700.0,1600.0,1150.0
Maharashtra,Shrirampur APMC,Potato,2026-04-30,Other,9.0,1000.0,1400.0,1200.0
Maharashtra,Vaduj APMC,Potato,2026-04-30,Local,4.0,1200.0,1500.0,1350.0
Maharashtra,Vai APMC,Potato,2026-04-30,Local,2.0,1300.0,1600.0,1500.0
Maharashtra,Ahilyanagar APMC,Potato,2026-05-01,Other,52.5,500.0,1600.0,1050.0
Maharashtra,Akluj APMC,Potato,2026-05-01,Local,11.0,1000.0,1300.0,1200.0
Maharashtra,Amrawati(Frui & Veg. Market) APMC,Potato,2026-05-01,Local,46.8,500.0,1500.0,1000.0
Maharashtra,Jalana APMC,Potato,2026-05-01,Other,27.7,150.0,1200.0,700.0
Maharashtra,Junnar(Narayangaon) APMC,Potato,2026-05-01,Other,2.4,500.0,1300.0,900.0
Maharashtra,Kamthi APMC,Potato,2026-05-01,Local,2.6,1530.0,2030.0,1780.0
Maharashtra,Rahata APMC,Potato,2026-05-01,Other,17.0,1000.0,1100.0,1050.0
Maharashtra,Shrirampur APMC,Potato,2026-05-01,Other,12.0,1000.0,1400.0,1200.0
Maharashtra,Vai APMC,Potato,2026-05-01,Local,2.5,1400.0,1600.0,1500.0
Maharashtra,Ahilyanagar APMC,Potato,2026-05-02,Other,37.7,400.0,1600.0,1000.0
Maharashtra,Akluj APMC,Potato,2026-05-02,Local,9.5,900.0,1300.0,1200.0
Maharashtra,Amrawati(Frui & Veg. Market) APMC,Potato,2026-05-02,Local,48.9,400.0,1500.0,950.0
Maharashtra,Bhusaval APMC,Potato,2026-05-02,Other,7.0,1500.0,2000.0,1800.0
Maharashtra,Chandrapur(Ganjwad) APMC,Potato,2026-05-02,Other,63.0,1100.0,1300.0,1200.0
Maharashtra,Chattrapati Sambhajinagar APMC,Potato,2026-05-02,Other,71.5,500.0,1200.0,850.0
Maharashtra,HINGNA - APMC,Potato,2026-05-02,Local,3.7,1000.0,1500.0,1160.0
Maharashtra,Jalgaon APMC,Potato,2026-05-02,Other,45.0,500.0,1000.0,700.0
Maharashtra,Junnar(Narayangaon) APMC,Potato,2026-05-02,Other,4.0,200.0,1300.0,750.0
Maharashtra,Mumbai-Onion & Potato Market APMC,Potato,2026-05-02,Other,1004.4,800.0,1300.0,1050.0
Maharashtra,Nagpur APMC,Potato,2026-05-02,Other,595.0,800.0,1200.0,1100.0
Maharashtra,Nasik APMC,Potato,2026-05-02,Other,199.2,700.0,1400.0,900.0
Maharashtra,Pune(Manjri) APMC,Potato,2026-05-02,Other,1.1,1300.0,1600.0,1500.0
Maharashtra,Pune(Moshi) APMC,Potato,2026-05-02,Local,193.0,900.0,1100.0,1000.0
Maharashtra,Ramtek APMC,Potato,2026-05-02,Local,1.0,1000.0,1500.0,1300.0
Maharashtra,SHRI.SIDDHESHWAR  APMC,Potato,2026-05-02,Local,84.9,700.0,1200.0,900.0
Maharashtra,Satara APMC,Potato,2026-05-02,Other,19.7,1000.0,1300.0,1150.0
Maharashtra,Shrirampur APMC,Potato,2026-05-02,Other,8.0,1000.0,1200.0,1100.0
Maharashtra,Vaduj APMC,Potato,2026-05-02,Local,3.0,700.0,1400.0,1000.0
Maharashtra,Vai APMC,Potato,2026-05-02,Local,2.5,1200.0,1600.0,1400.0
Maharashtra,Vita APMC,Potato,2026-05-02,Other,10.0,1000.0,1500.0,1350.0
Maharashtra,Akluj APMC,Potato,2026-05-03,Other,10.5,1000.0,1200.0,1100.0
Maharashtra,Amrawati(Frui & Veg. Market) APMC,Potato,2026-05-03,Local,51.8,400.0,1500.0,950.0
Maharashtra,Bhusaval APMC,Potato,2026-05-03,Other,8.1,1500.0,2000.0,1800.0
Maharashtra,Chattrapati Sambhajinagar APMC,Potato,2026-05-03,Other,79.0,400.0,1200.0,800.0
Maharashtra,Junnar(Narayangaon) APMC,Potato,2026-05-03,Other,2.0,500.0,1300.0,900.0
Maharashtra,Junnar(Otur) APMC,Potato,2026-05-03,Local,3.0,500.0,1500.0,1100.0
Maharashtra,Kamthi APMC,Potato,2026-05-03,Local,2.0,1520.0,2020.0,1770.0
Maharashtra,Manchar APMC,Potato,2026-05-03,Other,0.5,500.0,700.0,620.0
Maharashtra,Pune APMC,Potato,2026-05-03,Local,652.7,500.0,1400.0,950.0
Maharashtra,Pune(Khadiki) APMC,Potato,2026-05-03,Local,0.9,800.0,1200.0,1000.0
Maharashtra,Pune(Manjri) APMC,Potato,2026-05-03,Other,2.1,1200.0,1600.0,1400.0
Maharashtra,Pune(Moshi) APMC,Potato,2026-05-03,Local,34.0,900.0,1000.0,950.0
Maharashtra,Rahata APMC,Potato,2026-05-03,Other,49.5,1000.0,1100.0,1050.0
Maharashtra,Rahuri APMC,Potato,2026-05-03,Other,5.5,1000.0,2000.0,1500.0
Maharashtra,Ramtek APMC,Potato,2026-05-03,Local,5.2,1000.0,1500.0,1300.0
Maharashtra,Satara APMC,Potato,2026-05-03,Other,54.9,1000.0,1300.0,1150.0
Maharashtra,Shrirampur APMC,Potato,2026-05-03,Other,11.0,1000.0,1400.0,1200.0
Maharashtra,Vai APMC,Potato,2026-05-03,Local,2.5,1300.0,1600.0,1500.0
Maharashtra,Akluj APMC,Potato,2026-05-04,Local,11.0,1000.0,1300.0,1200.0
Maharashtra,Akola APMC,Potato,2026-05-04,Other,225.0,600.0,1200.0,900.0
Maharashtra,Amrawati(Frui & Veg. Market) APMC,Potato,2026-05-04,Local,54.0,400.0,1500.0,950.0
Maharashtra,Chattrapati Sambhajinagar APMC,Potato,2026-05-04,Other,57.0,700.0,1000.0,850.0
Maharashtra,HINGNA - APMC,Potato,2026-05-04,Local,0.4,1200.0,1500.0,1366.0
Maharashtra,Jalgaon APMC,Potato,2026-05-04,Other,70.0,700.0,1000.0,850.0
Maharashtra,Kamthi APMC,Potato,2026-05-04,Local,0.2,1530.0,2030.0,1780.0
Maharashtra,Manchar APMC,Potato,2026-05-04,Other,0.6,700.0,1000.0,855.0
Maharashtra,Mumbai-Onion & Potato Market APMC,Potato,2026-05-04,Other,846.9,900.0,1300.0,1100.0
Maharashtra,Nagpur APMC,Potato,2026-05-04,Local,420.0,800.0,1200.0,1100.0
Maharashtra,Nasik APMC,Potato,2026-05-04,Other,158.5,600.0,1350.0,850.0
Maharashtra,Pune APMC,Potato,2026-05-04,Local,408.6,500.0,1500.0,1000.0
Maharashtra,Pune(Manjri) APMC,Potato,2026-05-04,Other,1.0,1400.0,1600.0,1500.0
Maharashtra,Pune(Moshi) APMC,Potato,2026-05-04,Local,102.0,900.0,1000.0,950.0
Maharashtra,Rahuri APMC,Potato,2026-05-04,Other,2.4,1400.0,1500.0,1450.0
Maharashtra,SHRI.SIDDHESHWAR  APMC,Potato,2026-05-04,Local,96.4,800.0,1200.0,1100.0
Maharashtra,"Sangli(Phale, Bhajipala Market) APMC",Potato,2026-05-04,Local,105.0,700.0,1600.0,1150.0
Maharashtra,Satara APMC,Potato,2026-05-04,Other,35.2,1000.0,1300.0,1150.0
Maharashtra,Shrirampur APMC,Potato,2026-05-04,Other,8.0,800.0,1200.0,1000.0
Maharashtra,Vaduj APMC,Potato,2026-05-04,Local,2.0,700.0,1400.0,900.0
Maharashtra,Vai APMC,Potato,2026-05-04,Local,1.4,1500.0,1700.0,1600.0
Maharashtra,Akola APMC,Potato,2026-05-05,Other,81.0,600.0,1200.0,900.0
Maharashtra,Amrawati(Frui & Veg. Market) APMC,Potato,2026-05-05,Local,51.8,500.0,1500.0,1000.0
Maharashtra,Bhusaval APMC,Potato,2026-05-05,Other,9.2,1500.0,2000.0,1800.0
Maharashtra,Chandrapur(Ganjwad) APMC,Potato,2026-05-05,Other,117.0,1100.0,1300.0,1200.0
Maharashtra,Chattrapati Sambhajinagar APMC,Potato,2026-05-05,Other,65.0,400.0,1000.0,800.0
Maharashtra,HINGNA - APMC,Potato,2026-05-05,Local,0.6,1200.0,1500.0,1350.0
Maharashtra,Jalgaon APMC,Potato,2026-05-05,Other,24.0,700.0,1100.0,900.0
Maharashtra,Kamthi APMC,Potato,2026-05-05,Local,1.6,1510.0,2010.0,1760.0
Maharashtra,Khed(Chakan) APMC,Potato,2026-05-05,Other,130.0,900.0,1300.0,1100.0
Maharashtra,Manchar APMC,Potato,2026-05-05,Other,1.5,250.0,800.0,530.0
Maharashtra,Mumbai-Onion & Potato Market APMC,Potato,2026-05-05,Other,1134.9,800.0,1200.0,1000.0
Maharashtra,Nagpur APMC,Potato,2026-05-05,Local,350.0,800.0,1200.0,1100.0
Maharashtra,Nasik APMC,Potato,2026-05-05,Other,97.5,600.0,1300.0,800.0
Maharashtra,Pune APMC,Potato,2026-05-05,Local,592.4,500.0,1500.0,1000.0
Maharashtra,Pune(Manjri) APMC,Potato,2026-05-05,Other,4.5,1200.0,1800.0,1600.0
Maharashtra,Pune(Moshi) APMC,Potato,2026-05-05,Local,50.0,1100.0,1200.0,1150.0
Maharashtra,Rahuri APMC,Potato,2026-05-05,Other,6.7,400.0,1700.0,1050.0
Maharashtra,Ramtek APMC,Potato,2026-05-05,Local,1.4,1000.0,1500.0,1200.0
Maharashtra,SHRI.SIDDHESHWAR  APMC,Potato,2026-05-05,Local,74.9,850.0,1250.0,1000.0
Maharashtra,"Sangli(Phale, Bhajipala Market) APMC",Potato,2026-05-05,Local,20.0,700.0,1500.0,1100.0
Maharashtra,Vaduj APMC,Potato,2026-05-05,Local,2.5,1300.0,1500.0,1400.0
Maharashtra,Vai APMC,Potato,2026-05-05,Local,1.7,1400.0,1700.0,1600.0
Maharashtra,Akola APMC,Potato,2026-05-06,Other,67.0,500.0,1200.0,800.0
Maharashtra,Amrawati(Frui & Veg. Market) APMC,Potato,2026-05-06,Local,54.0,400.0,1500.0,950.0
Maharashtra,Bhusaval APMC,Potato,2026-05-06,Other,3.5,1500.0,2000.0,1800.0
Maharashtra,Chandrapur(Ganjwad) APMC,Potato,2026-05-06,Other,69.0,1100.0,1300.0,1200.0
Maharashtra,Chattrapati Sambhajinagar APMC,Potato,2026-05-06,Other,35.0,700.0,1000.0,850.0
Maharashtra,Dharashiv APMC,Potato,2026-05-06,Other,0.6,600.0,600.0,600.0
Maharashtra,HINGNA - APMC,Potato,2026-05-06,Local,1.6,1000.0,1500.0,1250.0
Maharashtra,Jalgaon APMC,Potato,2026-05-06,Other,40.0,700.0,1000.0,850.0
Maharashtra,Junnar(Narayangaon) APMC,Potato,2026-05-06,Other,2.8,200.0,1400.0,800.0
Maharashtra,Kalyan APMC,Potato,2026-05-06,Other,0.3,600.0,900.0,750.0
Maharashtra,Kamthi APMC,Potato,2026-05-06,Local,0.7,1510.0,2010.0,1760.0
Maharashtra,Khed(Chakan) APMC,Potato,2026-05-06,Other,130.0,800.0,1300.0,1000.0
Maharashtra,Manchar APMC,Potato,2026-05-06,Other,0.4,300.0,800.0,555.0
Maharashtra,Mumbai-Onion & Potato Market APMC,Potato,2026-05-06,Other,1115.9,900.0,1300.0,1100.0
Maharashtra,Nagpur APMC,Potato,2026-05-06,Local,350.0,800.0,1000.0,950.0
Maharashtra,Nasik APMC,Potato,2026-05-06,Other,157.0,700.0,1350.0,900.0
Maharashtra,Pune(Manjri) APMC,Potato,2026-05-06,Other,5.3,1400.0,1600.0,1500.0
Maharashtra,Rahuri APMC,Potato,2026-05-06,Other,0.4,1300.0,1300.0,1300.0
Maharashtra,Ramtek APMC,Potato,2026-05-06,Local,0.7,1000.0,1300.0,1200.0
Maharashtra,SHRI.SIDDHESHWAR  APMC,Potato,2026-05-06,Local,65.4,1000.0,1250.0,1100.0
Maharashtra,"Sangli(Phale, Bhajipala Market) APMC",Potato,2026-05-06,Local,124.0,700.0,1500.0,1100.0
Maharashtra,Satara APMC,Potato,2026-05-06,Other,36.3,1000.0,1300.0,1150.0
Maharashtra,Shrirampur APMC,Potato,2026-05-06,Other,13.0,1000.0,1200.0,1100.0
Maharashtra,Vaduj APMC,Potato,2026-05-06,Local,2.0,1000.0,1200.0,1100.0
Maharashtra,Akluj APMC,Potato,2026-05-07,Local,11.0,1000.0,1400.0,1300.0
Maharashtra,Akola APMC,Potato,2026-05-07,Other,139.0,500.0,1200.0,800.0
Maharashtra,Bhusaval APMC,Potato,2026-05-07,Other,3.7,1500.0,2000.0,1800.0
Maharashtra,Chandrapur(Ganjwad) APMC,Potato,2026-05-07,Other,51.0,1100.0,1300.0,1200.0
Maharashtra,Chattrapati Sambhajinagar APMC,Potato,2026-05-07,Other,112.0,500.0,1100.0,800.0
Maharashtra,Dharashiv APMC,Potato,2026-05-07,Other,2.0,600.0,700.0,650.0
Maharashtra,HINGNA - APMC,Potato,2026-05-07,Local,1.2,1000.0,1400.0,1200.0
Maharashtra,Jalgaon APMC,Potato,2026-05-07,Other,20.0,800.0,1000.0,900.0
Maharashtra,Junnar(Narayangaon) APMC,Potato,2026-05-07,Other,1.6,700.0,1400.0,1000.0
Maharashtra,Junnar(Otur) APMC,Potato,2026-05-07,Local,3.6,400.0,1700.0,1400.0
Maharashtra,Kalyan APMC,Potato,2026-05-07,Other,0.3,600.0,800.0,700.0
Maharashtra,Kamthi APMC,Potato,2026-05-07,Local,3.6,1520.0,2020.0,1770.0
Maharashtra,Khed(Chakan) APMC,Potato,2026-05-07,Other,110.0,800.0,1200.0,1000.0
Maharashtra,Manchar APMC,Potato,2026-05-07,Other,0.8,250.0,900.0,580.0
Maharashtra,Mumbai-Onion & Potato Market APMC,Potato,2026-05-07,Other,784.9,800.0,1300.0,1050.0
Maharashtra,Nagpur APMC,Potato,2026-05-07,Local,350.0,1000.0,1200.0,1150.0
Maharashtra,Nasik APMC,Potato,2026-05-07,Other,179.5,650.0,1300.0,850.0
Maharashtra,Pune(Khadiki) APMC,Potato,2026-05-07,Local,0.8,700.0,1100.0,900.0
Maharashtra,Pune(Manjri) APMC,Potato,2026-05-07,Other,6.4,1400.0,1800.0,1600.0
Maharashtra,Rahata APMC,Potato,2026-05-07,Other,52.0,1000.0,1150.0,1075.0
Maharashtra,Rahuri APMC,Potato,2026-05-07,Other,9.3,500.0,1500.0,1000.0
Maharashtra,Ramtek APMC,Potato,2026-05-07,Local,1.7,1000.0,1500.0,1300.0
Maharashtra,SHRI.SIDDHESHWAR  APMC,Potato,2026-05-07,Local,72.2,700.0,1250.0,900.0
Maharashtra,"Sangli(Phale, Bhajipala Market) APMC",Potato,2026-05-07,Local,65.0,700.0,1400.0,1050.0
Maharashtra,Satara APMC,Potato,2026-05-07,Other,7.2,1000.0,1300.0,1100.0
Maharashtra,Shrirampur APMC,Potato,2026-05-07,Other,8.0,1000.0,1500.0,1250.0
Maharashtra,Vaduj APMC,Potato,2026-05-07,Local,2.5,1000.0,1200.0,1100.0
Maharashtra,Vai APMC,Potato,2026-05-07,Local,2.0,1200.0,1600.0,1500.0
Maharashtra,Vita APMC,Potato,2026-05-07,Other,10.0,1500.0,1600.0,1500.0
Maharashtra,Akluj APMC,Potato,2026-05-08,Local,11.0,1200.0,1400.0,1300.0
Maharashtra,Akola APMC,Potato,2026-05-08,Other,125.0,600.0,1200.0,800.0
Maharashtra,Amrawati(Frui & Veg. Market) APMC,Potato,2026-05-08,Local,56.8,500.0,1500.0,1000.0
Maharashtra,Bhusaval APMC,Potato,2026-05-08,Other,1.4,1500.0,2000.0,1800.0
Maharashtra,Chandrapur(Ganjwad) APMC,Potato,2026-05-08,Other,37.0,1100.0,1300.0,1200.0
Maharashtra,HINGNA - APMC,Potato,2026-05-08,Local,0.8,1200.0,1200.0,1200.0
Maharashtra,Junnar(Narayangaon) APMC,Potato,2026-05-08,Other,1.0,1300.0,1400.0,1350.0
Maharashtra,Kalyan APMC,Potato,2026-05-08,Other,0.3,600.0,900.0,750.0
Maharashtra,Kamthi APMC,Potato,2026-05-08,Local,3.6,1510.0,2010.0,1760.0
Maharashtra,Khed(Chakan) APMC,Potato,2026-05-08,Other,115.0,800.0,1200.0,1000.0
Maharashtra,Mumbai-Onion & Potato Market APMC,Potato,2026-05-08,Other,815.8,800.0,1300.0,1050.0
Maharashtra,Nasik APMC,Potato,2026-05-08,Other,131.6,700.0,1400.0,950.0
Maharashtra,Pune(Khadiki) APMC,Potato,2026-05-08,Local,0.8,700.0,1200.0,950.0
Maharashtra,Pune(Manjri) APMC,Potato,2026-05-08,Other,5.0,1400.0,1800.0,1500.0
Maharashtra,Pune(Moshi) APMC,Potato,2026-05-08,Local,40.5,1000.0,1100.0,1050.0
Maharashtra,Rahata APMC,Potato,2026-05-08,Other,26.0,1000.0,1100.0,1050.0
Maharashtra,SHRI.SIDDHESHWAR  APMC,Potato,2026-05-08,Local,144.0,700.0,1200.0,1000.0
Maharashtra,"Sangli(Phale, Bhajipala Market) APMC",Potato,2026-05-08,Local,108.5,700.0,1500.0,1100.0
Maharashtra,Shrirampur APMC,Potato,2026-05-08,Other,12.0,1000.0,1500.0,1250.0
Maharashtra,Vai APMC,Potato,2026-05-08,Local,2.0,1200.0,1600.0,1500.0
Maharashtra,Akluj APMC,Potato,2026-05-09,Local,13.0,1000.0,1400.0,1100.0
Maharashtra,Akola APMC,Potato,2026-05-09,Other,104.0,500.0,1200.0,900.0
Maharashtra,Amrawati(Frui & Veg. Market) APMC,Potato,2026-05-09,Local,57.9,400.0,1500.0,950.0
Maharashtra,Bhusaval APMC,Potato,2026-05-09,Other,7.5,1500.0,2000.0,1800.0
Maharashtra,Chattrapati Sambhajinagar APMC,Potato,2026-05-09,Other,85.0,500.0,1000.0,750.0
Maharashtra,Dharashiv APMC,Potato,2026-05-09,Other,0.3,1000.0,1000.0,1000.0
Maharashtra,HINGNA - APMC,Potato,2026-05-09,Local,0.4,1000.0,1400.0,1200.0
Maharashtra,Jalgaon APMC,Potato,2026-05-09,Other,25.5,800.0,1000.0,800.0
Maharashtra,Junnar(Narayangaon) APMC,Potato,2026-05-09,Other,8.5,500.0,1400.0,950.0
Maharashtra,Khed(Chakan) APMC,Potato,2026-05-09,Other,175.0,800.0,1300.0,1000.0
Maharashtra,Mumbai-Onion & Potato Market APMC,Potato,2026-05-09,Other,1045.4,700.0,1200.0,950.0
Maharashtra,Nagpur APMC,Potato,2026-05-09,Local,385.0,800.0,1200.0,1100.0
Maharashtra,Nasik APMC,Potato,2026-05-09,Other,126.5,650.0,1300.0,900.0
Maharashtra,Pune(Manjri) APMC,Potato,2026-05-09,Other,4.0,1400.0,1700.0,1600.0
Maharashtra,Pune(Moshi) APMC,Potato,2026-05-09,Local,60.2,900.0,1100.0,1000.0
Maharashtra,Rahata APMC,Potato,2026-05-09,Other,35.0,800.0,1200.0,1000.0
Maharashtra,Rahuri APMC,Potato,2026-05-09,Other,8.0,1200.0,1700.0,1450.0
Maharashtra,Ramtek APMC,Potato,2026-05-09,Local,1.0,1000.0,1500.0,1300.0
Maharashtra,SHRI.SIDDHESHWAR  APMC,Potato,2026-05-09,Local,75.5,1000.0,1250.0,1100.0
Maharashtra,"Sangli(Phale, Bhajipala Market) APMC",Potato,2026-05-09,Local,38.0,700.0,1450.0,1075.0
Maharashtra,Satara APMC,Potato,2026-05-09,Other,44.6,1000.0,1300.0,1100.0
Maharashtra,Shrirampur APMC,Potato,2026-05-09,Other,3.5,800.0,1400.0,1100.0
Maharashtra,Ahilyanagar APMC,Potato,2026-05-10,Other,57.7,400.0,1600.0,1000.0
Maharashtra,Akluj APMC,Potato,2026-05-10,Other,11.5,1000.0,1450.0,1100.0
Maharashtra,Amrawati(Frui & Veg. Market) APMC,Potato,2026-05-10,Local,57.0,400.0,1600.0,1000.0
Maharashtra,Bhusaval APMC,Potato,2026-05-10,Other,7.1,1500.0,2000.0,1800.0
Maharashtra,Chattrapati Sambhajinagar APMC,Potato,2026-05-10,Other,59.0,700.0,1000.0,850.0
Maharashtra,Kalyan APMC,Potato,2026-05-10,Other,0.3,500.0,800.0,650.0
Maharashtra,Kamthi APMC,Potato,2026-05-10,Local,4.1,1520.0,2020.0,1770.0
Maharashtra,Manchar APMC,Potato,2026-05-10,Other,0.1,700.0,700.0,700.0
Maharashtra,Pune APMC,Potato,2026-05-10,Local,728.2,600.0,1500.0,1050.0
Maharashtra,Pune(Manjri) APMC,Potato,2026-05-10,Other,3.5,1400.0,1800.0,1600.0
Maharashtra,Pune(Moshi) APMC,Potato,2026-05-10,Local,164.4,800.0,1100.0,950.0
Maharashtra,Rahata APMC,Potato,2026-05-10,Other,53.0,800.0,1200.0,1000.0
Maharashtra,Rahuri APMC,Potato,2026-05-10,Other,3.8,500.0,1700.0,1100.0
Maharashtra,Ramtek APMC,Potato,2026-05-10,Local,3.0,1000.0,1500.0,1200.0
Maharashtra,Shrirampur APMC,Potato,2026-05-10,Other,12.0,1000.0,1500.0,1250.0
Maharashtra,Vai APMC,Potato,2026-05-10,Local,2.0,1400.0,1700.0,1600.0
Maharashtra,Ahilyanagar APMC,Potato,2026-05-11,Other,40.6,600.0,1600.0,1100.0
Maharashtra,Akluj APMC,Potato,2026-05-11,Local,14.0,1200.0,1300.0,1300.0
Maharashtra,Akola APMC,Potato,2026-05-11,Other,275.0,600.0,1200.0,900.0
Maharashtra,Chattrapati Sambhajinagar APMC,Potato,2026-05-11,Other,112.0,700.0,900.0,800.0
Maharashtra,HINGNA - APMC,Potato,2026-05-11,Local,2.0,800.0,1500.0,1200.0
Maharashtra,Jalgaon APMC,Potato,2026-05-11,Other,70.0,700.0,1000.0,850.0
Maharashtra,Junnar(Narayangaon) APMC,Potato,2026-05-11,Other,1.8,300.0,1400.0,800.0
Maharashtra,Manchar APMC,Potato,2026-05-11,Other,1.0,400.0,1000.0,720.0
Maharashtra,Mumbai-Onion & Potato Market APMC,Potato,2026-05-11,Other,1044.5,700.0,1200.0,950.0
Maharashtra,Nagpur APMC,Potato,2026-05-11,Local,227.5,800.0,1200.0,1100.0
Maharashtra,Nasik APMC,Potato,2026-05-11,Other,156.9,700.0,1350.0,950.0
Maharashtra,Pune APMC,Potato,2026-05-11,Local,784.7,500.0,1500.0,1000.0
Maharashtra,Pune(Manjri) APMC,Potato,2026-05-11,Other,2.5,1400.0,1800.0,1500.0
Maharashtra,Pune(Moshi) APMC,Potato,2026-05-11,Local,21.0,1000.0,1200.0,1100.0
Maharashtra,Rahuri APMC,Potato,2026-05-11,Other,3.0,700.0,1700.0,1200.0
Maharashtra,SHRI.SIDDHESHWAR  APMC,Potato,2026-05-11,Local,129.0,750.0,1200.0,1000.0
Maharashtra,"Sangli(Phale, Bhajipala Market) APMC",Potato,2026-05-11,Local,146.0,700.0,1500.0,1100.0
Maharashtra,Satara APMC,Potato,2026-05-11,Other,41.3,1000.0,1300.0,1200.0
Maharashtra,Shrirampur APMC,Potato,2026-05-11,Other,7.0,800.0,1200.0,1000.0
Maharashtra,Vaduj APMC,Potato,2026-05-11,Local,3.5,1400.0,1500.0,1450.0
Maharashtra,Akola APMC,Potato,2026-05-12,Other,28.0,500.0,1200.0,800.0
Maharashtra,Amrawati(Frui & Veg. Market) APMC,Potato,2026-05-12,Local,54.9,400.0,1500.0,950.0
Maharashtra,Bhusaval APMC,Potato,2026-05-12,Other,4.0,1500.0,2000.0,1800.0
Maharashtra,Chattrapati Sambhajinagar APMC,Potato,2026-05-12,Other,93.0,600.0,1000.0,800.0
Maharashtra,HINGNA - APMC,Potato,2026-05-12,Local,0.5,1200.0,1500.0,1350.0
Maharashtra,Jalgaon APMC,Potato,2026-05-12,Other,36.0,800.0,1000.0,900.0
Maharashtra,Kalyan APMC,Potato,2026-05-12,Other,0.3,800.0,1100.0,950.0
Maharashtra,Khed(Chakan) APMC,Potato,2026-05-12,Other,100.0,800.0,1500.0,1200.0
Maharashtra,Manchar APMC,Potato,2026-05-12,Other,1.0,300.0,1000.0,620.0
Maharashtra,Mumbai-Onion & Potato Market APMC,Potato,2026-05-12,Other,656.1,800.0,1300.0,1050.0
Maharashtra,Nagpur APMC,Potato,2026-05-12,Local,280.0,800.0,1200.0,1100.0
Maharashtra,Nasik APMC,Potato,2026-05-12,Other,184.1,650.0,1300.0,900.0
Maharashtra,Pune APMC,Potato,2026-05-12,Local,505.7,500.0,1450.0,975.0
Maharashtra,Pune(Manjri) APMC,Potato,2026-05-12,Other,2.5,1200.0,1800.0,1500.0
Maharashtra,Pune(Moshi) APMC,Potato,2026-05-12,Local,14.2,1000.0,1100.0,1050.0
Maharashtra,Rahata APMC,Potato,2026-05-12,Other,39.0,1000.0,1200.0,1100.0
Maharashtra,Rahuri APMC,Potato,2026-05-12,Other,5.5,1300.0,1700.0,1500.0
Maharashtra,Ramtek APMC,Potato,2026-05-12,Local,1.2,1000.0,1400.0,1200.0
Maharashtra,SHRI.SIDDHESHWAR  APMC,Potato,2026-05-12,Local,67.4,900.0,1250.0,1000.0
Maharashtra,"Sangli(Phale, Bhajipala Market) APMC",Potato,2026-05-12,Local,60.0,700.0,1400.0,1050.0
Maharashtra,Satara APMC,Potato,2026-05-12,Other,12.0,1000.0,1300.0,1150.0
Maharashtra,Vaduj APMC,Potato,2026-05-12,Local,2.5,1400.0,1500.0,1450.0
Maharashtra,Vai APMC,Potato,2026-05-12,Local,2.2,1200.0,1500.0,1400.0
Maharashtra,Akluj APMC,Potato,2026-05-13,Local,11.0,1000.0,1400.0,1300.0
Maharashtra,Amrawati(Frui & Veg. Market) APMC,Potato,2026-05-13,Local,51.9,400.0,1500.0,950.0
Maharashtra,Bhusaval APMC,Potato,2026-05-13,Other,10.6,1500.0,2000.0,1800.0
Maharashtra,Chandrapur(Ganjwad) APMC,Potato,2026-05-13,Other,53.5,1100.0,1300.0,1200.0
Maharashtra,Chattrapati Sambhajinagar APMC,Potato,2026-05-13,Other,77.0,700.0,1100.0,900.0
Maharashtra,HINGNA - APMC,Potato,2026-05-13,Local,0.2,1500.0,1500.0,1500.0
Maharashtra,Jalgaon APMC,Potato,2026-05-13,Other,48.0,800.0,1000.0,900.0
Maharashtra,Junnar(Narayangaon) APMC,Potato,2026-05-13,Other,1.5,500.0,1400.0,950.0
Maharashtra,Kalyan APMC,Potato,2026-05-13,Other,0.3,1100.0,1200.0,1150.0
Maharashtra,Kamthi APMC,Potato,2026-05-13,Local,2.6,1520.0,2020.0,1770.0
Maharashtra,Khed(Chakan) APMC,Potato,2026-05-13,Other,110.0,800.0,1300.0,1000.0
Maharashtra,Mumbai-Onion & Potato Market APMC,Potato,2026-05-13,Other,736.0,700.0,1200.0,950.0
Maharashtra,Nagpur APMC,Potato,2026-05-13,Local,735.0,800.0,1200.0,1100.0
Maharashtra,Nasik APMC,Potato,2026-05-13,Other,100.7,650.0,1300.0,900.0
Maharashtra,Pune APMC,Potato,2026-05-13,Local,420.8,500.0,1400.0,950.0
Maharashtra,Pune(Khadiki) APMC,Potato,2026-05-13,Local,0.8,700.0,1200.0,950.0
Maharashtra,Pune(Manjri) APMC,Potato,2026-05-13,Other,3.6,1200.0,1600.0,1500.0
Maharashtra,Rahata APMC,Potato,2026-05-13,Other,18.7,1000.0,1200.0,1100.0
Maharashtra,Ramtek APMC,Potato,2026-05-13,Local,0.7,1100.0,1300.0,1200.0
Maharashtra,SHRI.SIDDHESHWAR  APMC,Potato,2026-05-13,Local,57.6,700.0,1200.0,1000.0
Maharashtra,"Sangli(Phale, Bhajipala Market) APMC",Potato,2026-05-13,Local,131.0,700.0,1500.0,1100.0
Maharashtra,Satara APMC,Potato,2026-05-13,Other,26.0,1000.0,1300.0,1150.0
Maharashtra,Shrirampur APMC,Potato,2026-05-13,Other,13.0,800.0,1200.0,1000.0
Maharashtra,Vaduj APMC,Potato,2026-05-13,Local,2.5,1400.0,1500.0,1450.0
Maharashtra,Vai APMC,Potato,2026-05-13,Local,3.0,1300.0,1600.0,1450.0
Maharashtra,Akluj APMC,Potato,2026-05-14,Local,12.0,1200.0,1400.0,1300.0
Maharashtra,Akola APMC,Potato,2026-05-14,Other,101.0,500.0,1100.0,800.0
Maharashtra,Bhusaval APMC,Potato,2026-05-14,Other,3.7,1500.0,2000.0,1800.0
Maharashtra,Chandrapur(Ganjwad) APMC,Potato,2026-05-14,Other,47.0,1100.0,1300.0,1200.0
Maharashtra,Chattrapati Sambhajinagar APMC,Potato,2026-05-14,Other,89.0,600.0,1200.0,900.0
Maharashtra,HINGNA - APMC,Potato,2026-05-14,Local,0.6,1500.0,1500.0,1500.0
Maharashtra,Jalana APMC,Potato,2026-05-14,Local,29.2,200.0,1300.0,700.0
Maharashtra,Jalgaon APMC,Potato,2026-05-14,Other,30.0,800.0,1000.0,900.0
Maharashtra,Junnar(Otur) APMC,Potato,2026-05-14,Local,2.0,500.0,1800.0,1150.0
Maharashtra,Kalyan APMC,Potato,2026-05-14,Other,0.3,800.0,1200.0,1150.0
Maharashtra,Kamthi APMC,Potato,2026-05-14,Local,1.1,1520.0,2020.0,1770.0
Maharashtra,Khed(Chakan) APMC,Potato,2026-05-14,Other,90.0,800.0,1400.0,1000.0
Maharashtra,Manchar APMC,Potato,2026-05-14,Other,0.5,900.0,1000.0,955.0
Maharashtra,Mumbai-Onion & Potato Market APMC,Potato,2026-05-14,Other,780.6,700.0,1200.0,950.0
Maharashtra,Nagpur APMC,Potato,2026-05-14,Local,420.0,800.0,1200.0,1100.0
Maharashtra,Nasik APMC,Potato,2026-05-14,Other,146.9,600.0,1250.0,950.0
Maharashtra,Pune APMC,Potato,2026-05-14,Local,663.2,500.0,1400.0,950.0
Maharashtra,Pune(Khadiki) APMC,Potato,2026-05-14,Local,0.9,800.0,1200.0,1000.0
Maharashtra,Pune(Manjri) APMC,Potato,2026-05-14,Other,3.7,1400.0,1800.0,1600.0
Maharashtra,Pune(Moshi) APMC,Potato,2026-05-14,Local,143.0,1000.0,1100.0,1050.0
Maharashtra,Rahata APMC,Potato,2026-05-14,Other,47.5,1000.0,1200.0,1100.0
Maharashtra,Rahuri APMC,Potato,2026-05-14,Other,7.6,500.0,1700.0,1100.0
Maharashtra,Ramtek APMC,Potato,2026-05-14,Local,2.5,1000.0,1400.0,1200.0
Maharashtra,SHRI.SIDDHESHWAR  APMC,Potato,2026-05-14,Local,146.4,700.0,1300.0,1000.0
Maharashtra,"Sangli(Phale, Bhajipala Market) APMC",Potato,2026-05-14,Local,54.0,700.0,1350.0,1025.0
Maharashtra,Shrirampur APMC,Potato,2026-05-14,Other,10.0,1000.0,1400.0,1200.0
Maharashtra,Vaduj APMC,Potato,2026-05-14,Local,2.5,1400.0,1500.0,1450.0
Maharashtra,Vai APMC,Potato,2026-05-14,Local,1.7,1200.0,1500.0,1350.0
Maharashtra,Vita APMC,Potato,2026-05-14,Other,10.0,1500.0,1600.0,1550.0
Maharashtra,Akluj APMC,Potato,2026-05-15,Local,13.0,1300.0,1400.0,1400.0
Maharashtra,Akola APMC,Potato,2026-05-15,Other,187.0,500.0,1100.0,800.0
Maharashtra,Amrawati(Frui & Veg. Market) APMC,Potato,2026-05-15,Local,51.9,400.0,1400.0,900.0
Maharashtra,Chandrapur(Ganjwad) APMC,Potato,2026-05-15,Other,40.2,1100.0,1300.0,1200.0
Maharashtra,Jalgaon APMC,Potato,2026-05-15,Other,30.0,800.0,1000.0,900.0
Maharashtra,Junnar(Narayangaon) APMC,Potato,2026-05-15,Other,0.8,800.0,1600.0,1200.0
Maharashtra,Kalyan APMC,Potato,2026-05-15,Other,0.3,800.0,1000.0,900.0
Maharashtra,Kamthi APMC,Potato,2026-05-15,Local,3.8,1520.0,2020.0,1770.0
Maharashtra,Khed(Chakan) APMC,Potato,2026-05-15,Other,100.0,800.0,1500.0,1200.0
Maharashtra,Mumbai-Onion & Potato Market APMC,Potato,2026-05-15,Other,827.7,700.0,1200.0,950.0
Maharashtra,Nasik APMC,Potato,2026-05-15,Other,159.0,700.0,1350.0,900.0
Maharashtra,Pune APMC,Potato,2026-05-15,Local,340.6,500.0,1500.0,1000.0
Maharashtra,Pune(Khadiki) APMC,Potato,2026-05-15,Local,0.7,700.0,1500.0,900.0
Maharashtra,Pune(Manjri) APMC,Potato,2026-05-15,Other,3.6,1200.0,1800.0,1500.0
Maharashtra,Pune(Moshi) APMC,Potato,2026-05-15,Local,16.0,1000.0,1000.0,1000.0
Maharashtra,Rahata APMC,Potato,2026-05-15,Other,30.0,1000.0,1200.0,1100.0
Maharashtra,SHRI.SIDDHESHWAR  APMC,Potato,2026-05-15,Local,60.6,900.0,1200.0,1000.0
Maharashtra,"Sangli(Phale, Bhajipala Market) APMC",Potato,2026-05-15,Local,124.3,700.0,1500.0,1100.0
Maharashtra,Shrirampur APMC,Potato,2026-05-15,Other,12.0,1000.0,1400.0,1200.0
Maharashtra,Ahilyanagar APMC,Potato,2026-05-16,Other,32.1,800.0,1700.0,1250.0
Maharashtra,Akluj APMC,Potato,2026-05-16,Other,9.5,1100.0,1400.0,1300.0
Maharashtra,Akola APMC,Potato,2026-05-16,Other,36.0,500.0,1100.0,800.0
Maharashtra,Amrawati(Frui & Veg. Market) APMC,Potato,2026-05-16,Local,54.9,400.0,1400.0,850.0
Maharashtra,Chandrapur(Ganjwad) APMC,Potato,2026-05-16,Other,56.5,1000.0,1200.0,1100.0
Maharashtra,Chattrapati Sambhajinagar APMC,Potato,2026-05-16,Other,92.0,650.0,1250.0,950.0
Maharashtra,Dharashiv APMC,Potato,2026-05-16,Other,0.7,1200.0,1200.0,1200.0
Maharashtra,HINGNA - APMC,Potato,2026-05-16,Local,0.2,1500.0,1500.0,1500.0
Maharashtra,Khed(Chakan) APMC,Potato,2026-05-16,Other,200.0,800.0,1400.0,1200.0
Maharashtra,Mumbai-Onion & Potato Market APMC,Potato,2026-05-16,Other,655.6,700.0,1300.0,1000.0
Maharashtra,Nagpur APMC,Potato,2026-05-16,Local,350.0,1000.0,1200.0,1150.0
Maharashtra,Nasik APMC,Potato,2026-05-16,Other,187.5,650.0,1250.0,800.0
Maharashtra,Pune(Khadiki) APMC,Potato,2026-05-16,Local,1.0,700.0,1100.0,900.0
Maharashtra,Pune(Manjri) APMC,Potato,2026-05-16,Other,3.3,1200.0,1800.0,1500.0
Maharashtra,Pune(Moshi) APMC,Potato,2026-05-16,Local,64.5,1100.0,1200.0,1150.0
Maharashtra,Rahata APMC,Potato,2026-05-16,Other,34.0,1000.0,1200.0,1100.0
Maharashtra,Rahuri APMC,Potato,2026-05-16,Other,6.5,700.0,1700.0,1200.0
Maharashtra,Ramtek APMC,Potato,2026-05-16,Local,1.1,1100.0,1300.0,1200.0
Maharashtra,SHRI.SIDDHESHWAR  APMC,Potato,2026-05-16,Local,43.5,1000.0,1200.0,1100.0
Maharashtra,"Sangli(Phale, Bhajipala Market) APMC",Potato,2026-05-16,Local,73.0,700.0,1400.0,1050.0
Maharashtra,Satara APMC,Potato,2026-05-16,Other,40.8,1000.0,1300.0,1150.0
Maharashtra,Vaduj APMC,Potato,2026-05-16,Local,5.0,1300.0,1500.0,1400.0
Maharashtra,Vita APMC,Potato,2026-05-16,Other,10.0,1400.0,1500.0,1450.0
Maharashtra,Ahilyanagar APMC,Potato,2026-05-17,Other,70.7,300.0,1700.0,1000.0
Maharashtra,Akluj APMC,Potato,2026-05-17,Other,12.0,1200.0,1400.0,1300.0
Maharashtra,Amrawati(Frui & Veg. Market) APMC,Potato,2026-05-17,Local,48.9,500.0,1500.0,1000.0
Maharashtra,Chattrapati Sambhajinagar APMC,Potato,2026-05-17,Other,112.0,700.0,1100.0,900.0
Maharashtra,Junnar(Narayangaon) APMC,Potato,2026-05-17,Other,1.2,1300.0,1400.0,1350.0
Maharashtra,Kamthi APMC,Potato,2026-05-17,Local,1.3,1520.0,2020.0,1770.0
Maharashtra,Manchar APMC,Potato,2026-05-17,Other,0.2,600.0,1000.0,820.0
Maharashtra,Pune APMC,Potato,2026-05-17,Local,1007.8,500.0,1500.0,1000.0
Maharashtra,Pune(Khadiki) APMC,Potato,2026-05-17,Local,0.7,800.0,1200.0,1000.0
Maharashtra,Pune(Moshi) APMC,Potato,2026-05-17,Local,153.4,1000.0,1200.0,1100.0
Maharashtra,Rahata APMC,Potato,2026-05-17,Other,41.5,1000.0,1200.0,1100.0
Maharashtra,Rahuri APMC,Potato,2026-05-17,Other,3.1,1300.0,1500.0,1400.0
Maharashtra,Ramtek APMC,Potato,2026-05-17,Local,6.3,1000.0,1500.0,1300.0
Maharashtra,Satara APMC,Potato,2026-05-17,Other,18.5,1000.0,1300.0,1150.0
Maharashtra,Shrirampur APMC,Potato,2026-05-17,Other,12.0,1000.0,1400.0,1200.0
Maharashtra,Vaduj APMC,Potato,2026-05-17,Local,3.5,1300.0,1500.0,1400.0
Maharashtra,Vai APMC,Potato,2026-05-17,Local,2.5,1400.0,1600.0,1500.0
Maharashtra,Akluj APMC,Potato,2026-05-18,Local,11.5,1000.0,1400.0,1200.0
Maharashtra,Akola APMC,Potato,2026-05-18,Other,211.0,500.0,1200.0,800.0
Maharashtra,Amrawati(Frui & Veg. Market) APMC,Potato,2026-05-18,Local,51.0,400.0,1500.0,950.0
Maharashtra,Chandrapur(Ganjwad) APMC,Potato,2026-05-18,Other,49.0,1000.0,1200.0,1100.0
Maharashtra,Chattrapati Sambhajinagar APMC,Potato,2026-05-18,Other,85.0,650.0,1100.0,875.0
Maharashtra,HINGNA - APMC,Potato,2026-05-18,Local,1.7,900.0,1500.0,1300.0
Maharashtra,Jalgaon APMC,Potato,2026-05-18,Other,60.0,700.0,1200.0,900.0
Maharashtra,Junnar(Narayangaon) APMC,Potato,2026-05-18,Other,0.8,1000.0,1300.0,1300.0
Maharashtra,Kalyan APMC,Potato,2026-05-18,Other,0.3,800.0,1000.0,900.0
Maharashtra,Kamthi APMC,Potato,2026-05-18,Local,1.4,1520.0,2020.0,1770.0
Maharashtra,Manchar APMC,Potato,2026-05-18,Other,0.1,1000.0,1000.0,1000.0
Maharashtra,Mumbai-Onion & Potato Market APMC,Potato,2026-05-18,Other,929.5,600.0,1200.0,900.0
Maharashtra,Nagpur APMC,Potato,2026-05-18,Local,385.0,800.0,1200.0,1100.0
Maharashtra,Nasik APMC,Potato,2026-05-18,Other,182.7,700.0,1350.0,850.0
Maharashtra,Pune APMC,Potato,2026-05-18,Local,538.3,500.0,1500.0,1000.0
Maharashtra,Pune(Khadiki) APMC,Potato,2026-05-18,Local,0.8,800.0,1200.0,1000.0
Maharashtra,Pune(Manjri) APMC,Potato,2026-05-18,Other,3.7,1500.0,1800.0,1600.0
Maharashtra,Pune(Moshi) APMC,Potato,2026-05-18,Local,42.0,1000.0,1200.0,1100.0
Maharashtra,Rahuri APMC,Potato,2026-05-18,Other,3.8,1300.0,1700.0,1500.0
Maharashtra,SHRI.SIDDHESHWAR  APMC,Potato,2026-05-18,Local,66.9,900.0,1200.0,1000.0
Maharashtra,"Sangli(Phale, Bhajipala Market) APMC",Potato,2026-05-18,Local,84.0,700.0,1400.0,1050.0
Maharashtra,Satara APMC,Potato,2026-05-18,Other,18.5,1000.0,1300.0,1100.0
Maharashtra,Shrirampur APMC,Potato,2026-05-18,Other,8.0,800.0,1200.0,1000.0
Maharashtra,Vaduj APMC,Potato,2026-05-18,Local,3.0,1300.0,1500.0,1400.0
Maharashtra,Ahilyanagar APMC,Potato,2026-05-19,Other,39.6,800.0,1700.0,1250.0
Maharashtra,Akola APMC,Potato,2026-05-19,Other,58.0,600.0,1100.0,800.0
Maharashtra,Amrawati(Frui & Veg. Market) APMC,Potato,2026-05-19,Local,48.0,500.0,1500.0,1000.0
Maharashtra,Bhusaval APMC,Potato,2026-05-19,Other,7.8,1500.0,2000.0,1800.0
Maharashtra,Chandrapur(Ganjwad) APMC,Potato,2026-05-19,Other,104.8,1000.0,1200.0,1100.0
Maharashtra,Chattrapati Sambhajinagar APMC,Potato,2026-05-19,Other,94.0,800.0,1200.0,1000.0
Maharashtra,HINGNA - APMC,Potato,2026-05-19,Local,0.2,1500.0,1500.0,1500.0
Maharashtra,Jalgaon APMC,Potato,2026-05-19,Other,36.0,900.0,1100.0,1000.0
Maharashtra,Kalyan APMC,Potato,2026-05-19,Other,0.3,900.0,1000.0,950.0
Maharashtra,Kamthi APMC,Potato,2026-05-19,Local,1.8,1540.0,2040.0,1790.0
Maharashtra,Manchar APMC,Potato,2026-05-19,Other,1.0,500.0,900.0,705.0
Maharashtra,Mumbai-Onion & Potato Market APMC,Potato,2026-05-19,Other,1014.0,600.0,1300.0,950.0
Maharashtra,Nagpur APMC,Potato,2026-05-19,Local,420.0,800.0,1200.0,1100.0
Maharashtra,Nasik APMC,Potato,2026-05-19,Other,123.1,650.0,1300.0,800.0
Maharashtra,Pune APMC,Potato,2026-05-19,Local,822.7,500.0,1500.0,1000.0
Maharashtra,Pune(Manjri) APMC,Potato,2026-05-19,Other,4.3,1300.0,1600.0,1500.0
Maharashtra,Pune(Moshi) APMC,Potato,2026-05-19,Local,49.0,1000.0,1200.0,1100.0
Maharashtra,Rahuri APMC,Potato,2026-05-19,Other,3.7,500.0,1300.0,900.0
Maharashtra,Ramtek APMC,Potato,2026-05-19,Local,1.5,1000.0,1500.0,1200.0
Maharashtra,SHRI.SIDDHESHWAR  APMC,Potato,2026-05-19,Local,79.2,800.0,1300.0,1000.0
Maharashtra,"Sangli(Phale, Bhajipala Market) APMC",Potato,2026-05-19,Local,18.0,700.0,1300.0,1000.0
Maharashtra,Vadgaonpeth APMC,Potato,2026-05-19,Local,7.0,1800.0,2000.0,1900.0
Maharashtra,Vaduj APMC,Potato,2026-05-19,Local,5.0,1300.0,1500.0,1400.0
Maharashtra,Akluj APMC,Potato,2026-05-20,Other,10.0,1200.0,1400.0,1300.0
Maharashtra,Akola APMC,Potato,2026-05-20,Other,56.0,500.0,1200.0,700.0
Maharashtra,Amrawati(Frui & Veg. Market) APMC,Potato,2026-05-20,Local,51.9,400.0,1400.0,900.0
Maharashtra,Bhusaval APMC,Potato,2026-05-20,Other,3.9,1500.0,2000.0,1800.0
Maharashtra,Chandrapur(Ganjwad) APMC,Potato,2026-05-20,Other,50.7,1600.0,2400.0,2000.0
Maharashtra,Chattrapati Sambhajinagar APMC,Potato,2026-05-20,Other,59.0,900.0,1300.0,1100.0
Maharashtra,HINGNA - APMC,Potato,2026-05-20,Local,1.2,1200.0,1500.0,1350.0
Maharashtra,Jalgaon APMC,Potato,2026-05-20,Other,60.0,900.0,1100.0,1000.0
Maharashtra,Kalyan APMC,Potato,2026-05-20,Other,0.3,1000.0,1300.0,1150.0
Maharashtra,Kamthi APMC,Potato,2026-05-20,Local,0.7,1530.0,2030.0,1780.0
Maharashtra,Manchar APMC,Potato,2026-05-20,Other,0.1,1000.0,1000.0,1000.0
Maharashtra,Mumbai-Onion & Potato Market APMC,Potato,2026-05-20,Other,880.6,600.0,1300.0,950.0
Maharashtra,Nagpur APMC,Potato,2026-05-20,Local,315.0,800.0,1200.0,1100.0
Maharashtra,Nasik APMC,Potato,2026-05-20,Other,145.5,750.0,1350.0,900.0
Maharashtra,Pune APMC,Potato,2026-05-20,Local,366.4,500.0,1500.0,1000.0
Maharashtra,Pune(Manjri) APMC,Potato,2026-05-20,Other,4.7,1400.0,1800.0,1600.0
Maharashtra,Ramtek APMC,Potato,2026-05-20,Local,1.0,800.0,1000.0,900.0
Maharashtra,SHRI.SIDDHESHWAR  APMC,Potato,2026-05-20,Local,127.4,700.0,1200.0,900.0
Maharashtra,"Sangli(Phale, Bhajipala Market) APMC",Potato,2026-05-20,Local,86.0,700.0,1400.0,1050.0
Maharashtra,Satara APMC,Potato,2026-05-20,Other,36.4,1000.0,1300.0,1100.0
Maharashtra,Shrirampur APMC,Potato,2026-05-20,Other,15.0,1000.0,1400.0,1200.0
Maharashtra,Vaduj APMC,Potato,2026-05-20,Local,4.0,1300.0,1500.0,1400.0
Maharashtra,Ahilyanagar APMC,Potato,2026-05-21,Other,71.2,700.0,1700.0,1200.0
Maharashtra,Akola APMC,Potato,2026-05-21,Other,116.0,500.0,1100.0,900.0
Maharashtra,Bhusaval APMC,Potato,2026-05-21,Other,3.7,1200.0,2000.0,1500.0
Maharashtra,Chandrapur(Ganjwad) APMC,Potato,2026-05-21,Other,92.3,1100.0,1500.0,1200.0
Maharashtra,Chattrapati Sambhajinagar APMC,Potato,2026-05-21,Other,64.0,800.0,1200.0,1000.0
Maharashtra,HINGNA - APMC,Potato,2026-05-21,Local,0.3,1500.0,1500.0,1500.0
Maharashtra,Jalgaon APMC,Potato,2026-05-21,Other,40.0,800.0,1000.0,900.0
Maharashtra,Junnar APMC,Potato,2026-05-21,Local,2.0,1000.0,1500.0,1200.0
Maharashtra,Junnar(Narayangaon) APMC,Potato,2026-05-21,Other,2.0,300.0,1400.0,850.0
Maharashtra,Kalyan APMC,Potato,2026-05-21,Other,0.3,1100.0,1300.0,1200.0
Maharashtra,Kamthi APMC,Potato,2026-05-21,Local,0.5,1520.0,2020.0,1770.0
Maharashtra,Khed(Chakan) APMC,Potato,2026-05-21,Other,120.0,800.0,1400.0,1100.0
Maharashtra,Mumbai-Onion & Potato Market APMC,Potato,2026-05-21,Other,826.6,600.0,1300.0,950.0
Maharashtra,Nagpur APMC,Potato,2026-05-21,Local,175.0,800.0,1200.0,1100.0
Maharashtra,Nasik APMC,Potato,2026-05-21,Other,162.5,700.0,1300.0,850.0
Maharashtra,Pune APMC,Potato,2026-05-21,Local,487.5,500.0,1500.0,1000.0
Maharashtra,Pune(Manjri) APMC,Potato,2026-05-21,Other,5.7,1400.0,1600.0,1500.0
Maharashtra,Pune(Moshi) APMC,Potato,2026-05-21,Local,166.3,1000.0,1200.0,1100.0
Maharashtra,Rahata APMC,Potato,2026-05-21,Other,43.0,1000.0,1200.0,1100.0
Maharashtra,Rahuri APMC,Potato,2026-05-21,Other,3.9,1300.0,1700.0,1500.0
Maharashtra,Ramtek APMC,Potato,2026-05-21,Local,2.3,800.0,1300.0,1000.0
Maharashtra,SHRI.SIDDHESHWAR  APMC,Potato,2026-05-21,Local,43.4,900.0,1200.0,1000.0
Maharashtra,"Sangli(Phale, Bhajipala Market) APMC",Potato,2026-05-21,Local,93.0,700.0,1400.0,1050.0
Maharashtra,Satara APMC,Potato,2026-05-21,Other,3.6,1000.0,1300.0,1100.0
Maharashtra,Shrirampur APMC,Potato,2026-05-21,Other,8.0,1000.0,1400.0,1200.0
Maharashtra,Vadgaonpeth APMC,Potato,2026-05-21,Local,6.5,1300.0,1700.0,1500.0
Maharashtra,Vaduj APMC,Potato,2026-05-21,Local,3.5,1300.0,1500.0,1400.0
Maharashtra,Vai APMC,Potato,2026-05-21,Local,2.0,1200.0,1600.0,1500.0
Maharashtra,Vita APMC,Potato,2026-05-21,Other,12.0,1800.0,2000.0,1800.0
Maharashtra,Akola APMC,Potato,2026-05-22,Other,164.0,500.0,1200.0,800.0
Maharashtra,Amrawati(Frui & Veg. Market) APMC,Potato,2026-05-22,Local,45.8,500.0,1500.0,1000.0
Maharashtra,Bhusaval APMC,Potato,2026-05-22,Other,10.7,1500.0,2000.0,1800.0
Maharashtra,Chandrapur(Ganjwad) APMC,Potato,2026-05-22,Other,36.0,1000.0,1300.0,1200.0
Maharashtra,HINGNA - APMC,Potato,2026-05-22,Local,1.3,900.0,1200.0,1050.0
Maharashtra,Jalgaon APMC,Potato,2026-05-22,Other,80.0,800.0,1000.0,900.0
Maharashtra,Junnar(Narayangaon) APMC,Potato,2026-05-22,Other,7.8,300.0,1300.0,750.0
Maharashtra,Kalyan APMC,Potato,2026-05-22,Other,0.3,1200.0,1400.0,1300.0
Maharashtra,Kamthi APMC,Potato,2026-05-22,Local,5.0,1510.0,2010.0,1760.0
Maharashtra,Khed(Chakan) APMC,Potato,2026-05-22,Other,100.0,800.0,1400.0,1000.0
Maharashtra,Mumbai-Onion & Potato Market APMC,Potato,2026-05-22,Other,874.6,700.0,1200.0,950.0
Maharashtra,Nasik APMC,Potato,2026-05-22,Other,183.5,750.0,1400.0,900.0
Maharashtra,Pune APMC,Potato,2026-05-22,Local,505.1,500.0,1500.0,1000.0
Maharashtra,Pune(Manjri) APMC,Potato,2026-05-22,Other,3.4,1400.0,1800.0,1600.0
Maharashtra,Pune(Moshi) APMC,Potato,2026-05-22,Local,85.5,1000.0,1200.0,1100.0
Maharashtra,Rahata APMC,Potato,2026-05-22,Other,20.0,1000.0,1200.0,1100.0
Maharashtra,SHRI.SIDDHESHWAR  APMC,Potato,2026-05-22,Local,55.9,1000.0,1250.0,1100.0
Maharashtra,"Sangli(Phale, Bhajipala Market) APMC",Potato,2026-05-22,Local,42.0,700.0,1300.0,1000.0
Maharashtra,Shrirampur APMC,Potato,2026-05-22,Other,12.0,1000.0,1200.0,1100.0
Maharashtra,Vai APMC,Potato,2026-05-22,Local,2.0,1200.0,1600.0,1500.0
Maharashtra,Akluj APMC,Potato,2026-05-23,Other,11.0,1200.0,1400.0,1300.0
Maharashtra,Akola APMC,Potato,2026-05-23,Other,71.0,500.0,1100.0,700.0
Maharashtra,Amrawati(Frui & Veg. Market) APMC,Potato,2026-05-23,Local,41.9,400.0,1400.0,900.0
Maharashtra,Bhusaval APMC,Potato,2026-05-23,Other,2.6,1500.0,2000.0,1800.0
Maharashtra,Chandrapur(Ganjwad) APMC,Potato,2026-05-23,Other,49.0,1000.0,1300.0,1150.0
Maharashtra,Chattrapati Sambhajinagar APMC,Potato,2026-05-23,Other,85.0,700.0,1100.0,900.0
Maharashtra,HINGNA - APMC,Potato,2026-05-23,Local,0.2,1500.0,1500.0,1500.0
Maharashtra,Jalgaon APMC,Potato,2026-05-23,Other,36.0,800.0,1000.0,900.0
Maharashtra,Junnar(Narayangaon) APMC,Potato,2026-05-23,Other,1.6,800.0,1400.0,1100.0
Maharashtra,Kamthi APMC,Potato,2026-05-23,Local,0.2,1510.0,2010.0,1760.0
Maharashtra,Khed(Chakan) APMC,Potato,2026-05-23,Other,140.0,900.0,1400.0,1000.0
Maharashtra,Mumbai-Onion & Potato Market APMC,Potato,2026-05-23,Other,712.3,800.0,1300.0,1050.0
Maharashtra,Nagpur APMC,Potato,2026-05-23,Local,140.0,800.0,1200.0,1100.0
Maharashtra,Nasik APMC,Potato,2026-05-23,Other,151.0,700.0,1300.0,900.0
Maharashtra,Pune(Khadiki) APMC,Potato,2026-05-23,Local,0.8,700.0,1200.0,950.0
Maharashtra,Pune(Manjri) APMC,Potato,2026-05-23,Other,3.1,1400.0,1600.0,1500.0
Maharashtra,Pune(Moshi) APMC,Potato,2026-05-23,Local,75.5,1000.0,1200.0,1100.0
Maharashtra,Rahata APMC,Potato,2026-05-23,Other,30.0,1000.0,1200.0,1100.0
Maharashtra,Rahuri APMC,Potato,2026-05-23,Other,4.2,1500.0,1700.0,1600.0
Maharashtra,Ramtek APMC,Potato,2026-05-23,Local,0.9,900.0,1100.0,1000.0
Maharashtra,SHRI.SIDDHESHWAR  APMC,Potato,2026-05-23,Local,42.9,900.0,1200.0,1000.0
Maharashtra,"Sangli(Phale, Bhajipala Market) APMC",Potato,2026-05-23,Local,109.0,700.0,1450.0,1075.0
Maharashtra,Satara APMC,Potato,2026-05-23,Other,29.8,1000.0,1300.0,1100.0
Maharashtra,Shrirampur APMC,Potato,2026-05-23,Other,9.0,800.0,1400.0,1100.0
Maharashtra,Vaduj APMC,Potato,2026-05-23,Local,4.0,1300.0,1500.0,1400.0
Maharashtra,Vai APMC,Potato,2026-05-23,Local,2.0,1400.0,1600.0,1500.0
Maharashtra,Ahilyanagar APMC,Potato,2026-05-24,Other,48.0,500.0,1600.0,1050.0
Maharashtra,Akluj APMC,Potato,2026-05-24,Other,10.5,1200.0,1400.0,1300.0
Maharashtra,Amrawati(Frui & Veg. Market) APMC,Potato,2026-05-24,Local,43.8,500.0,1500.0,1000.0
Maharashtra,Chattrapati Sambhajinagar APMC,Potato,2026-05-24,Other,124.0,800.0,1200.0,1000.0
Maharashtra,Junnar APMC,Potato,2026-05-24,Local,2.5,1000.0,1500.0,1300.0
Maharashtra,Junnar(Narayangaon) APMC,Potato,2026-05-24,Other,1.8,1000.0,1500.0,1250.0
Maharashtra,Junnar(Otur) APMC,Potato,2026-05-24,Local,0.3,500.0,1200.0,1000.0
Maharashtra,Kamthi APMC,Potato,2026-05-24,Local,0.8,1520.0,2020.0,1770.0
Maharashtra,Khed(Chakan) APMC,Potato,2026-05-24,Other,110.0,800.0,1400.0,1100.0
Maharashtra,Manchar APMC,Potato,2026-05-24,Other,0.5,500.0,800.0,655.0
Maharashtra,Pune APMC,Potato,2026-05-24,Local,943.2,500.0,1500.0,1000.0
Maharashtra,Pune(Khadiki) APMC,Potato,2026-05-24,Local,0.7,800.0,1200.0,1000.0
Maharashtra,Pune(Manjri) APMC,Potato,2026-05-24,Other,3.5,1500.0,1700.0,1600.0
Maharashtra,Pune(Moshi) APMC,Potato,2026-05-24,Local,151.0,1000.0,1200.0,1100.0
Maharashtra,Rahata APMC,Potato,2026-05-24,Other,52.0,1000.0,1200.0,1100.0
Maharashtra,Rahuri APMC,Potato,2026-05-24,Other,5.7,1300.0,1500.0,1400.0
Maharashtra,Ramtek APMC,Potato,2026-05-24,Local,4.9,1000.0,1500.0,1200.0
Maharashtra,Satara APMC,Potato,2026-05-24,Other,11.8,1000.0,1300.0,1100.0
Maharashtra,Shrirampur APMC,Potato,2026-05-24,Other,11.0,1000.0,1400.0,1200.0
Maharashtra,Vaduj APMC,Potato,2026-05-24,Local,3.5,1300.0,1500.0,1400.0
Maharashtra,Akluj APMC,Potato,2026-05-25,Local,13.0,1200.0,1400.0,1300.0
Maharashtra,Akola APMC,Potato,2026-05-25,Other,284.0,500.0,1100.0,800.0
Maharashtra,Amrawati(Frui & Veg. Market) APMC,Potato,2026-05-25,Local,48.0,700.0,1300.0,1000.0
Maharashtra,Chattrapati Sambhajinagar APMC,Potato,2026-05-25,Other,85.0,750.0,1100.0,925.0
Maharashtra,HINGNA - APMC,Potato,2026-05-25,Local,3.8,850.0,1500.0,1250.0
Maharashtra,Jalgaon APMC,Potato,2026-05-25,Other,52.0,700.0,1100.0,900.0
Maharashtra,Kalyan APMC,Potato,2026-05-25,Other,0.3,1200.0,1300.0,1250.0
Maharashtra,Mumbai-Onion & Potato Market APMC,Potato,2026-05-25,Other,1200.0,700.0,1200.0,950.0
Maharashtra,Nagpur APMC,Potato,2026-05-25,Local,350.0,900.0,1200.0,1125.0
Maharashtra,Pune APMC,Potato,2026-05-25,Local,408.8,500.0,1500.0,1000.0
Maharashtra,Pune(Khadiki) APMC,Potato,2026-05-25,Local,0.8,700.0,1200.0,950.0
Maharashtra,Pune(Manjri) APMC,Potato,2026-05-25,Other,3.5,1400.0,1600.0,1500.0
Maharashtra,Pune(Moshi) APMC,Potato,2026-05-25,Local,58.5,1000.0,1200.0,1100.0
Maharashtra,SHRI.SIDDHESHWAR  APMC,Potato,2026-05-25,Local,84.8,700.0,1200.0,900.0
Maharashtra,"Sangli(Phale, Bhajipala Market) APMC",Potato,2026-05-25,Local,111.0,700.0,1500.0,1100.0
Maharashtra,Satara APMC,Potato,2026-05-25,Other,12.5,1000.0,1300.0,1150.0
Maharashtra,Shrirampur APMC,Potato,2026-05-25,Other,8.0,800.0,1200.0,1000.0
Maharashtra,Vaduj APMC,Potato,2026-05-25,Local,5.0,1300.0,1500.0,1400.0
Maharashtra,Vai APMC,Potato,2026-05-25,Local,2.0,1200.0,1600.0,1450.0
Maharashtra,Vita APMC,Potato,2026-05-25,Other,5.0,1500.0,2000.0,1600.0
Maharashtra,Akola APMC,Potato,2026-05-26,Other,74.0,500.0,1000.0,700.0
Maharashtra,Amrawati(Frui & Veg. Market) APMC,Potato,2026-05-26,Local,51.8,700.0,1400.0,1050.0
Maharashtra,Bhusaval APMC,Potato,2026-05-26,Other,7.5,1500.0,2000.0,1800.0
Maharashtra,Chandrapur(Ganjwad) APMC,Potato,2026-05-26,Other,128.0,1100.0,1300.0,1200.0
Maharashtra,Chattrapati Sambhajinagar APMC,Potato,2026-05-26,Other,75.0,900.0,1400.0,1150.0
Maharashtra,HINGNA - APMC,Potato,2026-05-26,Local,0.2,1500.0,1500.0,1500.0
Maharashtra,Jalgaon APMC,Potato,2026-05-26,Other,36.0,700.0,1100.0,900.0
Maharashtra,Kalyan APMC,Potato,2026-05-26,Other,0.3,1200.0,1300.0,1250.0
Maharashtra,Kamthi APMC,Potato,2026-05-26,Local,1.0,1520.0,2020.0,1770.0
Maharashtra,Khed(Chakan) APMC,Potato,2026-05-26,Other,110.0,800.0,1500.0,1100.0
Maharashtra,Manchar APMC,Potato,2026-05-26,Other,0.1,800.0,800.0,800.0
Maharashtra,Mumbai-Onion & Potato Market APMC,Potato,2026-05-26,Other,943.4,700.0,1300.0,1000.0
Maharashtra,Nagpur APMC,Potato,2026-05-26,Local,262.5,900.0,1200.0,1150.0
Maharashtra,Pune APMC,Potato,2026-05-26,Local,579.1,800.0,1500.0,1050.0
Maharashtra,Pune(Manjri) APMC,Potato,2026-05-26,Other,3.8,1400.0,1800.0,1500.0
Maharashtra,Pune(Moshi) APMC,Potato,2026-05-26,Local,16.5,1000.0,1100.0,1050.0
Maharashtra,Ramtek APMC,Potato,2026-05-26,Local,1.5,800.0,1000.0,900.0
Maharashtra,SHRI.SIDDHESHWAR  APMC,Potato,2026-05-26,Local,92.1,900.0,1200.0,1000.0
Maharashtra,"Sangli(Phale, Bhajipala Market) APMC",Potato,2026-05-26,Local,67.0,700.0,1400.0,1050.0
Maharashtra,Satara APMC,Potato,2026-05-26,Other,13.0,1000.0,1300.0,1150.0
Maharashtra,Vaduj APMC,Potato,2026-05-26,Local,3.0,1300.0,1500.0,1400.0
Maharashtra,Akluj APMC,Potato,2026-05-27,Other,12.0,1100.0,1300.0,1200.0
Maharashtra,Akola APMC,Potato,2026-05-27,Other,116.0,500.0,1100.0,800.0
Maharashtra,Amrawati(Frui & Veg. Market) APMC,Potato,2026-05-27,Local,53.9,600.0,1400.0,1000.0
Maharashtra,Chandrapur(Ganjwad) APMC,Potato,2026-05-27,Other,88.0,1100.0,1300.0,1200.0
Maharashtra,Chattrapati Sambhajinagar APMC,Potato,2026-05-27,Other,171.0,600.0,1200.0,900.0
Maharashtra,HINGNA - APMC,Potato,2026-05-27,Local,0.2,1500.0,1500.0,1500.0
Maharashtra,Jalgaon APMC,Potato,2026-05-27,Other,50.0,700.0,1200.0,950.0
Maharashtra,Kalyan APMC,Potato,2026-05-27,Other,0.3,1200.0,1300.0,1250.0
Maharashtra,Kamthi APMC,Potato,2026-05-27,Local,1.1,1530.0,2030.0,1780.0
Maharashtra,Khed(Chakan) APMC,Potato,2026-05-27,Other,125.0,800.0,1400.0,1100.0
Maharashtra,Mumbai-Onion & Potato Market APMC,Potato,2026-05-27,Other,701.6,600.0,1200.0,900.0
Maharashtra,Nagpur APMC,Potato,2026-05-27,Local,177.0,900.0,1200.0,1050.0
Maharashtra,Pune APMC,Potato,2026-05-27,Local,558.9,800.0,1600.0,1050.0
Maharashtra,Pune(Manjri) APMC,Potato,2026-05-27,Other,3.4,1400.0,1800.0,1600.0
Maharashtra,SHRI.SIDDHESHWAR  APMC,Potato,2026-05-27,Local,170.2,900.0,1200.0,1000.0
Maharashtra,"Sangli(Phale, Bhajipala Market) APMC",Potato,2026-05-27,Local,54.0,700.0,1400.0,1050.0
Maharashtra,Satara APMC,Potato,2026-05-27,Other,2.5,1000.0,1300.0,1150.0
Maharashtra,Shrirampur APMC,Potato,2026-05-27,Other,12.0,1000.0,1500.0,1250.0
Maharashtra,Vaduj APMC,Potato,2026-05-27,Local,2.5,1300.0,1500.0,1400.0
Maharashtra,Akluj APMC,Potato,2026-05-28,Local,12.8,1200.0,1400.0,1300.0
Maharashtra,Chattrapati Sambhajinagar APMC,Potato,2026-05-28,Other,11.6,800.0,1000.0,900.0
Maharashtra,Khed(Chakan) APMC,Potato,2026-05-28,Other,110.0,900.0,1500.0,1300.0
Maharashtra,Manchar APMC,Potato,2026-05-28,Other,0.6,1000.0,1000.0,1000.0
Maharashtra,Nasik APMC,Potato,2026-05-28,Other,113.7,800.0,1400.0,1050.0
Maharashtra,Pune APMC,Potato,2026-05-28,Local,388.9,800.0,1500.0,1150.0
Maharashtra,Pune(Khadiki) APMC,Potato,2026-05-28,Local,0.7,800.0,1200.0,1000.0
Maharashtra,Pune(Manjri) APMC,Potato,2026-05-28,Other,3.6,1300.0,1700.0,1500.0
Maharashtra,Pune(Moshi) APMC,Potato,2026-05-28,Local,69.0,1000.0,1200.0,1100.0
Maharashtra,Rahuri APMC,Potato,2026-05-28,Other,4.5,1000.0,1700.0,1350.0
Maharashtra,Shrirampur APMC,Potato,2026-05-28,Other,8.0,1000.0,1400.0,1200.0
Maharashtra,Vaduj APMC,Potato,2026-05-28,Local,2.0,1300.0,1500.0,1400.0
Maharashtra,Vai APMC,Potato,2026-05-28,Local,2.2,1400.0,1700.0,1550.0
Maharashtra,Vita APMC,Potato,2026-05-28,Other,10.0,1300.0,1500.0,1300.0
Maharashtra,Akluj APMC,Potato,2026-05-29,Local,13.0,1200.0,1400.0,1300.0
Maharashtra,Akola APMC,Potato,2026-05-29,Other,154.0,500.0,1100.0,700.0
Maharashtra,Amrawati(Frui & Veg. Market) APMC,Potato,2026-05-29,Local,51.0,700.0,1400.0,1050.0
Maharashtra,HINGNA - APMC,Potato,2026-05-29,Local,2.3,1200.0,1200.0,1200.0
Maharashtra,Jalgaon APMC,Potato,2026-05-29,Other,80.0,700.0,1000.0,850.0
Maharashtra,Junnar(Narayangaon) APMC,Potato,2026-05-29,Other,1.4,1300.0,1400.0,1350.0
Maharashtra,Kamthi APMC,Potato,2026-05-29,Local,1.5,1520.0,2020.0,1770.0
Maharashtra,Khed(Chakan) APMC,Potato,2026-05-29,Other,100.0,800.0,1600.0,1200.0
Maharashtra,Mumbai-Onion & Potato Market APMC,Potato,2026-05-29,Other,689.3,700.0,1200.0,950.0
Maharashtra,Nasik APMC,Potato,2026-05-29,Other,140.5,750.0,1350.0,900.0
Maharashtra,Pune APMC,Potato,2026-05-29,Local,481.2,800.0,1500.0,1150.0
Maharashtra,Pune(Manjri) APMC,Potato,2026-05-29,Other,4.8,1500.0,1800.0,1600.0
Maharashtra,Pune(Moshi) APMC,Potato,2026-05-29,Local,37.5,1000.0,1200.0,1100.0
Maharashtra,Rahata APMC,Potato,2026-05-29,Other,27.9,1000.0,1200.0,1100.0
Maharashtra,SHRI.SIDDHESHWAR  APMC,Potato,2026-05-29,Local,24.4,1000.0,1200.0,1100.0
Maharashtra,"Sangli(Phale, Bhajipala Market) APMC",Potato,2026-05-29,Local,60.0,700.0,1400.0,1050.0
Maharashtra,Shrirampur APMC,Potato,2026-05-29,Other,11.0,1000.0,1500.0,1250.0
Maharashtra,Vai APMC,Potato,2026-05-29,Local,2.5,1200.0,1600.0,1500.0
Maharashtra,Ahilyanagar APMC,Potato,2026-05-30,Other,36.8,500.0,1700.0,1100.0
Maharashtra,Akola APMC,Potato,2026-05-30,Other,64.0,500.0,1200.0,800.0
Maharashtra,Amrawati(Frui & Veg. Market) APMC,Potato,2026-05-30,Local,46.8,600.0,1400.0,1000.0
Maharashtra,Bhusaval APMC,Potato,2026-05-30,Other,1.5,1500.0,2000.0,1800.0
Maharashtra,Chattrapati Sambhajinagar APMC,Potato,2026-05-30,Other,80.0,700.0,1100.0,850.0
Maharashtra,Jalgaon APMC,Potato,2026-05-30,Other,45.0,700.0,1000.0,850.0
Maharashtra,Junnar(Narayangaon) APMC,Potato,2026-05-30,Other,2.0,400.0,1400.0,800.0
Maharashtra,Mumbai-Onion & Potato Market APMC,Potato,2026-05-30,Other,827.1,700.0,1300.0,1000.0
Maharashtra,Nagpur APMC,Potato,2026-05-30,Local,87.5,800.0,1200.0,1100.0
Maharashtra,Nasik APMC,Potato,2026-05-30,Other,159.0,700.0,1300.0,850.0
Maharashtra,Pune(Khadiki) APMC,Potato,2026-05-30,Local,0.7,800.0,1100.0,950.0
Maharashtra,Pune(Manjri) APMC,Potato,2026-05-30,Other,3.3,1400.0,1800.0,1600.0
Maharashtra,Pune(Moshi) APMC,Potato,2026-05-30,Local,76.1,900.0,1000.0,950.0
Maharashtra,Rahata APMC,Potato,2026-05-30,Other,32.5,1000.0,1100.0,1050.0
Maharashtra,Rahuri APMC,Potato,2026-05-30,Other,4.0,800.0,2000.0,1400.0
Maharashtra,Ramtek APMC,Potato,2026-05-30,Local,1.3,800.0,1000.0,900.0
Maharashtra,SHRI.SIDDHESHWAR  APMC,Potato,2026-05-30,Local,80.2,900.0,1250.0,1000.0
Maharashtra,"Sangli(Phale, Bhajipala Market) APMC",Potato,2026-05-30,Local,33.7,700.0,1300.0,1000.0
Maharashtra,Satara APMC,Potato,2026-05-30,Other,58.8,1000.0,1300.0,1150.0
Maharashtra,Shrirampur APMC,Potato,2026-05-30,Other,9.0,1000.0,1400.0,1200.0
Maharashtra,Vaduj APMC,Potato,2026-05-30,Local,3.5,1300.0,1500.0,1400.0
Maharashtra,Vita APMC,Potato,2026-05-30,Other,10.0,1400.0,1500.0,1500.0
Maharashtra,Akluj APMC,Potato,2026-05-31,Other,12.0,1000.0,1300.0,1200.0
Maharashtra,Amrawati(Frui & Veg. Market) APMC,Potato,2026-05-31,Local,50.9,500.0,1400.0,950.0
Maharashtra,Chattrapati Sambhajinagar APMC,Potato,2026-05-31,Other,95.0,800.0,1200.0,1000.0
Maharashtra,Junnar APMC,Potato,2026-05-31,Local,3.6,1000.0,1500.0,1200.0
Maharashtra,Junnar(Otur) APMC,Potato,2026-05-31,Local,3.7,500.0,1500.0,1000.0
Maharashtra,Kamthi APMC,Potato,2026-05-31,Local,2.6,1510.0,2010.0,1760.0
Maharashtra,Khed(Chakan) APMC,Potato,2026-05-31,Other,125.0,900.0,1500.0,1200.0
Maharashtra,Manchar APMC,Potato,2026-05-31,Other,0.6,1150.0,1300.0,1230.0
Maharashtra,Pune(Khadiki) APMC,Potato,2026-05-31,Local,0.7,700.0,1200.0,950.0
Maharashtra,Pune(Manjri) APMC,Potato,2026-05-31,Other,1.7,1400.0,1600.0,1500.0
Maharashtra,Pune(Moshi) APMC,Potato,2026-05-31,Local,64.5,1000.0,1200.0,1100.0
Maharashtra,Rahata APMC,Potato,2026-05-31,Other,64.0,1000.0,1200.0,1100.0
Maharashtra,Rahuri APMC,Potato,2026-05-31,Other,3.9,1200.0,1700.0,1450.0
Maharashtra,Ramtek APMC,Potato,2026-05-31,Local,4.6,800.0,1000.0,900.0
Maharashtra,Satara APMC,Potato,2026-05-31,Other,26.7,1000.0,1300.0,1150.0
Maharashtra,Shrirampur APMC,Potato,2026-05-31,Other,11.0,1000.0,1500.0,1250.0
Maharashtra,Vaduj APMC,Potato,2026-05-31,Local,4.0,1300.0,1500.0,1400.0
Maharashtra,Vai APMC,Potato,2026-05-31,Local,2.0,1300.0,1700.0,1500.0
Maharashtra,Akola APMC,Potato,2026-06-01,Other,233.0,500.0,1200.0,800.0
Maharashtra,Amrawati(Frui & Veg. Market) APMC,Potato,2026-06-01,Local,48.9,400.0,1500.0,950.0
Maharashtra,Chandrapur(Ganjwad) APMC,Potato,2026-06-01,Other,97.0,1100.0,1250.0,1200.0
Maharashtra,Chattrapati Sambhajinagar APMC,Potato,2026-06-01,Other,89.0,1000.0,1400.0,1200.0
Maharashtra,HINGNA - APMC,Potato,2026-06-01,Local,2.2,1000.0,1500.0,1266.0
Maharashtra,Jalgaon APMC,Potato,2026-06-01,Other,40.0,700.0,1100.0,900.0
Maharashtra,Junnar(Narayangaon) APMC,Potato,2026-06-01,Other,1.5,1300.0,1450.0,1400.0
Maharashtra,Kamthi APMC,Potato,2026-06-01,Local,0.6,1520.0,2020.0,1770.0
Maharashtra,Manchar APMC,Potato,2026-06-01,Other,0.6,1000.0,1110.0,1060.0
Maharashtra,Mumbai-Onion & Potato Market APMC,Potato,2026-06-01,Other,1087.9,700.0,1200.0,950.0
Maharashtra,Nagpur APMC,Potato,2026-06-01,Local,262.5,1000.0,1300.0,1225.0
Maharashtra,Nasik APMC,Potato,2026-06-01,Other,136.0,750.0,1400.0,1050.0
Maharashtra,Pune APMC,Potato,2026-06-01,Local,488.5,900.0,1500.0,1200.0
Maharashtra,Pune(Khadiki) APMC,Potato,2026-06-01,Local,0.7,800.0,1200.0,1000.0
Maharashtra,Pune(Manjri) APMC,Potato,2026-06-01,Other,3.2,1300.0,1600.0,1500.0
Maharashtra,Pune(Moshi) APMC,Potato,2026-06-01,Local,98.4,1000.0,1200.0,1100.0
Maharashtra,SHRI.SIDDHESHWAR  APMC,Potato,2026-06-01,Local,325.8,800.0,1200.0,1000.0
Maharashtra,"Sangli(Phale, Bhajipala Market) APMC",Potato,2026-06-01,Local,97.0,700.0,1450.0,1075.0
Maharashtra,Satara APMC,Potato,2026-06-01,Other,25.5,1000.0,1300.0,1150.0
Maharashtra,Shrirampur APMC,Potato,2026-06-01,Other,8.0,800.0,1400.0,1100.0
Maharashtra,Vaduj APMC,Potato,2026-06-01,Local,2.5,1300.0,1500.0,1400.0
Maharashtra,Akola APMC,Potato,2026-06-02,Other,77.0,500.0,1200.0,800.0
Maharashtra,Amrawati(Frui & Veg. Market) APMC,Potato,2026-06-02,Local,36.0,500.0,1400.0,950.0
Maharashtra,Bhusaval APMC,Potato,2026-06-02,Other,7.1,1500.0,2000.0,1800.0
Maharashtra,Chandrapur(Ganjwad) APMC,Potato,2026-06-02,Other,139.0,1100.0,1300.0,1200.0
Maharashtra,Chattrapati Sambhajinagar APMC,Potato,2026-06-02,Other,64.0,800.0,1400.0,1100.0
Maharashtra,HINGNA - APMC,Potato,2026-06-02,Local,1.0,1100.0,1500.0,1300.0
Maharashtra,Jalgaon APMC,Potato,2026-06-02,Other,30.0,800.0,1100.0,950.0
Maharashtra,Kamthi APMC,Potato,2026-06-02,Local,1.0,1560.0,2060.0,1810.0
Maharashtra,Khed(Chakan) APMC,Potato,2026-06-02,Other,100.0,900.0,1500.0,1200.0
Maharashtra,Manchar APMC,Potato,2026-06-02,Other,0.6,1000.0,1200.0,1150.0
Maharashtra,Mumbai-Onion & Potato Market APMC,Potato,2026-06-02,Other,1285.6,700.0,1300.0,1000.0
Maharashtra,Nagpur APMC,Potato,2026-06-02,Local,315.0,1000.0,1300.0,1225.0
Maharashtra,Nasik APMC,Potato,2026-06-02,Other,116.5,700.0,1350.0,1000.0
Maharashtra,Pune APMC,Potato,2026-06-02,Local,644.1,800.0,1500.0,1150.0
Maharashtra,Pune(Khadiki) APMC,Potato,2026-06-02,Local,0.7,700.0,1200.0,950.0
Maharashtra,Pune(Manjri) APMC,Potato,2026-06-02,Other,4.4,1300.0,1600.0,1500.0
Maharashtra,Pune(Moshi) APMC,Potato,2026-06-02,Local,28.0,1000.0,1100.0,1050.0
Maharashtra,Rahuri APMC,Potato,2026-06-02,Other,3.7,1200.0,1700.0,1450.0
Maharashtra,Ramtek APMC,Potato,2026-06-02,Local,1.2,1000.0,1500.0,1200.0
Maharashtra,SHRI.SIDDHESHWAR  APMC,Potato,2026-06-02,Local,117.3,950.0,1350.0,1100.0
Maharashtra,"Sangli(Phale, Bhajipala Market) APMC",Potato,2026-06-02,Local,95.0,700.0,1450.0,1075.0
Maharashtra,Satara APMC,Potato,2026-06-02,Other,24.9,1000.0,1300.0,1150.0
Maharashtra,Vaduj APMC,Potato,2026-06-02,Local,2.5,1300.0,1500.0,1400.0
Maharashtra,Akluj APMC,Potato,2026-06-03,Local,11.0,1300.0,1400.0,1400.0
Maharashtra,Akola APMC,Potato,2026-06-03,Other,56.0,700.0,1200.0,900.0
Maharashtra,Amrawati(Frui & Veg. Market) APMC,Potato,2026-06-03,Local,48.9,400.0,1400.0,900.0
Maharashtra,Bhusaval APMC,Potato,2026-06-03,Other,7.0,1500.0,2000.0,1800.0
Maharashtra,Chandrapur(Ganjwad) APMC,Potato,2026-06-03,Other,100.0,1100.0,1300.0,1200.0
Maharashtra,Chattrapati Sambhajinagar APMC,Potato,2026-06-03,Other,128.0,1000.0,1500.0,1250.0
Maharashtra,HINGNA - APMC,Potato,2026-06-03,Local,1.6,1200.0,1600.0,1333.0
Maharashtra,Jalgaon APMC,Potato,2026-06-03,Other,50.0,700.0,1300.0,1000.0
Maharashtra,Kamthi APMC,Potato,2026-06-03,Local,3.6,1520.0,2020.0,1770.0
Maharashtra,Khed(Chakan) APMC,Potato,2026-06-03,Other,125.0,1000.0,1500.0,1200.0
Maharashtra,Mumbai-Onion & Potato Market APMC,Potato,2026-06-03,Other,837.1,800.0,1300.0,1050.0
Maharashtra,Nagpur APMC,Potato,2026-06-03,Local,455.0,1200.0,1600.0,1500.0
Maharashtra,Nasik APMC,Potato,2026-06-03,Other,149.5,700.0,1300.0,950.0
Maharashtra,Pune APMC,Potato,2026-06-03,Local,664.4,800.0,1500.0,1150.0
Maharashtra,Pune(Khadiki) APMC,Potato,2026-06-03,Local,0.8,800.0,1200.0,1000.0
Maharashtra,Pune(Manjri) APMC,Potato,2026-06-03,Other,3.2,1300.0,1600.0,1500.0
Maharashtra,Ramtek APMC,Potato,2026-06-03,Local,1.0,800.0,1000.0,900.0
Maharashtra,SHRI.SIDDHESHWAR  APMC,Potato,2026-06-03,Local,101.2,1000.0,1250.0,1100.0
Maharashtra,"Sangli(Phale, Bhajipala Market) APMC",Potato,2026-06-03,Local,127.0,700.0,1525.0,1112.0
Maharashtra,Satara APMC,Potato,2026-06-03,Other,38.5,1000.0,1300.0,1100.0
Maharashtra,Shrirampur APMC,Potato,2026-06-03,Other,14.0,1000.0,1400.0,1200.0
Maharashtra,Vadgaonpeth APMC,Potato,2026-06-03,Local,4.7,1800.0,2200.0,1900.0
Maharashtra,Vaduj APMC,Potato,2026-06-03,Local,4.0,1300.0,1500.0,1400.0
Maharashtra,Vai APMC,Potato,2026-06-03,Local,2.0,1300.0,1700.0,1600.0
Maharashtra,Akola APMC,Potato,2026-06-04,Other,88.0,500.0,1200.0,900.0
Maharashtra,Chandrapur(Ganjwad) APMC,Potato,2026-06-04,Other,50.0,1150.0,1300.0,1200.0
Maharashtra,Chattrapati Sambhajinagar APMC,Potato,2026-06-04,Other,132.0,1000.0,1300.0,1150.0
Maharashtra,HINGNA - APMC,Potato,2026-06-04,Local,0.1,1000.0,1000.0,1000.0
Maharashtra,Jalgaon APMC,Potato,2026-06-04,Other,45.0,700.0,1100.0,900.0
Maharashtra,Junnar APMC,Potato,2026-06-04,Local,7.5,700.0,1500.0,1000.0
Maharashtra,Junnar(Narayangaon) APMC,Potato,2026-06-04,Other,7.4,1200.0,1600.0,1400.0
Maharashtra,Junnar(Otur) APMC,Potato,2026-06-04,Local,2.4,500.0,1600.0,1200.0
Maharashtra,Kalyan APMC,Potato,2026-06-04,Other,0.3,1000.0,1200.0,1100.0
Maharashtra,Khed(Chakan) APMC,Potato,2026-06-04,Other,110.0,1000.0,1500.0,1200.0
Maharashtra,Manchar APMC,Potato,2026-06-04,Other,0.5,600.0,1200.0,900.0
Maharashtra,Mumbai-Onion & Potato Market APMC,Potato,2026-06-04,Other,861.3,700.0,1200.0,950.0
Maharashtra,Nagpur APMC,Potato,2026-06-04,Local,150.0,1200.0,1600.0,1500.0
Maharashtra,Nasik APMC,Potato,2026-06-04,Other,157.5,750.0,1350.0,900.0
Maharashtra,Pune APMC,Potato,2026-06-04,Local,554.2,600.0,1500.0,1050.0
Maharashtra,Pune(Khadiki) APMC,Potato,2026-06-04,Local,0.8,800.0,1200.0,1000.0
Maharashtra,Pune(Manjri) APMC,Potato,2026-06-04,Other,4.4,1300.0,1600.0,1500.0
Maharashtra,Pune(Moshi) APMC,Potato,2026-06-04,Local,152.3,1000.0,1100.0,1050.0
Maharashtra,Rahata APMC,Potato,2026-06-04,Other,36.5,1000.0,1200.0,1100.0
Maharashtra,Rahuri APMC,Potato,2026-06-04,Other,4.7,1200.0,1700.0,1550.0
Maharashtra,Ramtek APMC,Potato,2026-06-04,Local,2.7,1000.0,1500.0,1200.0
Maharashtra,SHRI.SIDDHESHWAR  APMC,Potato,2026-06-04,Local,60.4,700.0,1300.0,1100.0
Maharashtra,"Sangli(Phale, Bhajipala Market) APMC",Potato,2026-06-04,Local,57.0,700.0,1400.0,1050.0
Maharashtra,Satara APMC,Potato,2026-06-04,Other,2.5,1000.0,1300.0,1150.0
Maharashtra,Shrirampur APMC,Potato,2026-06-04,Other,8.0,1000.0,1500.0,1250.0
Maharashtra,Vai APMC,Potato,2026-06-04,Local,2.0,1300.0,1700.0,1500.0
Maharashtra,Akola APMC,Potato,2026-06-05,Other,193.0,500.0,1300.0,900.0
Maharashtra,Amrawati(Frui & Veg. Market) APMC,Potato,2026-06-05,Local,46.7,700.0,1400.0,1050.0
Maharashtra,Bhusaval APMC,Potato,2026-06-05,Other,3.4,1500.0,2000.0,1800.0
Maharashtra,Chandrapur(Ganjwad) APMC,Potato,2026-06-05,Other,47.0,1150.0,1300.0,1200.0
Maharashtra,Jalgaon APMC,Potato,2026-06-05,Other,70.0,600.0,1100.0,900.0
Maharashtra,Junnar(Narayangaon) APMC,Potato,2026-06-05,Other,2.0,1300.0,1500.0,1400.0
Maharashtra,Kalyan APMC,Potato,2026-06-05,Other,0.3,1200.0,1300.0,1250.0
Maharashtra,Kamthi APMC,Potato,2026-06-05,Local,4.1,1520.0,2020.0,1770.0
Maharashtra,Khed(Chakan) APMC,Potato,2026-06-05,Other,100.0,1000.0,1500.0,1200.0
Maharashtra,Mumbai-Onion & Potato Market APMC,Potato,2026-06-05,Other,1098.7,600.0,1200.0,900.0
Maharashtra,Nasik APMC,Potato,2026-06-05,Other,172.0,800.0,1400.0,1050.0
Maharashtra,Pune APMC,Potato,2026-06-05,Local,475.3,800.0,1500.0,1150.0
Maharashtra,Pune(Manjri) APMC,Potato,2026-06-05,Other,3.6,1200.0,1600.0,1400.0
Maharashtra,Pune(Moshi) APMC,Potato,2026-06-05,Local,108.7,1000.0,1200.0,1100.0
Maharashtra,Rahata APMC,Potato,2026-06-05,Other,18.2,1000.0,1200.0,1100.0
Maharashtra,SHRI.SIDDHESHWAR  APMC,Potato,2026-06-05,Local,43.4,900.0,1350.0,1100.0
Maharashtra,"Sangli(Phale, Bhajipala Market) APMC",Potato,2026-06-05,Local,122.0,700.0,1500.0,1100.0
Maharashtra,Shrirampur APMC,Potato,2026-06-05,Other,11.0,800.0,1400.0,1100.0
Maharashtra,Vai APMC,Potato,2026-06-05,Local,2.0,1400.0,1700.0,1600.0
Maharashtra,Akluj APMC,Potato,2026-06-06,Other,9.0,1200.0,1500.0,1300.0
Maharashtra,Akola APMC,Potato,2026-06-06,Other,138.0,500.0,1200.0,900.0
Maharashtra,Amrawati(Frui & Veg. Market) APMC,Potato,2026-06-06,Local,42.0,500.0,1400.0,950.0
Maharashtra,Bhusaval APMC,Potato,2026-06-06,Other,3.6,1500.0,2000.0,1800.0
Maharashtra,Chandrapur(Ganjwad) APMC,Potato,2026-06-06,Other,55.0,1200.0,1300.0,1250.0
Maharashtra,Chattrapati Sambhajinagar APMC,Potato,2026-06-06,Other,99.0,600.0,1200.0,900.0
Maharashtra,HINGNA - APMC,Potato,2026-06-06,Local,0.1,2000.0,2000.0,2000.0
Maharashtra,Jalgaon APMC,Potato,2026-06-06,Other,40.0,700.0,1100.0,900.0
Maharashtra,Junnar(Narayangaon) APMC,Potato,2026-06-06,Other,1.8,600.0,1500.0,1000.0
Maharashtra,Khed(Chakan) APMC,Potato,2026-06-06,Other,140.0,1000.0,1600.0,1300.0
Maharashtra,Mumbai-Onion & Potato Market APMC,Potato,2026-06-06,Other,1258.7,500.0,1200.0,850.0
Maharashtra,Nagpur APMC,Potato,2026-06-06,Local,157.5,1200.0,1600.0,1500.0
Maharashtra,Nasik APMC,Potato,2026-06-06,Other,218.9,750.0,1300.0,1000.0
Maharashtra,Pune(Manjri) APMC,Potato,2026-06-06,Other,5.3,1200.0,1600.0,1400.0
Maharashtra,Pune(Moshi) APMC,Potato,2026-06-06,Local,48.0,1000.0,1200.0,1100.0
Maharashtra,Rahata APMC,Potato,2026-06-06,Other,27.2,1000.0,1100.0,1050.0
Maharashtra,Rahuri APMC,Potato,2026-06-06,Other,6.1,1000.0,1800.0,1400.0
Maharashtra,Ramtek APMC,Potato,2026-06-06,Local,1.0,800.0,1000.0,900.0
Maharashtra,SHRI.SIDDHESHWAR  APMC,Potato,2026-06-06,Local,49.2,950.0,1300.0,1100.0
Maharashtra,"Sangli(Phale, Bhajipala Market) APMC",Potato,2026-06-06,Local,42.0,700.0,1375.0,1037.0
Maharashtra,Satara APMC,Potato,2026-06-06,Other,57.8,1000.0,1300.0,1150.0
Maharashtra,Shrirampur APMC,Potato,2026-06-06,Other,8.0,1000.0,1500.0,1250.0
Maharashtra,Vaduj APMC,Potato,2026-06-06,Local,2.5,1300.0,1500.0,1400.0
Maharashtra,Vai APMC,Potato,2026-06-06,Local,2.0,1300.0,1700.0,1500.0
Maharashtra,Vita APMC,Potato,2026-06-06,Other,12.0,1500.0,1600.0,1500.0
Maharashtra,Akluj APMC,Potato,2026-06-07,Other,12.0,1200.0,1400.0,1300.0
Maharashtra,Amrawati(Frui & Veg. Market) APMC,Potato,2026-06-07,Local,34.8,700.0,1400.0,1050.0
Maharashtra,Bhusaval APMC,Potato,2026-06-07,Other,6.6,1500.0,2000.0,1800.0
Maharashtra,Chattrapati Sambhajinagar APMC,Potato,2026-06-07,Other,96.9,600.0,1200.0,900.0
Maharashtra,Junnar(Narayangaon) APMC,Potato,2026-06-07,Other,1.2,1300.0,1500.0,1400.0
Maharashtra,Junnar(Otur) APMC,Potato,2026-06-07,Local,0.3,500.0,1800.0,1300.0
Maharashtra,Kamthi APMC,Potato,2026-06-07,Local,2.0,1520.0,2020.0,1770.0
Maharashtra,Khed(Chakan) APMC,Potato,2026-06-07,Other,125.0,1000.0,1500.0,1200.0
Maharashtra,Pune APMC,Potato,2026-06-07,Local,968.8,1000.0,1500.0,1250.0
Maharashtra,Pune(Khadiki) APMC,Potato,2026-06-07,Local,0.9,800.0,1200.0,1000.0
Maharashtra,Pune(Manjri) APMC,Potato,2026-06-07,Other,5.5,1300.0,1600.0,1500.0
Maharashtra,Pune(Moshi) APMC,Potato,2026-06-07,Local,151.4,1000.0,1200.0,1100.0
Maharashtra,Rahata APMC,Potato,2026-06-07,Other,45.2,1000.0,1100.0,1050.0
Maharashtra,Ramtek APMC,Potato,2026-06-07,Local,6.5,1000.0,1500.0,1200.0
Maharashtra,Satara APMC,Potato,2026-06-07,Other,12.2,1000.0,1300.0,1150.0
Maharashtra,Shrirampur APMC,Potato,2026-06-07,Other,12.0,1000.0,1500.0,1250.0
Maharashtra,Vaduj APMC,Potato,2026-06-07,Local,4.0,1300.0,1500.0,1400.0
Maharashtra,Vai APMC,Potato,2026-06-07,Local,2.0,1700.0,1900.0,1800.0
Maharashtra,Akluj APMC,Potato,2026-06-08,Local,13.0,1200.0,1400.0,1300.0
Maharashtra,Akola APMC,Potato,2026-06-08,Other,345.0,700.0,1200.0,900.0
Maharashtra,Amrawati(Frui & Veg. Market) APMC,Potato,2026-06-08,Local,42.0,700.0,1500.0,1100.0
Maharashtra,Chandrapur(Ganjwad) APMC,Potato,2026-06-08,Other,62.0,1100.0,1300.0,1200.0
Maharashtra,Chattrapati Sambhajinagar APMC,Potato,2026-06-08,Other,102.0,600.0,1300.0,950.0
Maharashtra,HINGNA - APMC,Potato,2026-06-08,Local,3.0,1000.0,1200.0,1050.0
Maharashtra,Jalgaon APMC,Potato,2026-06-08,Other,70.0,700.0,1100.0,900.0
Maharashtra,Junnar(Narayangaon) APMC,Potato,2026-06-08,Other,1.2,300.0,1400.0,800.0
Maharashtra,Kamthi APMC,Potato,2026-06-08,Local,0.2,1520.0,2020.0,1770.0
Maharashtra,Manchar APMC,Potato,2026-06-08,Other,0.6,1000.0,1350.0,1175.0
Maharashtra,Mumbai-Onion & Potato Market APMC,Potato,2026-06-08,Other,1219.6,600.0,1300.0,950.0
Maharashtra,Nagpur APMC,Potato,2026-06-08,Local,350.0,1000.0,1200.0,1150.0
Maharashtra,Nasik APMC,Potato,2026-06-08,Other,144.5,700.0,1350.0,1050.0
Maharashtra,Pune APMC,Potato,2026-06-08,Local,814.9,900.0,1500.0,1200.0
Maharashtra,Pune(Manjri) APMC,Potato,2026-06-08,Other,5.0,1400.0,1600.0,1500.0
Maharashtra,Pune(Moshi) APMC,Potato,2026-06-08,Local,117.0,1000.0,1200.0,1100.0
Maharashtra,SHRI.SIDDHESHWAR  APMC,Potato,2026-06-08,Local,56.0,1000.0,1250.0,1100.0
Maharashtra,"Sangli(Phale, Bhajipala Market) APMC",Potato,2026-06-08,Local,110.9,700.0,1450.0,1075.0
Maharashtra,Satara APMC,Potato,2026-06-08,Other,28.3,1000.0,1300.0,1150.0
Maharashtra,Shrirampur APMC,Potato,2026-06-08,Other,9.0,1000.0,1400.0,1200.0
Maharashtra,Vaduj APMC,Potato,2026-06-08,Local,2.5,1300.0,1500.0,1400.0
Maharashtra,Vita APMC,Potato,2026-06-08,Other,10.0,1500.0,1600.0,1550.0
Maharashtra,Ahilyanagar APMC,Potato,2026-06-09,Other,51.1,700.0,1700.0,1200.0
Maharashtra,Akola APMC,Potato,2026-06-09,Other,46.0,700.0,1200.0,900.0
Maharashtra,Amrawati(Frui & Veg. Market) APMC,Potato,2026-06-09,Local,48.0,800.0,1400.0,1100.0
Maharashtra,Bhusaval APMC,Potato,2026-06-09,Other,10.3,1500.0,2000.0,1800.0
Maharashtra,Chandrapur(Ganjwad) APMC,Potato,2026-06-09,Other,89.0,1150.0,1300.0,1200.0
Maharashtra,Chattrapati Sambhajinagar APMC,Potato,2026-06-09,Other,82.0,700.0,1200.0,950.0
Maharashtra,HINGNA - APMC,Potato,2026-06-09,Local,0.6,1200.0,1200.0,1200.0
Maharashtra,Jalana APMC,Potato,2026-06-09,Other,32.1,300.0,1200.0,700.0
Maharashtra,Jalgaon APMC,Potato,2026-06-09,Other,40.0,700.0,1000.0,850.0
Maharashtra,Khed(Chakan) APMC,Potato,2026-06-09,Other,100.0,1000.0,1500.0,1200.0
Maharashtra,Manchar APMC,Potato,2026-06-09,Other,0.3,1000.0,1000.0,1000.0
Maharashtra,Mumbai-Onion & Potato Market APMC,Potato,2026-06-09,Other,583.2,700.0,1500.0,1100.0
Maharashtra,Nagpur APMC,Potato,2026-06-09,Local,127.5,1000.0,1200.0,1150.0
Maharashtra,Nasik APMC,Potato,2026-06-09,Other,124.5,700.0,1300.0,1000.0
Maharashtra,Pune APMC,Potato,2026-06-09,Local,828.6,800.0,1500.0,1150.0
Maharashtra,Pune(Khadiki) APMC,Potato,2026-06-09,Local,0.7,800.0,1200.0,1000.0
Maharashtra,Pune(Manjri) APMC,Potato,2026-06-09,Other,3.8,1400.0,1600.0,1500.0
Maharashtra,Pune(Moshi) APMC,Potato,2026-06-09,Local,31.6,1000.0,1100.0,1050.0
Maharashtra,Ramtek APMC,Potato,2026-06-09,Local,1.0,1000.0,1500.0,1200.0
Maharashtra,SHRI.SIDDHESHWAR  APMC,Potato,2026-06-09,Local,85.7,900.0,1250.0,1000.0
Maharashtra,"Sangli(Phale, Bhajipala Market) APMC",Potato,2026-06-09,Local,30.0,700.0,1275.0,987.0
Maharashtra,Satara APMC,Potato,2026-06-09,Other,26.7,1000.0,1300.0,1100.0
Maharashtra,Vaduj APMC,Potato,2026-06-09,Local,3.5,1300.0,1500.0,1400.0
Maharashtra,Vai APMC,Potato,2026-06-09,Local,2.0,1500.0,1700.0,1650.0
Maharashtra,Akluj APMC,Potato,2026-06-10,Local,14.0,1200.0,1400.0,1300.0
Maharashtra,Akola APMC,Potato,2026-06-10,Other,146.0,600.0,1100.0,700.0
Maharashtra,Amrawati(Frui & Veg. Market) APMC,Potato,2026-06-10,Local,44.9,800.0,1400.0,1100.0
Maharashtra,Bhusaval APMC,Potato,2026-06-10,Other,3.7,1200.0,2000.0,1500.0
Maharashtra,Chandrapur(Ganjwad) APMC,Potato,2026-06-10,Other,67.0,1100.0,1300.0,1200.0
Maharashtra,Chattrapati Sambhajinagar APMC,Potato,2026-06-10,Other,99.0,600.0,1300.0,950.0
Maharashtra,HINGNA - APMC,Potato,2026-06-10,Local,2.1,1300.0,2000.0,1766.0
Maharashtra,Jalgaon APMC,Potato,2026-06-10,Other,60.0,800.0,1000.0,900.0
Maharashtra,Kalyan APMC,Potato,2026-06-10,Other,0.3,1400.0,1500.0,1450.0
Maharashtra,Kamthi APMC,Potato,2026-06-10,Local,0.5,1520.0,2020.0,1770.0
Maharashtra,Khed(Chakan) APMC,Potato,2026-06-10,Other,140.0,1000.0,1600.0,1300.0
Maharashtra,Manchar APMC,Potato,2026-06-10,Other,0.4,1000.0,1350.0,1175.0
Maharashtra,Mumbai-Onion & Potato Market APMC,Potato,2026-06-10,Other,1060.9,800.0,1600.0,1200.0
Maharashtra,Nagpur APMC,Potato,2026-06-10,Local,280.0,1000.0,1400.0,1300.0
Maharashtra,Nasik APMC,Potato,2026-06-10,Other,120.0,550.0,1350.0,1100.0
Maharashtra,Pune APMC,Potato,2026-06-10,Local,446.5,800.0,1500.0,1150.0
Maharashtra,Pune(Khadiki) APMC,Potato,2026-06-10,Local,0.8,800.0,1200.0,1000.0
Maharashtra,Pune(Manjri) APMC,Potato,2026-06-10,Other,4.4,1300.0,1600.0,1500.0
Maharashtra,Ramtek APMC,Potato,2026-06-10,Local,0.8,1000.0,1200.0,1100.0
Maharashtra,SHRI.SIDDHESHWAR  APMC,Potato,2026-06-10,Local,89.5,1000.0,1300.0,1100.0
Maharashtra,"Sangli(Phale, Bhajipala Market) APMC",Potato,2026-06-10,Local,126.0,700.0,1500.0,1100.0
Maharashtra,Satara APMC,Potato,2026-06-10,Other,15.0,1000.0,1300.0,1150.0
Maharashtra,Shrirampur APMC,Potato,2026-06-10,Other,11.0,1000.0,1500.0,1250.0
Maharashtra,Vaduj APMC,Potato,2026-06-10,Local,4.0,1300.0,1500.0,1400.0
Maharashtra,Vai APMC,Potato,2026-06-10,Local,2.0,1300.0,1800.0,1500.0
Maharashtra,Akluj APMC,Potato,2026-06-11,Local,11.0,1200.0,1400.0,1300.0
Maharashtra,Akola APMC,Potato,2026-06-11,Other,158.0,500.0,1100.0,700.0
Maharashtra,Bhusaval APMC,Potato,2026-06-11,Other,9.2,1500.0,2000.0,1800.0
Maharashtra,Chandrapur(Ganjwad) APMC,Potato,2026-06-11,Other,41.0,1200.0,1300.0,1250.0
Maharashtra,Chattrapati Sambhajinagar APMC,Potato,2026-06-11,Other,112.0,800.0,1300.0,1050.0
Maharashtra,HINGNA - APMC,Potato,2026-06-11,Local,0.7,1000.0,1000.0,1000.0
Maharashtra,Jalgaon APMC,Potato,2026-06-11,Other,50.0,800.0,1100.0,950.0
Maharashtra,Kalyan APMC,Potato,2026-06-11,Other,0.3,800.0,900.0,850.0
Maharashtra,Kamthi APMC,Potato,2026-06-11,Local,0.5,1520.0,2020.0,1770.0
Maharashtra,Khed(Chakan) APMC,Potato,2026-06-11,Other,110.0,900.0,1500.0,1200.0
Maharashtra,Manchar APMC,Potato,2026-06-11,Other,1.0,1000.0,1200.0,1100.0
Maharashtra,Mumbai-Onion & Potato Market APMC,Potato,2026-06-11,Other,605.2,800.0,1500.0,1150.0
Maharashtra,Nagpur APMC,Potato,2026-06-11,Local,210.0,800.0,1200.0,1100.0
Maharashtra,Nasik APMC,Potato,2026-06-11,Other,160.0,600.0,1300.0,1050.0
Maharashtra,Pune APMC,Potato,2026-06-11,Local,657.5,700.0,1500.0,1100.0
Maharashtra,Pune(Khadiki) APMC,Potato,2026-06-11,Local,1.2,800.0,1200.0,1000.0
Maharashtra,Pune(Manjri) APMC,Potato,2026-06-11,Other,4.3,1300.0,1700.0,1500.0
Maharashtra,Pune(Moshi) APMC,Potato,2026-06-11,Local,113.8,1000.0,1200.0,1100.0
Maharashtra,Rahata APMC,Potato,2026-06-11,Other,38.0,800.0,1100.0,950.0
Maharashtra,Ramtek APMC,Potato,2026-06-11,Local,2.7,1000.0,1500.0,1200.0
Maharashtra,SHRI.SIDDHESHWAR  APMC,Potato,2026-06-11,Local,90.9,900.0,1250.0,1000.0
Maharashtra,"Sangli(Phale, Bhajipala Market) APMC",Potato,2026-06-11,Local,28.0,800.0,1400.0,1100.0
Maharashtra,Shrirampur APMC,Potato,2026-06-11,Other,8.0,800.0,1400.0,1100.0
Maharashtra,Vadgaonpeth APMC,Potato,2026-06-11,Local,6.5,1500.0,1900.0,1800.0
Maharashtra,Vaduj APMC,Potato,2026-06-11,Local,3.0,1300.0,1500.0,1400.0
Maharashtra,Vai APMC,Potato,2026-06-11,Local,1.5,1300.0,1700.0,1500.0
Maharashtra,Vita APMC,Potato,2026-06-11,Other,11.0,1500.0,1600.0,1550.0
Maharashtra,Akluj APMC,Potato,2026-06-12,Local,12.0,1200.0,1400.0,1300.0
Maharashtra,Akola APMC,Potato,2026-06-12,Other,169.0,700.0,1100.0,900.0
Maharashtra,Amrawati(Frui & Veg. Market) APMC,Potato,2026-06-12,Local,40.8,700.0,1500.0,1100.0
Maharashtra,Bhusaval APMC,Potato,2026-06-12,Other,3.8,1500.0,2000.0,1800.0
Maharashtra,Jalgaon APMC,Potato,2026-06-12,Other,27.4,800.0,1000.0,900.0
Maharashtra,Kamthi APMC,Potato,2026-06-12,Local,4.8,1540.0,2040.0,1790.0
Maharashtra,Khed(Chakan) APMC,Potato,2026-06-12,Other,90.0,900.0,1500.0,1200.0
Maharashtra,Mumbai-Onion & Potato Market APMC,Potato,2026-06-12,Other,1163.4,700.0,1400.0,1050.0
Maharashtra,Nasik APMC,Potato,2026-06-12,Other,171.0,700.0,1350.0,1100.0
Maharashtra,Pune APMC,Potato,2026-06-12,Local,425.5,700.0,1500.0,1100.0
Maharashtra,Pune(Khadiki) APMC,Potato,2026-06-12,Local,0.6,800.0,1200.0,1000.0
Maharashtra,Pune(Manjri) APMC,Potato,2026-06-12,Other,3.6,1400.0,1800.0,1600.0
Maharashtra,Pune(Moshi) APMC,Potato,2026-06-12,Local,59.0,1000.0,1100.0,1050.0
Maharashtra,Rahata APMC,Potato,2026-06-12,Other,21.0,1000.0,1100.0,1050.0
Maharashtra,SHRI.SIDDHESHWAR  APMC,Potato,2026-06-12,Local,217.7,800.0,1250.0,1000.0
Maharashtra,"Sangli(Phale, Bhajipala Market) APMC",Potato,2026-06-12,Local,126.0,700.0,1300.0,1000.0
Maharashtra,Shrirampur APMC,Potato,2026-06-12,Other,12.0,1000.0,1500.0,1250.0
Maharashtra,Vai APMC,Potato,2026-06-12,Local,1.5,1300.0,1800.0,1500.0
Maharashtra,Akluj APMC,Potato,2026-06-13,Local,12.0,1200.0,1400.0,1300.0
Maharashtra,Akola APMC,Potato,2026-06-13,Other,38.0,500.0,1100.0,700.0
Maharashtra,Amrawati(Frui & Veg. Market) APMC,Potato,2026-06-13,Local,46.8,700.0,1500.0,1100.0
Maharashtra,Bhusaval APMC,Potato,2026-06-13,Other,7.1,1500.0,2000.0,1800.0
Maharashtra,Chattrapati Sambhajinagar APMC,Potato,2026-06-13,Other,105.0,600.0,1200.0,900.0
Maharashtra,HINGNA - APMC,Potato,2026-06-13,Local,0.2,1200.0,1200.0,1200.0
Maharashtra,Junnar(Narayangaon) APMC,Potato,2026-06-13,Other,2.2,1300.0,1500.0,1400.0
Maharashtra,Mumbai-Onion & Potato Market APMC,Potato,2026-06-13,Other,890.7,800.0,1500.0,1150.0
Maharashtra,Nagpur APMC,Potato,2026-06-13,Local,140.0,800.0,1200.0,1100.0
Maharashtra,Nasik APMC,Potato,2026-06-13,Other,158.0,700.0,1300.0,1000.0
Maharashtra,Pune(Manjri) APMC,Potato,2026-06-13,Other,3.6,1200.0,1600.0,1500.0
Maharashtra,Pune(Moshi) APMC,Potato,2026-06-13,Local,112.5,1000.0,1100.0,1050.0
Maharashtra,Ramtek APMC,Potato,2026-06-13,Local,0.7,1000.0,1500.0,1200.0
Maharashtra,SHRI.SIDDHESHWAR  APMC,Potato,2026-06-13,Local,61.6,900.0,1300.0,1100.0
Maharashtra,"Sangli(Phale, Bhajipala Market) APMC",Potato,2026-06-13,Local,46.2,700.0,1250.0,975.0
Maharashtra,Satara APMC,Potato,2026-06-13,Other,70.2,1000.0,1300.0,1150.0
Maharashtra,Shrirampur APMC,Potato,2026-06-13,Other,8.0,1000.0,1500.0,1250.0
Maharashtra,Vaduj APMC,Potato,2026-06-13,Local,2.5,1300.0,1500.0,1400.0
Maharashtra,Vai APMC,Potato,2026-06-13,Local,2.5,1300.0,2000.0,1700.0
Maharashtra,Akluj APMC,Potato,2026-06-14,Other,11.0,1200.0,1400.0,1300.0
Maharashtra,Amrawati(Frui & Veg. Market) APMC,Potato,2026-06-14,Local,45.0,700.0,1500.0,1100.0
Maharashtra,Bhusaval APMC,Potato,2026-06-14,Other,3.4,1500.0,2000.0,1800.0
Maharashtra,Chattrapati Sambhajinagar APMC,Potato,2026-06-14,Other,105.0,550.0,1250.0,900.0
Maharashtra,Junnar(Narayangaon) APMC,Potato,2026-06-14,Other,1.8,1100.0,1400.0,1250.0
Maharashtra,Kamthi APMC,Potato,2026-06-14,Local,1.3,1530.0,2030.0,1780.0
Maharashtra,Khed(Chakan) APMC,Potato,2026-06-14,Other,100.0,900.0,1500.0,1200.0
Maharashtra,Nagpur APMC,Potato,2026-06-14,Local,210.0,800.0,1200.0,1100.0
Maharashtra,Pune(Khadiki) APMC,Potato,2026-06-14,Local,0.5,1000.0,1300.0,1150.0
Maharashtra,Pune(Manjri) APMC,Potato,2026-06-14,Other,3.6,1200.0,1600.0,1500.0
Maharashtra,Pune(Moshi) APMC,Potato,2026-06-14,Local,71.5,1000.0,1100.0,1050.0
Maharashtra,Rahata APMC,Potato,2026-06-14,Other,35.0,1000.0,1100.0,1050.0
Maharashtra,Rahuri APMC,Potato,2026-06-14,Other,3.4,1200.0,2000.0,1600.0
Maharashtra,Ramtek APMC,Potato,2026-06-14,Local,5.9,1100.0,1500.0,1300.0
Maharashtra,Satara APMC,Potato,2026-06-14,Other,14.5,1000.0,1300.0,1100.0
Maharashtra,Shrirampur APMC,Potato,2026-06-14,Other,11.0,1000.0,1400.0,1200.0
Maharashtra,Vaduj APMC,Potato,2026-06-14,Local,5.0,1300.0,1500.0,1400.0
Maharashtra,Vai APMC,Potato,2026-06-14,Local,2.3,1400.0,1800.0,1650.0
Maharashtra,Akluj APMC,Potato,2026-06-15,Other,12.8,1200.0,1300.0,1300.0
Maharashtra,Akola APMC,Potato,2026-06-15,Other,142.0,600.0,1200.0,800.0
Maharashtra,Amrawati(Frui & Veg. Market) APMC,Potato,2026-06-15,Local,51.0,700.0,1400.0,1050.0
Maharashtra,Chandrapur(Ganjwad) APMC,Potato,2026-06-15,Other,66.0,1100.0,1300.0,1200.0
Maharashtra,Chattrapati Sambhajinagar APMC,Potato,2026-06-15,Other,86.0,550.0,1350.0,950.0
Maharashtra,HINGNA - APMC,Potato,2026-06-15,Local,1.9,1000.0,1600.0,1350.0
Maharashtra,Jalgaon APMC,Potato,2026-06-15,Other,54.0,900.0,1100.0,1000.0
Maharashtra,Junnar(Narayangaon) APMC,Potato,2026-06-15,Other,1.4,400.0,1700.0,950.0
Maharashtra,Kamthi APMC,Potato,2026-06-15,Local,1.4,1520.0,2020.0,1770.0
Maharashtra,Manchar APMC,Potato,2026-06-15,Other,1.5,900.0,1000.0,960.0
Maharashtra,Mumbai-Onion & Potato Market APMC,Potato,2026-06-15,Other,1350.5,700.0,1300.0,1000.0
Maharashtra,Nasik APMC,Potato,2026-06-15,Other,152.0,750.0,1300.0,1050.0
Maharashtra,Pune APMC,Potato,2026-06-15,Local,539.0,800.0,1600.0,1200.0
Maharashtra,Pune(Khadiki) APMC,Potato,2026-06-15,Local,0.8,800.0,1200.0,1000.0
Maharashtra,Pune(Manjri) APMC,Potato,2026-06-15,Other,6.5,1400.0,1800.0,1500.0
Maharashtra,Pune(Moshi) APMC,Potato,2026-06-15,Local,84.5,1000.0,13000.0,1150.0
Maharashtra,Rahuri APMC,Potato,2026-06-15,Other,2.1,1200.0,1200.0,1200.0
Maharashtra,SHRI.SIDDHESHWAR  APMC,Potato,2026-06-15,Local,62.0,1000.0,1250.0,1100.0
Maharashtra,"Sangli(Phale, Bhajipala Market) APMC",Potato,2026-06-15,Local,139.0,700.0,1500.0,1100.0
Maharashtra,Shrirampur APMC,Potato,2026-06-15,Other,8.0,1000.0,1500.0,1250.0
Maharashtra,Vaduj APMC,Potato,2026-06-15,Local,2.5,1300.0,1500.0,1400.0
Maharashtra,Vai APMC,Potato,2026-06-15,Local,2.5,1300.0,1700.0,1500.0
Maharashtra,Akola APMC,Potato,2026-06-16,Other,50.0,500.0,1200.0,800.0
Maharashtra,Amrawati(Frui & Veg. Market) APMC,Potato,2026-06-16,Local,43.8,700.0,1500.0,1100.0
Maharashtra,Bhusaval APMC,Potato,2026-06-16,Other,4.5,1500.0,2000.0,1800.0
Maharashtra,Chattrapati Sambhajinagar APMC,Potato,2026-06-16,Other,55.0,700.0,1250.0,975.0
Maharashtra,HINGNA - APMC,Potato,2026-06-16,Local,0.7,1200.0,1500.0,1333.0
Maharashtra,Jalana APMC,Potato,2026-06-16,Other,32.4,300.0,1400.0,800.0
Maharashtra,Jalgaon APMC,Potato,2026-06-16,Other,30.0,800.0,1000.0,900.0
Maharashtra,Kalyan APMC,Potato,2026-06-16,Other,0.3,900.0,1200.0,1050.0
Maharashtra,Kamthi APMC,Potato,2026-06-16,Local,1.5,1520.0,2020.0,1770.0
Maharashtra,Khed(Chakan) APMC,Potato,2026-06-16,Other,125.0,1000.0,1500.0,1200.0
Maharashtra,Manchar APMC,Potato,2026-06-16,Other,1.1,700.0,1300.0,1100.0
Maharashtra,Mumbai-Onion & Potato Market APMC,Potato,2026-06-16,Other,818.4,800.0,1300.0,1050.0
Maharashtra,Nagpur APMC,Potato,2026-06-16,Local,332.5,800.0,1200.0,1100.0
Maharashtra,Nasik APMC,Potato,2026-06-16,Other,191.6,700.0,1350.0,1000.0
Maharashtra,Pune APMC,Potato,2026-06-16,Local,585.1,800.0,1500.0,1150.0
Maharashtra,Pune(Khadiki) APMC,Potato,2026-06-16,Local,1.2,800.0,1200.0,1000.0
Maharashtra,Pune(Manjri) APMC,Potato,2026-06-16,Other,3.6,1000.0,1600.0,1500.0
Maharashtra,Pune(Moshi) APMC,Potato,2026-06-16,Local,36.0,1000.0,1200.0,1100.0
Maharashtra,Rahuri APMC,Potato,2026-06-16,Other,7.3,500.0,1700.0,1100.0
Maharashtra,Ramtek APMC,Potato,2026-06-16,Local,1.2,1000.0,1300.0,1200.0
Maharashtra,SHRI.SIDDHESHWAR  APMC,Potato,2026-06-16,Local,134.4,800.0,1200.0,1000.0
Maharashtra,"Sangli(Phale, Bhajipala Market) APMC",Potato,2026-06-16,Local,30.0,700.0,1250.0,975.0
Maharashtra,Satara APMC,Potato,2026-06-16,Other,24.0,1000.0,1300.0,1150.0
Maharashtra,Vadgaonpeth APMC,Potato,2026-06-16,Local,1.1,1500.0,1900.0,1700.0
Maharashtra,Vaduj APMC,Potato,2026-06-16,Local,2.5,1300.0,1500.0,1400.0
Maharashtra,Vai APMC,Potato,2026-06-16,Local,2.0,1300.0,2000.0,1500.0
Maharashtra,Akluj APMC,Potato,2026-06-17,Other,17.2,1200.0,1400.0,1300.0
Maharashtra,Akola APMC,Potato,2026-06-17,Other,77.0,700.0,1200.0,800.0
Maharashtra,Amrawati(Frui & Veg. Market) APMC,Potato,2026-06-17,Local,50.8,700.0,1400.0,1050.0
Maharashtra,Bhusaval APMC,Potato,2026-06-17,Other,3.6,1500.0,2000.0,1800.0
Maharashtra,Chattrapati Sambhajinagar APMC,Potato,2026-06-17,Other,69.0,800.0,1300.0,1050.0
Maharashtra,HINGNA - APMC,Potato,2026-06-17,Local,3.2,1200.0,1600.0,1400.0
Maharashtra,Jalgaon APMC,Potato,2026-06-17,Other,45.0,600.0,1200.0,900.0
Maharashtra,Khed(Chakan) APMC,Potato,2026-06-17,Other,125.0,1000.0,1500.0,1200.0
Maharashtra,Manchar APMC,Potato,2026-06-17,Other,2.3,900.0,1000.0,960.0
Maharashtra,Mumbai-Onion & Potato Market APMC,Potato,2026-06-17,Other,754.9,700.0,1300.0,1000.0
Maharashtra,Nagpur APMC,Potato,2026-06-17,Local,280.0,800.0,1200.0,1100.0
Maharashtra,Pune APMC,Potato,2026-06-17,Local,381.9,800.0,1600.0,1200.0
Maharashtra,Pune(Khadiki) APMC,Potato,2026-06-17,Local,0.7,800.0,1200.0,1000.0
Maharashtra,Pune(Manjri) APMC,Potato,2026-06-17,Other,3.5,1400.0,1800.0,1600.0
Maharashtra,Rahata APMC,Potato,2026-06-17,Other,24.0,1000.0,1200.0,1100.0
Maharashtra,Ramtek APMC,Potato,2026-06-17,Local,1.0,1100.0,1300.0,1200.0
Maharashtra,SHRI.SIDDHESHWAR  APMC,Potato,2026-06-17,Local,61.9,800.0,1300.0,1100.0
Maharashtra,"Sangli(Phale, Bhajipala Market) APMC",Potato,2026-06-17,Local,101.0,700.0,1400.0,1050.0
Maharashtra,Satara APMC,Potato,2026-06-17,Other,29.6,1000.0,1300.0,1150.0
Maharashtra,Shrirampur APMC,Potato,2026-06-17,Other,12.0,1000.0,1500.0,1250.0
Maharashtra,Vadgaonpeth APMC,Potato,2026-06-17,Local,10.0,1500.0,1800.0,1700.0
Maharashtra,Vaduj APMC,Potato,2026-06-17,Local,3.0,1300.0,1500.0,1400.0
Maharashtra,Vai APMC,Potato,2026-06-17,Local,1.0,1300.0,1700.0,1400.0
Maharashtra,Ahilyanagar APMC,Potato,2026-06-18,Other,36.4,800.0,1700.0,1250.0
Maharashtra,Akluj APMC,Potato,2026-06-18,Other,12.0,1200.0,1400.0,1300.0
Maharashtra,Akola APMC,Potato,2026-06-18,Other,107.0,600.0,1200.0,800.0
Maharashtra,Bhusaval APMC,Potato,2026-06-18,Other,4.6,1500.0,2000.0,1800.0
Maharashtra,Chattrapati Sambhajinagar APMC,Potato,2026-06-18,Other,79.9,750.0,1300.0,1025.0
Maharashtra,HINGNA - APMC,Potato,2026-06-18,Local,1.3,1050.0,1500.0,1250.0
Maharashtra,Jalgaon APMC,Potato,2026-06-18,Other,36.0,600.0,1200.0,900.0
Maharashtra,Junnar(Narayangaon) APMC,Potato,2026-06-18,Other,1.0,1200.0,1400.0,1300.0
Maharashtra,Junnar(Otur) APMC,Potato,2026-06-18,Local,0.2,500.0,1000.0,800.0
Maharashtra,Kalyan APMC,Potato,2026-06-18,Other,0.3,1100.0,1200.0,1150.0
Maharashtra,Kamthi APMC,Potato,2026-06-18,Local,0.5,1520.0,2020.0,1770.0
Maharashtra,Khed(Chakan) APMC,Potato,2026-06-18,Other,125.0,900.0,1500.0,1100.0
Maharashtra,Manchar APMC,Potato,2026-06-18,Other,0.1,800.0,800.0,800.0
Maharashtra,Mumbai-Onion & Potato Market APMC,Potato,2026-06-18,Other,607.0,700.0,1300.0,1000.0
Maharashtra,Nagpur APMC,Potato,2026-06-18,Local,210.0,800.0,1200.0,1100.0
Maharashtra,Nasik APMC,Potato,2026-06-18,Other,137.0,600.0,1300.0,900.0
Maharashtra,Pune APMC,Potato,2026-06-18,Local,495.2,800.0,1500.0,1150.0
Maharashtra,Pune(Khadiki) APMC,Potato,2026-06-18,Local,0.8,800.0,1200.0,1000.0
Maharashtra,Pune(Manjri) APMC,Potato,2026-06-18,Other,6.6,1300.0,1600.0,1500.0
Maharashtra,Pune(Moshi) APMC,Potato,2026-06-18,Local,123.5,900.0,1100.0,1000.0
Maharashtra,Rahata APMC,Potato,2026-06-18,Other,29.0,1000.0,1200.0,1100.0
Maharashtra,SHRI.SIDDHESHWAR  APMC,Potato,2026-06-18,Local,77.8,800.0,1250.0,900.0
Maharashtra,"Sangli(Phale, Bhajipala Market) APMC",Potato,2026-06-18,Local,83.5,700.0,1300.0,1000.0
Maharashtra,Satara APMC,Potato,2026-06-18,Other,3.0,1000.0,1300.0,1100.0
Maharashtra,Shrirampur APMC,Potato,2026-06-18,Other,12.0,1000.0,1400.0,1200.0
Maharashtra,Vadgaonpeth APMC,Potato,2026-06-18,Local,12.0,1600.0,1800.0,1700.0
Maharashtra,Vaduj APMC,Potato,2026-06-18,Local,2.5,1300.0,1500.0,1400.0
Maharashtra,Vai APMC,Potato,2026-06-18,Local,2.0,1500.0,1800.0,1650.0
Maharashtra,Vita APMC,Potato,2026-06-18,Other,12.0,1500.0,1700.0,1500.0
Maharashtra,Akluj APMC,Potato,2026-06-19,Other,10.5,1000.0,1400.0,1300.0
Maharashtra,Akola APMC,Potato,2026-06-19,Other,172.0,600.0,1200.0,1000.0
Maharashtra,Amrawati(Frui & Veg. Market) APMC,Potato,2026-06-19,Local,45.0,700.0,1500.0,1100.0
Maharashtra,Bhusaval APMC,Potato,2026-06-19,Other,6.6,1500.0,2000.0,1800.0
Maharashtra,Chandrapur(Ganjwad) APMC,Potato,2026-06-19,Other,40.0,1000.0,1300.0,1200.0
Maharashtra,Jalgaon APMC,Potato,2026-06-19,Other,55.0,800.0,1100.0,950.0
Maharashtra,Junnar(Narayangaon) APMC,Potato,2026-06-19,Other,1.8,500.0,1500.0,1000.0
Maharashtra,Kamthi APMC,Potato,2026-06-19,Local,2.7,1510.0,2010.0,1760.0
Maharashtra,Khed(Chakan) APMC,Potato,2026-06-19,Other,90.0,900.0,1600.0,1200.0
Maharashtra,Mumbai-Onion & Potato Market APMC,Potato,2026-06-19,Other,1013.0,700.0,1300.0,1000.0
Maharashtra,Nasik APMC,Potato,2026-06-19,Other,138.5,600.0,1320.0,950.0
Maharashtra,Pune APMC,Potato,2026-06-19,Local,543.1,1000.0,1600.0,1300.0
Maharashtra,Pune(Manjri) APMC,Potato,2026-06-19,Other,5.2,1300.0,1600.0,1500.0
Maharashtra,Pune(Moshi) APMC,Potato,2026-06-19,Local,88.5,800.0,1100.0,950.0
Maharashtra,Rahata APMC,Potato,2026-06-19,Other,32.5,1000.0,1100.0,1050.0
Maharashtra,SHRI.SIDDHESHWAR  APMC,Potato,2026-06-19,Local,140.0,800.0,1250.0,1000.0
Maharashtra,"Sangli(Phale, Bhajipala Market) APMC",Potato,2026-06-19,Local,61.0,700.0,1275.0,987.0
Maharashtra,Shrirampur APMC,Potato,2026-06-19,Other,12.0,1000.0,1500.0,1250.0
Maharashtra,Vai APMC,Potato,2026-06-19,Local,2.5,1300.0,1700.0,1500.0
Maharashtra,Akluj APMC,Potato,2026-06-20,Local,13.0,1300.0,1400.0,1400.0
Maharashtra,Amrawati(Frui & Veg. Market) APMC,Potato,2026-06-20,Local,42.9,700.0,1400.0,1050.0
Maharashtra,Bhusaval APMC,Potato,2026-06-20,Other,10.3,1500.0,2000.0,1800.0
Maharashtra,Chandrapur(Ganjwad) APMC,Potato,2026-06-20,Other,41.0,1100.0,1300.0,1200.0
Maharashtra,Chattrapati Sambhajinagar APMC,Potato,2026-06-20,Other,64.0,500.0,1400.0,950.0
Maharashtra,HINGNA - APMC,Potato,2026-06-20,Local,0.2,1200.0,1500.0,1350.0
Maharashtra,Jalgaon APMC,Potato,2026-06-20,Other,70.0,800.0,1100.0,950.0
Maharashtra,Junnar(Narayangaon) APMC,Potato,2026-06-20,Other,2.0,200.0,1500.0,850.0
Maharashtra,Nagpur APMC,Potato,2026-06-20,Local,280.0,800.0,1400.0,1250.0
Maharashtra,Nasik APMC,Potato,2026-06-20,Other,166.5,700.0,1300.0,1000.0
Maharashtra,Pune(Manjri) APMC,Potato,2026-06-20,Other,5.8,1300.0,1500.0,1400.0
Maharashtra,Pune(Moshi) APMC,Potato,2026-06-20,Local,73.5,900.0,1100.0,1000.0
Maharashtra,Rahata APMC,Potato,2026-06-20,Other,31.5,1000.0,1200.0,1100.0
Maharashtra,Ramtek APMC,Potato,2026-06-20,Local,0.8,1000.0,1200.0,1100.0
Maharashtra,SHRI.SIDDHESHWAR  APMC,Potato,2026-06-20,Local,24.8,900.0,1300.0,1100.0
Maharashtra,"Sangli(Phale, Bhajipala Market) APMC",Potato,2026-06-20,Local,78.0,700.0,1300.0,1000.0
Maharashtra,Satara APMC,Potato,2026-06-20,Other,57.5,1000.0,1300.0,1150.0
Maharashtra,Shrirampur APMC,Potato,2026-06-20,Other,9.0,800.0,1400.0,1100.0
Maharashtra,Vadgaonpeth APMC,Potato,2026-06-20,Local,9.0,1600.0,1800.0,1700.0
Maharashtra,Vaduj APMC,Potato,2026-06-20,Local,2.5,1400.0,1500.0,1450.0
Maharashtra,Vai APMC,Potato,2026-06-20,Local,1.7,1500.0,1800.0,1650.0
Maharashtra,Vita APMC,Potato,2026-06-20,Other,12.0,1600.0,1700.0,1600.0
Maharashtra,Ahilyanagar APMC,Potato,2026-06-21,Other,50.5,600.0,1700.0,1150.0
Maharashtra,Akluj APMC,Potato,2026-06-21,Other,11.0,1200.0,1400.0,1300.0
Maharashtra,Amrawati(Frui & Veg. Market) APMC,Potato,2026-06-21,Local,45.0,700.0,1500.0,1100.0
Maharashtra,Bhusaval APMC,Potato,2026-06-21,Other,0.7,1500.0,2000.0,1800.0
Maharashtra,Chattrapati Sambhajinagar APMC,Potato,2026-06-21,Other,85.0,700.0,1400.0,1050.0
Maharashtra,Junnar APMC,Potato,2026-06-21,Local,0.7,700.0,1300.0,1000.0
Maharashtra,Manchar APMC,Potato,2026-06-21,Other,1.3,800.0,1000.0,950.0
Maharashtra,Pune APMC,Potato,2026-06-21,Local,935.4,1000.0,1500.0,1250.0
Maharashtra,Pune(Moshi) APMC,Potato,2026-06-21,Local,73.5,1000.0,1100.0,1050.0
Maharashtra,Rahata APMC,Potato,2026-06-21,Other,50.5,1000.0,1200.0,1100.0
Maharashtra,Rahuri APMC,Potato,2026-06-21,Other,4.2,1500.0,1800.0,1650.0
Maharashtra,Ramtek APMC,Potato,2026-06-21,Local,4.0,1000.0,1500.0,1200.0
Maharashtra,Shrirampur APMC,Potato,2026-06-21,Other,12.0,1000.0,1500.0,1250.0
Maharashtra,Vaduj APMC,Potato,2026-06-21,Local,2.5,1400.0,1500.0,1450.0
Maharashtra,Vita APMC,Potato,2026-06-21,Other,12.0,1500.0,1700.0,1600.0
Maharashtra,Akluj APMC,Potato,2026-06-22,Local,13.0,1200.0,1400.0,1300.0
Maharashtra,Akola APMC,Potato,2026-06-22,Other,293.0,600.0,1200.0,1000.0
Maharashtra,Amrawati(Frui & Veg. Market) APMC,Potato,2026-06-22,Local,41.8,700.0,1400.0,1050.0
Maharashtra,Chandrapur(Ganjwad) APMC,Potato,2026-06-22,Other,61.0,1100.0,1300.0,1200.0
Maharashtra,Chattrapati Sambhajinagar APMC,Potato,2026-06-22,Other,128.0,600.0,1300.0,950.0
Maharashtra,HINGNA - APMC,Potato,2026-06-22,Local,0.8,1100.0,1500.0,1325.0
Maharashtra,Jalgaon APMC,Potato,2026-06-22,Other,80.0,800.0,1200.0,1000.0
Maharashtra,Kamthi APMC,Potato,2026-06-22,Local,0.2,2040.0,2540.0,2290.0
Maharashtra,Mumbai-Onion & Potato Market APMC,Potato,2026-06-22,Other,1348.3,700.0,1300.0,1000.0
Maharashtra,Nasik APMC,Potato,2026-06-22,Other,189.1,800.0,1450.0,1100.0
Maharashtra,Pune APMC,Potato,2026-06-22,Local,517.1,1000.0,1500.0,1250.0
Maharashtra,Pune(Khadiki) APMC,Potato,2026-06-22,Local,0.7,900.0,1300.0,1100.0
Maharashtra,Pune(Manjri) APMC,Potato,2026-06-22,Other,5.7,1300.0,1600.0,1500.0
Maharashtra,Pune(Moshi) APMC,Potato,2026-06-22,Local,92.9,800.0,1200.0,1000.0
Maharashtra,SHRI.SIDDHESHWAR  APMC,Potato,2026-06-22,Local,246.9,700.0,1200.0,1000.0
Maharashtra,Satara APMC,Potato,2026-06-22,Other,14.7,1000.0,1300.0,1150.0
Maharashtra,Shrirampur APMC,Potato,2026-06-22,Other,8.0,800.0,1200.0,1000.0
Maharashtra,Vaduj APMC,Potato,2026-06-22,Local,2.5,1400.0,1500.0,1450.0
Maharashtra,Vai APMC,Potato,2026-06-22,Local,2.0,1300.0,1700.0,1500.0
Maharashtra,Ahilyanagar APMC,Potato,2026-06-23,Other,50.2,800.0,1700.0,1250.0
Maharashtra,Akola APMC,Potato,2026-06-23,Other,18.0,400.0,1200.0,800.0
Maharashtra,Amrawati(Frui & Veg. Market) APMC,Potato,2026-06-23,Local,45.0,700.0,1500.0,1100.0
Maharashtra,Bhusaval APMC,Potato,2026-06-23,Other,6.6,1500.0,2000.0,1800.0
Maharashtra,Chattrapati Sambhajinagar APMC,Potato,2026-06-23,Other,79.0,900.0,1200.0,1050.0
Maharashtra,HINGNA - APMC,Potato,2026-06-23,Local,0.2,1500.0,1500.0,1500.0
Maharashtra,Kalyan APMC,Potato,2026-06-23,Other,0.3,1000.0,1100.0,1050.0
Maharashtra,Khed(Chakan) APMC,Potato,2026-06-23,Other,90.0,900.0,1500.0,1200.0
Maharashtra,Mumbai-Onion & Potato Market APMC,Potato,2026-06-23,Other,942.5,800.0,1400.0,1100.0
Maharashtra,Nagpur APMC,Potato,2026-06-23,Local,245.0,800.0,1200.0,1100.0
Maharashtra,Nasik APMC,Potato,2026-06-23,Other,170.5,700.0,1350.0,1000.0
Maharashtra,Pune APMC,Potato,2026-06-23,Local,684.1,1000.0,1500.0,1250.0
Maharashtra,Pune(Khadiki) APMC,Potato,2026-06-23,Local,0.7,800.0,1200.0,1000.0
Maharashtra,Pune(Manjri) APMC,Potato,2026-06-23,Other,5.2,1400.0,1600.0,1500.0
Maharashtra,Pune(Moshi) APMC,Potato,2026-06-23,Local,25.5,1000.0,1200.0,1100.0
Maharashtra,Rahata APMC,Potato,2026-06-23,Other,66.2,1000.0,1200.0,1100.0
Maharashtra,Ramtek APMC,Potato,2026-06-23,Local,1.4,1000.0,1500.0,1200.0
Maharashtra,SHRI.SIDDHESHWAR  APMC,Potato,2026-06-23,Local,183.8,800.0,1300.0,1000.0
Maharashtra,"Sangli(Phale, Bhajipala Market) APMC",Potato,2026-06-23,Local,231.8,700.0,1600.0,1150.0
Maharashtra,Satara APMC,Potato,2026-06-23,Other,23.6,1000.0,1300.0,1150.0
Maharashtra,Vaduj APMC,Potato,2026-06-23,Local,2.0,1400.0,1500.0,1450.0
Maharashtra,Vita APMC,Potato,2026-06-23,Other,3.0,1500.0,1700.0,1600.0
Maharashtra,Akluj APMC,Potato,2026-06-24,Local,11.0,1200.0,1400.0,1300.0
Maharashtra,Akola APMC,Potato,2026-06-24,Other,227.0,500.0,1200.0,1000.0
Maharashtra,Amrawati(Frui & Veg. Market) APMC,Potato,2026-06-24,Local,40.8,700.0,1500.0,1100.0
Maharashtra,Bhusaval APMC,Potato,2026-06-24,Other,10.2,1500.0,2000.0,1800.0
Maharashtra,Chandrapur(Ganjwad) APMC,Potato,2026-06-24,Other,41.0,1200.0,1350.0,1300.0
Maharashtra,Chattrapati Sambhajinagar APMC,Potato,2026-06-24,Other,111.0,700.0,1000.0,850.0
Maharashtra,HINGNA - APMC,Potato,2026-06-24,Local,1.8,1100.0,1500.0,1400.0
Maharashtra,Jalgaon APMC,Potato,2026-06-24,Other,45.0,800.0,1200.0,1000.0
Maharashtra,Kalyan APMC,Potato,2026-06-24,Other,0.3,900.0,1000.0,950.0
Maharashtra,Kamthi APMC,Potato,2026-06-24,Local,2.2,1520.0,2020.0,1770.0
Maharashtra,Khed(Chakan) APMC,Potato,2026-06-24,Other,15.0,900.0,1500.0,1300.0
Maharashtra,Manchar APMC,Potato,2026-06-24,Other,0.2,1000.0,1000.0,1000.0
Maharashtra,Mumbai-Onion & Potato Market APMC,Potato,2026-06-24,Other,1376.7,700.0,1300.0,1000.0
Maharashtra,Nagpur APMC,Potato,2026-06-24,Local,280.0,800.0,1200.0,1100.0
Maharashtra,Nasik APMC,Potato,2026-06-24,Other,122.0,600.0,1300.0,850.0
Maharashtra,Pune APMC,Potato,2026-06-24,Local,604.9,1000.0,1500.0,1250.0
Maharashtra,Pune(Khadiki) APMC,Potato,2026-06-24,Local,0.7,800.0,1200.0,1000.0
Maharashtra,Pune(Manjri) APMC,Potato,2026-06-24,Other,6.7,1300.0,1600.0,1500.0
Maharashtra,Rahata APMC,Potato,2026-06-24,Other,29.0,1000.0,1200.0,1100.0
Maharashtra,Ramtek APMC,Potato,2026-06-24,Local,0.6,1000.0,1500.0,1200.0
Maharashtra,SHRI.SIDDHESHWAR  APMC,Potato,2026-06-24,Local,62.8,800.0,1200.0,1000.0
Maharashtra,"Sangli(Phale, Bhajipala Market) APMC",Potato,2026-06-24,Local,102.0,700.0,1450.0,1075.0
Maharashtra,Shrirampur APMC,Potato,2026-06-24,Other,14.0,1000.0,1400.0,1200.0
Maharashtra,Vaduj APMC,Potato,2026-06-24,Local,4.0,1400.0,1500.0,1450.0
Maharashtra,Vai APMC,Potato,2026-06-24,Local,2.0,1400.0,1700.0,1600.0
Maharashtra,Akluj APMC,Potato,2026-06-25,Local,13.0,1200.0,1400.0,1300.0
Maharashtra,Akola APMC,Potato,2026-06-25,Other,126.0,500.0,1200.0,1000.0
Maharashtra,Bhusaval APMC,Potato,2026-06-25,Other,4.6,1500.0,2000.0,1800.0
Maharashtra,Chandrapur(Ganjwad) APMC,Potato,2026-06-25,Other,360.0,1100.0,1300.0,1200.0
Maharashtra,Chattrapati Sambhajinagar APMC,Potato,2026-06-25,Other,95.0,500.0,1200.0,850.0
Maharashtra,HINGNA - APMC,Potato,2026-06-25,Local,0.6,1300.0,1500.0,1400.0
Maharashtra,Jalgaon APMC,Potato,2026-06-25,Other,54.0,800.0,1400.0,1100.0
Maharashtra,Junnar(Narayangaon) APMC,Potato,2026-06-25,Other,1.0,1400.0,1500.0,1450.0
Maharashtra,Kamthi APMC,Potato,2026-06-25,Local,1.0,1520.0,2020.0,1770.0
Maharashtra,Khed(Chakan) APMC,Potato,2026-06-25,Other,80.0,900.0,1500.0,1200.0
Maharashtra,Mumbai-Onion & Potato Market APMC,Potato,2026-06-25,Other,832.0,800.0,1300.0,1050.0
Maharashtra,Nagpur APMC,Potato,2026-06-25,Local,245.0,800.0,1200.0,1100.0
Maharashtra,Nasik APMC,Potato,2026-06-25,Other,150.5,650.0,1350.0,900.0
Maharashtra,Pune APMC,Potato,2026-06-25,Local,779.1,1000.0,1500.0,1250.0
Maharashtra,Pune(Khadiki) APMC,Potato,2026-06-25,Local,0.7,800.0,1200.0,1000.0
Maharashtra,Pune(Manjri) APMC,Potato,2026-06-25,Other,9.0,1300.0,1600.0,1500.0
Maharashtra,Pune(Moshi) APMC,Potato,2026-06-25,Local,178.4,900.0,1100.0,1000.0
Maharashtra,Rahata APMC,Potato,2026-06-25,Other,42.0,1000.0,1200.0,1100.0
Maharashtra,SHRI.SIDDHESHWAR  APMC,Potato,2026-06-25,Local,62.9,900.0,1200.0,1000.0
Maharashtra,Satara APMC,Potato,2026-06-25,Other,13.0,1000.0,1300.0,1150.0
Maharashtra,Shrirampur APMC,Potato,2026-06-25,Other,9.0,800.0,1200.0,1000.0
Maharashtra,Vaduj APMC,Potato,2026-06-25,Local,2.0,1400.0,1500.0,1450.0
Maharashtra,Vai APMC,Potato,2026-06-25,Local,1.5,1400.0,1700.0,1500.0
Maharashtra,Vita APMC,Potato,2026-06-25,Other,12.0,1500.0,1700.0,1650.0
Maharashtra,Amrawati(Frui & Veg. Market) APMC,Potato,2026-06-26,Local,33.9,1000.0,1700.0,1350.0
Maharashtra,HINGNA - APMC,Potato,2026-06-26,Local,2.1,1200.0,1300.0,1225.0
Maharashtra,Junnar(Narayangaon) APMC,Potato,2026-06-26,Other,16.8,1300.0,1500.0,1400.0
Maharashtra,Kamthi APMC,Potato,2026-06-26,Local,2.2,1520.0,2020.0,1770.0
Maharashtra,Khed(Chakan) APMC,Potato,2026-06-26,Other,82.5,900.0,1500.0,1200.0
Maharashtra,Nasik APMC,Potato,2026-06-26,Other,240.5,600.0,1300.0,800.0
Maharashtra,Pune APMC,Potato,2026-06-26,Local,607.7,800.0,1500.0,1150.0
Maharashtra,Pune(Khadiki) APMC,Potato,2026-06-26,Local,0.7,900.0,1300.0,1050.0
Maharashtra,Pune(Manjri) APMC,Potato,2026-06-26,Other,8.5,1300.0,1600.0,1500.0
Maharashtra,Pune(Moshi) APMC,Potato,2026-06-26,Local,39.7,900.0,1100.0,1000.0
Maharashtra,Rahata APMC,Potato,2026-06-26,Other,33.5,1000.0,1200.0,1100.0
Maharashtra,"Sangli(Phale, Bhajipala Market) APMC",Potato,2026-06-26,Local,133.5,700.0,1500.0,1100.0
Maharashtra,Vai APMC,Potato,2026-06-26,Local,1.5,1500.0,1800.0,1650.0
Maharashtra,Akluj APMC,Potato,2026-06-27,Local,9.5,1100.0,1400.0,1300.0
Maharashtra,Akola APMC,Potato,2026-06-27,Other,187.0,500.0,1200.0,1000.0
Maharashtra,Amrawati(Frui & Veg. Market) APMC,Potato,2026-06-27,Local,28.8,1000.0,1600.0,1300.0
Maharashtra,Bhusaval APMC,Potato,2026-06-27,Other,3.7,1500.0,2000.0,1800.0
Maharashtra,Chandrapur(Ganjwad) APMC,Potato,2026-06-27,Other,50.0,1200.0,1350.0,1300.0
Maharashtra,Chattrapati Sambhajinagar APMC,Potato,2026-06-27,Other,121.0,900.0,1300.0,1100.0
Maharashtra,HINGNA - APMC,Potato,2026-06-27,Local,0.3,1000.0,1500.0,1250.0
Maharashtra,Jalgaon APMC,Potato,2026-06-27,Other,55.0,800.0,1400.0,1100.0
Maharashtra,Khed(Chakan) APMC,Potato,2026-06-27,Other,150.0,800.0,1500.0,1200.0
Maharashtra,Nagpur APMC,Potato,2026-06-27,Local,315.0,800.0,1200.0,1100.0
Maharashtra,Nasik APMC,Potato,2026-06-27,Other,256.0,650.0,1300.0,850.0
Maharashtra,Pune(Manjri) APMC,Potato,2026-06-27,Other,4.3,1300.0,1600.0,1500.0
Maharashtra,Pune(Moshi) APMC,Potato,2026-06-27,Local,132.7,1000.0,1200.0,1100.0
Maharashtra,Rahata APMC,Potato,2026-06-27,Other,32.5,800.0,1200.0,1000.0
Maharashtra,Rahuri APMC,Potato,2026-06-27,Other,6.7,1000.0,2000.0,1500.0
Maharashtra,Ramtek APMC,Potato,2026-06-27,Local,0.7,1100.0,1300.0,1200.0
Maharashtra,SHRI.SIDDHESHWAR  APMC,Potato,2026-06-27,Local,87.3,1000.0,1300.0,1100.0
Maharashtra,"Sangli(Phale, Bhajipala Market) APMC",Potato,2026-06-27,Local,56.0,700.0,1350.0,1025.0
Maharashtra,Satara APMC,Potato,2026-06-27,Other,67.3,1000.0,1300.0,1150.0
Maharashtra,Vai APMC,Potato,2026-06-27,Local,1.5,1600.0,1800.0,1700.0
Maharashtra,Akluj APMC,Potato,2026-06-28,Other,11.0,1200.0,1400.0,1300.0
Maharashtra,Amrawati(Frui & Veg. Market) APMC,Potato,2026-06-28,Local,37.8,700.0,1700.0,1200.0
Maharashtra,Bhusaval APMC,Potato,2026-06-28,Other,10.9,1500.0,2000.0,1800.0
Maharashtra,Chattrapati Sambhajinagar APMC,Potato,2026-06-28,Other,59.0,800.0,1150.0,975.0
Maharashtra,Junnar(Narayangaon) APMC,Potato,2026-06-28,Other,1.4,1400.0,1500.0,1450.0
Maharashtra,Kalyan APMC,Potato,2026-06-28,Other,0.3,1500.0,2000.0,1750.0
Maharashtra,Kamthi APMC,Potato,2026-06-28,Local,1.3,2030.0,2530.0,2280.0
Maharashtra,Khed(Chakan) APMC,Potato,2026-06-28,Other,120.0,1000.0,1500.0,1100.0
Maharashtra,Manchar APMC,Potato,2026-06-28,Other,0.8,800.0,1000.0,900.0
Maharashtra,Pune APMC,Potato,2026-06-28,Local,834.9,800.0,1500.0,1150.0
Maharashtra,Pune(Khadiki) APMC,Potato,2026-06-28,Local,0.6,800.0,1200.0,1000.0
Maharashtra,Pune(Manjri) APMC,Potato,2026-06-28,Other,6.5,1300.0,1600.0,1500.0
Maharashtra,Pune(Moshi) APMC,Potato,2026-06-28,Local,53.1,900.0,1100.0,1000.0
Maharashtra,Rahata APMC,Potato,2026-06-28,Other,50.5,1000.0,1200.0,1100.0
Maharashtra,Rahuri APMC,Potato,2026-06-28,Other,3.3,500.0,2000.0,1250.0
Maharashtra,Ramtek APMC,Potato,2026-06-28,Local,5.2,1100.0,1500.0,1300.0
Maharashtra,Shrirampur APMC,Potato,2026-06-28,Other,12.0,1000.0,1500.0,1250.0
Maharashtra,Vai APMC,Potato,2026-06-28,Local,2.0,1600.0,1800.0,1700.0
Maharashtra,Akluj APMC,Potato,2026-06-29,Local,13.0,1200.0,1400.0,1300.0
Maharashtra,Akola APMC,Potato,2026-06-29,Other,124.0,500.0,1200.0,1000.0
Maharashtra,Amrawati(Frui & Veg. Market) APMC,Potato,2026-06-29,Local,34.8,800.0,1700.0,1250.0
Maharashtra,Chandrapur(Ganjwad) APMC,Potato,2026-06-29,Other,60.0,1200.0,1350.0,1300.0
Maharashtra,Chattrapati Sambhajinagar APMC,Potato,2026-06-29,Other,105.0,550.0,1400.0,975.0
Maharashtra,HINGNA - APMC,Potato,2026-06-29,Local,3.8,1400.0,1400.0,1400.0
Maharashtra,Jalgaon APMC,Potato,2026-06-29,Other,53.0,800.0,1400.0,1100.0
Maharashtra,Junnar(Narayangaon) APMC,Potato,2026-06-29,Other,3.4,500.0,1500.0,1000.0
Maharashtra,Kalyan APMC,Potato,2026-06-29,Other,0.3,1600.0,2000.0,1800.0
Maharashtra,Kamthi APMC,Potato,2026-06-29,Local,1.3,2040.0,2540.0,2290.0
Maharashtra,Khed APMC,Potato,2026-06-29,Other,7.0,1100.0,1500.0,1300.0
Maharashtra,Mumbai-Onion & Potato Market APMC,Potato,2026-06-29,Other,1118.1,800.0,1200.0,1000.0
Maharashtra,Nagpur APMC,Potato,2026-06-29,Local,1750.0,800.0,1200.0,1100.0
Maharashtra,Pune APMC,Potato,2026-06-29,Local,458.8,800.0,1500.0,1150.0
Maharashtra,Pune(Manjri) APMC,Potato,2026-06-29,Other,5.0,1300.0,1600.0,1400.0
Maharashtra,Pune(Moshi) APMC,Potato,2026-06-29,Local,85.5,900.0,1000.0,950.0
Maharashtra,SHRI.SIDDHESHWAR  APMC,Potato,2026-06-29,Local,105.8,1000.0,1250.0,1100.0
Maharashtra,"Sangli(Phale, Bhajipala Market) APMC",Potato,2026-06-29,Local,121.0,700.0,1500.0,1100.0
Maharashtra,Satara APMC,Potato,2026-06-29,Other,26.0,1000.0,1300.0,1150.0
Maharashtra,Shrirampur APMC,Potato,2026-06-29,Other,7.0,800.0,1400.0,1100.0
Maharashtra,Amrawati(Frui & Veg. Market) APMC,Potato,2026-06-30,Local,31.8,700.0,1700.0,1200.0
Maharashtra,Chandrapur(Ganjwad) APMC,Potato,2026-06-30,Other,88.0,1200.0,1350.0,1300.0
Maharashtra,Chattrapati Sambhajinagar APMC,Potato,2026-06-30,Other,92.0,500.0,1300.0,900.0
Maharashtra,HINGNA - APMC,Potato,2026-06-30,Local,0.3,1500.0,1500.0,1500.0
Maharashtra,Jalgaon APMC,Potato,2026-06-30,Other,45.0,800.0,1200.0,1000.0
Maharashtra,Kalyan APMC,Potato,2026-06-30,Other,0.3,1200.0,1300.0,1250.0
Maharashtra,Kamthi APMC,Potato,2026-06-30,Local,0.7,2030.0,2530.0,2280.0
Maharashtra,Khed APMC,Potato,2026-06-30,Other,6.0,1000.0,1500.0,1300.0
Maharashtra,Khed(Chakan) APMC,Potato,2026-06-30,Other,125.0,1000.0,1500.0,1200.0
Maharashtra,Manchar APMC,Potato,2026-06-30,Local,0.1,800.0,800.0,800.0
Maharashtra,Mumbai-Onion & Potato Market APMC,Potato,2026-06-30,Other,872.7,800.0,1200.0,1000.0
Maharashtra,Nagpur APMC,Potato,2026-06-30,Local,210.0,800.0,1200.0,1100.0
Maharashtra,Nasik APMC,Potato,2026-06-30,Other,169.5,750.0,1350.0,900.0
Maharashtra,Pune APMC,Potato,2026-06-30,Local,597.0,800.0,1500.0,1150.0
Maharashtra,Pune(Khadiki) APMC,Potato,2026-06-30,Local,0.8,800.0,1000.0,900.0
Maharashtra,Pune(Manjri) APMC,Potato,2026-06-30,Other,5.9,1400.0,1600.0,1500.0
Maharashtra,Pune(Moshi) APMC,Potato,2026-06-30,Local,47.5,1000.0,1200.0,1100.0
Maharashtra,Rahata APMC,Potato,2026-06-30,Other,70.0,1000.0,1200.0,1100.0
Maharashtra,Ramtek APMC,Potato,2026-06-30,Local,1.3,1000.0,1500.0,1200.0
Maharashtra,SHRI.SIDDHESHWAR  APMC,Potato,2026-06-30,Local,135.3,900.0,1200.0,1000.0
Maharashtra,"Sangli(Phale, Bhajipala Market) APMC",Potato,2026-06-30,Local,57.2,700.0,1400.0,1050.0
Maharashtra,Satara APMC,Potato,2026-06-30,Other,25.0,1000.0,1300.0,1150.0
Maharashtra,Vaduj APMC,Potato,2026-06-30,Local,5.0,1400.0,1500.0,1450.0
Maharashtra,Vai APMC,Potato,2026-06-30,Local,2.0,1500.0,1800.0,1650.0
Maharashtra,Akluj APMC,Potato,2026-07-01,Local,11.0,1200.0,1400.0,1300.0
Maharashtra,Akola APMC,Potato,2026-07-01,Other,112.0,700.0,1200.0,1000.0
Maharashtra,Amrawati(Frui & Veg. Market) APMC,Potato,2026-07-01,Local,30.9,700.0,1700.0,1200.0
Maharashtra,Bhusaval APMC,Potato,2026-07-01,Other,3.6,1500.0,2000.0,1800.0
Maharashtra,Chandrapur(Ganjwad) APMC,Potato,2026-07-01,Other,67.0,1200.0,1350.0,1300.0
Maharashtra,Chattrapati Sambhajinagar APMC,Potato,2026-07-01,Other,77.0,800.0,1400.0,1100.0
Maharashtra,HINGNA - APMC,Potato,2026-07-01,Local,0.5,1300.0,1500.0,1433.0
Maharashtra,Jalgaon APMC,Potato,2026-07-01,Other,70.0,700.0,1100.0,900.0
Maharashtra,Junnar(Narayangaon) APMC,Potato,2026-07-01,Other,1.5,400.0,1600.0,1000.0
Maharashtra,Kalyan APMC,Potato,2026-07-01,Other,0.3,1200.0,1300.0,1250.0
Maharashtra,Kamthi APMC,Potato,2026-07-01,Local,2.9,2010.0,2510.0,2260.0
Maharashtra,Khed APMC,Potato,2026-07-01,Other,22.7,1000.0,1500.0,1300.0
Maharashtra,Khed(Chakan) APMC,Potato,2026-07-01,Other,150.0,900.0,1500.0,1300.0
Maharashtra,Manchar APMC,Potato,2026-07-01,Other,0.2,900.0,900.0,900.0
Maharashtra,Mumbai-Onion & Potato Market APMC,Potato,2026-07-01,Other,1049.3,700.0,1200.0,950.0
Maharashtra,Nagpur APMC,Potato,2026-07-01,Local,210.0,800.0,1200.0,1100.0
Maharashtra,Nasik APMC,Potato,2026-07-01,Other,126.4,650.0,1300.0,800.0
Maharashtra,Pune APMC,Potato,2026-07-01,Local,674.4,800.0,1500.0,1150.0
Maharashtra,Pune(Khadiki) APMC,Potato,2026-07-01,Local,0.3,800.0,1200.0,1000.0
Maharashtra,Pune(Manjri) APMC,Potato,2026-07-01,Other,5.5,1300.0,1600.0,1500.0
Maharashtra,Rahata APMC,Potato,2026-07-01,Other,26.5,800.0,1200.0,1000.0
Maharashtra,Ramtek APMC,Potato,2026-07-01,Local,0.9,700.0,1500.0,1000.0
Maharashtra,SHRI.SIDDHESHWAR  APMC,Potato,2026-07-01,Local,168.9,700.0,1100.0,900.0
Maharashtra,"Sangli(Phale, Bhajipala Market) APMC",Potato,2026-07-01,Local,940.0,700.0,1500.0,1100.0
Maharashtra,Satara APMC,Potato,2026-07-01,Other,12.5,1000.0,1300.0,1150.0
Maharashtra,Shrirampur APMC,Potato,2026-07-01,Other,12.0,1000.0,1500.0,1250.0
Maharashtra,Vadgaonpeth APMC,Potato,2026-07-01,Local,10.0,1800.0,2100.0,2000.0
Maharashtra,Vaduj APMC,Potato,2026-07-01,Local,4.0,1400.0,1500.0,1450.0
Maharashtra,Vai APMC,Potato,2026-07-01,Local,1.7,1500.0,1800.0,1650.0
Maharashtra,Akluj APMC,Potato,2026-07-02,Local,11.0,1200.0,1400.0,1300.0
Maharashtra,Akola APMC,Potato,2026-07-02,Other,104.0,700.0,1200.0,1000.0
Maharashtra,Chandrapur(Ganjwad) APMC,Potato,2026-07-02,Other,38.0,1200.0,1300.0,1250.0
Maharashtra,Chattrapati Sambhajinagar APMC,Potato,2026-07-02,Other,112.0,600.0,1300.0,950.0
Maharashtra,HINGNA - APMC,Potato,2026-07-02,Local,0.9,1500.0,1500.0,1500.0
Maharashtra,Jalgaon APMC,Potato,2026-07-02,Other,30.0,800.0,1200.0,1000.0
Maharashtra,Kalyan APMC,Potato,2026-07-02,Other,0.3,1100.0,1200.0,1150.0
Maharashtra,Kamthi APMC,Potato,2026-07-02,Local,1.2,2060.0,2560.0,2310.0
Maharashtra,Khed APMC,Potato,2026-07-02,Other,6.9,1000.0,1500.0,1200.0
Maharashtra,Khed(Chakan) APMC,Potato,2026-07-02,Other,100.0,900.0,1500.0,1200.0
Maharashtra,Manchar APMC,Potato,2026-07-02,Other,1.5,800.0,1000.0,925.0
Maharashtra,Mumbai-Onion & Potato Market APMC,Potato,2026-07-02,Other,939.2,700.0,1200.0,950.0
Maharashtra,Nagpur APMC,Potato,2026-07-02,Local,175.0,800.0,1200.0,1100.0
Maharashtra,Nasik APMC,Potato,2026-07-02,Other,123.0,600.0,1250.0,800.0
Maharashtra,Pune APMC,Potato,2026-07-02,Local,494.2,800.0,1500.0,1150.0
Maharashtra,Pune(Khadiki) APMC,Potato,2026-07-02,Local,0.9,800.0,1200.0,1000.0
Maharashtra,Pune(Manjri) APMC,Potato,2026-07-02,Other,4.7,1400.0,1800.0,1600.0
Maharashtra,Pune(Moshi) APMC,Potato,2026-07-02,Local,105.0,900.0,1100.0,1000.0
Maharashtra,Rahata APMC,Potato,2026-07-02,Other,40.5,800.0,1200.0,1000.0
Maharashtra,Ramtek APMC,Potato,2026-07-02,Local,2.4,1100.0,1300.0,1200.0
Maharashtra,"Sangli(Phale, Bhajipala Market) APMC",Potato,2026-07-02,Local,49.0,700.0,1600.0,1150.0
Maharashtra,Shrirampur APMC,Potato,2026-07-02,Other,10.0,1000.0,1400.0,1200.0
Maharashtra,Vaduj APMC,Potato,2026-07-02,Local,2.0,1400.0,1500.0,1450.0
Maharashtra,Vai APMC,Potato,2026-07-02,Local,1.5,1500.0,1700.0,1600.0
Maharashtra,Vita APMC,Potato,2026-07-02,Other,10.0,1500.0,1700.0,1600.0
Maharashtra,Ahilyanagar APMC,Potato,2026-07-03,Other,52.9,600.0,1700.0,1150.0
Maharashtra,Akluj APMC,Potato,2026-07-03,Local,12.5,1200.0,1400.0,1300.0
Maharashtra,Akola APMC,Potato,2026-07-03,Other,162.0,700.0,1200.0,1000.0
Maharashtra,Amrawati(Frui & Veg. Market) APMC,Potato,2026-07-03,Local,40.8,700.0,1600.0,1150.0
Maharashtra,Bhusaval APMC,Potato,2026-07-03,Other,7.2,1600.0,2000.0,1800.0
Maharashtra,Chandrapur(Ganjwad) APMC,Potato,2026-07-03,Other,38.0,1200.0,1350.0,1300.0
Maharashtra,Jalgaon APMC,Potato,2026-07-03,Other,45.0,800.0,1200.0,1000.0
Maharashtra,Junnar(Narayangaon) APMC,Potato,2026-07-03,Other,7.5,1100.0,1300.0,1200.0
Maharashtra,Kalyan APMC,Potato,2026-07-03,Other,0.3,1200.0,1300.0,1250.0
Maharashtra,Kamthi APMC,Potato,2026-07-03,Local,2.0,2060.0,2560.0,2310.0
Maharashtra,Khed APMC,Potato,2026-07-03,Other,8.8,600.0,1500.0,1000.0
Maharashtra,Khed(Chakan) APMC,Potato,2026-07-03,Other,90.0,1000.0,1500.0,1200.0
Maharashtra,Mumbai-Onion & Potato Market APMC,Potato,2026-07-03,Other,799.6,600.0,1100.0,850.0
Maharashtra,Nasik APMC,Potato,2026-07-03,Other,148.0,700.0,1300.0,850.0
Maharashtra,Pune(Khadiki) APMC,Potato,2026-07-03,Local,0.8,1000.0,1400.0,1200.0
Maharashtra,Pune(Manjri) APMC,Potato,2026-07-03,Other,5.9,1300.0,1600.0,1500.0
Maharashtra,Pune(Moshi) APMC,Potato,2026-07-03,Local,36.0,800.0,1100.0,950.0
Maharashtra,Rahata APMC,Potato,2026-07-03,Other,19.0,1000.0,1200.0,1100.0
Maharashtra,SHRI.SIDDHESHWAR  APMC,Potato,2026-07-03,Local,55.8,950.0,1100.0,1000.0
Maharashtra,"Sangli(Phale, Bhajipala Market) APMC",Potato,2026-07-03,Local,90.0,700.0,1600.0,1150.0
Maharashtra,Shrirampur APMC,Potato,2026-07-03,Other,12.5,1000.0,1200.0,1100.0
Maharashtra,Vadgaonpeth APMC,Potato,2026-07-03,Local,2.3,1600.0,2000.0,1800.0
Maharashtra,Vai APMC,Potato,2026-07-03,Local,2.0,1500.0,1700.0,1600.0
Maharashtra,Ahilyanagar APMC,Potato,2026-07-04,Other,45.7,800.0,1800.0,1250.0
Maharashtra,Akluj APMC,Potato,2026-07-04,Local,10.5,1200.0,1400.0,1300.0
Maharashtra,Akola APMC,Potato,2026-07-04,Other,57.0,700.0,1200.0,1000.0
Maharashtra,Amrawati(Frui & Veg. Market) APMC,Potato,2026-07-04,Local,33.0,700.0,1500.0,1100.0
Maharashtra,Bhusaval APMC,Potato,2026-07-04,Other,7.2,1500.0,2000.0,1800.0
Maharashtra,Chandrapur(Ganjwad) APMC,Potato,2026-07-04,Other,44.0,1200.0,1350.0,1300.0
Maharashtra,Chattrapati Sambhajinagar APMC,Potato,2026-07-04,Other,105.0,600.0,1300.0,950.0
Maharashtra,HINGNA - APMC,Potato,2026-07-04,Local,1.9,1200.0,1600.0,1440.0
Maharashtra,Jalgaon APMC,Potato,2026-07-04,Other,40.0,800.0,1200.0,1000.0
Maharashtra,Kamthi APMC,Potato,2026-07-04,Local,0.5,2070.0,2570.0,2320.0
Maharashtra,Khed(Chakan) APMC,Potato,2026-07-04,Other,125.0,1000.0,1500.0,1200.0
Maharashtra,Mumbai-Onion & Potato Market APMC,Potato,2026-07-04,Other,983.7,600.0,1100.0,850.0
Maharashtra,Nagpur APMC,Potato,2026-07-04,Local,315.0,800.0,1200.0,1100.0
Maharashtra,Nasik APMC,Potato,2026-07-04,Other,152.5,750.0,1350.0,900.0
Maharashtra,Pune(Khadiki) APMC,Potato,2026-07-04,Local,1.2,800.0,1200.0,1000.0
Maharashtra,Pune(Manjri) APMC,Potato,2026-07-04,Other,4.5,1300.0,1600.0,1500.0
Maharashtra,Pune(Moshi) APMC,Potato,2026-07-04,Local,72.5,900.0,1200.0,1050.0
Maharashtra,Rahata APMC,Potato,2026-07-04,Other,34.0,1000.0,1200.0,1100.0
Maharashtra,Rahuri APMC,Potato,2026-07-04,Other,6.9,1200.0,1700.0,1450.0
Maharashtra,Ramtek APMC,Potato,2026-07-04,Local,0.8,1100.0,1300.0,1200.0
Maharashtra,SHRI.SIDDHESHWAR  APMC,Potato,2026-07-04,Local,57.5,1000.0,1250.0,1100.0
Maharashtra,"Sangli(Phale, Bhajipala Market) APMC",Potato,2026-07-04,Local,30.0,1000.0,1600.0,1300.0
Maharashtra,Satara APMC,Potato,2026-07-04,Other,48.3,1000.0,1300.0,1150.0
Maharashtra,Shrirampur APMC,Potato,2026-07-04,Other,9.0,1000.0,1400.0,1200.0
Maharashtra,Vaduj APMC,Potato,2026-07-04,Local,2.0,1400.0,1500.0,1450.0
Maharashtra,Vai APMC,Potato,2026-07-04,Local,0.6,1500.0,1700.0,1600.0
Maharashtra,Ahilyanagar APMC,Potato,2026-07-05,Other,48.4,600.0,1700.0,1150.0
Maharashtra,Akluj APMC,Potato,2026-07-05,Other,11.0,1200.0,1400.0,1300.0
Maharashtra,Amrawati(Frui & Veg. Market) APMC,Potato,2026-07-05,Local,34.8,700.0,1400.0,1050.0
Maharashtra,Chattrapati Sambhajinagar APMC,Potato,2026-07-05,Other,97.0,600.0,1200.0,900.0
Maharashtra,Junnar(Narayangaon) APMC,Potato,2026-07-05,Other,0.8,1300.0,1500.0,1400.0
Maharashtra,Kamthi APMC,Potato,2026-07-05,Local,3.6,2060.0,2560.0,2310.0
Maharashtra,Khed APMC,Potato,2026-07-05,Other,7.4,1000.0,1500.0,1300.0
Maharashtra,Khed(Chakan) APMC,Potato,2026-07-05,Other,90.0,1000.0,1500.0,1200.0
Maharashtra,Manchar APMC,Potato,2026-07-05,Other,0.8,1000.0,1000.0,1000.0
Maharashtra,Pune APMC,Potato,2026-07-05,Local,905.9,800.0,1500.0,1150.0
Maharashtra,Pune(Khadiki) APMC,Potato,2026-07-05,Local,0.8,800.0,1200.0,1000.0
Maharashtra,Pune(Manjri) APMC,Potato,2026-07-05,Other,5.0,1300.0,1600.0,1500.0
Maharashtra,Pune(Moshi) APMC,Potato,2026-07-05,Local,39.5,900.0,1100.0,1000.0
Maharashtra,Rahata APMC,Potato,2026-07-05,Other,53.5,800.0,1200.0,1000.0
Maharashtra,Rahuri APMC,Potato,2026-07-05,Other,2.1,1000.0,2000.0,1500.0
Maharashtra,Ramtek APMC,Potato,2026-07-05,Local,3.9,1300.0,2000.0,1500.0
Maharashtra,Satara APMC,Potato,2026-07-05,Other,11.8,1000.0,1300.0,1150.0
Maharashtra,Shrirampur APMC,Potato,2026-07-05,Other,12.0,1000.0,1400.0,1200.0
Maharashtra,Vaduj APMC,Potato,2026-07-05,Local,3.0,1400.0,1500.0,1450.0
Maharashtra,Vai APMC,Potato,2026-07-05,Local,1.5,1500.0,1700.0,1600.0
Maharashtra,Ahilyanagar APMC,Potato,2026-07-06,Other,38.3,600.0,1700.0,1150.0
Maharashtra,Akluj APMC,Potato,2026-07-06,Local,12.0,1200.0,1400.0,1300.0
Maharashtra,Akola APMC,Potato,2026-07-06,Other,182.0,700.0,1200.0,1000.0
Maharashtra,Amrawati(Frui & Veg. Market) APMC,Potato,2026-07-06,Local,40.8,700.0,1400.0,1050.0
Maharashtra,Chandrapur(Ganjwad) APMC,Potato,2026-07-06,Other,67.0,1200.0,1300.0,1250.0
Maharashtra,Chattrapati Sambhajinagar APMC,Potato,2026-07-06,Other,95.0,600.0,1100.0,850.0
Maharashtra,HINGNA - APMC,Potato,2026-07-06,Local,2.7,1200.0,1500.0,1370.0
Maharashtra,Junnar(Narayangaon) APMC,Potato,2026-07-06,Other,1.8,1300.0,1500.0,1400.0
Maharashtra,Kalyan APMC,Potato,2026-07-06,Other,0.3,1200.0,1300.0,1250.0
Maharashtra,Kamthi APMC,Potato,2026-07-06,Local,0.3,2050.0,2550.0,2300.0
Maharashtra,Khed APMC,Potato,2026-07-06,Other,2.6,1000.0,1500.0,1300.0
Maharashtra,Manchar APMC,Potato,2026-07-06,Other,1.2,700.0,1000.0,855.0
Maharashtra,Mumbai-Onion & Potato Market APMC,Potato,2026-07-06,Other,871.3,700.0,1200.0,950.0
Maharashtra,Nagpur APMC,Potato,2026-07-06,Local,210.0,800.0,1200.0,1100.0
Maharashtra,Nasik APMC,Potato,2026-07-06,Other,144.0,750.0,1350.0,900.0
Maharashtra,Pune APMC,Potato,2026-07-06,Local,635.1,800.0,1600.0,1200.0
Maharashtra,Pune(Khadiki) APMC,Potato,2026-07-06,Local,0.7,800.0,1200.0,1000.0
Maharashtra,Pune(Manjri) APMC,Potato,2026-07-06,Other,4.4,1400.0,1700.0,1500.0
Maharashtra,Pune(Moshi) APMC,Potato,2026-07-06,Local,39.3,900.0,1000.0,950.0
Maharashtra,Rahuri APMC,Potato,2026-07-06,Other,4.8,1000.0,2000.0,1500.0
Maharashtra,SHRI.SIDDHESHWAR  APMC,Potato,2026-07-06,Local,42.6,950.0,1200.0,1000.0
Maharashtra,"Sangli(Phale, Bhajipala Market) APMC",Potato,2026-07-06,Local,83.0,1000.0,1400.0,1200.0
Maharashtra,Satara APMC,Potato,2026-07-06,Other,37.5,1000.0,1300.0,1150.0
Maharashtra,Shrirampur APMC,Potato,2026-07-06,Other,10.0,1000.0,1400.0,1200.0
Maharashtra,Vaduj APMC,Potato,2026-07-06,Local,2.5,1400.0,1500.0,1450.0
Maharashtra,Vai APMC,Potato,2026-07-06,Local,2.0,1500.0,1800.0,1650.0
Maharashtra,Vita APMC,Potato,2026-07-06,Other,10.0,1500.0,1700.0,1600.0
Maharashtra,Akola APMC,Potato,2026-07-07,Other,52.0,700.0,1200.0,1000.0
Maharashtra,Amrawati(Frui & Veg. Market) APMC,Potato,2026-07-07,Local,39.0,600.0,1400.0,1000.0
Maharashtra,Bhusaval APMC,Potato,2026-07-07,Other,3.7,1500.0,2000.0,1800.0
Maharashtra,Chandrapur(Ganjwad) APMC,Potato,2026-07-07,Other,88.0,1200.0,1350.0,1300.0
Maharashtra,Chattrapati Sambhajinagar APMC,Potato,2026-07-07,Other,65.0,700.0,1200.0,950.0
Maharashtra,HINGNA - APMC,Potato,2026-07-07,Local,0.2,1500.0,1500.0,1500.0
Maharashtra,Jalgaon APMC,Potato,2026-07-07,Other,60.0,800.0,1200.0,1000.0
Maharashtra,Kalyan APMC,Potato,2026-07-07,Other,0.3,1200.0,1300.0,1250.0
Maharashtra,Kamthi APMC,Potato,2026-07-07,Local,3.1,2060.0,2560.0,2310.0
Maharashtra,Khed APMC,Potato,2026-07-07,Other,10.3,700.0,1500.0,1200.0
Maharashtra,Khed(Chakan) APMC,Potato,2026-07-07,Other,130.0,900.0,1500.0,1100.0
Maharashtra,Manchar APMC,Potato,2026-07-07,Other,0.6,700.0,800.0,765.0
Maharashtra,Mumbai-Onion & Potato Market APMC,Potato,2026-07-07,Other,893.9,600.0,1200.0,900.0
Maharashtra,Nagpur APMC,Potato,2026-07-07,Local,210.0,800.0,1200.0,1100.0
Maharashtra,Nasik APMC,Potato,2026-07-07,Other,103.0,750.0,1300.0,850.0
Maharashtra,Pune APMC,Potato,2026-07-07,Local,461.6,800.0,1600.0,1200.0
Maharashtra,Pune(Khadiki) APMC,Potato,2026-07-07,Local,0.6,800.0,1200.0,1000.0
Maharashtra,Pune(Manjri) APMC,Potato,2026-07-07,Other,6.9,1400.0,1600.0,1500.0
Maharashtra,Pune(Moshi) APMC,Potato,2026-07-07,Local,74.6,900.0,1200.0,1050.0
Maharashtra,Rahata APMC,Potato,2026-07-07,Other,70.0,1200.0,1200.0,1200.0
Maharashtra,Rahuri APMC,Potato,2026-07-07,Other,2.5,1300.0,2000.0,1650.0
Maharashtra,Ramtek APMC,Potato,2026-07-07,Local,1.1,1000.0,2000.0,1500.0
Maharashtra,SHRI.SIDDHESHWAR  APMC,Potato,2026-07-07,Local,109.5,900.0,1150.0,1000.0
Maharashtra,"Sangli(Phale, Bhajipala Market) APMC",Potato,2026-07-07,Local,60.0,900.0,1500.0,1200.0
Maharashtra,Satara APMC,Potato,2026-07-07,Other,15.0,1000.0,1300.0,1150.0
Maharashtra,Vaduj APMC,Potato,2026-07-07,Local,2.0,1400.0,1500.0,1450.0
Maharashtra,Akluj APMC,Potato,2026-07-08,Local,11.0,1200.0,1400.0,1300.0
Maharashtra,Akola APMC,Potato,2026-07-08,Other,120.0,500.0,1100.0,900.0
Maharashtra,Amrawati(Frui & Veg. Market) APMC,Potato,2026-07-08,Local,41.0,700.0,1400.0,1050.0
Maharashtra,Bhusaval APMC,Potato,2026-07-08,Other,7.2,1500.0,2000.0,1800.0
Maharashtra,Chattrapati Sambhajinagar APMC,Potato,2026-07-08,Other,81.0,700.0,900.0,800.0
Maharashtra,HINGNA - APMC,Potato,2026-07-08,Local,0.7,1300.0,1600.0,1450.0
Maharashtra,Jalgaon APMC,Potato,2026-07-08,Other,80.0,500.0,1100.0,800.0
Maharashtra,Junnar(Narayangaon) APMC,Potato,2026-07-08,Other,1.8,400.0,1500.0,950.0
Maharashtra,Kalyan APMC,Potato,2026-07-08,Other,0.3,1500.0,1800.0,1600.0
Maharashtra,Khed APMC,Potato,2026-07-08,Other,6.3,1000.0,1500.0,1300.0
Maharashtra,Khed(Chakan) APMC,Potato,2026-07-08,Other,125.0,900.0,1500.0,1250.0
Maharashtra,Manchar APMC,Potato,2026-07-08,Other,1.3,700.0,700.0,700.0
Maharashtra,Mumbai-Onion & Potato Market APMC,Potato,2026-07-08,Other,815.2,700.0,1300.0,1000.0
Maharashtra,Nagpur APMC,Potato,2026-07-08,Local,385.0,800.0,1200.0,1100.0
Maharashtra,Nasik APMC,Potato,2026-07-08,Other,97.5,600.0,1250.0,800.0
Maharashtra,Pune(Khadiki) APMC,Potato,2026-07-08,Local,0.6,1000.0,1200.0,1100.0
Maharashtra,Pune(Manjri) APMC,Potato,2026-07-08,Other,7.7,1300.0,1600.0,1500.0
Maharashtra,Rahata APMC,Potato,2026-07-08,Other,57.8,1000.0,1200.0,1100.0
Maharashtra,Rahuri APMC,Potato,2026-07-08,Other,4.7,1300.0,1700.0,1500.0
Maharashtra,Ramtek APMC,Potato,2026-07-08,Local,0.4,1000.0,1500.0,1300.0
Maharashtra,SHRI.SIDDHESHWAR  APMC,Potato,2026-07-08,Local,93.6,700.0,1200.0,1000.0
Maharashtra,"Sangli(Phale, Bhajipala Market) APMC",Potato,2026-07-08,Local,53.0,1000.0,15000.0,1250.0
Maharashtra,Satara APMC,Potato,2026-07-08,Other,24.2,1000.0,1300.0,1150.0
Maharashtra,Shrirampur APMC,Potato,2026-07-08,Other,13.5,1000.0,1200.0,1100.0
Maharashtra,Vaduj APMC,Potato,2026-07-08,Local,3.0,1400.0,1500.0,1450.0
Maharashtra,Vai APMC,Potato,2026-07-08,Local,1.5,1500.0,1800.0,1650.0
Maharashtra,Ahilyanagar APMC,Potato,2026-07-09,Other,61.2,700.0,1800.0,935.0
Maharashtra,Akluj APMC,Potato,2026-07-09,Local,9.5,1100.0,1400.0,1300.0
Maharashtra,Akola APMC,Potato,2026-07-09,Other,68.0,700.0,1300.0,1000.0
Maharashtra,Bhusaval APMC,Potato,2026-07-09,Other,3.6,1500.0,2000.0,1800.0
Maharashtra,Chandrapur(Ganjwad) APMC,Potato,2026-07-09,Other,51.0,1200.0,1300.0,1250.0
Maharashtra,Chattrapati Sambhajinagar APMC,Potato,2026-07-09,Other,112.0,900.0,1200.0,1050.0
Maharashtra,HINGNA - APMC,Potato,2026-07-09,Local,2.5,1200.0,1500.0,1380.0
Maharashtra,Jalgaon APMC,Potato,2026-07-09,Other,80.0,500.0,1100.0,800.0
Maharashtra,Junnar(Narayangaon) APMC,Potato,2026-07-09,Other,9.4,1400.0,1500.0,1450.0
Maharashtra,Kalyan APMC,Potato,2026-07-09,Other,0.3,1500.0,1800.0,1600.0
Maharashtra,Kamthi APMC,Potato,2026-07-09,Local,1.6,2060.0,2560.0,2310.0
Maharashtra,Khed(Chakan) APMC,Potato,2026-07-09,Other,125.0,900.0,1500.0,1200.0
Maharashtra,Manchar APMC,Potato,2026-07-09,Other,0.9,700.0,1000.0,855.0
Maharashtra,Mumbai-Onion & Potato Market APMC,Potato,2026-07-09,Other,1213.4,700.0,1300.0,1000.0
Maharashtra,Nagpur APMC,Potato,2026-07-09,Local,280.0,800.0,1200.0,1100.0
Maharashtra,Nasik APMC,Potato,2026-07-09,Other,139.5,750.0,1400.0,1000.0
Maharashtra,Pune APMC,Potato,2026-07-09,Local,529.6,800.0,1600.0,1200.0
Maharashtra,Pune(Khadiki) APMC,Potato,2026-07-09,Local,0.7,800.0,1200.0,1000.0
Maharashtra,Pune(Manjri) APMC,Potato,2026-07-09,Other,6.4,1300.0,1600.0,1500.0
Maharashtra,Pune(Moshi) APMC,Potato,2026-07-09,Local,152.0,1000.0,12000.0,1100.0
Maharashtra,Rahata APMC,Potato,2026-07-09,Other,33.8,800.0,1200.0,1000.0
Maharashtra,Ramtek APMC,Potato,2026-07-09,Local,2.1,1000.0,1500.0,1300.0
Maharashtra,SHRI.SIDDHESHWAR  APMC,Potato,2026-07-09,Local,73.2,600.0,1300.0,1200.0
Maharashtra,"Sangli(Phale, Bhajipala Market) APMC",Potato,2026-07-09,Local,84.0,1000.0,1400.0,1200.0
Maharashtra,Satara APMC,Potato,2026-07-09,Other,2.0,1000.0,1300.0,1150.0
Maharashtra,Shrirampur APMC,Potato,2026-07-09,Other,10.0,1000.0,1200.0,1100.0
Maharashtra,Vaduj APMC,Potato,2026-07-09,Local,2.0,1400.0,1500.0,1450.0
Maharashtra,Akluj APMC,Potato,2026-07-10,Local,12.0,1200.0,1400.0,1300.0
Maharashtra,Akola APMC,Potato,2026-07-10,Other,206.0,700.0,1200.0,1000.0
Maharashtra,Amrawati(Frui & Veg. Market) APMC,Potato,2026-07-10,Local,40.5,800.0,1500.0,1150.0
Maharashtra,Bhusaval APMC,Potato,2026-07-10,Other,3.2,1500.0,2000.0,1800.0
Maharashtra,Chandrapur(Ganjwad) APMC,Potato,2026-07-10,Other,35.0,1200.0,1500.0,1250.0
Maharashtra,Jalgaon APMC,Potato,2026-07-10,Other,80.8,500.0,1300.0,900.0
Maharashtra,Junnar(Narayangaon) APMC,Potato,2026-07-10,Other,1.0,500.0,1500.0,1100.0
Maharashtra,Kalyan APMC,Potato,2026-07-10,Other,0.3,1200.0,1400.0,1300.0
Maharashtra,Kamthi APMC,Potato,2026-07-10,Local,1.8,2030.0,2530.0,2280.0
Maharashtra,Khed APMC,Potato,2026-07-10,Other,10.1,800.0,1500.0,1000.0
Maharashtra,Khed(Chakan) APMC,Potato,2026-07-10,Other,150.0,900.0,1500.0,1100.0
Maharashtra,Mumbai-Onion & Potato Market APMC,Potato,2026-07-10,Other,1322.1,600.0,1300.0,950.0
Maharashtra,Nasik APMC,Potato,2026-07-10,Other,144.5,700.0,1350.0,850.0
Maharashtra,Pune APMC,Potato,2026-07-10,Local,392.3,1000.0,1600.0,1300.0
Maharashtra,Pune(Khadiki) APMC,Potato,2026-07-10,Local,0.6,800.0,1200.0,1000.0
Maharashtra,Pune(Manjri) APMC,Potato,2026-07-10,Other,8.5,1300.0,1800.0,1500.0
Maharashtra,Pune(Moshi) APMC,Potato,2026-07-10,Local,52.5,1000.0,1300.0,1150.0
Maharashtra,Rahata APMC,Potato,2026-07-10,Other,75.0,800.0,1200.0,1000.0
Maharashtra,SHRI.SIDDHESHWAR  APMC,Potato,2026-07-10,Local,38.2,950.0,1300.0,1000.0
Maharashtra,"Sangli(Phale, Bhajipala Market) APMC",Potato,2026-07-10,Local,143.0,1000.0,1500.0,1250.0
Maharashtra,Shrirampur APMC,Potato,2026-07-10,Other,13.0,800.0,1200.0,1000.0
Maharashtra,Vadgaonpeth APMC,Potato,2026-07-10,Local,7.5,1300.0,1900.0,1400.0
Maharashtra,Vai APMC,Potato,2026-07-10,Local,2.0,1500.0,1800.0,1600.0
Maharashtra,Akluj APMC,Potato,2026-07-11,Local,11.0,1200.0,1400.0,1300.0
Maharashtra,Akola APMC,Potato,2026-07-11,Other,68.0,700.0,1300.0,1000.0
Maharashtra,Amrawati(Frui & Veg. Market) APMC,Potato,2026-07-11,Local,54.9,700.0,1400.0,1050.0
Maharashtra,Bhusaval APMC,Potato,2026-07-11,Other,6.9,1500.0,2000.0,1800.0
Maharashtra,Chandrapur(Ganjwad) APMC,Potato,2026-07-11,Other,58.0,1200.0,1350.0,1300.0
Maharashtra,Chattrapati Sambhajinagar APMC,Potato,2026-07-11,Other,122.0,800.0,1300.0,1050.0
Maharashtra,HINGNA - APMC,Potato,2026-07-11,Local,1.1,1400.0,1500.0,1467.0
Maharashtra,Khed(Chakan) APMC,Potato,2026-07-11,Other,160.0,900.0,1500.0,1300.0
Maharashtra,Mumbai-Onion & Potato Market APMC,Potato,2026-07-11,Other,1243.6,600.0,1200.0,900.0
Maharashtra,Nagpur APMC,Potato,2026-07-11,Local,437.5,800.0,1200.0,1100.0
Maharashtra,Nasik APMC,Potato,2026-07-11,Other,122.5,800.0,1600.0,1200.0
Maharashtra,Pune(Khadiki) APMC,Potato,2026-07-11,Local,0.7,800.0,1200.0,1000.0
Maharashtra,Pune(Manjri) APMC,Potato,2026-07-11,Other,0.8,1300.0,1600.0,1500.0
Maharashtra,Pune(Moshi) APMC,Potato,2026-07-11,Local,55.0,1000.0,1100.0,1050.0
Maharashtra,Ramtek APMC,Potato,2026-07-11,Local,1.0,100.0,1500.0,1300.0
Maharashtra,SHRI.SIDDHESHWAR  APMC,Potato,2026-07-11,Local,145.5,950.0,1200.0,1000.0
Maharashtra,"Sangli(Phale, Bhajipala Market) APMC",Potato,2026-07-11,Local,48.0,1000.0,1500.0,1250.0
Maharashtra,Satara APMC,Potato,2026-07-11,Other,53.8,1000.0,1300.0,1150.0
Maharashtra,Shrirampur APMC,Potato,2026-07-11,Other,10.5,800.0,1200.0,1000.0
Maharashtra,Vaduj APMC,Potato,2026-07-11,Local,2.5,1400.0,1500.0,1450.0
Maharashtra,Vita APMC,Potato,2026-07-11,Other,12.0,1500.0,1700.0,1600.0
Maharashtra,Akluj APMC,Potato,2026-07-12,Other,9.5,1200.0,1400.0,1300.0
Maharashtra,Amrawati(Frui & Veg. Market) APMC,Potato,2026-07-12,Local,42.9,800.0,1400.0,1050.0
Maharashtra,Bhusaval APMC,Potato,2026-07-12,Other,3.6,1500.0,2000.0,1800.0
Maharashtra,Chattrapati Sambhajinagar APMC,Potato,2026-07-12,Other,105.0,800.0,1200.0,1000.0
Maharashtra,Junnar(Narayangaon) APMC,Potato,2026-07-12,Other,0.6,1300.0,1600.0,1500.0
Maharashtra,Kalyan APMC,Potato,2026-07-12,Other,0.3,1200.0,1400.0,1300.0
Maharashtra,Kamthi APMC,Potato,2026-07-12,Local,1.4,2060.0,2560.0,2310.0
Maharashtra,Khed(Chakan) APMC,Potato,2026-07-12,Other,110.0,900.0,1500.0,1200.0
Maharashtra,Manchar APMC,Potato,2026-07-12,Other,0.7,600.0,1000.0,850.0
Maharashtra,Nagpur APMC,Potato,2026-07-12,Local,437.5,800.0,1200.0,1100.0
Maharashtra,Pune APMC,Potato,2026-07-12,Local,925.2,1100.0,1500.0,1300.0
Maharashtra,Pune(Khadiki) APMC,Potato,2026-07-12,Local,0.6,800.0,1200.0,1000.0
Maharashtra,Pune(Manjri) APMC,Potato,2026-07-12,Other,9.3,1400.0,1700.0,1500.0
Maharashtra,Pune(Moshi) APMC,Potato,2026-07-12,Local,131.0,900.0,1200.0,1050.0
Maharashtra,Rahata APMC,Potato,2026-07-12,Other,51.1,600.0,1400.0,1000.0
Maharashtra,Rahuri APMC,Potato,2026-07-12,Other,1.1,1300.0,1300.0,1300.0
Maharashtra,Ramtek APMC,Potato,2026-07-12,Local,3.5,1300.0,1500.0,1400.0
Maharashtra,Shrirampur APMC,Potato,2026-07-12,Other,13.0,800.0,1200.0,1000.0
Maharashtra,Vaduj APMC,Potato,2026-07-12,Local,2.5,1400.0,1500.0,1450.0
Maharashtra,Akluj APMC,Potato,2026-07-13,Local,13.0,1300.0,1400.0,1400.0
Maharashtra,Akluj APMC,Potato,2026-07-13,Other,13.0,1300.0,1400.0,1400.0
Maharashtra,Akola APMC,Potato,2026-07-13,Other,303.0,500.0,1200.0,1000.0
Maharashtra,Amrawati(Frui & Veg. Market) APMC,Potato,2026-07-13,Local,42.0,700.0,1400.0,1050.0
Maharashtra,Chandrapur(Ganjwad) APMC,Potato,2026-07-13,Other,62.0,1200.0,1300.0,1250.0
Maharashtra,Chattrapati Sambhajinagar APMC,Potato,2026-07-13,Other,55.7,500.0,1300.0,900.0
Maharashtra,HINGNA - APMC,Potato,2026-07-13,Local,2.0,1200.0,1500.0,1325.0
Maharashtra,Jalgaon APMC,Potato,2026-07-13,Other,60.0,700.0,1200.0,1000.0
Maharashtra,Junnar(Narayangaon) APMC,Potato,2026-07-13,Other,8.0,1000.0,1200.0,1100.0
Maharashtra,Kalyan APMC,Potato,2026-07-13,Other,0.3,1200.0,1400.0,1300.0
Maharashtra,Kamthi APMC,Potato,2026-07-13,Local,0.3,2060.0,2560.0,2310.0
Maharashtra,Khed APMC,Potato,2026-07-13,Other,6.5,1200.0,1500.0,1300.0
Maharashtra,Mumbai-Onion & Potato Market APMC,Potato,2026-07-13,Other,1458.5,700.0,1300.0,1000.0
Maharashtra,Nagpur APMC,Potato,2026-07-13,Local,280.0,800.0,1200.0,1100.0
Maharashtra,Nasik APMC,Potato,2026-07-13,Other,222.5,650.0,1300.0,800.0
Maharashtra,Pune APMC,Potato,2026-07-13,Local,709.6,1000.0,1600.0,1300.0
Maharashtra,Pune(Khadiki) APMC,Potato,2026-07-13,Local,0.9,800.0,1200.0,1000.0
Maharashtra,Pune(Manjri) APMC,Potato,2026-07-13,Other,7.5,1300.0,1600.0,1500.0
Maharashtra,Pune(Moshi) APMC,Potato,2026-07-13,Local,79.0,900.0,1200.0,1050.0
Maharashtra,SHRI.SIDDHESHWAR  APMC,Potato,2026-07-13,Local,57.8,900.0,1250.0,1100.0
Maharashtra,"Sangli(Phale, Bhajipala Market) APMC",Potato,2026-07-13,Local,141.0,1000.0,1500.0,1250.0
Maharashtra,Satara APMC,Potato,2026-07-13,Other,23.8,1000.0,1300.0,1150.0
Maharashtra,Shrirampur APMC,Potato,2026-07-13,Other,12.0,800.0,1200.0,1000.0
Maharashtra,Vaduj APMC,Potato,2026-07-13,Local,2.0,1400.0,1500.0,1450.0
Maharashtra,Vai APMC,Potato,2026-07-13,Local,2.0,1500.0,1800.0,1650.0
Maharashtra,Akola APMC,Potato,2026-07-14,Other,30.0,500.0,1200.0,1000.0
Maharashtra,Amrawati(Frui & Veg. Market) APMC,Potato,2026-07-14,Local,45.0,800.0,1400.0,1100.0
Maharashtra,Bhusaval APMC,Potato,2026-07-14,Other,10.5,1500.0,2000.0,1800.0
Maharashtra,Chandrapur(Ganjwad) APMC,Potato,2026-07-14,Other,87.0,1200.0,1400.0,1300.0
Maharashtra,Chattrapati Sambhajinagar APMC,Potato,2026-07-14,Other,81.0,700.0,1200.0,950.0
Maharashtra,HINGNA - APMC,Potato,2026-07-14,Local,0.5,1200.0,1400.0,1300.0
Maharashtra,Kalyan APMC,Potato,2026-07-14,Other,0.3,1200.0,1400.0,1300.0
Maharashtra,Kamthi APMC,Potato,2026-07-14,Local,1.2,2040.0,2540.0,2290.0
Maharashtra,Khed APMC,Potato,2026-07-14,Other,7.3,800.0,1500.0,1100.0
Maharashtra,Khed(Chakan) APMC,Potato,2026-07-14,Other,125.0,900.0,1600.0,1200.0
Maharashtra,Manchar APMC,Potato,2026-07-14,Other,1.9,700.0,1200.0,955.0
Maharashtra,Mumbai-Onion & Potato Market APMC,Potato,2026-07-14,Other,1343.9,700.0,1300.0,1000.0
Maharashtra,Nagpur APMC,Potato,2026-07-14,Local,350.0,800.0,1200.0,1100.0
Maharashtra,Nasik APMC,Potato,2026-07-14,Other,174.0,700.0,1350.0,850.0
Maharashtra,Pune APMC,Potato,2026-07-14,Local,494.9,1000.0,1600.0,1300.0
Maharashtra,Pune(Khadiki) APMC,Potato,2026-07-14,Local,0.7,800.0,1200.0,1000.0
Maharashtra,Pune(Manjri) APMC,Potato,2026-07-14,Other,5.1,1300.0,1600.0,1500.0
Maharashtra,Pune(Moshi) APMC,Potato,2026-07-14,Local,64.5,1100.0,1200.0,1150.0
Maharashtra,Rahata APMC,Potato,2026-07-14,Other,56.8,600.0,1500.0,1050.0
Maharashtra,Rahuri APMC,Potato,2026-07-14,Other,3.2,1200.0,1700.0,1450.0
Maharashtra,Ramtek APMC,Potato,2026-07-14,Local,2.3,1000.0,1500.0,1200.0
Maharashtra,SHRI.SIDDHESHWAR  APMC,Potato,2026-07-14,Local,101.1,700.0,1250.0,1000.0
Maharashtra,"Sangli(Phale, Bhajipala Market) APMC",Potato,2026-07-14,Local,123.6,1200.0,1600.0,1400.0
Maharashtra,Vaduj APMC,Potato,2026-07-14,Local,2.0,1400.0,1500.0,1450.0
Maharashtra,Akluj APMC,Potato,2026-07-15,Local,9.0,1200.0,1400.0,1300.0
Maharashtra,Akola APMC,Potato,2026-07-15,Other,133.0,500.0,1200.0,1000.0
Maharashtra,Amrawati(Frui & Veg. Market) APMC,Potato,2026-07-15,Local,46.7,700.0,1400.0,1050.0
Maharashtra,Bhusaval APMC,Potato,2026-07-15,Other,7.2,1500.0,2000.0,1800.0
Maharashtra,Chandrapur(Ganjwad) APMC,Potato,2026-07-15,Other,83.0,1200.0,1400.0,1300.0
Maharashtra,Chattrapati Sambhajinagar APMC,Potato,2026-07-15,Other,96.0,800.0,1100.0,950.0
Maharashtra,HINGNA - APMC,Potato,2026-07-15,Local,1.1,1400.0,1500.0,1450.0
Maharashtra,Jalgaon APMC,Potato,2026-07-15,Other,70.0,800.0,1200.0,1000.0
Maharashtra,Kalyan APMC,Potato,2026-07-15,Other,0.3,1100.0,1300.0,1200.0
Maharashtra,Kamthi APMC,Potato,2026-07-15,Local,2.2,2060.0,2560.0,2310.0
Maharashtra,Khed APMC,Potato,2026-07-15,Other,4.9,900.0,1500.0,1200.0
Maharashtra,Khed(Chakan) APMC,Potato,2026-07-15,Other,140.0,1000.0,1500.0,1200.0
Maharashtra,Manchar APMC,Potato,2026-07-15,Other,0.1,700.0,700.0,700.0
Maharashtra,Mumbai-Onion & Potato Market APMC,Potato,2026-07-15,Other,1643.3,600.0,1200.0,900.0
Maharashtra,Nagpur APMC,Potato,2026-07-15,Local,315.0,800.0,1200.0,1100.0
Maharashtra,Nasik APMC,Potato,2026-07-15,Other,177.5,750.0,1450.0,900.0
Maharashtra,Pune APMC,Potato,2026-07-15,Local,748.3,1200.0,1600.0,1400.0
Maharashtra,Pune(Khadiki) APMC,Potato,2026-07-15,Local,0.7,800.0,1200.0,1000.0
Maharashtra,Pune(Manjri) APMC,Potato,2026-07-15,Other,6.1,1300.0,1600.0,1500.0
Maharashtra,Rahata APMC,Potato,2026-07-15,Other,13.5,1000.0,1500.0,1250.0
Maharashtra,Ramtek APMC,Potato,2026-07-15,Local,0.8,1000.0,1200.0,1100.0
Maharashtra,SHRI.SIDDHESHWAR  APMC,Potato,2026-07-15,Local,70.4,800.0,1200.0,1000.0
Maharashtra,"Sangli(Phale, Bhajipala Market) APMC",Potato,2026-07-15,Local,53.0,1000.0,1500.0,1250.0
Maharashtra,Satara APMC,Potato,2026-07-15,Other,24.4,1000.0,1300.0,1150.0
Maharashtra,Shrirampur APMC,Potato,2026-07-15,Other,12.5,1000.0,1200.0,1100.0
Maharashtra,Vadgaonpeth APMC,Potato,2026-07-15,Local,7.5,1600.0,1900.0,1700.0
Maharashtra,Vaduj APMC,Potato,2026-07-15,Local,2.0,1400.0,1500.0,1450.0
Maharashtra,Vai APMC,Potato,2026-07-15,Local,1.8,1500.0,1800.0,1700.0
Maharashtra,Ahilyanagar APMC,Potato,2026-07-16,Other,84.6,900.0,1800.0,1350.0
Maharashtra,Akluj APMC,Potato,2026-07-16,Local,9.5,1200.0,1400.0,1300.0
Maharashtra,Akola APMC,Potato,2026-07-16,Other,206.0,700.0,1200.0,1000.0
Maharashtra,Bhusaval APMC,Potato,2026-07-16,Other,3.5,1500.0,2000.0,1800.0
Maharashtra,Chandrapur(Ganjwad) APMC,Potato,2026-07-16,Other,49.0,1200.0,1400.0,1300.0
Maharashtra,Chattrapati Sambhajinagar APMC,Potato,2026-07-16,Other,115.0,600.0,1200.0,900.0
Maharashtra,HINGNA - APMC,Potato,2026-07-16,Local,0.3,1500.0,1500.0,1500.0
Maharashtra,Jalgaon APMC,Potato,2026-07-16,Other,40.0,800.0,12000.0,1000.0
Maharashtra,Kalyan APMC,Potato,2026-07-16,Other,0.3,1100.0,1300.0,1200.0
Maharashtra,Kamthi APMC,Potato,2026-07-16,Local,2.8,2010.0,2510.0,2260.0
Maharashtra,Khed APMC,Potato,2026-07-16,Other,5.8,800.0,1500.0,1200.0
Maharashtra,Khed(Chakan) APMC,Potato,2026-07-16,Other,100.0,900.0,1500.0,1200.0
Maharashtra,Mumbai-Onion & Potato Market APMC,Potato,2026-07-16,Other,1366.5,600.0,1200.0,900.0
Maharashtra,Nagpur APMC,Potato,2026-07-16,Local,175.0,800.0,1200.0,1100.0
Maharashtra,Nasik APMC,Potato,2026-07-16,Other,152.5,700.0,1400.0,850.0
Maharashtra,Pune APMC,Potato,2026-07-16,Local,838.4,1200.0,1500.0,1350.0
Maharashtra,Pune(Khadiki) APMC,Potato,2026-07-16,Local,1.1,800.0,1200.0,1100.0
Maharashtra,Pune(Manjri) APMC,Potato,2026-07-16,Other,7.6,1300.0,1600.0,1500.0
Maharashtra,Pune(Moshi) APMC,Potato,2026-07-16,Local,150.0,1000.0,1200.0,1100.0
Maharashtra,Rahata APMC,Potato,2026-07-16,Other,41.0,1200.0,1400.0,1300.0
Maharashtra,Ramtek APMC,Potato,2026-07-16,Local,1.6,1000.0,1500.0,1200.0
Maharashtra,SHRI.SIDDHESHWAR  APMC,Potato,2026-07-16,Local,42.5,1000.0,1250.0,1100.0
Maharashtra,"Sangli(Phale, Bhajipala Market) APMC",Potato,2026-07-16,Local,100.0,900.0,1600.0,1250.0
Maharashtra,Satara APMC,Potato,2026-07-16,Other,1.7,1000.0,1300.0,1150.0
Maharashtra,Shrirampur APMC,Potato,2026-07-16,Other,9.5,1000.0,1200.0,1100.0
Maharashtra,Vaduj APMC,Potato,2026-07-16,Local,3.0,1400.0,1500.0,1450.0
Maharashtra,Vai APMC,Potato,2026-07-16,Local,1.5,1500.0,1800.0,1600.0
Maharashtra,Vita APMC,Potato,2026-07-16,Other,10.0,1500.0,1700.0,1600.0
Maharashtra,Ahilyanagar APMC,Potato,2026-07-17,Other,54.5,900.0,1800.0,1350.0
Maharashtra,Akluj APMC,Potato,2026-07-17,Local,11.0,1300.0,1500.0,1400.0
Maharashtra,Akola APMC,Potato,2026-07-17,Other,191.0,600.0,1200.0,1000.0
Maharashtra,Amrawati(Frui & Veg. Market) APMC,Potato,2026-07-17,Local,42.0,500.0,1500.0,1000.0
Maharashtra,Bhusaval APMC,Potato,2026-07-17,Other,0.1,2000.0,2000.0,2000.0
Maharashtra,Chandrapur(Ganjwad) APMC,Potato,2026-07-17,Other,34.0,1200.0,1400.0,1300.0
Maharashtra,HINGNA - APMC,Potato,2026-07-17,Local,2.2,1400.0,1500.0,1462.0
Maharashtra,Jalgaon APMC,Potato,2026-07-17,Other,90.0,700.0,1100.0,900.0
Maharashtra,Junnar(Narayangaon) APMC,Potato,2026-07-17,Other,0.8,1400.0,1500.0,1450.0
Maharashtra,Kamthi APMC,Potato,2026-07-17,Local,1.1,2020.0,2520.0,2270.0
Maharashtra,Khed(Chakan) APMC,Potato,2026-07-17,Other,90.0,1000.0,1500.0,1200.0
Maharashtra,Mumbai-Onion & Potato Market APMC,Potato,2026-07-17,Other,1608.0,700.0,1300.0,1000.0
Maharashtra,Nasik APMC,Potato,2026-07-17,Other,179.0,650.0,1350.0,800.0
Maharashtra,Pune APMC,Potato,2026-07-17,Local,826.9,800.0,1600.0,1200.0
Maharashtra,Pune(Khadiki) APMC,Potato,2026-07-17,Local,0.7,800.0,1200.0,1000.0
Maharashtra,Pune(Manjri) APMC,Potato,2026-07-17,Other,5.2,1300.0,1700.0,1500.0
Maharashtra,Pune(Moshi) APMC,Potato,2026-07-17,Local,88.8,1000.0,2000.0,1500.0
Maharashtra,SHRI.SIDDHESHWAR  APMC,Potato,2026-07-17,Local,42.2,1000.0,1300.0,1100.0
Maharashtra,Shrirampur APMC,Potato,2026-07-17,Other,14.0,1000.0,1400.0,1200.0
Maharashtra,Vita APMC,Potato,2026-07-17,Other,2.4,1500.0,1700.0,1600.0
Maharashtra,Ahilyanagar APMC,Potato,2026-07-18,Other,34.1,1000.0,1400.0,1200.0
Maharashtra,Akluj APMC,Potato,2026-07-18,Local,14.0,1300.0,1500.0,1400.0
Maharashtra,Akola APMC,Potato,2026-07-18,Other,69.0,500.0,1100.0,900.0
Maharashtra,Amrawati(Frui & Veg. Market) APMC,Potato,2026-07-18,Local,48.7,500.0,1500.0,1000.0
Maharashtra,Bhusaval APMC,Potato,2026-07-18,Other,10.8,1500.0,2000.0,1800.0
Maharashtra,Chandrapur(Ganjwad) APMC,Potato,2026-07-18,Other,37.5,1200.0,1400.0,1300.0
Maharashtra,Chattrapati Sambhajinagar APMC,Potato,2026-07-18,Other,97.0,700.0,1100.0,900.0
Maharashtra,HINGNA - APMC,Potato,2026-07-18,Local,0.3,1400.0,1500.0,1450.0
Maharashtra,Jalgaon APMC,Potato,2026-07-18,Other,49.0,700.0,1000.0,850.0
Maharashtra,Junnar(Narayangaon) APMC,Potato,2026-07-18,Other,0.5,1400.0,1500.0,1450.0
Maharashtra,Mumbai-Onion & Potato Market APMC,Potato,2026-07-18,Other,1129.4,700.0,1300.0,1000.0
Maharashtra,Nagpur APMC,Potato,2026-07-18,Local,280.0,800.0,1100.0,1025.0
Maharashtra,Nasik APMC,Potato,2026-07-18,Other,148.5,650.0,1300.0,950.0
Maharashtra,Pune(Khadiki) APMC,Potato,2026-07-18,Local,0.7,800.0,1200.0,1000.0
Maharashtra,Pune(Manjri) APMC,Potato,2026-07-18,Other,3.8,1300.0,1700.0,1500.0
Maharashtra,Pune(Moshi) APMC,Potato,2026-07-18,Local,93.0,700.0,1200.0,950.0
Maharashtra,Rahuri APMC,Potato,2026-07-18,Other,5.3,1200.0,1700.0,1450.0
Maharashtra,Ramtek APMC,Potato,2026-07-18,Local,0.3,1000.0,1500.0,1300.0
Maharashtra,SHRI.SIDDHESHWAR  APMC,Potato,2026-07-18,Local,81.1,950.0,1200.0,1100.0
Maharashtra,"Sangli(Phale, Bhajipala Market) APMC",Potato,2026-07-18,Local,91.0,1000.0,1600.0,1300.0
Maharashtra,Satara APMC,Potato,2026-07-18,Other,68.8,1200.0,1400.0,1300.0
Maharashtra,Shrirampur APMC,Potato,2026-07-18,Other,10.0,1000.0,1400.0,1200.0
Maharashtra,Vadgaonpeth APMC,Potato,2026-07-18,Local,7.5,1700.0,1900.0,1800.0
Maharashtra,Vaduj APMC,Potato,2026-07-18,Local,2.0,1400.0,1500.0,1450.0
Maharashtra,Vita APMC,Potato,2026-07-18,Other,10.0,1500.0,1700.0,1600.0
Maharashtra,Ahilyanagar APMC,Potato,2026-07-19,Other,37.3,800.0,1500.0,1150.0
Maharashtra,Akluj APMC,Potato,2026-07-19,Other,9.5,1300.0,1500.0,1400.0
Maharashtra,Amrawati(Frui & Veg. Market) APMC,Potato,2026-07-19,Local,37.7,500.0,1500.0,1000.0
Maharashtra,Bhusaval APMC,Potato,2026-07-19,Other,7.0,1500.0,2000.0,1800.0
Maharashtra,Chattrapati Sambhajinagar APMC,Potato,2026-07-19,Other,117.0,700.0,1000.0,850.0
Maharashtra,Kamthi APMC,Potato,2026-07-19,Local,1.5,2030.0,2530.0,2280.0
Maharashtra,Khed APMC,Potato,2026-07-19,Other,10.4,900.0,1500.0,1300.0
Maharashtra,Khed(Chakan) APMC,Potato,2026-07-19,Other,100.0,1000.0,1500.0,1200.0
Maharashtra,Pune APMC,Potato,2026-07-19,Local,1161.0,700.0,1500.0,1100.0
Maharashtra,Pune(Khadiki) APMC,Potato,2026-07-19,Local,0.8,800.0,1200.0,1000.0
Maharashtra,Pune(Manjri) APMC,Potato,2026-07-19,Other,2.9,1300.0,1600.0,1500.0
Maharashtra,Pune(Moshi) APMC,Potato,2026-07-19,Local,124.0,900.0,1100.0,1000.0
Maharashtra,Rahata APMC,Potato,2026-07-19,Other,50.0,1200.0,1400.0,1300.0
Maharashtra,Rahuri APMC,Potato,2026-07-19,Other,4.5,1000.0,1700.0,1350.0
Maharashtra,Ramtek APMC,Potato,2026-07-19,Local,4.6,1000.0,1500.0,1300.0
Maharashtra,Satara APMC,Potato,2026-07-19,Other,36.4,1200.0,1400.0,1300.0
Maharashtra,Shrirampur APMC,Potato,2026-07-19,Other,16.0,1000.0,1400.0,1200.0
Maharashtra,Vaduj APMC,Potato,2026-07-19,Local,2.0,1400.0,1500.0,1450.0
Maharashtra,Vai APMC,Potato,2026-07-19,Local,2.0,1500.0,1700.0,1600.0
Maharashtra,Vita APMC,Potato,2026-07-19,Other,10.0,1500.0,1700.0,1600.0
Maharashtra,Ahilyanagar APMC,Potato,2026-07-20,Other,51.5,900.0,1800.0,1350.0
Maharashtra,Akluj APMC,Potato,2026-07-20,Local,11.0,1400.0,1600.0,1500.0
Maharashtra,Akola APMC,Potato,2026-07-20,Other,204.0,500.0,1200.0,900.0
Maharashtra,Amrawati(Frui & Veg. Market) APMC,Potato,2026-07-20,Local,40.6,700.0,1400.0,1050.0
Maharashtra,Chandrapur(Ganjwad) APMC,Potato,2026-07-20,Other,65.3,1200.0,1400.0,1300.0
Maharashtra,Chattrapati Sambhajinagar APMC,Potato,2026-07-20,Other,85.0,900.0,1300.0,1100.0
Maharashtra,HINGNA - APMC,Potato,2026-07-20,Local,2.6,1300.0,1600.0,1431.0
Maharashtra,Jalgaon APMC,Potato,2026-07-20,Other,65.0,500.0,1000.0,700.0
Maharashtra,Junnar(Narayangaon) APMC,Potato,2026-07-20,Other,11.2,1400.0,1500.0,1450.0
Maharashtra,Kalyan APMC,Potato,2026-07-20,Other,0.3,1200.0,1300.0,1250.0
Maharashtra,Kamthi APMC,Potato,2026-07-20,Local,1.7,2520.0,3020.0,2770.0
Maharashtra,Khed APMC,Potato,2026-07-20,Other,8.2,800.0,1600.0,1200.0
Maharashtra,Mumbai-Onion & Potato Market APMC,Potato,2026-07-20,Other,1129.4,700.0,1300.0,1000.0
Maharashtra,Nagpur APMC,Potato,2026-07-20,Local,280.0,800.0,1100.0,1025.0
Maharashtra,Nasik APMC,Potato,2026-07-20,Other,170.0,670.0,1340.0,810.0
Maharashtra,Pune APMC,Potato,2026-07-20,Local,523.3,800.0,1600.0,1200.0
Maharashtra,Pune(Khadiki) APMC,Potato,2026-07-20,Local,0.8,800.0,1200.0,1000.0
Maharashtra,Pune(Manjri) APMC,Potato,2026-07-20,Other,2.1,1400.0,1700.0,1500.0
Maharashtra,Pune(Moshi) APMC,Potato,2026-07-20,Local,32.5,800.0,1100.0,950.0
Maharashtra,Rahuri APMC,Potato,2026-07-20,Other,3.0,1300.0,1700.0,1500.0
Maharashtra,SHRI.SIDDHESHWAR  APMC,Potato,2026-07-20,Local,46.1,1000.0,1200.0,1100.0
Maharashtra,"Sangli(Phale, Bhajipala Market) APMC",Potato,2026-07-20,Local,124.0,900.0,1500.0,1200.0
Maharashtra,Satara APMC,Potato,2026-07-20,Other,23.9,1200.0,1400.0,1300.0
Maharashtra,Shrirampur APMC,Potato,2026-07-20,Other,11.0,1000.0,1400.0,1200.0
Maharashtra,Vaduj APMC,Potato,2026-07-20,Local,2.0,1400.0,1500.0,1450.0
Maharashtra,Vai APMC,Potato,2026-07-20,Local,2.0,1500.0,1800.0,1645.0
Maharashtra,Ahilyanagar APMC,Potato,2026-07-21,Other,56.4,800.0,1800.0,1300.0
Maharashtra,Akola APMC,Potato,2026-07-21,Other,59.0,500.0,1100.0,900.0
Maharashtra,Amrawati(Frui & Veg. Market) APMC,Potato,2026-07-21,Local,36.8,600.0,1400.0,1000.0
Maharashtra,Bhusaval APMC,Potato,2026-07-21,Other,3.7,1500.0,2000.0,1800.0
Maharashtra,Chattrapati Sambhajinagar APMC,Potato,2026-07-21,Other,102.0,600.0,1200.0,900.0
Maharashtra,HINGNA - APMC,Potato,2026-07-21,Local,0.3,1200.0,1500.0,1350.0
Maharashtra,Jalgaon APMC,Potato,2026-07-21,Other,48.0,500.0,1000.0,700.0
Maharashtra,Kalyan APMC,Potato,2026-07-21,Other,0.3,1100.0,1200.0,1150.0
Maharashtra,Kamthi APMC,Potato,2026-07-21,Local,2.5,3020.0,3520.0,3270.0
Maharashtra,Khed APMC,Potato,2026-07-21,Other,4.8,1000.0,1500.0,1300.0
Maharashtra,Khed(Chakan) APMC,Potato,2026-07-21,Other,90.0,1000.0,1500.0,1200.0
Maharashtra,Manchar APMC,Potato,2026-07-21,Other,0.8,800.0,1000.0,920.0
Maharashtra,Mumbai-Onion & Potato Market APMC,Potato,2026-07-21,Other,763.3,600.0,1200.0,900.0
Maharashtra,Nagpur APMC,Potato,2026-07-21,Local,245.0,800.0,1100.0,1025.0
Maharashtra,Nasik APMC,Potato,2026-07-21,Other,118.6,680.0,1350.0,830.0
Maharashtra,Pune APMC,Potato,2026-07-21,Local,779.2,800.0,1500.0,1150.0
Maharashtra,Pune(Khadiki) APMC,Potato,2026-07-21,Local,0.8,800.0,1200.0,1000.0
Maharashtra,Pune(Manjri) APMC,Potato,2026-07-21,Other,2.3,1300.0,1700.0,1500.0
Maharashtra,Pune(Moshi) APMC,Potato,2026-07-21,Local,62.0,800.0,1400.0,1100.0
Maharashtra,Rahata APMC,Potato,2026-07-21,Other,69.0,1000.0,1300.0,1150.0
Maharashtra,Rahuri APMC,Potato,2026-07-21,Other,2.1,1300.0,1300.0,1300.0
Maharashtra,Ramtek APMC,Potato,2026-07-21,Local,0.8,1000.0,1500.0,1200.0
Maharashtra,SHRI.SIDDHESHWAR  APMC,Potato,2026-07-21,Local,88.9,950.0,1250.0,1000.0
Maharashtra,"Sangli(Phale, Bhajipala Market) APMC",Potato,2026-07-21,Local,90.0,1000.0,1600.0,1300.0
Maharashtra,Satara APMC,Potato,2026-07-21,Other,24.5,1200.0,1400.0,1300.0
Maharashtra,Vadgaonpeth APMC,Potato,2026-07-21,Local,1.0,1700.0,2000.0,1800.0
Maharashtra,Vaduj APMC,Potato,2026-07-21,Local,1.5,1400.0,1500.0,1450.0
Maharashtra,Akluj APMC,Potato,2026-07-22,Local,11.5,1300.0,1400.0,1400.0
Maharashtra,Akola APMC,Potato,2026-07-22,Other,97.0,400.0,1200.0,800.0
Maharashtra,Amrawati(Frui & Veg. Market) APMC,Potato,2026-07-22,Local,33.9,700.0,1400.0,1050.0
Maharashtra,Bhusaval APMC,Potato,2026-07-22,Other,7.2,1500.0,2000.0,1800.0
Maharashtra,Chattrapati Sambhajinagar APMC,Potato,2026-07-22,Other,53.0,600.0,1100.0,850.0
Maharashtra,HINGNA - APMC,Potato,2026-07-22,Local,1.0,1300.0,1600.0,1450.0
Maharashtra,Jalgaon APMC,Potato,2026-07-22,Other,80.0,500.0,1000.0,700.0
Maharashtra,Junnar(Narayangaon) APMC,Potato,2026-07-22,Other,1.2,400.0,1600.0,1100.0
Maharashtra,Kalyan APMC,Potato,2026-07-22,Other,0.3,1100.0,1200.0,1150.0
Maharashtra,Kamthi APMC,Potato,2026-07-22,Local,0.2,3050.0,3550.0,3300.0
Maharashtra,Khed APMC,Potato,2026-07-22,Other,6.0,900.0,1500.0,1200.0
Maharashtra,Khed(Chakan) APMC,Potato,2026-07-22,Other,150.0,700.0,1500.0,1300.0
Maharashtra,Manchar APMC,Potato,2026-07-22,Other,0.5,1250.0,1250.0,1250.0
Maharashtra,Mumbai-Onion & Potato Market APMC,Potato,2026-07-22,Other,1156.8,600.0,1200.0,900.0
Maharashtra,Nagpur APMC,Potato,2026-07-22,Local,280.0,700.0,1100.0,1000.0
Maharashtra,Nasik APMC,Potato,2026-07-22,Other,121.0,700.0,1400.0,900.0
Maharashtra,Pune APMC,Potato,2026-07-22,Local,549.4,700.0,1500.0,1100.0
Maharashtra,Pune(Khadiki) APMC,Potato,2026-07-22,Local,0.7,800.0,1200.0,1000.0
Maharashtra,Rahata APMC,Potato,2026-07-22,Other,18.4,1000.0,1300.0,1150.0
Maharashtra,Ramtek APMC,Potato,2026-07-22,Local,0.5,1000.0,1500.0,1200.0
Maharashtra,SHRI.SIDDHESHWAR  APMC,Potato,2026-07-22,Local,42.9,900.0,1200.0,1000.0
Maharashtra,"Sangli(Phale, Bhajipala Market) APMC",Potato,2026-07-22,Local,115.0,800.0,1600.0,1200.0
Maharashtra,Satara APMC,Potato,2026-07-22,Other,47.0,1200.0,1400.0,1300.0
Maharashtra,Shrirampur APMC,Potato,2026-07-22,Other,13.5,800.0,1200.0,1000.0
Maharashtra,Vaduj APMC,Potato,2026-07-22,Local,1.9,1400.0,1500.0,1450.0
Maharashtra,Vai APMC,Potato,2026-07-22,Local,2.0,1500.0,1800.0,1650.0
Maharashtra,Ahilyanagar APMC,Potato,2026-07-23,Other,65.7,600.0,1800.0,1200.0
Maharashtra,Akluj APMC,Potato,2026-07-23,Local,12.5,1300.0,1500.0,1400.0
Maharashtra,Akola APMC,Potato,2026-07-23,Other,165.0,600.0,1200.0,1000.0
Maharashtra,Chandrapur(Ganjwad) APMC,Potato,2026-07-23,Other,57.0,1200.0,1300.0,1250.0
Maharashtra,Chattrapati Sambhajinagar APMC,Potato,2026-07-23,Other,192.0,1000.0,1300.0,1150.0
Maharashtra,HINGNA - APMC,Potato,2026-07-23,Local,0.9,1400.0,1500.0,1433.0
Maharashtra,Islampur APMC,Potato,2026-07-23,Other,3.5,1600.0,1800.0,1700.0
Maharashtra,Jalgaon APMC,Potato,2026-07-23,Other,63.0,500.0,1000.0,700.0
Maharashtra,Junnar(Narayangaon) APMC,Potato,2026-07-23,Other,1.2,1400.0,1600.0,1500.0
Maharashtra,Kalyan APMC,Potato,2026-07-23,Other,0.3,1000.0,1300.0,1200.0
Maharashtra,Kamthi APMC,Potato,2026-07-23,Local,0.4,3070.0,3570.0,3320.0
Maharashtra,Khed APMC,Potato,2026-07-23,Other,11.6,800.0,1500.0,1200.0
Maharashtra,Khed(Chakan) APMC,Potato,2026-07-23,Other,90.0,800.0,1500.0,1200.0
Maharashtra,Manchar APMC,Potato,2026-07-23,Other,1.0,900.0,1300.0,1150.0
Maharashtra,Mumbai-Onion & Potato Market APMC,Potato,2026-07-23,Other,1092.5,500.0,1100.0,800.0
Maharashtra,Nagpur APMC,Potato,2026-07-23,Local,157.5,800.0,1000.0,950.0
Maharashtra,Nasik APMC,Potato,2026-07-23,Other,148.0,650.0,1300.0,850.0
Maharashtra,Pune APMC,Potato,2026-07-23,Local,780.0,800.0,1500.0,1150.0
Maharashtra,Pune(Khadiki) APMC,Potato,2026-07-23,Local,0.8,800.0,1200.0,1000.0
Maharashtra,Pune(Manjri) APMC,Potato,2026-07-23,Other,4.5,1400.0,1700.0,1500.0
Maharashtra,Pune(Moshi) APMC,Potato,2026-07-23,Local,129.3,800.0,1000.0,900.0
Maharashtra,Rahata APMC,Potato,2026-07-23,Other,47.8,1000.0,1300.0,1150.0
Maharashtra,Rahuri APMC,Potato,2026-07-23,Other,5.8,1200.0,1700.0,1450.0
Maharashtra,Ramtek APMC,Potato,2026-07-23,Local,2.3,1000.0,1500.0,1200.0
Maharashtra,SHRI.SIDDHESHWAR  APMC,Potato,2026-07-23,Local,217.7,900.0,1150.0,1000.0
Maharashtra,"Sangli(Phale, Bhajipala Market) APMC",Potato,2026-07-23,Local,72.0,900.0,1500.0,1200.0
Maharashtra,Shrirampur APMC,Potato,2026-07-23,Other,10.0,800.0,1200.0,1000.0
Maharashtra,Vadgaonpeth APMC,Potato,2026-07-23,Local,7.8,1600.0,1800.0,1700.0
Maharashtra,Vaduj APMC,Potato,2026-07-23,Local,2.0,1400.0,1500.0,1450.0
Maharashtra,Vai APMC,Potato,2026-07-23,Local,1.7,1500.0,1800.0,1650.0
Maharashtra,Vita APMC,Potato,2026-07-23,Other,10.0,1500.0,1800.0,1600.0
Maharashtra,Ahilyanagar APMC,Potato,2026-07-24,Other,70.0,600.0,1800.0,1200.0
Maharashtra,Akluj APMC,Potato,2026-07-24,Local,11.0,1300.0,1400.0,1400.0
Maharashtra,Akola APMC,Potato,2026-07-24,Other,173.0,500.0,1200.0,900.0
Maharashtra,Amrawati(Frui & Veg. Market) APMC,Potato,2026-07-24,Local,44.9,500.0,1500.0,1000.0
Maharashtra,Bhusaval APMC,Potato,2026-07-24,Other,10.6,1500.0,2000.0,1800.0
Maharashtra,Chandrapur(Ganjwad) APMC,Potato,2026-07-24,Other,31.0,1100.0,1300.0,1200.0
Maharashtra,HINGNA - APMC,Potato,2026-07-24,Local,0.3,1400.0,1400.0,1400.0
Maharashtra,Jalgaon APMC,Potato,2026-07-24,Other,40.0,800.0,1000.0,900.0
Maharashtra,Kalyan APMC,Potato,2026-07-24,Other,0.3,1000.0,1200.0,1100.0
Maharashtra,Kamthi APMC,Potato,2026-07-24,Local,3.3,3060.0,3560.0,3310.0
Maharashtra,Khed APMC,Potato,2026-07-24,Other,8.1,800.0,1500.0,1200.0
Maharashtra,Khed(Chakan) APMC,Potato,2026-07-24,Other,80.0,800.0,1500.0,1200.0
Maharashtra,Mumbai-Onion & Potato Market APMC,Potato,2026-07-24,Other,974.9,600.0,1200.0,900.0
Maharashtra,Nasik APMC,Potato,2026-07-24,Other,164.7,700.0,1350.0,850.0
Maharashtra,Pune(Khadiki) APMC,Potato,2026-07-24,Local,0.7,800.0,1200.0,1000.0
Maharashtra,Pune(Manjri) APMC,Potato,2026-07-24,Other,5.5,1300.0,1600.0,1500.0
Maharashtra,Pune(Moshi) APMC,Potato,2026-07-24,Local,98.5,1000.0,1200.0,1100.0
Maharashtra,Rahata APMC,Potato,2026-07-24,Other,28.5,500.0,1300.0,900.0
Maharashtra,SHRI.SIDDHESHWAR  APMC,Potato,2026-07-24,Local,125.9,800.0,1250.0,1000.0
Maharashtra,Shrirampur APMC,Potato,2026-07-24,Other,13.5,800.0,1000.0,900.0
Maharashtra,Vadgaonpeth APMC,Potato,2026-07-24,Local,7.5,1500.0,1900.0,1600.0
Maharashtra,Vai APMC,Potato,2026-07-24,Local,1.5,1500.0,1800.0,1760.0
Maharashtra,Akluj APMC,Potato,2026-07-25,Local,11.5,1300.0,1500.0,1400.0
Maharashtra,Amrawati(Frui & Veg. Market) APMC,Potato,2026-07-25,Local,43.7,600.0,1500.0,1050.0
Maharashtra,Bhusaval APMC,Potato,2026-07-25,Other,3.6,1500.0,2000.0,1800.0
Maharashtra,Chandrapur(Ganjwad) APMC,Potato,2026-07-25,Other,36.0,1100.0,1300.0,1200.0
Maharashtra,Chattrapati Sambhajinagar APMC,Potato,2026-07-25,Other,192.0,1000.0,1400.0,1200.0
Maharashtra,HINGNA - APMC,Potato,2026-07-25,Local,0.8,1400.0,1500.0,1425.0
Maharashtra,Kamthi APMC,Potato,2026-07-25,Local,0.5,3060.0,3560.0,3310.0
Maharashtra,Nagpur APMC,Potato,2026-07-25,Local,140.0,800.0,1200.0,1100.0
Maharashtra,Nasik APMC,Potato,2026-07-25,Other,147.5,600.0,1300.0,800.0
Maharashtra,Pune(Khadiki) APMC,Potato,2026-07-25,Local,1.1,800.0,1200.0,1000.0
Maharashtra,Pune(Manjri) APMC,Potato,2026-07-25,Other,4.7,1300.0,1600.0,1500.0
Maharashtra,Pune(Moshi) APMC,Potato,2026-07-25,Local,59.5,1000.0,1200.0,1100.0
Maharashtra,Ramtek APMC,Potato,2026-07-25,Local,1.4,1000.0,1400.0,1200.0
Maharashtra,Satara APMC,Potato,2026-07-25,Other,41.5,1200.0,1400.0,1300.0
Maharashtra,Vaduj APMC,Potato,2026-07-25,Local,3.0,1400.0,1500.0,1450.0
Maharashtra,Vai APMC,Potato,2026-07-25,Local,2.0,1500.0,1800.0,1650.0
Maharashtra,Vita APMC,Potato,2026-07-25,Other,10.0,1500.0,1800.0,1600.0
Maharashtra,Ahilyanagar APMC,Potato,2026-07-26,Other,98.6,1000.0,1800.0,1400.0
Maharashtra,Akluj APMC,Potato,2026-07-26,Other,10.5,1200.0,1500.0,1400.0
Maharashtra,Amrawati(Frui & Veg. Market) APMC,Potato,2026-07-26,Local,51.0,500.0,1500.0,1000.0
Maharashtra,Bhusaval APMC,Potato,2026-07-26,Other,7.2,1500.0,2000.0,1800.0
Maharashtra,Chattrapati Sambhajinagar APMC,Potato,2026-07-26,Other,87.0,1000.0,1100.0,1050.0
Maharashtra,Kamthi APMC,Potato,2026-07-26,Local,2.2,3060.0,3560.0,3310.0
Maharashtra,Khed APMC,Potato,2026-07-26,Other,7.3,800.0,2000.0,1500.0
Maharashtra,Khed(Chakan) APMC,Potato,2026-07-26,Other,110.0,900.0,1500.0,1200.0
Maharashtra,Pune APMC,Potato,2026-07-26,Local,723.7,700.0,1500.0,1100.0
Maharashtra,Pune(Khadiki) APMC,Potato,2026-07-26,Local,0.9,800.0,1200.0,1000.0
Maharashtra,Pune(Manjri) APMC,Potato,2026-07-26,Other,3.5,1400.0,1600.0,1500.0
Maharashtra,Pune(Moshi) APMC,Potato,2026-07-26,Local,101.0,1000.0,1200.0,1100.0
Maharashtra,Rahata APMC,Potato,2026-07-26,Other,45.3,1000.0,1300.0,1150.0
Maharashtra,Rahuri APMC,Potato,2026-07-26,Other,1.1,1200.0,1700.0,1450.0
Maharashtra,Ramtek APMC,Potato,2026-07-26,Local,5.5,1000.0,1500.0,1300.0
Maharashtra,Satara APMC,Potato,2026-07-26,Other,10.0,1200.0,1400.0,1300.0
Maharashtra,Shrirampur APMC,Potato,2026-07-26,Other,13.0,800.0,1200.0,1000.0
Maharashtra,Vadgaonpeth APMC,Potato,2026-07-26,Local,10.0,1600.0,1800.0,1700.0
Maharashtra,Vaduj APMC,Potato,2026-07-26,Local,1.9,1400.0,1500.0,1450.0
Maharashtra,Vai APMC,Potato,2026-07-26,Local,2.0,1500.0,1800.0,1650.0
Maharashtra,Ahilyanagar APMC,Potato,2026-07-27,Other,36.1,800.0,1300.0,1050.0
Maharashtra,Akluj APMC,Potato,2026-07-27,Local,12.5,1300.0,1400.0,1400.0
Maharashtra,Akola APMC,Potato,2026-07-27,Other,213.0,500.0,1100.0,900.0
Maharashtra,Amrawati(Frui & Veg. Market) APMC,Potato,2026-07-27,Local,48.9,600.0,1500.0,1050.0
Maharashtra,Chandrapur(Ganjwad) APMC,Potato,2026-07-27,Other,88.0,1200.0,1350.0,1300.0
Maharashtra,Chattrapati Sambhajinagar APMC,Potato,2026-07-27,Other,89.0,700.0,1200.0,950.0
Maharashtra,HINGNA - APMC,Potato,2026-07-27,Local,3.0,1300.0,1500.0,1381.0
Maharashtra,Jalgaon APMC,Potato,2026-07-27,Other,80.0,700.0,1300.0,1000.0
Maharashtra,Kalyan APMC,Potato,2026-07-27,Other,0.3,900.0,1500.0,1200.0
Maharashtra,Kamthi APMC,Potato,2026-07-27,Local,1.0,3020.0,3520.0,3270.0
Maharashtra,Khed APMC,Potato,2026-07-27,Other,10.8,800.0,1500.0,1200.0
Maharashtra,Mumbai-Onion & Potato Market APMC,Potato,2026-07-27,Other,1156.9,700.0,1300.0,1000.0
Maharashtra,Nagpur APMC,Potato,2026-07-27,Local,297.5,800.0,1100.0,1025.0
Maharashtra,Nasik APMC,Potato,2026-07-27,Other,199.0,550.0,1300.0,800.0
Maharashtra,Pune APMC,Potato,2026-07-27,Local,855.1,700.0,1500.0,1100.0
Maharashtra,Pune(Khadiki) APMC,Potato,2026-07-27,Local,0.7,800.0,1200.0,1000.0
Maharashtra,Pune(Manjri) APMC,Potato,2026-07-27,Other,2.9,1300.0,1600.0,1500.0
Maharashtra,Pune(Moshi) APMC,Potato,2026-07-27,Local,81.5,1000.0,1200.0,1100.0
Maharashtra,SHRI.SIDDHESHWAR  APMC,Potato,2026-07-27,Local,42.1,1000.0,1300.0,1100.0
Maharashtra,"Sangli(Phale, Bhajipala Market) APMC",Potato,2026-07-27,Local,120.0,1000.0,1600.0,1300.0
Maharashtra,Satara APMC,Potato,2026-07-27,Other,2.0,1200.0,1400.0,1300.0
Maharashtra,Shrirampur APMC,Potato,2026-07-27,Other,9.5,1000.0,1200.0,1100.0
Maharashtra,Vaduj APMC,Potato,2026-07-27,Local,2.0,1400.0,1500.0,1450.0
Maharashtra,Vai APMC,Potato,2026-07-27,Local,1.8,1500.0,1900.0,1630.0
Maharashtra,APMC CHANDRAPUR,Potato,2026-07-28,Other,71.0,1100.0,1350.0,1250.0
Maharashtra,Ahilyanagar APMC,Potato,2026-07-28,Other,47.0,500.0,1800.0,1150.0
Maharashtra,Akola APMC,Potato,2026-07-28,Other,54.0,500.0,1100.0,900.0
Maharashtra,Amrawati(Frui & Veg. Market) APMC,Potato,2026-07-28,Local,42.0,500.0,1500.0,1000.0
Maharashtra,Chandrapur(Ganjwad) APMC,Potato,2026-07-28,Other,71.0,1100.0,1350.0,1250.0
Maharashtra,Chattrapati Sambhajinagar APMC,Potato,2026-07-28,Other,107.0,800.0,1100.0,950.0
Maharashtra,HINGNA - APMC,Potato,2026-07-28,Local,0.6,1400.0,1500.0,1450.0
Maharashtra,Jalgaon APMC,Potato,2026-07-28,Other,30.0,800.0,1000.0,900.0
Maharashtra,Kalyan APMC,Potato,2026-07-28,Other,0.3,800.0,1200.0,1000.0
Maharashtra,Kamthi APMC,Potato,2026-07-28,Local,2.0,3060.0,3560.0,3310.0
Maharashtra,Khed APMC,Potato,2026-07-28,Other,6.0,1000.0,1500.0,1300.0
Maharashtra,Khed(Chakan) APMC,Potato,2026-07-28,Other,125.0,600.0,1500.0,1100.0
Maharashtra,Manchar APMC,Potato,2026-07-28,Other,0.5,500.0,1100.0,820.0
Maharashtra,Mumbai-Onion & Potato Market APMC,Potato,2026-07-28,Other,1111.8,600.0,1200.0,900.0
Maharashtra,Nagpur APMC,Potato,2026-07-28,Local,245.0,800.0,1100.0,1025.0
Maharashtra,Nasik APMC,Potato,2026-07-28,Other,130.0,500.0,1300.0,750.0
Maharashtra,Pune(Khadiki) APMC,Potato,2026-07-28,Local,0.6,800.0,1200.0,1000.0
Maharashtra,Pune(Manjri) APMC,Potato,2026-07-28,Other,3.9,1400.0,1600.0,1500.0
Maharashtra,Pune(Moshi) APMC,Potato,2026-07-28,Local,37.5,1000.0,1500.0,1250.0
Maharashtra,Rahata APMC,Potato,2026-07-28,Other,72.8,1000.0,1200.0,1100.0
Maharashtra,Rahuri APMC,Potato,2026-07-28,Other,2.3,1200.0,1700.0,1450.0
Maharashtra,Ramtek APMC,Potato,2026-07-28,Local,2.7,1000.0,1500.0,1300.0
Maharashtra,SHRI.SIDDHESHWAR  APMC,Potato,2026-07-28,Local,101.8,700.0,1200.0,1000.0
Maharashtra,Satara APMC,Potato,2026-07-28,Other,34.3,1200.0,1400.0,1300.0
Maharashtra,Vaduj APMC,Potato,2026-07-28,Local,2.0,1400.0,1500.0,1450.0
Maharashtra,Vai APMC,Potato,2026-07-28,Local,2.0,1500.0,1800.0,1650.0
Maharashtra,Akola APMC,Potato,2026-07-29,Other,120.0,500.0,1200.0,1000.0
Maharashtra,Amrawati(Frui & Veg. Market) APMC,Potato,2026-07-29,Local,40.7,700.0,1400.0,1050.0
Maharashtra,Bhusaval APMC,Potato,2026-07-29,Other,3.3,1500.0,2000.0,1800.0
Maharashtra,Chandrapur(Ganjwad) APMC,Potato,2026-07-29,Other,85.6,1100.0,1350.0,1250.0
Maharashtra,Chattrapati Sambhajinagar APMC,Potato,2026-07-29,Other,96.0,800.0,1200.0,1000.0
Maharashtra,HINGNA - APMC,Potato,2026-07-29,Local,0.5,1400.0,1500.0,1450.0
Maharashtra,Jalgaon APMC,Potato,2026-07-29,Other,80.0,700.0,1200.0,900.0
Maharashtra,Junnar(Narayangaon) APMC,Potato,2026-07-29,Other,4.2,400.0,1400.0,800.0
Maharashtra,Kalyan APMC,Potato,2026-07-29,Other,0.3,1000.0,1500.0,1250.0
Maharashtra,Kamthi APMC,Potato,2026-07-29,Local,1.0,3060.0,3560.0,3310.0
Maharashtra,Khed APMC,Potato,2026-07-29,Other,5.6,800.0,2100.0,1500.0
Maharashtra,Khed(Chakan) APMC,Potato,2026-07-29,Other,125.0,800.0,1500.0,1200.0
Maharashtra,Mumbai-Onion & Potato Market APMC,Potato,2026-07-29,Other,892.8,600.0,1200.0,900.0
Maharashtra,Nagpur APMC,Potato,2026-07-29,Local,350.0,800.0,1100.0,1025.0
Maharashtra,Nasik APMC,Potato,2026-07-29,Other,122.0,600.0,1350.0,800.0
Maharashtra,Pune APMC,Potato,2026-07-29,Local,609.9,700.0,1500.0,1100.0
Maharashtra,Pune(Khadiki) APMC,Potato,2026-07-29,Local,0.7,900.0,1200.0,1050.0
Maharashtra,Pune(Manjri) APMC,Potato,2026-07-29,Other,3.1,1400.0,1600.0,1500.0
Maharashtra,Ramtek APMC,Potato,2026-07-29,Local,2.3,1000.0,1500.0,1300.0
Maharashtra,SHRI.SIDDHESHWAR  APMC,Potato,2026-07-29,Local,66.9,1000.0,12500.0,1100.0
Maharashtra,"Sangli(Phale, Bhajipala Market) APMC",Potato,2026-07-29,Local,155.0,1000.0,1600.0,1300.0
Maharashtra,Satara APMC,Potato,2026-07-29,Other,3.5,1200.0,1400.0,1300.0
Maharashtra,Shrirampur APMC,Potato,2026-07-29,Other,13.0,800.0,1200.0,1000.0
Maharashtra,Vaduj APMC,Potato,2026-07-29,Local,2.5,1400.0,1500.0,1450.0
Maharashtra,Vai APMC,Potato,2026-07-29,Local,1.7,1500.0,1800.0,1650.0
Maharashtra,Akluj APMC,Potato,2026-07-30,Other,11.5,1200.0,1400.0,1300.0
Maharashtra,Akola APMC,Potato,2026-07-30,Other,158.0,500.0,1100.0,900.0
Maharashtra,Bhusaval APMC,Potato,2026-07-30,Other,3.4,1500.0,2000.0,1800.0
Maharashtra,Chandrapur(Ganjwad) APMC,Potato,2026-07-30,Other,39.0,1250.0,1350.0,1300.0
Maharashtra,Chattrapati Sambhajinagar APMC,Potato,2026-07-30,Other,75.0,600.0,1200.0,900.0
Maharashtra,HINGNA - APMC,Potato,2026-07-30,Local,2.2,1300.0,1500.0,1366.0
Maharashtra,Kalyan APMC,Potato,2026-07-30,Other,0.3,1000.0,1200.0,1100.0
Maharashtra,Kamthi APMC,Potato,2026-07-30,Local,1.7,3060.0,3560.0,3310.0
Maharashtra,Khed APMC,Potato,2026-07-30,Other,6.1,900.0,1500.0,1200.0
Maharashtra,Khed(Chakan) APMC,Potato,2026-07-30,Other,100.0,900.0,1500.0,1200.0
Maharashtra,Manchar APMC,Potato,2026-07-30,Other,1.2,750.0,1000.0,880.0
Maharashtra,Mumbai-Onion & Potato Market APMC,Potato,2026-07-30,Other,1006.7,600.0,1200.0,900.0
Maharashtra,Nagpur APMC,Potato,2026-07-30,Local,227.5,800.0,1100.0,1025.0
Maharashtra,Nasik APMC,Potato,2026-07-30,Other,154.5,650.0,1300.0,800.0
Maharashtra,Pune APMC,Potato,2026-07-30,Local,629.2,700.0,1500.0,1100.0
Maharashtra,Pune(Khadiki) APMC,Potato,2026-07-30,Local,0.7,800.0,1200.0,1000.0
Maharashtra,Pune(Manjri) APMC,Potato,2026-07-30,Other,2.6,1400.0,1600.0,1500.0
Maharashtra,Pune(Moshi) APMC,Potato,2026-07-30,Local,160.5,700.0,1500.0,1100.0
Maharashtra,Rahuri APMC,Potato,2026-07-30,Other,3.5,1000.0,2000.0,1500.0
Maharashtra,SHRI.SIDDHESHWAR  APMC,Potato,2026-07-30,Local,41.7,900.0,1250.0,1000.0
Maharashtra,"Sangli(Phale, Bhajipala Market) APMC",Potato,2026-07-30,Local,17.7,1000.0,1600.0,1300.0
Maharashtra,Satara APMC,Potato,2026-07-30,Other,12.0,1200.0,1400.0,1300.0
Maharashtra,Shrirampur APMC,Potato,2026-07-30,Other,11.0,1000.0,1200.0,1100.0
Maharashtra,Vaduj APMC,Potato,2026-07-30,Local,2.0,1400.0,1500.0,1450.0
Maharashtra,Vai APMC,Potato,2026-07-30,Local,2.0,1500.0,1900.0,1750.0
Maharashtra,Vita APMC,Potato,2026-07-30,Other,10.0,1500.0,1800.0,1700.0
Maharashtra,Ahilyanagar APMC,Potato,2026-07-31,Other,36.4,700.0,1800.0,1250.0
Maharashtra,Akluj APMC,Potato,2026-07-31,Other,9.5,1200.0,1400.0,1300.0
Maharashtra,Akola APMC,Potato,2026-07-31,Other,147.0,500.0,1000.0,900.0
Maharashtra,Amrawati(Frui & Veg. Market) APMC,Potato,2026-07-31,Local,36.0,500.0,1500.0,1000.0
Maharashtra,Bhusaval APMC,Potato,2026-07-31,Other,4.0,1500.0,2000.0,1800.0
Maharashtra,Chandrapur(Ganjwad) APMC,Potato,2026-07-31,Other,20.0,1250.0,1350.0,1300.0
Maharashtra,HINGNA - APMC,Potato,2026-07-31,Local,0.8,1300.0,1300.0,1300.0
Maharashtra,Jalgaon APMC,Potato,2026-07-31,Other,73.0,300.0,700.0,500.0
Maharashtra,Junnar(Narayangaon) APMC,Potato,2026-07-31,Other,6.0,1200.0,1400.0,1300.0
Maharashtra,Kamthi APMC,Potato,2026-07-31,Local,5.1,3040.0,3540.0,3290.0
Maharashtra,Khed APMC,Potato,2026-07-31,Other,6.1,900.0,1500.0,1200.0
Maharashtra,Khed(Chakan) APMC,Potato,2026-07-31,Other,90.0,900.0,1500.0,1200.0
Maharashtra,Mumbai-Onion & Potato Market APMC,Potato,2026-07-31,Other,1086.7,600.0,1200.0,900.0
Maharashtra,Nasik APMC,Potato,2026-07-31,Other,134.5,550.0,1250.0,750.0
Maharashtra,Pune(Khadiki) APMC,Potato,2026-07-31,Local,0.5,700.0,1200.0,950.0
Maharashtra,Pune(Manjri) APMC,Potato,2026-07-31,Other,1.7,1400.0,1700.0,1500.0
Maharashtra,Pune(Moshi) APMC,Potato,2026-07-31,Local,54.0,1000.0,1500.0,1250.0
Maharashtra,Rahata APMC,Potato,2026-07-31,Other,0.1,1000.0,1000.0,1000.0
Maharashtra,SHRI.SIDDHESHWAR  APMC,Potato,2026-07-31,Local,58.5,900.0,1200.0,1100.0
Maharashtra,Shrirampur APMC,Potato,2026-07-31,Other,12.0,800.0,1200.0,1000.0
Maharashtra,Vai APMC,Potato,2026-07-31,Local,2.0,1500.0,1800.0,1650.0
