state,market,commodity,arrival_date,variety,arrivals_mt,min_price,max_price,modal_price
Maharashtra,AGRICULTURE PRODUCE MARKET COMITEE CHANDWAD,Onion,2026-02-01,Red,687.1,600.0,1226.0,970.0
Maharashtra,Akluj APMC,Onion,2026-02-01,Red,43.0,200.0,1600.0,900.0
Maharashtra,Akole APMC,Onion,2026-02-01,Other,37.5,100.0,1425.0,762.0
Maharashtra,Amrawati(Frui & Veg. Market) APMC,Onion,2026-02-01,Red,42.0,800.0,2700.0,1750.0
Maharashtra,Bhusaval APMC,Onion,2026-02-01,Red,4.9,1000.0,1600.0,1200.0
Maharashtra,Chattrapati Sambhajinagar APMC,Onion,2026-02-01,Other,451.5,400.0,1200.0,800.0
Maharashtra,Junnar(Alephata) APMC,Onion,2026-02-01,Other,1241.5,1000.0,1800.0,1300.0
Maharashtra,Junnar(Narayangaon) APMC,Onion,2026-02-01,Other,3.8,300.0,1600.0,900.0
Maharashtra,Junnar(Otur) APMC,Onion,2026-02-01,Red,733.8,500.0,1700.0,1100.0
Maharashtra,Kalyan APMC,Onion,2026-02-01,1st Sort,0.3,1600.0,1800.0,1700.0
Maharashtra,Kalyan APMC,Onion,2026-02-01,2nd Sort,0.3,800.0,1000.0,900.0
Maharashtra,Kamthi APMC,Onion,2026-02-01,Local,1.6,2060.0,2560.0,2310.0
Maharashtra,Manchar APMC,Onion,2026-02-01,Other,1442.4,1400.0,1650.0,1525.0
Maharashtra,Mangal Wedha APMC,Onion,2026-02-01,Local,3.1,100.0,1500.0,1100.0
Maharashtra,Nagpur APMC,Onion,2026-02-01,Red,124.0,1200.0,1600.0,1500.0
Maharashtra,Nagpur APMC,Onion,2026-02-01,White,100.0,1600.0,2200.0,2050.0
Maharashtra,"Omchatinya Multi State Agro Purpose Co-Op Society, Dist Ahilyanagar",Onion,2026-02-01,Red,356.32,100.0,1400.0,900.0
Maharashtra,Parner APMC,Onion,2026-02-01,Red,290.0,200.0,1600.0,1100.0
Maharashtra,Pathardi APMC,Onion,2026-02-01,Red,202.7,100.0,1600.0,900.0
Maharashtra,Pune APMC,Onion,2026-02-01,Local,1965.8,400.0,1600.0,1000.0
Maharashtra,Pune(Khadiki) APMC,Onion,2026-02-01,Local,0.5,800.0,1100.0,950.0
Maharashtra,Pune(Manjri) APMC,Onion,2026-02-01,Local,10.9,400.0,1300.0,900.0
Maharashtra,Pune(Moshi) APMC,Onion,2026-02-01,Local,88.7,500.0,1500.0,1000.0
Maharashtra,Pune(Pimpri) APMC,Onion,2026-02-01,Local,1.3,1200.0,1600.0,1400.0
Maharashtra,Rahata APMC,Onion,2026-02-01,Other,286.8,400.0,1550.0,1100.0
Maharashtra,Rahuri APMC,Onion,2026-02-01,Other,506.7,100.0,1300.0,700.0
Maharashtra,Ramtek APMC,Onion,2026-02-01,Other,5.0,1100.0,1500.0,1300.0
Maharashtra,Satara APMC,Onion,2026-02-01,Other,33.0,1000.0,2000.0,1500.0
Maharashtra,Shrigonda APMC,Onion,2026-02-01,Other,112.8,300.0,1200.0,1000.0
Maharashtra,Vaduj APMC,Onion,2026-02-01,Local,5.0,1000.0,2000.0,1500.0
Maharashtra,Vai APMC,Onion,2026-02-01,Local,2.0,1000.0,2000.0,1500.0
Maharashtra,AGRICULTURE PRODUCE MARKET COMITEE CHANDWAD,Onion,2026-02-02,Red,1599.3,552.0,1262.0,980.0
Maharashtra,Akola APMC,Onion,2026-02-02,Other,95.5,600.0,1700.0,1200.0
Maharashtra,Amrawati(Frui & Veg. Market) APMC,Onion,2026-02-02,Red,45.0,700.0,2800.0,1750.0
Maharashtra,Chattrapati Sambhajinagar APMC,Onion,2026-02-02,Other,223.1,500.0,1400.0,950.0
Maharashtra,Devala APMC,Onion,2026-02-02,Red,839.2,150.0,1300.0,1075.0
Maharashtra,HINGNA - APMC,Onion,2026-02-02,Red,2.2,1200.0,2200.0,1816.0
Maharashtra,Jalgaon APMC,Onion,2026-02-02,Red,294.6,375.0,1212.0,800.0
Maharashtra,Junnar(Narayangaon) APMC,Onion,2026-02-02,Other,6.0,300.0,1500.0,850.0
Maharashtra,Kalvan APMC,Onion,2026-02-02,Red,535.0,400.0,1395.0,1050.0
Maharashtra,Kalyan APMC,Onion,2026-02-02,1st Sort,0.3,1400.0,1500.0,1450.0
Maharashtra,Kalyan APMC,Onion,2026-02-02,2nd Sort,0.3,1200.0,1300.0,1250.0
Maharashtra,Karad APMC,Onion,2026-02-02,Other,15.0,500.0,1300.0,1300.0
Maharashtra,Kolhapur APMC,Onion,2026-02-02,Other,647.5,500.0,1600.0,1200.0
Maharashtra,Kopargaon APMC,Onion,2026-02-02,Red,265.6,400.0,1200.0,950.0
Maharashtra,Kurdwadi(Modnimb) APMC,Onion,2026-02-02,Red,86.4,151.0,1253.0,850.0
Maharashtra,Lasalgaon APMC,Onion,2026-02-02,Red,2993.2,500.0,1480.0,1150.0
Maharashtra,Lasalgaon(Niphad) APMC,Onion,2026-02-02,Red,544.0,500.0,1200.0,1100.0
Maharashtra,Lasalgaon(Vinchur) APMC,Onion,2026-02-02,Red,1992.4,500.0,1280.0,1100.0
Maharashtra,Lasur Station APMC,Onion,2026-02-02,Other,560.0,150.0,1176.0,675.0
Maharashtra,"Laxmi-Sopan Agriculture Produce Marketing Co Ltd, Barshi, Dist Solapur",Onion,2026-02-02,Other,1176.1,500.0,1500.0,1100.0
Maharashtra,Lonand APMC,Onion,2026-02-02,Other,375.0,400.0,1400.0,950.0
Maharashtra,Mangal Wedha APMC,Onion,2026-02-02,Local,33.8,100.0,1500.0,950.0
Maharashtra,Manmad APMC,Onion,2026-02-02,Red,1761.4,200.0,1307.0,1000.0
Maharashtra,Mumbai-Onion & Potato Market APMC,Onion,2026-02-02,Other,1689.3,800.0,1800.0,1300.0
Maharashtra,Nagpur APMC,Onion,2026-02-02,Red,200.0,1200.0,1500.0,1425.0
Maharashtra,Nagpur APMC,Onion,2026-02-02,White,150.0,1500.0,2000.0,1875.0
Maharashtra,Nandgaon APMC,Onion,2026-02-02,Red,2212.5,100.0,1155.0,850.0
Maharashtra,Newasa(Ghodegaon) APMC,Onion,2026-02-02,Red,1679.0,300.0,1400.0,900.0
Maharashtra,Pimpalgaon Baswant APMC,Onion,2026-02-02,Pole,3021.2,300.0,1330.0,1000.0
Maharashtra,Pimpalgaon Baswant(Saykheda) APMC,Onion,2026-02-02,Red,549.3,600.0,1200.0,950.0
Maharashtra,Pune APMC,Onion,2026-02-02,Local,1576.4,400.0,1600.0,1000.0
Maharashtra,Pune(Khadiki) APMC,Onion,2026-02-02,Local,0.9,700.0,1200.0,950.0
Maharashtra,Pune(Manjri) APMC,Onion,2026-02-02,Local,6.5,900.0,1600.0,1200.0
Maharashtra,Pune(Moshi) APMC,Onion,2026-02-02,Local,68.0,500.0,1500.0,1000.0
Maharashtra,Pune(Pimpri) APMC,Onion,2026-02-02,Local,1.1,900.0,1600.0,1250.0
Maharashtra,Rahuri(Vambori) APMC,Onion,2026-02-02,Red,591.5,100.0,1400.0,900.0
Maharashtra,SHRI.SIDDHESHWAR  APMC,Onion,2026-02-02,Red,5343.7,100.0,2200.0,800.0
Maharashtra,Sangamner APMC,Onion,2026-02-02,Red,1202.8,151.0,1551.0,851.0
Maharashtra,"Sangli(Phale, Bhajipala Market) APMC",Onion,2026-02-02,Local,760.2,500.0,1600.0,1050.0
Maharashtra,Satana APMC,Onion,2026-02-02,Red,903.5,210.0,1230.0,950.0
Maharashtra,Satara APMC,Onion,2026-02-02,Other,25.8,1000.0,2000.0,1500.0
Maharashtra,Shevgaon APMC,Onion,2026-02-02,1st Sort,113.0,1100.0,1400.0,1250.0
Maharashtra,Shevgaon APMC,Onion,2026-02-02,2nd Sort,83.8,600.0,1000.0,750.0
Maharashtra,Shevgaon APMC,Onion,2026-02-02,Other,101.7,200.0,500.0,350.0
Maharashtra,Shrigonda APMC,Onion,2026-02-02,Other,79.9,300.0,1200.0,900.0
Maharashtra,Sinner APMC,Onion,2026-02-02,Red,449.1,400.0,1175.0,950.0
Maharashtra,Vaduj APMC,Onion,2026-02-02,Local,2.5,1000.0,1350.0,1250.0
Maharashtra,Vaijpur APMC,Onion,2026-02-02,Red,663.0,250.0,1250.0,1100.0
Maharashtra,Vita APMC,Onion,2026-02-02,Other,5.0,1000.0,1600.0,1450.0
Maharashtra,Yeola APMC,Onion,2026-02-02,Red,1770.0,240.0,1251.0,950.0
Maharashtra,AGRICULTURE PRODUCE MARKET COMITEE CHANDWAD,Onion,2026-02-03,Red,2197.3,600.0,1286.0,1030.0
Maharashtra,APMC Yawal,Onion,2026-02-03,Red,40.0,700.0,950.0,820.0
Maharashtra,Akole APMC,Onion,2026-02-03,Other,50.0,150.0,1251.0,700.0
Maharashtra,Amrawati(Frui & Veg. Market) APMC,Onion,2026-02-03,Red,39.0,800.0,2700.0,1750.0
Maharashtra,Bhusaval APMC,Onion,2026-02-03,Red,4.4,600.0,1000.0,800.0
Maharashtra,Chattrapati Sambhajinagar APMC,Onion,2026-02-03,Other,194.6,700.0,1100.0,900.0
Maharashtra,Devala APMC,Onion,2026-02-03,Red,987.7,175.0,1255.0,1050.0
Maharashtra,Dharashiv APMC,Onion,2026-02-03,Red,2.5,800.0,1200.0,1000.0
Maharashtra,HINGNA - APMC,Onion,2026-02-03,Red,1.4,1300.0,2000.0,1650.0
Maharashtra,Islampur APMC,Onion,2026-02-03,Local,7.2,500.0,1700.0,1300.0
Maharashtra,Jalgaon APMC,Onion,2026-02-03,Red,195.8,400.0,1175.0,787.0
Maharashtra,Kalvan APMC,Onion,2026-02-03,Red,570.0,300.0,1465.0,1100.0
Maharashtra,Kalyan APMC,Onion,2026-02-03,1st Sort,0.3,1700.0,1800.0,1750.0
Maharashtra,Kalyan APMC,Onion,2026-02-03,2nd Sort,0.3,1500.0,1600.0,1550.0
Maharashtra,Kamthi APMC,Onion,2026-02-03,Local,1.6,2060.0,2560.0,2310.0
Maharashtra,Karad APMC,Onion,2026-02-03,Other,9.9,1000.0,1400.0,1400.0
Maharashtra,Karjat APMC,Onion,2026-02-03,Local,7.4,300.0,1100.0,900.0
Maharashtra,Khed(Chakan) APMC,Onion,2026-02-03,Other,30.0,1000.0,1500.0,1200.0
Maharashtra,Kolhapur APMC,Onion,2026-02-03,Other,565.9,500.0,1700.0,1200.0
Maharashtra,Kopargaon APMC,Onion,2026-02-03,Red,201.6,500.0,1250.0,1001.0
Maharashtra,Lasalgaon APMC,Onion,2026-02-03,Red,2753.0,500.0,1455.0,1140.0
Maharashtra,Lasalgaon(Niphad) APMC,Onion,2026-02-03,Red,501.6,500.0,1300.0,1150.0
Maharashtra,Lasalgaon(Vinchur) APMC,Onion,2026-02-03,Red,1836.0,600.0,1315.0,1125.0
Maharashtra,Lasur Station APMC,Onion,2026-02-03,Other,450.0,200.0,1185.0,775.0
Maharashtra,"Laxmi-Sopan Agriculture Produce Marketing Co Ltd, Barshi, Dist Solapur",Onion,2026-02-03,Other,926.2,500.0,1500.0,1100.0
Maharashtra,Manchar APMC,Onion,2026-02-03,Other,1117.7,900.0,1800.0,1350.0
Maharashtra,Manmad APMC,Onion,2026-02-03,Red,1590.4,100.0,1360.0,900.0
Maharashtra,Mumbai-Onion & Potato Market APMC,Onion,2026-02-03,Other,989.6,900.0,1800.0,1350.0
Maharashtra,Nagpur APMC,Onion,2026-02-03,Red,100.0,1200.0,1500.0,1425.0
Maharashtra,Nagpur APMC,Onion,2026-02-03,White,82.0,1500.0,2000.0,1875.0
Maharashtra,Nandgaon APMC,Onion,2026-02-03,Red,1886.2,100.0,1300.0,850.0
Maharashtra,"Omchatinya Multi State Agro Purpose Co-Op Society, Dist Ahilyanagar",Onion,2026-02-03,Red,302.15,100.0,1300.0,950.0
Maharashtra,Phaltan APMC,Onion,2026-02-03,Hybrid,111.9,300.0,1412.0,1000.0
Maharashtra,Pimpalgaon Baswant APMC,Onion,2026-02-03,Pole,2641.1,350.0,1361.0,1050.0
Maharashtra,Pimpalgaon Baswant(Saykheda) APMC,Onion,2026-02-03,Red,571.3,700.0,1167.0,1000.0
Maharashtra,Pune APMC,Onion,2026-02-03,Local,1733.5,500.0,1500.0,1000.0
Maharashtra,Pune(Manjri) APMC,Onion,2026-02-03,Local,6.9,900.0,1800.0,1200.0
Maharashtra,Pune(Moshi) APMC,Onion,2026-02-03,Local,54.5,500.0,1400.0,950.0
Maharashtra,Pune(Pimpri) APMC,Onion,2026-02-03,Local,1.3,900.0,1600.0,1250.0
Maharashtra,Rahata APMC,Onion,2026-02-03,Red,199.8,300.0,1400.0,1050.0
Maharashtra,Rahuri APMC,Onion,2026-02-03,Other,587.8,100.0,1400.0,750.0
Maharashtra,Ramtek APMC,Onion,2026-02-03,Other,1.6,1100.0,1500.0,1300.0
Maharashtra,SHRI.SIDDHESHWAR  APMC,Onion,2026-02-03,Red,4153.0,100.0,2000.0,750.0
Maharashtra,Sangamner APMC,Onion,2026-02-03,Red,917.6,151.0,1500.0,825.0
Maharashtra,"Sangli(Phale, Bhajipala Market) APMC",Onion,2026-02-03,Local,520.0,500.0,1500.0,1000.0
Maharashtra,Satana APMC,Onion,2026-02-03,Red,901.5,225.0,1270.0,1070.0
Maharashtra,Satara APMC,Onion,2026-02-03,Other,10.5,500.0,2000.0,1250.0
Maharashtra,Vaduj APMC,Onion,2026-02-03,Local,2.5,500.0,1500.0,1000.0
Maharashtra,Vaijpur APMC,Onion,2026-02-03,Red,624.0,200.0,1275.0,1100.0
Maharashtra,AGRICULTURE PRODUCE MARKET COMITEE CHANDWAD,Onion,2026-02-04,Red,2054.0,600.0,1300.0,1050.0
Maharashtra,Akluj APMC,Onion,2026-02-04,Other,37.7,200.0,1800.0,1000.0
Maharashtra,Amrawati(Frui & Veg. Market) APMC,Onion,2026-02-04,Red,37.0,700.0,2800.0,1750.0
Maharashtra,Bhusaval APMC,Onion,2026-02-04,Red,2.9,1000.0,1500.0,1200.0
Maharashtra,Chandrapur(Ganjwad) APMC,Onion,2026-02-04,Other,300.0,1000.0,2500.0,2000.0
Maharashtra,Chattrapati Sambhajinagar APMC,Onion,2026-02-04,Other,139.9,400.0,1300.0,850.0
Maharashtra,Devala APMC,Onion,2026-02-04,Red,877.7,210.0,1245.0,1050.0
Maharashtra,Dharashiv APMC,Onion,2026-02-04,Red,1.2,1000.0,1100.0,1050.0
Maharashtra,HINGNA - APMC,Onion,2026-02-04,Red,0.6,1200.0,2000.0,1600.0
Maharashtra,Jalgaon APMC,Onion,2026-02-04,Red,184.1,375.0,1312.0,862.0
Maharashtra,Kalyan APMC,Onion,2026-02-04,1st Sort,0.3,1000.0,1800.0,1400.0
Maharashtra,Kalyan APMC,Onion,2026-02-04,2nd Sort,0.3,800.0,1200.0,1000.0
Maharashtra,Kamthi APMC,Onion,2026-02-04,Local,0.6,2080.0,2580.0,2330.0
Maharashtra,Karad APMC,Onion,2026-02-04,Other,9.9,1000.0,1400.0,1400.0
Maharashtra,Khed(Chakan) APMC,Onion,2026-02-04,Other,750.0,1000.0,1600.0,1200.0
Maharashtra,Kolhapur APMC,Onion,2026-02-04,Other,739.0,500.0,1600.0,1200.0
Maharashtra,Kopargaon APMC,Onion,2026-02-04,Red,331.2,400.0,1225.0,1000.0
Maharashtra,Lasalgaon APMC,Onion,2026-02-04,Red,2762.4,500.0,1401.0,1151.0
Maharashtra,Lasalgaon(Niphad) APMC,Onion,2026-02-04,Red,611.6,500.0,1219.0,1100.0
Maharashtra,Lasalgaon(Vinchur) APMC,Onion,2026-02-04,Red,1990.7,500.0,1300.0,1100.0
Maharashtra,Lasur Station APMC,Onion,2026-02-04,Other,452.0,200.0,1184.0,800.0
Maharashtra,"Laxmi-Sopan Agriculture Produce Marketing Co Ltd, Barshi, Dist Solapur",Onion,2026-02-04,Other,922.0,600.0,1500.0,1100.0
Maharashtra,Mangal Wedha APMC,Onion,2026-02-04,Local,14.7,200.0,1600.0,1000.0
Maharashtra,Manmad APMC,Onion,2026-02-04,Red,1516.1,100.0,1301.0,900.0
Maharashtra,Mumbai-Onion & Potato Market APMC,Onion,2026-02-04,Other,520.2,1000.0,1900.0,1450.0
Maharashtra,Nagpur APMC,Onion,2026-02-04,Red,138.0,1500.0,1800.0,1725.0
Maharashtra,Nagpur APMC,Onion,2026-02-04,White,100.0,1500.0,2000.0,1875.0
Maharashtra,Nampur APMC,Onion,2026-02-04,Red,631.7,200.0,1300.0,1100.0
Maharashtra,Nandgaon APMC,Onion,2026-02-04,Red,1799.5,200.0,1275.0,850.0
Maharashtra,Nasik APMC,Onion,2026-02-04,Pole,428.0,300.0,1350.0,1050.0
Maharashtra,Newasa(Ghodegaon) APMC,Onion,2026-02-04,Red,1519.1,300.0,1400.0,900.0
Maharashtra,Paranda APMC,Onion,2026-02-04,Red,77.2,1000.0,1600.0,1100.0
Maharashtra,Parner APMC,Onion,2026-02-04,Red,2668.6,200.0,1600.0,1200.0
Maharashtra,Pimpalgaon Baswant APMC,Onion,2026-02-04,Pole,2627.3,400.0,1470.0,1025.0
Maharashtra,Pimpalgaon Baswant(Saykheda) APMC,Onion,2026-02-04,Red,653.2,600.0,1136.0,980.0
Maharashtra,Pune APMC,Onion,2026-02-04,Local,1323.1,400.0,1500.0,950.0
Maharashtra,Pune(Khadiki) APMC,Onion,2026-02-04,Local,1.5,600.0,1200.0,900.0
Maharashtra,Pune(Manjri) APMC,Onion,2026-02-04,Local,6.2,900.0,1600.0,1300.0
Maharashtra,Pune(Pimpri) APMC,Onion,2026-02-04,Local,0.7,1400.0,1600.0,1500.0
Maharashtra,Ramtek APMC,Onion,2026-02-04,Other,1.0,1100.0,1500.0,1300.0
Maharashtra,SHRI.SIDDHESHWAR  APMC,Onion,2026-02-04,Red,4038.0,100.0,2000.0,800.0
Maharashtra,Sangamner APMC,Onion,2026-02-04,Red,1029.0,151.0,1551.0,801.0
Maharashtra,"Sangli(Phale, Bhajipala Market) APMC",Onion,2026-02-04,Local,513.4,400.0,1700.0,1050.0
Maharashtra,Satana APMC,Onion,2026-02-04,Red,875.0,230.0,1235.0,1005.0
Maharashtra,Satara APMC,Onion,2026-02-04,Other,23.5,1000.0,2000.0,1500.0
Maharashtra,Shrigonda APMC,Onion,2026-02-04,Other,61.1,300.0,1200.0,1000.0
Maharashtra,Sinner APMC,Onion,2026-02-04,Red,449.8,400.0,1180.0,950.0
Maharashtra,Vadgaonpeth APMC,Onion,2026-02-04,Local,31.0,1000.0,2200.0,1400.0
Maharashtra,Vaduj APMC,Onion,2026-02-04,Local,2.5,500.0,1500.0,1000.0
Maharashtra,Vaijpur APMC,Onion,2026-02-04,Red,811.7,200.0,1291.0,1100.0
Maharashtra,Yeola APMC,Onion,2026-02-04,Red,1688.4,200.0,1313.0,1050.0
Maharashtra,AGRICULTURE PRODUCE MARKET COMITEE CHANDWAD,Onion,2026-02-05,Red,2346.4,570.0,1270.0,1060.0
Maharashtra,APMC Yawal,Onion,2026-02-05,Red,30.0,700.0,930.0,820.0
Maharashtra,Bhusaval APMC,Onion,2026-02-05,Red,1.5,1200.0,1600.0,1500.0
Maharashtra,Chandrapur(Ganjwad) APMC,Onion,2026-02-05,Other,39.0,1800.0,2200.0,2000.0
Maharashtra,Chattrapati Sambhajinagar APMC,Onion,2026-02-05,Other,289.3,600.0,1500.0,1050.0
Maharashtra,Devala APMC,Onion,2026-02-05,Red,832.2,150.0,1175.0,1020.0
Maharashtra,Dharashiv APMC,Onion,2026-02-05,Red,1.1,700.0,1200.0,950.0
Maharashtra,Dindori(Vani) APMC,Onion,2026-02-05,Red,710.4,901.0,1602.0,1241.0
Maharashtra,HINGNA - APMC,Onion,2026-02-05,Red,0.3,1800.0,1800.0,1800.0
Maharashtra,Jalana APMC,Onion,2026-02-05,Other,4.8,250.0,1600.0,900.0
Maharashtra,Jamkhed APMC,Onion,2026-02-05,Red,267.5,100.0,1500.0,800.0
Maharashtra,Junnar APMC,Onion,2026-02-05,Other,56.3,300.0,1700.0,1500.0
Maharashtra,Junnar(Narayangaon) APMC,Onion,2026-02-05,Other,11.2,300.0,1500.0,800.0
Maharashtra,Junnar(Otur) APMC,Onion,2026-02-05,Other,680.4,700.0,1600.0,1100.0
Maharashtra,Kalvan APMC,Onion,2026-02-05,Red,540.0,400.0,1385.0,1000.0
Maharashtra,Kalyan APMC,Onion,2026-02-05,1st Sort,0.3,1000.0,1800.0,1400.0
Maharashtra,Kalyan APMC,Onion,2026-02-05,2nd Sort,0.3,800.0,1200.0,1000.0
Maharashtra,Kamthi APMC,Onion,2026-02-05,Local,1.2,2040.0,2540.0,2290.0
Maharashtra,Karad APMC,Onion,2026-02-05,Other,9.9,500.0,1300.0,1300.0
Maharashtra,Khed(Chakan) APMC,Onion,2026-02-05,Other,25.0,1000.0,1500.0,1200.0
Maharashtra,Kolhapur APMC,Onion,2026-02-05,Other,637.3,500.0,1700.0,1000.0
Maharashtra,Kopargaon APMC,Onion,2026-02-05,Red,352.0,400.0,1277.0,1000.0
Maharashtra,Lasalgaon APMC,Onion,2026-02-05,Red,2639.2,500.0,1356.0,1100.0
Maharashtra,Lasalgaon(Niphad) APMC,Onion,2026-02-05,Red,655.6,500.0,1251.0,1100.0
Maharashtra,Lasalgaon(Vinchur) APMC,Onion,2026-02-05,Red,1842.8,500.0,1281.0,1050.0
Maharashtra,Lasur Station APMC,Onion,2026-02-05,Other,440.0,375.0,1280.0,800.0
Maharashtra,Malkapur APMC,Onion,2026-02-05,Local,78.6,500.0,1305.0,1000.0
Maharashtra,Manchar APMC,Onion,2026-02-05,Other,1640.8,1400.0,1750.0,1600.0
Maharashtra,Mangal Wedha APMC,Onion,2026-02-05,Local,1.6,400.0,1500.0,1100.0
Maharashtra,Manmad APMC,Onion,2026-02-05,Red,1547.9,100.0,1302.0,900.0
Maharashtra,Mumbai-Onion & Potato Market APMC,Onion,2026-02-05,Other,1046.4,900.0,1800.0,1350.0
Maharashtra,Nagpur APMC,Onion,2026-02-05,Red,152.0,1500.0,1800.0,1725.0
Maharashtra,Nagpur APMC,Onion,2026-02-05,White,100.0,1500.0,2000.0,1875.0
Maharashtra,Nampur APMC,Onion,2026-02-05,Red,507.8,200.0,1225.0,1000.0
Maharashtra,Nandgaon APMC,Onion,2026-02-05,Red,1834.1,150.0,1275.0,850.0
Maharashtra,Nasik APMC,Onion,2026-02-05,Pole,349.1,400.0,1400.0,1100.0
Maharashtra,Paranda APMC,Onion,2026-02-05,Other,121.5,1000.0,1700.0,1400.0
Maharashtra,Paranda APMC,Onion,2026-02-05,Red,121.1,1000.0,1700.0,1400.0
Maharashtra,Pimpalgaon Baswant APMC,Onion,2026-02-05,Pole,2433.0,300.0,1452.0,1000.0
Maharashtra,Pimpalgaon Baswant(Saykheda) APMC,Onion,2026-02-05,Red,309.8,600.0,1201.0,950.0
Maharashtra,Pune APMC,Onion,2026-02-05,Local,1624.7,400.0,1500.0,950.0
Maharashtra,Pune(Khadiki) APMC,Onion,2026-02-05,Local,1.4,600.0,1200.0,900.0
Maharashtra,Pune(Manjri) APMC,Onion,2026-02-05,Local,7.4,500.0,1600.0,1200.0
Maharashtra,Pune(Moshi) APMC,Onion,2026-02-05,Local,123.1,500.0,1200.0,850.0
Maharashtra,Pune(Pimpri) APMC,Onion,2026-02-05,Local,0.6,1400.0,1400.0,1400.0
Maharashtra,Rahuri(Vambori) APMC,Onion,2026-02-05,Red,547.2,100.0,1500.0,1000.0
Maharashtra,SHRI.SIDDHESHWAR  APMC,Onion,2026-02-05,Red,4193.3,100.0,2100.0,800.0
Maharashtra,Sangamner APMC,Onion,2026-02-05,Red,1108.9,200.0,1600.0,900.0
Maharashtra,"Sangli(Phale, Bhajipala Market) APMC",Onion,2026-02-05,Local,410.1,500.0,1500.0,1000.0
Maharashtra,Satana APMC,Onion,2026-02-05,Red,899.5,370.0,1260.0,1010.0
Maharashtra,Satara APMC,Onion,2026-02-05,Other,40.0,1000.0,2000.0,1500.0
Maharashtra,Shevgaon APMC,Onion,2026-02-05,1st Sort,146.0,1100.0,1400.0,1250.0
Maharashtra,Shevgaon APMC,Onion,2026-02-05,2nd Sort,154.0,600.0,1000.0,850.0
Maharashtra,Shevgaon APMC,Onion,2026-02-05,Other,98.0,100.0,500.0,350.0
Maharashtra,Sinner APMC,Onion,2026-02-05,Red,240.8,400.0,1200.0,950.0
Maharashtra,Vadgaonpeth APMC,Onion,2026-02-05,Local,33.0,1200.0,2100.0,1400.0
Maharashtra,Vaduj APMC,Onion,2026-02-05,Local,11.0,500.0,1700.0,1200.0
Maharashtra,Vai APMC,Onion,2026-02-05,Local,1.1,1000.0,1600.0,1300.0
Maharashtra,Vaijpur APMC,Onion,2026-02-05,Red,783.1,200.0,1200.0,1050.0
Maharashtra,Yeola APMC,Onion,2026-02-05,Red,1527.2,150.0,1301.0,975.0
Maharashtra,AGRICULTURE PRODUCE MARKET COMITEE CHANDWAD,Onion,2026-02-06,Red,2080.0,500.0,1335.0,1060.0
Maharashtra,Akluj APMC,Onion,2026-02-06,Other,17.1,200.0,1700.0,800.0
Maharashtra,Akola APMC,Onion,2026-02-06,Other,46.5,600.0,1800.0,1200.0
Maharashtra,Amrawati(Frui & Veg. Market) APMC,Onion,2026-02-06,Red,45.9,500.0,2500.0,1500.0
Maharashtra,Bhusaval APMC,Onion,2026-02-06,Red,3.5,1200.0,1600.0,1400.0
Maharashtra,Chandrapur(Ganjwad) APMC,Onion,2026-02-06,Other,17.0,1500.0,2000.0,1800.0
Maharashtra,Devala APMC,Onion,2026-02-06,Red,644.0,150.0,1170.0,1050.0
Maharashtra,Dharashiv APMC,Onion,2026-02-06,Red,1.6,1000.0,1500.0,1250.0
Maharashtra,Dhule APMC,Onion,2026-02-06,Red,160.0,400.0,1400.0,1050.0
Maharashtra,Dindori(Vani) APMC,Onion,2026-02-06,Red,743.3,751.0,1647.0,1175.0
Maharashtra,HINGNA - APMC,Onion,2026-02-06,Red,1.3,1300.0,2000.0,1566.0
Maharashtra,Jalgaon APMC,Onion,2026-02-06,Red,141.0,312.0,1562.0,927.0
Maharashtra,Junnar(Alephata) APMC,Onion,2026-02-06,Other,1115.5,950.0,1910.0,1350.0
Maharashtra,Junnar(Narayangaon) APMC,Onion,2026-02-06,Other,8.8,400.0,2200.0,1300.0
Maharashtra,Kalvan APMC,Onion,2026-02-06,Red,290.0,450.0,1420.0,900.0
Maharashtra,Kalyan APMC,Onion,2026-02-06,1st Sort,0.3,800.0,1200.0,1000.0
Maharashtra,Kalyan APMC,Onion,2026-02-06,2nd Sort,0.3,500.0,1000.0,750.0
Maharashtra,Kamthi APMC,Onion,2026-02-06,Local,3.0,2070.0,2570.0,2320.0
Maharashtra,Karjat APMC,Onion,2026-02-06,Local,10.2,300.0,1100.0,800.0
Maharashtra,Khed(Chakan) APMC,Onion,2026-02-06,Other,25.0,800.0,1500.0,1200.0
Maharashtra,Kolhapur APMC,Onion,2026-02-06,Other,822.8,500.0,1800.0,1000.0
Maharashtra,Kopargaon APMC,Onion,2026-02-06,Red,298.0,400.0,1250.0,1050.0
Maharashtra,Lasalgaon APMC,Onion,2026-02-06,Red,2730.2,500.0,1416.0,1120.0
Maharashtra,Lasalgaon(Niphad) APMC,Onion,2026-02-06,Red,390.0,600.0,1281.0,1100.0
Maharashtra,Lasalgaon(Vinchur) APMC,Onion,2026-02-06,Red,1752.7,500.0,1311.0,1025.0
Maharashtra,"Laxmi-Sopan Agriculture Produce Marketing Co Ltd, Barshi, Dist Solapur",Onion,2026-02-06,Other,839.8,600.0,1500.0,1000.0
Maharashtra,"Malharshree Khajgi Krushi Utpann Bajar, Chandanpuri Tal Malegaon, Nashik",Onion,2026-02-06,Red,56.5,274.0,1204.0,1022.0
Maharashtra,Mangal Wedha APMC,Onion,2026-02-06,Local,13.2,100.0,1500.0,1050.0
Maharashtra,Manmad APMC,Onion,2026-02-06,Red,1466.9,100.0,1331.0,1000.0
Maharashtra,Mumbai-Onion & Potato Market APMC,Onion,2026-02-06,Other,1763.8,900.0,1700.0,1300.0
Maharashtra,Nampur APMC,Onion,2026-02-06,Red,537.8,200.0,1185.0,1000.0
Maharashtra,Nasik APMC,Onion,2026-02-06,Pole,334.0,450.0,1451.0,1150.0
Maharashtra,"Omchatinya Multi State Agro Purpose Co-Op Society, Dist Ahilyanagar",Onion,2026-02-06,Red,266.34,100.0,1600.0,1050.0
Maharashtra,Parner APMC,Onion,2026-02-06,Red,2336.7,200.0,1700.0,1250.0
Maharashtra,Pimpalgaon Baswant APMC,Onion,2026-02-06,Pole,2113.2,325.0,1399.0,1025.0
Maharashtra,Pimpalgaon Baswant(Saykheda) APMC,Onion,2026-02-06,Red,580.1,611.0,1136.0,975.0
Maharashtra,Pune APMC,Onion,2026-02-06,Local,1580.1,500.0,1500.0,1000.0
Maharashtra,Pune(Khadiki) APMC,Onion,2026-02-06,Local,1.0,700.0,1100.0,900.0
Maharashtra,Pune(Manjri) APMC,Onion,2026-02-06,Local,4.9,800.0,1700.0,1300.0
Maharashtra,Pune(Moshi) APMC,Onion,2026-02-06,Local,6730.0,500.0,1300.0,900.0
Maharashtra,Pune(Pimpri) APMC,Onion,2026-02-06,Local,1.2,900.0,1600.0,1250.0
Maharashtra,Rahata APMC,Onion,2026-02-06,Red,228.7,300.0,1400.0,1050.0
Maharashtra,Rahuri APMC,Onion,2026-02-06,Other,661.9,100.0,1400.0,750.0
Maharashtra,SHRI.SIDDHESHWAR  APMC,Onion,2026-02-06,Red,4378.3,100.0,2200.0,900.0
Maharashtra,Sangamner APMC,Onion,2026-02-06,Red,1024.9,151.0,1590.0,751.0
Maharashtra,"Sangli(Phale, Bhajipala Market) APMC",Onion,2026-02-06,Local,429.2,500.0,1600.0,1050.0
Maharashtra,Yeola APMC,Onion,2026-02-06,Red,1613.0,200.0,1325.0,1050.0
Maharashtra,Akola APMC,Onion,2026-02-07,Other,47.5,600.0,1800.0,1300.0
Maharashtra,Amrawati(Frui & Veg. Market) APMC,Onion,2026-02-07,Red,39.0,600.0,2400.0,1500.0
Maharashtra,Bhusaval APMC,Onion,2026-02-07,Red,3.1,1000.0,1500.0,1200.0
Maharashtra,Chandrapur(Ganjwad) APMC,Onion,2026-02-07,Other,51.0,1500.0,2000.0,1700.0
Maharashtra,Dharashiv APMC,Onion,2026-02-07,Red,1.7,800.0,1300.0,1050.0
Maharashtra,Dhule APMC,Onion,2026-02-07,Red,165.6,300.0,1200.0,1050.0
Maharashtra,Dindori(Vani) APMC,Onion,2026-02-07,Red,743.3,821.0,1573.0,1121.0
Maharashtra,Jalgaon APMC,Onion,2026-02-07,Red,185.8,387.0,1312.0,850.0
Maharashtra,Kopargaon APMC,Onion,2026-02-07,Red,338.0,500.0,1200.0,1075.0
Maharashtra,Lasalgaon APMC,Onion,2026-02-07,Red,1420.8,500.0,1380.0,1170.0
Maharashtra,Lasalgaon(Niphad) APMC,Onion,2026-02-07,Red,464.0,500.0,1221.0,1150.0
Maharashtra,Lasalgaon(Vinchur) APMC,Onion,2026-02-07,Red,996.6,500.0,1290.0,1100.0
Maharashtra,"Laxmi-Sopan Agriculture Produce Marketing Co Ltd, Barshi, Dist Solapur",Onion,2026-02-07,Other,256.0,600.0,1500.0,1100.0
Maharashtra,Mangal Wedha APMC,Onion,2026-02-07,Local,0.4,400.0,1500.0,1100.0
Maharashtra,Manmad APMC,Onion,2026-02-07,Red,500.0,300.0,1300.0,1150.0
Maharashtra,Nagpur APMC,Onion,2026-02-07,Red,100.0,1500.0,1800.0,1725.0
Maharashtra,Nagpur APMC,Onion,2026-02-07,White,66.0,1500.0,2000.0,1875.0
Maharashtra,Nasik APMC,Onion,2026-02-07,Pole,347.8,400.0,1401.0,1100.0
Maharashtra,Newasa(Ghodegaon) APMC,Onion,2026-02-07,Red,1314.4,300.0,1500.0,1000.0
Maharashtra,Pimpalgaon Baswant APMC,Onion,2026-02-07,Pole,2100.0,350.0,1340.0,1050.0
Maharashtra,Pimpalgaon Baswant(Saykheda) APMC,Onion,2026-02-07,Red,572.5,700.0,1251.0,1000.0
Maharashtra,Pune(Khadiki) APMC,Onion,2026-02-07,Local,1.1,800.0,1100.0,950.0
Maharashtra,Pune(Manjri) APMC,Onion,2026-02-07,Local,6.7,900.0,1800.0,1300.0
Maharashtra,Pune(Moshi) APMC,Onion,2026-02-07,Local,63.7,400.0,1200.0,800.0
Maharashtra,Pune(Pimpri) APMC,Onion,2026-02-07,Local,0.4,1600.0,1600.0,1600.0
Maharashtra,Rahuri(Vambori) APMC,Onion,2026-02-07,Red,363.1,100.0,1500.0,1000.0
Maharashtra,Ramtek APMC,Onion,2026-02-07,Other,1.4,1000.0,1500.0,1300.0
Maharashtra,"Sangli(Phale, Bhajipala Market) APMC",Onion,2026-02-07,Local,271.2,500.0,2000.0,1250.0
Maharashtra,Shevgaon APMC,Onion,2026-02-07,1st Sort,73.0,1100.0,1300.0,1250.0
Maharashtra,Shevgaon APMC,Onion,2026-02-07,2nd Sort,63.0,600.0,1000.0,750.0
Maharashtra,Shevgaon APMC,Onion,2026-02-07,Other,43.6,200.0,500.0,350.0
Maharashtra,Shirpur APMC,Onion,2026-02-07,Red,27.5,125.0,1400.0,975.0
Maharashtra,Shirpur APMC,Onion,2026-02-07,White,0.1,1300.0,1300.0,1300.0
Maharashtra,"Shree Sairaj Krushi Market, Dist Ahilyanagar",Onion,2026-02-07,Local,66.3,150.0,1510.0,850.0
Maharashtra,Vaduj APMC,Onion,2026-02-07,Local,5.0,500.0,1500.0,1200.0
Maharashtra,Yeola APMC,Onion,2026-02-07,Red,1800.0,200.0,1281.0,1050.0
Maharashtra,Akluj APMC,Onion,2026-02-08,Red,23.8,200.0,1700.0,950.0
Maharashtra,Amrawati(Frui & Veg. Market) APMC,Onion,2026-02-08,Red,30.0,800.0,2000.0,1400.0
Maharashtra,Bhusaval APMC,Onion,2026-02-08,Red,7.6,1000.0,1600.0,1000.0
Maharashtra,Chattrapati Sambhajinagar APMC,Onion,2026-02-08,Other,314.9,700.0,1300.0,1000.0
Maharashtra,Junnar(Narayangaon) APMC,Onion,2026-02-08,Other,6.8,300.0,1600.0,900.0
Maharashtra,Junnar(Otur) APMC,Onion,2026-02-08,Red,498.9,500.0,1600.0,1000.0
Maharashtra,Kalyan APMC,Onion,2026-02-08,1st Sort,0.3,1000.0,1500.0,1250.0
Maharashtra,Kalyan APMC,Onion,2026-02-08,2nd Sort,0.3,500.0,1000.0,750.0
Maharashtra,Kamthi APMC,Onion,2026-02-08,Local,1.6,2040.0,2540.0,2290.0
Maharashtra,Khed(Chakan) APMC,Onion,2026-02-08,Other,30.0,900.0,1200.0,1000.0
Maharashtra,Manchar APMC,Onion,2026-02-08,Other,1119.8,1400.0,1710.0,1600.0
Maharashtra,Mangal Wedha APMC,Onion,2026-02-08,Local,1.0,150.0,1500.0,1350.0
Maharashtra,Nagpur APMC,Onion,2026-02-08,Red,156.0,1500.0,1800.0,1725.0
Maharashtra,Nagpur APMC,Onion,2026-02-08,White,100.0,1500.0,2000.0,1875.0
Maharashtra,"Omchatinya Multi State Agro Purpose Co-Op Society, Dist Ahilyanagar",Onion,2026-02-08,Red,304.84,100.0,1600.0,1100.0
Maharashtra,Pathardi APMC,Onion,2026-02-08,Red,110.3,100.0,1500.0,800.0
Maharashtra,Pune APMC,Onion,2026-02-08,Local,1475.3,500.0,1500.0,1000.0
Maharashtra,Pune(Khadiki) APMC,Onion,2026-02-08,Local,1.1,800.0,1100.0,900.0
Maharashtra,Pune(Manjri) APMC,Onion,2026-02-08,Local,7.6,600.0,1700.0,1100.0
Maharashtra,Pune(Moshi) APMC,Onion,2026-02-08,Local,61.8,500.0,1200.0,850.0
Maharashtra,Pune(Pimpri) APMC,Onion,2026-02-08,Local,0.6,1400.0,1600.0,1500.0
Maharashtra,Rahata APMC,Onion,2026-02-08,Red,151.0,400.0,1600.0,1150.0
Maharashtra,Rahuri APMC,Onion,2026-02-08,Other,404.9,100.0,1600.0,850.0
Maharashtra,Ramtek APMC,Onion,2026-02-08,Other,4.6,1000.0,1500.0,1300.0
Maharashtra,Satara APMC,Onion,2026-02-08,Other,62.0,500.0,2000.0,1250.0
Maharashtra,Vadgaonpeth APMC,Onion,2026-02-08,Local,31.0,1000.0,2200.0,1400.0
Maharashtra,Vaduj APMC,Onion,2026-02-08,Local,9.0,500.0,1800.0,1400.0
Maharashtra,AGRICULTURE PRODUCE MARKET COMITEE CHANDWAD,Onion,2026-02-09,Red,1704.0,100.0,1435.0,1170.0
Maharashtra,APMC Yawal,Onion,2026-02-09,Red,30.0,710.0,930.0,850.0
Maharashtra,Ahilyanagar APMC,Onion,2026-02-09,Red,9343.3,200.0,1800.0,1050.0
Maharashtra,Akola APMC,Onion,2026-02-09,Other,35.5,600.0,1800.0,1300.0
Maharashtra,Amrawati(Frui & Veg. Market) APMC,Onion,2026-02-09,Red,24.9,1000.0,2000.0,1500.0
Maharashtra,Chandrapur(Ganjwad) APMC,Onion,2026-02-09,Other,57.0,1300.0,2200.0,1700.0
Maharashtra,Chattrapati Sambhajinagar APMC,Onion,2026-02-09,Other,173.4,500.0,1300.0,900.0
Maharashtra,Devala APMC,Onion,2026-02-09,Red,724.6,275.0,1400.0,1250.0
Maharashtra,Dindori(Vani) APMC,Onion,2026-02-09,Red,516.4,951.0,1875.0,1411.0
Maharashtra,HINGNA - APMC,Onion,2026-02-09,Red,0.6,1500.0,1800.0,1700.0
Maharashtra,Jalgaon APMC,Onion,2026-02-09,Red,147.9,400.0,1512.0,962.0
Maharashtra,Junnar(Narayangaon) APMC,Onion,2026-02-09,Other,6.2,300.0,1750.0,950.0
Maharashtra,Kalvan APMC,Onion,2026-02-09,Red,610.0,450.0,1575.0,1050.0
Maharashtra,Kalyan APMC,Onion,2026-02-09,1st Sort,0.3,1000.0,1500.0,1250.0
Maharashtra,Kalyan APMC,Onion,2026-02-09,2nd Sort,0.3,500.0,1000.0,750.0
Maharashtra,Kamthi APMC,Onion,2026-02-09,Local,0.2,2040.0,2540.0,2290.0
Maharashtra,Karad APMC,Onion,2026-02-09,Other,19.8,500.0,1500.0,1500.0
Maharashtra,Kolhapur APMC,Onion,2026-02-09,Other,526.1,500.0,1800.0,1000.0
Maharashtra,Kopargaon APMC,Onion,2026-02-09,Red,248.0,500.0,1250.0,1100.0
Maharashtra,Kurdwadi(Modnimb) APMC,Onion,2026-02-09,Red,63.4,150.0,1350.0,900.0
Maharashtra,Lasalgaon APMC,Onion,2026-02-09,Red,2766.8,700.0,1485.0,1250.0
Maharashtra,Lasalgaon(Niphad) APMC,Onion,2026-02-09,Red,446.6,500.0,1321.0,1250.0
Maharashtra,Lasalgaon(Vinchur) APMC,Onion,2026-02-09,Red,1718.7,500.0,1391.0,1225.0
Maharashtra,Lasur Station APMC,Onion,2026-02-09,Other,380.0,500.0,1265.0,800.0
Maharashtra,"Laxmi-Sopan Agriculture Produce Marketing Co Ltd, Barshi, Dist Solapur",Onion,2026-02-09,Other,888.8,600.0,1500.0,1100.0
Maharashtra,Lonand APMC,Onion,2026-02-09,Other,450.0,400.0,1550.0,1050.0
Maharashtra,Mangal Wedha APMC,Onion,2026-02-09,Local,7.9,240.0,1800.0,1300.0
Maharashtra,Manmad APMC,Onion,2026-02-09,Red,1621.1,100.0,1401.0,1100.0
Maharashtra,Mumbai-Onion & Potato Market APMC,Onion,2026-02-09,Other,1619.7,1000.0,1800.0,1400.0
Maharashtra,Nagpur APMC,Onion,2026-02-09,Red,180.0,1500.0,1800.0,1725.0
Maharashtra,Nagpur APMC,Onion,2026-02-09,White,100.0,1500.0,2000.0,1875.0
Maharashtra,Nampur APMC,Onion,2026-02-09,Red,479.0,155.0,1345.0,1100.0
Maharashtra,Nandgaon APMC,Onion,2026-02-09,Red,1911.4,200.0,1366.0,1150.0
Maharashtra,Nasik APMC,Onion,2026-02-09,Pole,303.8,450.0,1400.0,1100.0
Maharashtra,Newasa(Ghodegaon) APMC,Onion,2026-02-09,Red,1379.4,300.0,1500.0,1000.0
Maharashtra,Pimpalgaon Baswant APMC,Onion,2026-02-09,Pole,2195.7,400.0,1431.0,1125.0
Maharashtra,Pimpalgaon Baswant(Saykheda) APMC,Onion,2026-02-09,Red,652.5,700.0,1256.0,1100.0
Maharashtra,Pune APMC,Onion,2026-02-09,Local,1265.4,500.0,1500.0,1000.0
Maharashtra,Pune(Khadiki) APMC,Onion,2026-02-09,Local,1.2,700.0,1100.0,900.0
Maharashtra,Pune(Manjri) APMC,Onion,2026-02-09,Local,8.2,600.0,1700.0,1300.0
Maharashtra,Pune(Moshi) APMC,Onion,2026-02-09,Local,60.2,400.0,1200.0,800.0
Maharashtra,Pune(Pimpri) APMC,Onion,2026-02-09,Local,1.4,1000.0,1600.0,1300.0
Maharashtra,Rahuri(Vambori) APMC,Onion,2026-02-09,Red,442.3,100.0,1500.0,1000.0
Maharashtra,SHRI.SIDDHESHWAR  APMC,Onion,2026-02-09,Red,3916.9,100.0,2300.0,900.0
Maharashtra,Sangamner APMC,Onion,2026-02-09,Red,1048.3,151.0,1651.0,901.0
Maharashtra,"Sangli(Phale, Bhajipala Market) APMC",Onion,2026-02-09,Local,563.4,500.0,1700.0,1100.0
Maharashtra,Satana APMC,Onion,2026-02-09,Red,735.0,200.0,1430.0,1165.0
Maharashtra,Satara APMC,Onion,2026-02-09,Other,21.9,500.0,2000.0,1250.0
Maharashtra,Shevgaon APMC,Onion,2026-02-09,1st Sort,58.0,900.0,1300.0,1050.0
Maharashtra,Shevgaon APMC,Onion,2026-02-09,2nd Sort,52.0,500.0,800.0,750.0
Maharashtra,Shevgaon APMC,Onion,2026-02-09,Other,36.4,100.0,400.0,250.0
Maharashtra,Sinner APMC,Onion,2026-02-09,Red,370.8,400.0,1301.0,1100.0
Maharashtra,Vaduj APMC,Onion,2026-02-09,Local,1.2,500.0,1500.0,1000.0
Maharashtra,Vaijpur APMC,Onion,2026-02-09,Red,676.3,200.0,1291.0,1100.0
Maharashtra,Vita APMC,Onion,2026-02-09,Other,5.0,1000.0,1700.0,1350.0
Maharashtra,Yeola APMC,Onion,2026-02-09,Red,2140.2,241.0,1350.0,1070.0
Maharashtra,AGRICULTURE PRODUCE MARKET COMITEE CHANDWAD,Onion,2026-02-10,Red,2415.8,200.0,1385.0,1130.0
Maharashtra,APMC Yawal,Onion,2026-02-10,Red,18.2,700.0,930.0,850.0
Maharashtra,Akola APMC,Onion,2026-02-10,Other,102.0,500.0,1700.0,1200.0
Maharashtra,Amrawati(Frui & Veg. Market) APMC,Onion,2026-02-10,Red,34.8,1200.0,2000.0,1600.0
Maharashtra,Bhusaval APMC,Onion,2026-02-10,Red,1.5,1000.0,1500.0,1200.0
Maharashtra,Chandrapur(Ganjwad) APMC,Onion,2026-02-10,Other,86.0,1200.0,2200.0,1800.0
Maharashtra,Chattrapati Sambhajinagar APMC,Onion,2026-02-10,Other,223.9,270.0,1400.0,835.0
Maharashtra,Devala APMC,Onion,2026-02-10,Red,695.6,200.0,1435.0,1200.0
Maharashtra,Dharashiv APMC,Onion,2026-02-10,Red,1.5,800.0,1350.0,1075.0
Maharashtra,Dhule APMC,Onion,2026-02-10,Red,124.2,500.0,1330.0,800.0
Maharashtra,HINGNA - APMC,Onion,2026-02-10,Red,0.4,2000.0,2000.0,2000.0
Maharashtra,Islampur APMC,Onion,2026-02-10,Local,10.7,500.0,1800.0,1100.0
Maharashtra,Jalgaon APMC,Onion,2026-02-10,Red,195.0,500.0,1312.0,900.0
Maharashtra,Junnar(Alephata) APMC,Onion,2026-02-10,Other,986.3,1000.0,1710.0,1300.0
Maharashtra,Kalvan APMC,Onion,2026-02-10,Red,440.0,450.0,1530.0,1000.0
Maharashtra,Kalyan APMC,Onion,2026-02-10,1st Sort,0.3,1400.0,1600.0,1500.0
Maharashtra,Kalyan APMC,Onion,2026-02-10,2nd Sort,0.3,1000.0,1200.0,1100.0
Maharashtra,Karad APMC,Onion,2026-02-10,Other,15.0,1000.0,1400.0,1400.0
Maharashtra,Karjat APMC,Onion,2026-02-10,Local,14.0,300.0,1100.0,900.0
Maharashtra,Khed(Chakan) APMC,Onion,2026-02-10,Other,25.0,800.0,1500.0,1200.0
Maharashtra,Kolhapur APMC,Onion,2026-02-10,Other,520.0,500.0,1600.0,1000.0
Maharashtra,Kopargaon APMC,Onion,2026-02-10,Red,370.0,500.0,1301.0,1125.0
Maharashtra,Lasalgaon APMC,Onion,2026-02-10,Red,2632.2,700.0,1491.0,1260.0
Maharashtra,Lasalgaon(Niphad) APMC,Onion,2026-02-10,Red,445.4,500.0,1321.0,1250.0
Maharashtra,Lasalgaon(Vinchur) APMC,Onion,2026-02-10,Red,850.0,500.0,1382.0,1225.0
Maharashtra,Lasur Station APMC,Onion,2026-02-10,Other,480.0,200.0,1336.0,800.0
Maharashtra,"Laxmi-Sopan Agriculture Produce Marketing Co Ltd, Barshi, Dist Solapur",Onion,2026-02-10,Other,931.7,500.0,1600.0,1100.0
Maharashtra,Malkapur APMC,Onion,2026-02-10,Local,69.0,1000.0,1400.0,1200.0
Maharashtra,Manchar APMC,Onion,2026-02-10,Other,1293.4,900.0,1650.0,1275.0
Maharashtra,Manmad APMC,Onion,2026-02-10,Red,1632.4,200.0,1340.0,1100.0
Maharashtra,Mumbai-Onion & Potato Market APMC,Onion,2026-02-10,Other,941.2,900.0,1700.0,1300.0
Maharashtra,Nagpur APMC,Onion,2026-02-10,Red,200.0,1000.0,1500.0,1375.0
Maharashtra,Nagpur APMC,Onion,2026-02-10,White,178.0,1500.0,2000.0,1875.0
Maharashtra,Nampur APMC,Onion,2026-02-10,Red,536.0,215.0,1330.0,1100.0
Maharashtra,Nandgaon APMC,Onion,2026-02-10,Red,2273.8,171.0,1259.0,1050.0
Maharashtra,Nasik APMC,Onion,2026-02-10,Pole,292.0,500.0,1701.0,1300.0
Maharashtra,"Omchatinya Multi State Agro Purpose Co-Op Society, Dist Ahilyanagar",Onion,2026-02-10,Red,347.72,100.0,1600.0,1100.0
Maharashtra,Paranda APMC,Onion,2026-02-10,Red,119.1,600.0,1700.0,1200.0
Maharashtra,Phaltan APMC,Onion,2026-02-10,Hybrid,117.5,400.0,1500.0,1000.0
Maharashtra,Pimpalgaon Baswant APMC,Onion,2026-02-10,Pole,2238.6,300.0,1477.0,1175.0
Maharashtra,Pimpalgaon Baswant(Saykheda) APMC,Onion,2026-02-10,Red,494.4,600.0,1225.0,1130.0
Maharashtra,Pune APMC,Onion,2026-02-10,Local,1487.9,500.0,1500.0,1000.0
Maharashtra,Pune(Khadiki) APMC,Onion,2026-02-10,Local,1.6,800.0,1300.0,1050.0
Maharashtra,Pune(Manjri) APMC,Onion,2026-02-10,Local,6.9,600.0,1600.0,1200.0
Maharashtra,Pune(Moshi) APMC,Onion,2026-02-10,Local,54.8,500.0,1200.0,850.0
Maharashtra,Pune(Pimpri) APMC,Onion,2026-02-10,Local,0.8,1600.0,1600.0,1600.0
Maharashtra,Rahata APMC,Onion,2026-02-10,Red,136.8,400.0,1600.0,1250.0
Maharashtra,Rahuri APMC,Onion,2026-02-10,Other,753.7,100.0,1505.0,800.0
Maharashtra,SHRI.SIDDHESHWAR  APMC,Onion,2026-02-10,Red,4105.0,100.0,2000.0,850.0
Maharashtra,Sangamner APMC,Onion,2026-02-10,Red,938.4,150.0,1700.0,926.0
Maharashtra,"Sangli(Phale, Bhajipala Market) APMC",Onion,2026-02-10,Local,412.5,500.0,1600.0,1050.0
Maharashtra,Satana APMC,Onion,2026-02-10,Red,783.5,250.0,1430.0,1190.0
Maharashtra,Satara APMC,Onion,2026-02-10,Other,31.6,500.0,2000.0,1250.0
Maharashtra,Sinner APMC,Onion,2026-02-10,Red,276.6,500.0,1312.0,1150.0
Maharashtra,Vadgaonpeth APMC,Onion,2026-02-10,Local,26.0,1200.0,2200.0,1400.0
Maharashtra,Vaijpur APMC,Onion,2026-02-10,Red,784.0,200.0,1321.0,1150.0
Maharashtra,AGRICULTURE PRODUCE MARKET COMITEE CHANDWAD,Onion,2026-02-11,Red,2519.4,300.0,1440.0,1080.0
Maharashtra,Akluj APMC,Onion,2026-02-11,Other,34.5,200.0,1800.0,1000.0
Maharashtra,Amrawati(Frui & Veg. Market) APMC,Onion,2026-02-11,Red,60.0,800.0,1400.0,1100.0
Maharashtra,Bhusaval APMC,Onion,2026-02-11,Red,1.8,800.0,1200.0,1000.0
Maharashtra,Chandrapur(Ganjwad) APMC,Onion,2026-02-11,Other,57.0,1500.0,2300.0,2000.0
Maharashtra,Chattrapati Sambhajinagar APMC,Onion,2026-02-11,Other,182.0,700.0,1400.0,1050.0
Maharashtra,Devala APMC,Onion,2026-02-11,Red,714.9,250.0,1360.0,1150.0
Maharashtra,Dharashiv APMC,Onion,2026-02-11,Red,2.4,1000.0,1500.0,1250.0
Maharashtra,Dhule APMC,Onion,2026-02-11,Red,18.7,550.0,1290.0,1050.0
Maharashtra,HINGNA - APMC,Onion,2026-02-11,Red,2.2,1300.0,2000.0,1650.0
Maharashtra,Jalgaon APMC,Onion,2026-02-11,Red,115.8,375.0,1362.0,862.0
Maharashtra,Kalyan APMC,Onion,2026-02-11,1st Sort,0.3,1400.0,1600.0,1500.0
Maharashtra,Kalyan APMC,Onion,2026-02-11,2nd Sort,0.3,1000.0,1200.0,1100.0
Maharashtra,Karad APMC,Onion,2026-02-11,Other,24.9,500.0,1300.0,1300.0
Maharashtra,Khed(Chakan) APMC,Onion,2026-02-11,Other,750.0,800.0,1500.0,1200.0
Maharashtra,Kolhapur APMC,Onion,2026-02-11,Other,676.8,500.0,1700.0,1000.0
Maharashtra,Kopargaon APMC,Onion,2026-02-11,Red,470.7,500.0,1300.0,1100.0
Maharashtra,Lasalgaon APMC,Onion,2026-02-11,Red,2756.8,600.0,1500.0,1251.0
Maharashtra,Lasalgaon(Niphad) APMC,Onion,2026-02-11,Red,530.0,600.0,1551.0,1200.0
Maharashtra,Lasalgaon(Vinchur) APMC,Onion,2026-02-11,Red,1773.1,500.0,1392.0,1180.0
Maharashtra,Lasur Station APMC,Onion,2026-02-11,Other,610.0,300.0,1275.0,850.0
Maharashtra,"Laxmi-Sopan Agriculture Produce Marketing Co Ltd, Barshi, Dist Solapur",Onion,2026-02-11,Other,114.0,500.0,1600.0,1200.0
Maharashtra,Mangal Wedha APMC,Onion,2026-02-11,Local,18.9,150.0,1600.0,1300.0
Maharashtra,Manmad APMC,Onion,2026-02-11,Red,1633.7,100.0,1400.0,900.0
Maharashtra,Mumbai-Onion & Potato Market APMC,Onion,2026-02-11,Other,1282.7,900.0,1600.0,1250.0
Maharashtra,Nagpur APMC,Onion,2026-02-11,Red,124.0,1000.0,1600.0,1325.0
Maharashtra,Nagpur APMC,Onion,2026-02-11,White,100.0,1600.0,2000.0,1875.0
Maharashtra,Nampur APMC,Onion,2026-02-11,Red,615.0,200.0,1295.0,1100.0
Maharashtra,Nasik APMC,Onion,2026-02-11,Pole,306.5,400.0,1400.0,1100.0
Maharashtra,Newasa(Ghodegaon) APMC,Onion,2026-02-11,Red,1486.8,300.0,1500.0,1000.0
Maharashtra,Paranda APMC,Onion,2026-02-11,Other,119.8,600.0,1400.0,1200.0
Maharashtra,Paranda APMC,Onion,2026-02-11,Red,120.2,600.0,1400.0,1200.0
Maharashtra,Parner APMC,Onion,2026-02-11,Red,2813.8,200.0,1700.0,1275.0
Maharashtra,Pimpalgaon Baswant APMC,Onion,2026-02-11,Pole,2438.9,400.0,1554.0,1150.0
Maharashtra,Pimpalgaon Baswant(Saykheda) APMC,Onion,2026-02-11,Red,618.7,600.0,1300.0,1050.0
Maharashtra,Pune APMC,Onion,2026-02-11,Local,1525.4,500.0,1500.0,1000.0
Maharashtra,Pune(Khadiki) APMC,Onion,2026-02-11,Local,1.4,700.0,1300.0,1000.0
Maharashtra,Pune(Manjri) APMC,Onion,2026-02-11,Local,8.8,700.0,1700.0,1300.0
Maharashtra,Pune(Pimpri) APMC,Onion,2026-02-11,Local,0.8,1300.0,1500.0,1400.0
Maharashtra,Ramtek APMC,Onion,2026-02-11,Other,1.1,1000.0,1500.0,1300.0
Maharashtra,SHRI.SIDDHESHWAR  APMC,Onion,2026-02-11,Red,4424.1,100.0,2150.0,900.0
Maharashtra,Sangamner APMC,Onion,2026-02-11,Red,1031.6,151.0,1711.0,931.0
Maharashtra,"Sangli(Phale, Bhajipala Market) APMC",Onion,2026-02-11,Local,831.8,500.0,1500.0,1000.0
Maharashtra,Satana APMC,Onion,2026-02-11,Red,881.7,200.0,1265.0,1005.0
Maharashtra,Satara APMC,Onion,2026-02-11,Other,45.7,1000.0,2000.0,1500.0
Maharashtra,Sinner APMC,Onion,2026-02-11,Red,321.8,500.0,1301.0,1100.0
Maharashtra,Vadgaonpeth APMC,Onion,2026-02-11,Local,35.0,1200.0,2000.0,1500.0
Maharashtra,Vai APMC,Onion,2026-02-11,Local,1.2,1000.0,1600.0,1400.0
Maharashtra,Vaijpur APMC,Onion,2026-02-11,Red,931.2,200.0,1260.0,1100.0
Maharashtra,Yeola APMC,Onion,2026-02-11,Red,1835.6,200.0,1296.0,1050.0
Maharashtra,AGRICULTURE PRODUCE MARKET COMITEE CHANDWAD,Onion,2026-02-12,Red,2404.9,300.0,1360.0,1040.0
Maharashtra,Akole APMC,Onion,2026-02-12,Other,106.8,200.0,1475.0,1151.0
Maharashtra,Bhusaval APMC,Onion,2026-02-12,Red,1.6,1000.0,1500.0,1200.0
Maharashtra,Chandrapur(Ganjwad) APMC,Onion,2026-02-12,Other,78.0,1500.0,2300.0,2000.0
Maharashtra,Chattrapati Sambhajinagar APMC,Onion,2026-02-12,Other,351.7,400.0,1400.0,900.0
Maharashtra,Devala APMC,Onion,2026-02-12,Red,722.9,155.0,1370.0,1125.0
Maharashtra,Dharashiv APMC,Onion,2026-02-12,Red,1.2,1300.0,1700.0,1500.0
Maharashtra,Dindori(Vani) APMC,Onion,2026-02-12,Red,689.6,850.0,1664.0,1231.0
Maharashtra,HINGNA - APMC,Onion,2026-02-12,Red,0.3,1800.0,2000.0,1900.0
Maharashtra,Islampur APMC,Onion,2026-02-12,Local,3.2,500.0,1800.0,1200.0
Maharashtra,Jalgaon APMC,Onion,2026-02-12,Red,145.0,325.0,1627.0,975.0
Maharashtra,Junnar APMC,Onion,2026-02-12,Other,52.2,300.0,1500.0,900.0
Maharashtra,Junnar(Narayangaon) APMC,Onion,2026-02-12,Other,5.0,300.0,1450.0,850.0
Maharashtra,Junnar(Otur) APMC,Onion,2026-02-12,Other,685.0,1000.0,1650.0,1200.0
Maharashtra,Kalvan APMC,Onion,2026-02-12,Red,602.5,500.0,1540.0,1000.0
Maharashtra,Kalyan APMC,Onion,2026-02-12,1st Sort,0.3,1400.0,1600.0,1500.0
Maharashtra,Kalyan APMC,Onion,2026-02-12,2nd Sort,0.3,1000.0,1200.0,1100.0
Maharashtra,Kamthi APMC,Onion,2026-02-12,Local,1.2,2040.0,2540.0,2290.0
Maharashtra,Karad APMC,Onion,2026-02-12,Other,24.9,300.0,1500.0,1500.0
Maharashtra,Khed(Chakan) APMC,Onion,2026-02-12,Other,25.0,1000.0,1500.0,1200.0
Maharashtra,Kolhapur APMC,Onion,2026-02-12,Other,599.5,500.0,1800.0,1000.0
Maharashtra,Kurdwadi(Modnimb) APMC,Onion,2026-02-12,Red,95.2,100.0,1350.0,950.0
Maharashtra,Lasalgaon APMC,Onion,2026-02-12,Red,2871.8,600.0,1515.0,1240.0
Maharashtra,Lasalgaon(Niphad) APMC,Onion,2026-02-12,Red,600.0,600.0,1300.0,1175.0
Maharashtra,Lasalgaon(Vinchur) APMC,Onion,2026-02-12,Red,1771.4,500.0,1400.0,1200.0
Maharashtra,Lasur Station APMC,Onion,2026-02-12,Other,550.0,300.0,1228.0,800.0
Maharashtra,"Laxmi-Sopan Agriculture Produce Marketing Co Ltd, Barshi, Dist Solapur",Onion,2026-02-12,Other,112.0,500.0,1500.0,1100.0
Maharashtra,Lonand APMC,Onion,2026-02-12,Other,575.0,400.0,1400.0,1000.0
Maharashtra,"Malharshree Khajgi Krushi Utpann Bajar, Chandanpuri Tal Malegaon, Nashik",Onion,2026-02-12,Pole,92.4,398.0,1287.0,1066.0
Maharashtra,Manchar APMC,Onion,2026-02-12,Other,1610.5,90.0,1650.0,870.0
Maharashtra,Mangal Wedha APMC,Onion,2026-02-12,Local,0.9,200.0,1600.0,1300.0
Maharashtra,Manmad APMC,Onion,2026-02-12,Red,1644.8,100.0,1311.0,950.0
Maharashtra,Mumbai-Onion & Potato Market APMC,Onion,2026-02-12,Other,1213.1,900.0,1600.0,1250.0
Maharashtra,Nagpur APMC,Onion,2026-02-12,Red,264.0,1000.0,1600.0,1450.0
Maharashtra,Nagpur APMC,Onion,2026-02-12,White,100.0,1400.0,2000.0,1850.0
Maharashtra,Nampur APMC,Onion,2026-02-12,Red,620.4,200.0,1400.0,1100.0
Maharashtra,Nandgaon APMC,Onion,2026-02-12,Red,2091.0,176.0,1251.0,950.0
Maharashtra,Nasik APMC,Onion,2026-02-12,Pole,345.8,450.0,1511.0,1150.0
Maharashtra,Pimpalgaon Baswant APMC,Onion,2026-02-12,Pole,2379.1,400.0,1399.0,1050.0
Maharashtra,Pimpalgaon Baswant(Saykheda) APMC,Onion,2026-02-12,Red,532.5,600.0,1132.0,975.0
Maharashtra,Pune APMC,Onion,2026-02-12,Local,1690.1,500.0,1500.0,1000.0
Maharashtra,Pune(Khadiki) APMC,Onion,2026-02-12,Local,1.9,800.0,1300.0,1050.0
Maharashtra,Pune(Manjri) APMC,Onion,2026-02-12,Local,7.6,700.0,1600.0,1300.0
Maharashtra,Pune(Moshi) APMC,Onion,2026-02-12,Local,98.5,500.0,1200.0,850.0
Maharashtra,Pune(Pimpri) APMC,Onion,2026-02-12,Local,0.9,1400.0,1600.0,1500.0
Maharashtra,Rahuri(Vambori) APMC,Onion,2026-02-12,Red,522.2,100.0,1500.0,1000.0
Maharashtra,SHRI.SIDDHESHWAR  APMC,Onion,2026-02-12,Red,5120.7,100.0,2150.0,900.0
Maharashtra,Sangamner APMC,Onion,2026-02-12,Red,1035.9,200.0,1811.0,1005.0
Maharashtra,"Sangli(Phale, Bhajipala Market) APMC",Onion,2026-02-12,Local,348.2,500.0,1525.0,1012.0
Maharashtra,Satana APMC,Onion,2026-02-12,Red,821.0,235.0,1225.0,1010.0
Maharashtra,Satara APMC,Onion,2026-02-12,Other,51.4,500.0,1500.0,1000.0
Maharashtra,Shevgaon APMC,Onion,2026-02-12,1st Sort,51.5,1000.0,1400.0,1150.0
Maharashtra,Shevgaon APMC,Onion,2026-02-12,2nd Sort,60.0,600.0,900.0,750.0
Maharashtra,Shevgaon APMC,Onion,2026-02-12,Other,58.2,100.0,500.0,350.0
Maharashtra,Sinner APMC,Onion,2026-02-12,Red,366.8,500.0,1205.0,900.0
Maharashtra,Vadgaonpeth APMC,Onion,2026-02-12,Local,27.0,1000.0,2100.0,1700.0
Maharashtra,Vaduj APMC,Onion,2026-02-12,Local,6.0,500.0,1500.0,1000.0
Maharashtra,Vaijpur APMC,Onion,2026-02-12,Red,125.3,200.0,1253.0,1100.0
Maharashtra,Vita APMC,Onion,2026-02-12,Other,4.0,1000.0,1600.0,1350.0
Maharashtra,Yeola APMC,Onion,2026-02-12,Red,1731.4,200.0,1321.0,1000.0
Maharashtra,AGRICULTURE PRODUCE MARKET COMITEE CHANDWAD,Onion,2026-02-13,Red,2606.5,250.0,1380.0,980.0
Maharashtra,Akluj APMC,Onion,2026-02-13,Other,26.1,200.0,1500.0,900.0
Maharashtra,Amrawati(Frui & Veg. Market) APMC,Onion,2026-02-13,Red,69.1,800.0,1400.0,1100.0
Maharashtra,Bhusaval APMC,Onion,2026-02-13,Red,1.1,1000.0,1500.0,1200.0
Maharashtra,Chandrapur(Ganjwad) APMC,Onion,2026-02-13,Other,31.0,1500.0,2300.0,2000.0
Maharashtra,Devala APMC,Onion,2026-02-13,Red,697.4,250.0,1285.0,1080.0
Maharashtra,Dharashiv APMC,Onion,2026-02-13,Red,3.5,750.0,1500.0,1125.0
Maharashtra,Dhule APMC,Onion,2026-02-13,Red,102.0,600.0,1400.0,1150.0
Maharashtra,Dindori(Vani) APMC,Onion,2026-02-13,Red,718.6,851.0,1791.0,1301.0
Maharashtra,HINGNA - APMC,Onion,2026-02-13,Red,0.1,2000.0,2000.0,2000.0
Maharashtra,Jalana APMC,Onion,2026-02-13,Other,15.7,300.0,1800.0,900.0
Maharashtra,Jalgaon APMC,Onion,2026-02-13,Red,225.5,400.0,1375.0,875.0
Maharashtra,Junnar(Alephata) APMC,Onion,2026-02-13,Other,984.2,1000.0,1710.0,1350.0
Maharashtra,Junnar(Narayangaon) APMC,Onion,2026-02-13,Other,2.5,500.0,1300.0,900.0
Maharashtra,Kalvan APMC,Onion,2026-02-13,Red,405.0,450.0,1450.0,950.0
Maharashtra,Kalyan APMC,Onion,2026-02-13,1st Sort,0.3,1400.0,1500.0,1450.0
Maharashtra,Kalyan APMC,Onion,2026-02-13,2nd Sort,0.3,1000.0,1200.0,1100.0
Maharashtra,Kamthi APMC,Onion,2026-02-13,Local,2.2,2060.0,2560.0,2310.0
Maharashtra,Karjat APMC,Onion,2026-02-13,Local,11.0,300.0,1100.0,800.0
Maharashtra,Khed(Chakan) APMC,Onion,2026-02-13,Other,25.0,1000.0,1600.0,1200.0
Maharashtra,Kolhapur APMC,Onion,2026-02-13,Other,612.3,500.0,1700.0,1000.0
Maharashtra,Kopargaon APMC,Onion,2026-02-13,Red,608.0,400.0,1260.0,1025.0
Maharashtra,Lasalgaon APMC,Onion,2026-02-13,Red,2940.0,400.0,1590.0,1200.0
Maharashtra,Lasalgaon(Niphad) APMC,Onion,2026-02-13,Red,642.0,600.0,1301.0,1185.0
Maharashtra,Lasalgaon(Vinchur) APMC,Onion,2026-02-13,Red,2006.0,500.0,1312.0,1150.0
Maharashtra,Lasur Station APMC,Onion,2026-02-13,Other,599.0,100.0,1230.0,825.0
Maharashtra,"Laxmi-Sopan Agriculture Produce Marketing Co Ltd, Barshi, Dist Solapur",Onion,2026-02-13,Other,124.0,500.0,1400.0,1000.0
Maharashtra,Mangal Wedha APMC,Onion,2026-02-13,Local,26.5,100.0,1600.0,1200.0
Maharashtra,Manmad APMC,Onion,2026-02-13,Red,1750.2,100.0,1223.0,900.0
Maharashtra,Mumbai-Onion & Potato Market APMC,Onion,2026-02-13,Other,1518.3,800.0,1500.0,1150.0
Maharashtra,Nampur APMC,Onion,2026-02-13,Red,552.9,200.0,1350.0,1100.0
Maharashtra,Nasik APMC,Onion,2026-02-13,Pole,340.5,400.0,1451.0,1100.0
Maharashtra,"Omchatinya Multi State Agro Purpose Co-Op Society, Dist Ahilyanagar",Onion,2026-02-13,Red,385.1,100.0,1400.0,950.0
Maharashtra,Paranda APMC,Onion,2026-02-13,Red,78.2,500.0,1420.0,1150.0
Maharashtra,Parner APMC,Onion,2026-02-13,Red,1987.7,200.0,1700.0,1250.0
Maharashtra,Pimpalgaon Baswant APMC,Onion,2026-02-13,Pole,2315.9,400.0,1396.0,1025.0
Maharashtra,Pimpalgaon Baswant(Saykheda) APMC,Onion,2026-02-13,Red,573.5,600.0,1175.0,980.0
Maharashtra,Pune APMC,Onion,2026-02-13,Local,2194.7,500.0,1500.0,1000.0
Maharashtra,Pune(Khadiki) APMC,Onion,2026-02-13,Local,1.4,800.0,1300.0,1050.0
Maharashtra,Pune(Manjri) APMC,Onion,2026-02-13,Local,6.6,400.0,1500.0,900.0
Maharashtra,Pune(Moshi) APMC,Onion,2026-02-13,Local,43.5,400.0,1200.0,800.0
Maharashtra,Pune(Pimpri) APMC,Onion,2026-02-13,Local,0.5,1400.0,1400.0,1400.0
Maharashtra,Rahata APMC,Onion,2026-02-13,Other,155.1,400.0,1800.0,1200.0
Maharashtra,Rahuri APMC,Onion,2026-02-13,Other,783.7,100.0,1500.0,800.0
Maharashtra,SHRI.SIDDHESHWAR  APMC,Onion,2026-02-13,Red,4762.6,100.0,2050.0,800.0
Maharashtra,Sangamner APMC,Onion,2026-02-13,Red,1144.9,200.0,1851.0,1025.0
Maharashtra,"Sangli(Phale, Bhajipala Market) APMC",Onion,2026-02-13,Local,390.5,500.0,1600.0,1050.0
Maharashtra,Satana APMC,Onion,2026-02-13,Red,759.0,285.0,1230.0,1060.0
Maharashtra,Shevgaon APMC,Onion,2026-02-13,1st Sort,72.0,1000.0,1400.0,1150.0
Maharashtra,Sinner APMC,Onion,2026-02-13,Red,409.0,500.0,1241.0,950.0
Maharashtra,Vadgaonpeth APMC,Onion,2026-02-13,Local,26.0,1200.0,2100.0,1400.0
Maharashtra,Vaijpur APMC,Onion,2026-02-13,Red,1096.1,200.0,1225.0,1100.0
Maharashtra,Yeola APMC,Onion,2026-02-13,Red,1735.1,200.0,1276.0,950.0
Maharashtra,AGRICULTURE PRODUCE MARKET COMITEE CHANDWAD,Onion,2026-02-14,Red,2550.0,230.0,1380.0,960.0
Maharashtra,Ahilyanagar APMC,Onion,2026-02-14,Red,5892.6,200.0,1400.0,750.0
Maharashtra,Amrawati(Frui & Veg. Market) APMC,Onion,2026-02-14,Red,39.9,700.0,1400.0,1050.0
Maharashtra,Bhusaval APMC,Onion,2026-02-14,Red,1.3,1000.0,1200.0,1200.0
Maharashtra,Chandrapur(Ganjwad) APMC,Onion,2026-02-14,Other,88.0,1500.0,2300.0,2000.0
Maharashtra,Chattrapati Sambhajinagar APMC,Onion,2026-02-14,Other,174.4,600.0,1300.0,950.0
Maharashtra,Dharashiv APMC,Onion,2026-02-14,Red,1.5,700.0,1000.0,850.0
Maharashtra,Dhule APMC,Onion,2026-02-14,Red,116.5,600.0,1400.0,1150.0
Maharashtra,HINGNA - APMC,Onion,2026-02-14,Red,0.2,1800.0,2200.0,2000.0
Maharashtra,Karad APMC,Onion,2026-02-14,Other,19.8,500.0,1300.0,1300.0
Maharashtra,Kolhapur APMC,Onion,2026-02-14,Other,1123.0,500.0,1700.0,1100.0
Maharashtra,Kopargaon APMC,Onion,2026-02-14,Red,618.0,400.0,1199.0,950.0
Maharashtra,Lasalgaon(Niphad) APMC,Onion,2026-02-14,Red,696.0,600.0,1351.0,1150.0
Maharashtra,Lasalgaon(Vinchur) APMC,Onion,2026-02-14,Red,1343.0,500.0,1305.0,1100.0
Maharashtra,Lasur Station APMC,Onion,2026-02-14,Other,650.0,100.0,1250.0,800.0
Maharashtra,"Laxmi-Sopan Agriculture Produce Marketing Co Ltd, Barshi, Dist Solapur",Onion,2026-02-14,Other,1124.0,600.0,1500.0,1200.0
Maharashtra,Manmad APMC,Onion,2026-02-14,Red,1000.0,300.0,1260.0,1100.0
Maharashtra,Nagpur APMC,Onion,2026-02-14,Red,220.0,1400.0,1600.0,1550.0
Maharashtra,Nagpur APMC,Onion,2026-02-14,White,200.0,1600.0,2000.0,1900.0
Maharashtra,Nasik APMC,Onion,2026-02-14,Pole,364.7,450.0,1500.0,1150.0
Maharashtra,Newasa(Ghodegaon) APMC,Onion,2026-02-14,Red,1622.5,300.0,1600.0,1000.0
Maharashtra,Paranda APMC,Onion,2026-02-14,Red,195.5,500.0,1400.0,1250.0
Maharashtra,Pimpalgaon Baswant APMC,Onion,2026-02-14,Pole,2310.0,400.0,1399.0,1050.0
Maharashtra,Pimpalgaon Baswant(Saykheda) APMC,Onion,2026-02-14,Red,525.0,700.0,1151.0,950.0
Maharashtra,Pune(Manjri) APMC,Onion,2026-02-14,Local,6.4,700.0,1700.0,1400.0
Maharashtra,Pune(Moshi) APMC,Onion,2026-02-14,Local,62.1,500.0,1200.0,850.0
Maharashtra,Pune(Pimpri) APMC,Onion,2026-02-14,Local,0.7,1200.0,1400.0,1300.0
Maharashtra,Rahuri(Vambori) APMC,Onion,2026-02-14,Red,342.0,100.0,1500.0,1000.0
Maharashtra,SHRI.SIDDHESHWAR  APMC,Onion,2026-02-14,Red,5621.9,100.0,2050.0,800.0
Maharashtra,"Sangli(Phale, Bhajipala Market) APMC",Onion,2026-02-14,Local,737.2,500.0,1600.0,1050.0
Maharashtra,Shevgaon APMC,Onion,2026-02-14,1st Sort,71.2,1000.0,1500.0,1250.0
Maharashtra,Shevgaon APMC,Onion,2026-02-14,2nd Sort,53.0,600.0,900.0,800.0
Maharashtra,Shevgaon APMC,Onion,2026-02-14,Other,41.8,200.0,500.0,350.0
Maharashtra,Vadgaonpeth APMC,Onion,2026-02-14,Local,28.0,1200.0,2000.0,1400.0
Maharashtra,Vaduj APMC,Onion,2026-02-14,Local,80.0,500.0,1400.0,1000.0
Maharashtra,Vai APMC,Onion,2026-02-14,Local,2.0,1000.0,1700.0,1400.0
Maharashtra,Yeola APMC,Onion,2026-02-14,Red,1800.0,200.0,1329.0,900.0
Maharashtra,Akluj APMC,Onion,2026-02-15,Other,24.5,200.0,1700.0,900.0
Maharashtra,Bhusaval APMC,Onion,2026-02-15,Red,6.6,1000.0,1600.0,1300.0
Maharashtra,Chattrapati Sambhajinagar APMC,Onion,2026-02-15,Other,314.7,500.0,1300.0,900.0
Maharashtra,Junnar(Alephata) APMC,Onion,2026-02-15,Other,751.7,1000.0,1810.0,1400.0
Maharashtra,Junnar(Otur) APMC,Onion,2026-02-15,Other,1056.0,500.0,1610.0,1050.0
Maharashtra,Kamthi APMC,Onion,2026-02-15,Local,1.4,2040.0,2540.0,2290.0
Maharashtra,Karad APMC,Onion,2026-02-15,Other,9.9,300.0,1300.0,1300.0
Maharashtra,Khed(Chakan) APMC,Onion,2026-02-15,Other,30.0,1000.0,1500.0,1250.0
Maharashtra,Manchar APMC,Onion,2026-02-15,Other,1810.8,1500.0,1700.0,1600.0
Maharashtra,Mangal Wedha APMC,Onion,2026-02-15,Local,0.3,900.0,1600.0,1400.0
Maharashtra,"Omchatinya Multi State Agro Purpose Co-Op Society, Dist Ahilyanagar",Onion,2026-02-15,Red,267.39,100.0,1400.0,1000.0
Maharashtra,Parner APMC,Onion,2026-02-15,Red,2366.6,200.0,1600.0,1175.0
Maharashtra,Pathardi APMC,Onion,2026-02-15,Red,193.4,100.0,1400.0,750.0
Maharashtra,Pune APMC,Onion,2026-02-15,Local,2179.2,500.0,1500.0,1000.0
Maharashtra,Pune(Manjri) APMC,Onion,2026-02-15,Local,5.5,600.0,1600.0,1400.0
Maharashtra,Pune(Moshi) APMC,Onion,2026-02-15,Local,70.3,500.0,1000.0,1000.0
Maharashtra,Pune(Pimpri) APMC,Onion,2026-02-15,Local,1.6,600.0,1600.0,1100.0
Maharashtra,Rahuri APMC,Onion,2026-02-15,Other,477.1,100.0,1405.0,750.0
Maharashtra,Ramtek APMC,Onion,2026-02-15,Other,6.2,1100.0,1500.0,1300.0
Maharashtra,Satara APMC,Onion,2026-02-15,Other,34.7,1000.0,2000.0,1500.0
Maharashtra,Shrigonda APMC,Onion,2026-02-15,Other,158.8,300.0,1400.0,1200.0
Maharashtra,Vadgaonpeth APMC,Onion,2026-02-15,Local,25.0,1100.0,2100.0,1600.0
Maharashtra,AGRICULTURE PRODUCE MARKET COMITEE CHANDWAD,Onion,2026-02-16,Red,1781.2,200.0,1325.0,920.0
Maharashtra,Ahilyanagar APMC,Onion,2026-02-16,Red,6460.8,200.0,1350.0,700.0
Maharashtra,Akola APMC,Onion,2026-02-16,Other,101.0,500.0,1600.0,1100.0
Maharashtra,Amrawati(Frui & Veg. Market) APMC,Onion,2026-02-16,Red,37.7,600.0,1400.0,1000.0
Maharashtra,Chattrapati Sambhajinagar APMC,Onion,2026-02-16,Other,195.5,400.0,1400.0,900.0
Maharashtra,Devala APMC,Onion,2026-02-16,Red,681.2,250.0,1300.0,1000.0
Maharashtra,Dhule APMC,Onion,2026-02-16,Red,97.8,500.0,1300.0,900.0
Maharashtra,Dindori(Vani) APMC,Onion,2026-02-16,Red,651.4,921.0,1781.0,1311.0
Maharashtra,HINGNA - APMC,Onion,2026-02-16,Red,1.5,1250.0,2200.0,1868.0
Maharashtra,Junnar(Narayangaon) APMC,Onion,2026-02-16,Other,6.5,300.0,1500.0,900.0
Maharashtra,Kalvan APMC,Onion,2026-02-16,Red,430.0,450.0,1365.0,900.0
Maharashtra,Kalyan APMC,Onion,2026-02-16,1st Sort,0.3,1400.0,1600.0,1500.0
Maharashtra,Kalyan APMC,Onion,2026-02-16,2nd Sort,0.3,1000.0,1200.0,1100.0
Maharashtra,Karad APMC,Onion,2026-02-16,Other,9.9,500.0,1300.0,1300.0
Maharashtra,Kolhapur APMC,Onion,2026-02-16,Other,740.0,500.0,1500.0,1000.0
Maharashtra,Kopargaon APMC,Onion,2026-02-16,Red,448.0,500.0,1125.0,930.0
Maharashtra,Kurdwadi(Modnimb) APMC,Onion,2026-02-16,Red,95.0,100.0,1255.0,800.0
Maharashtra,Lasalgaon APMC,Onion,2026-02-16,Red,2905.6,600.0,1425.0,1170.0
Maharashtra,Lasalgaon(Niphad) APMC,Onion,2026-02-16,Red,676.0,600.0,1201.0,1100.0
Maharashtra,Lasalgaon(Vinchur) APMC,Onion,2026-02-16,Red,1878.5,500.0,1300.0,1100.0
Maharashtra,Lasur Station APMC,Onion,2026-02-16,Other,500.0,200.0,1155.0,700.0
Maharashtra,Lonand APMC,Onion,2026-02-16,Other,500.0,400.0,1351.0,950.0
Maharashtra,Mangal Wedha APMC,Onion,2026-02-16,Local,16.6,100.0,1500.0,1000.0
Maharashtra,Manmad APMC,Onion,2026-02-16,Red,1604.6,100.0,1325.0,900.0
Maharashtra,Mumbai-Onion & Potato Market APMC,Onion,2026-02-16,Other,1788.5,800.0,1500.0,1150.0
Maharashtra,Nagpur APMC,Onion,2026-02-16,Red,304.0,1200.0,1600.0,1500.0
Maharashtra,Nagpur APMC,Onion,2026-02-16,White,200.0,1400.0,2000.0,1850.0
Maharashtra,Nampur APMC,Onion,2026-02-16,Red,471.1,200.0,1175.0,1000.0
Maharashtra,Nandgaon APMC,Onion,2026-02-16,Red,1449.8,100.0,1101.0,750.0
Maharashtra,Nasik APMC,Onion,2026-02-16,Pole,239.0,400.0,1400.0,1100.0
Maharashtra,Newasa(Ghodegaon) APMC,Onion,2026-02-16,Red,1230.0,300.0,1500.0,900.0
Maharashtra,Pimpalgaon Baswant APMC,Onion,2026-02-16,Pole,2528.8,400.0,1401.0,1050.0
Maharashtra,Pimpalgaon Baswant(Saykheda) APMC,Onion,2026-02-16,Red,519.2,600.0,1150.0,975.0
Maharashtra,Pune APMC,Onion,2026-02-16,Local,1751.8,500.0,1500.0,1000.0
Maharashtra,Pune(Manjri) APMC,Onion,2026-02-16,Local,6.5,600.0,1100.0,900.0
Maharashtra,Pune(Moshi) APMC,Onion,2026-02-16,Local,62.9,400.0,1200.0,800.0
Maharashtra,Pune(Pimpri) APMC,Onion,2026-02-16,Local,0.7,1500.0,1600.0,1550.0
Maharashtra,Rahuri(Vambori) APMC,Onion,2026-02-16,Red,419.8,100.0,1700.0,1000.0
Maharashtra,SHRI.SIDDHESHWAR  APMC,Onion,2026-02-16,Red,4624.2,100.0,2050.0,800.0
Maharashtra,Sangamner APMC,Onion,2026-02-16,Red,1071.0,151.0,1525.0,838.0
Maharashtra,"Sangli(Phale, Bhajipala Market) APMC",Onion,2026-02-16,Local,584.9,500.0,1600.0,1050.0
Maharashtra,Satana APMC,Onion,2026-02-16,Red,653.5,250.0,1300.0,1020.0
Maharashtra,Satara APMC,Onion,2026-02-16,Other,22.0,1000.0,2000.0,1500.0
Maharashtra,Shevgaon APMC,Onion,2026-02-16,1st Sort,53.0,1000.0,1300.0,1150.0
Maharashtra,Shevgaon APMC,Onion,2026-02-16,2nd Sort,68.6,600.0,900.0,750.0
Maharashtra,Shevgaon APMC,Onion,2026-02-16,Other,50.0,100.0,500.0,350.0
Maharashtra,"Shree Sairaj Krushi Market, Dist Ahilyanagar",Onion,2026-02-16,Local,34.27,100.0,1500.0,800.0
Maharashtra,Sinner APMC,Onion,2026-02-16,Red,290.0,500.0,1180.0,1000.0
Maharashtra,Vaduj APMC,Onion,2026-02-16,Local,5.0,500.0,1500.0,1000.0
Maharashtra,Vaijpur APMC,Onion,2026-02-16,Red,916.1,200.0,1200.0,1050.0
Maharashtra,Yeola APMC,Onion,2026-02-16,Red,1926.7,200.0,1261.0,925.0
Maharashtra,Akola APMC,Onion,2026-02-17,Other,65.8,500.0,1600.0,1000.0
Maharashtra,Akole APMC,Onion,2026-02-17,Other,125.5,251.0,1500.0,1100.0
Maharashtra,Amrawati(Frui & Veg. Market) APMC,Onion,2026-02-17,Red,36.0,600.0,1500.0,1050.0
Maharashtra,Bhusaval APMC,Onion,2026-02-17,Red,8.3,800.0,1200.0,1000.0
Maharashtra,Chandrapur(Ganjwad) APMC,Onion,2026-02-17,Other,112.0,1500.0,2200.0,1800.0
Maharashtra,Chattrapati Sambhajinagar APMC,Onion,2026-02-17,Other,211.3,300.0,1300.0,800.0
Maharashtra,Devala APMC,Onion,2026-02-17,Red,598.5,250.0,1215.0,1080.0
Maharashtra,Dharashiv APMC,Onion,2026-02-17,Red,3.6,800.0,1200.0,1000.0
Maharashtra,Dhule APMC,Onion,2026-02-17,Red,144.4,500.0,1300.0,900.0
Maharashtra,Dindori(Vani) APMC,Onion,2026-02-17,Red,510.6,901.0,1800.0,1251.0
Maharashtra,HINGNA - APMC,Onion,2026-02-17,Red,0.4,2000.0,2200.0,2066.0
Maharashtra,Islampur APMC,Onion,2026-02-17,Local,5.0,500.0,1600.0,1200.0
Maharashtra,Jalgaon APMC,Onion,2026-02-17,Red,152.9,400.0,1087.0,750.0
Maharashtra,Kalvan APMC,Onion,2026-02-17,Red,365.0,400.0,1380.0,875.0
Maharashtra,Kalyan APMC,Onion,2026-02-17,1st Sort,0.3,1400.0,1500.0,1450.0
Maharashtra,Kalyan APMC,Onion,2026-02-17,2nd Sort,0.3,1200.0,1300.0,1250.0
Maharashtra,Kamthi APMC,Onion,2026-02-17,Local,3.4,2020.0,2520.0,2270.0
Maharashtra,Karjat APMC,Onion,2026-02-17,Local,7.1,300.0,1400.0,1000.0
Maharashtra,Khed(Chakan) APMC,Onion,2026-02-17,Other,25.0,900.0,1400.0,1200.0
Maharashtra,Kolhapur APMC,Onion,2026-02-17,Other,695.0,500.0,1600.0,1000.0
Maharashtra,Kopargaon APMC,Onion,2026-02-17,Red,502.0,500.0,1106.0,1000.0
Maharashtra,Lasalgaon APMC,Onion,2026-02-17,Red,2713.0,500.0,1452.0,1150.0
Maharashtra,Lasalgaon(Niphad) APMC,Onion,2026-02-17,Red,594.0,600.0,1276.0,1125.0
Maharashtra,Lasalgaon(Vinchur) APMC,Onion,2026-02-17,Red,1947.7,500.0,1300.0,1100.0
Maharashtra,Lasur Station APMC,Onion,2026-02-17,Other,610.0,200.0,1240.0,800.0
Maharashtra,Malkapur APMC,Onion,2026-02-17,Local,140.5,550.0,1200.0,1051.0
Maharashtra,Manchar APMC,Onion,2026-02-17,Other,1460.4,1500.0,2000.0,1750.0
Maharashtra,Manmad APMC,Onion,2026-02-17,Red,1467.8,100.0,1253.0,900.0
Maharashtra,Mumbai-Onion & Potato Market APMC,Onion,2026-02-17,Other,1252.3,900.0,1600.0,1250.0
Maharashtra,Nagpur APMC,Onion,2026-02-17,Red,200.0,1200.0,1600.0,1500.0
Maharashtra,Nagpur APMC,Onion,2026-02-17,White,150.0,1400.0,2000.0,1850.0
Maharashtra,Nampur APMC,Onion,2026-02-17,Red,579.6,200.0,1200.0,1000.0
Maharashtra,Nandgaon APMC,Onion,2026-02-17,Red,2761.2,100.0,1162.0,850.0
Maharashtra,Nasik APMC,Onion,2026-02-17,Pole,263.0,400.0,1411.0,1050.0
Maharashtra,"Omchatinya Multi State Agro Purpose Co-Op Society, Dist Ahilyanagar",Onion,2026-02-17,Red,331.57,100.0,1300.0,1000.0
Maharashtra,Pimpalgaon Baswant APMC,Onion,2026-02-17,Pole,2909.6,400.0,1451.0,1075.0
Maharashtra,Pimpalgaon Baswant(Saykheda) APMC,Onion,2026-02-17,Red,511.8,650.0,1101.0,950.0
Maharashtra,Pune APMC,Onion,2026-02-17,Local,1711.2,400.0,1500.0,950.0
Maharashtra,Pune(Khadiki) APMC,Onion,2026-02-17,Local,1.8,700.0,1100.0,900.0
Maharashtra,Pune(Manjri) APMC,Onion,2026-02-17,Local,6.1,600.0,1100.0,900.0
Maharashtra,Pune(Moshi) APMC,Onion,2026-02-17,Local,50.8,500.0,1300.0,900.0
Maharashtra,Pune(Pimpri) APMC,Onion,2026-02-17,Local,1.7,1600.0,1600.0,1600.0
Maharashtra,Rahata APMC,Onion,2026-02-17,Red,166.1,400.0,1500.0,1150.0
Maharashtra,Rahuri APMC,Onion,2026-02-17,Other,715.8,100.0,1400.0,750.0
Maharashtra,Ramtek APMC,Onion,2026-02-17,Other,1.2,1100.0,1500.0,1300.0
Maharashtra,SHRI.SIDDHESHWAR  APMC,Onion,2026-02-17,Red,3755.4,100.0,2000.0,800.0
Maharashtra,Sangamner APMC,Onion,2026-02-17,Red,1114.1,151.0,1551.0,851.0
Maharashtra,"Sangli(Phale, Bhajipala Market) APMC",Onion,2026-02-17,Local,469.8,500.0,1550.0,1025.0
Maharashtra,Satana APMC,Onion,2026-02-17,Red,658.5,200.0,1305.0,1005.0
Maharashtra,Satara APMC,Onion,2026-02-17,Other,15.0,1000.0,2000.0,1500.0
Maharashtra,Sinner APMC,Onion,2026-02-17,Red,291.8,500.0,1175.0,950.0
Maharashtra,Vadgaonpeth APMC,Onion,2026-02-17,Local,26.0,1200.0,2500.0,1400.0
Maharashtra,Vaduj APMC,Onion,2026-02-17,Local,4.5,1000.0,1300.0,1200.0
Maharashtra,Vaijpur APMC,Onion,2026-02-17,Red,1172.2,250.0,1230.0,1100.0
Maharashtra,AGRICULTURE PRODUCE MARKET COMITEE CHANDWAD,Onion,2026-02-18,Red,2504.0,200.0,1330.0,1000.0
Maharashtra,Akluj APMC,Onion,2026-02-18,Other,34.4,200.0,1600.0,1000.0
Maharashtra,Akola APMC,Onion,2026-02-18,Other,88.5,500.0,1700.0,1100.0
Maharashtra,Amrawati(Frui & Veg. Market) APMC,Onion,2026-02-18,Red,33.8,600.0,1600.0,1050.0
Maharashtra,Bhusaval APMC,Onion,2026-02-18,Red,7.0,800.0,1200.0,1000.0
Maharashtra,Chandrapur(Ganjwad) APMC,Onion,2026-02-18,Other,46.0,1500.0,2300.0,2000.0
Maharashtra,Chattrapati Sambhajinagar APMC,Onion,2026-02-18,Other,271.2,600.0,1200.0,900.0
Maharashtra,Devala APMC,Onion,2026-02-18,Red,624.0,200.0,1175.0,1050.0
Maharashtra,Dharashiv APMC,Onion,2026-02-18,Red,3.6,800.0,1600.0,1200.0
Maharashtra,Dhule APMC,Onion,2026-02-18,Red,20.7,500.0,1270.0,950.0
Maharashtra,Junnar(Narayangaon) APMC,Onion,2026-02-18,Other,8.6,300.0,1500.0,850.0
Maharashtra,Khed(Chakan) APMC,Onion,2026-02-18,Other,900.0,800.0,1500.0,1200.0
Maharashtra,Kolhapur APMC,Onion,2026-02-18,Other,1195.0,500.0,1600.0,1100.0
Maharashtra,Kopargaon APMC,Onion,2026-02-18,Red,746.0,500.0,1100.0,900.0
Maharashtra,Lasalgaon(Niphad) APMC,Onion,2026-02-18,Red,790.0,600.0,1234.0,1100.0
Maharashtra,Lasalgaon(Vinchur) APMC,Onion,2026-02-18,Red,2332.7,500.0,1305.0,1100.0
Maharashtra,Mangal Wedha APMC,Onion,2026-02-18,Local,32.6,100.0,1500.0,800.0
Maharashtra,Manmad APMC,Onion,2026-02-18,Red,900.0,300.0,1150.0,1000.0
Maharashtra,Mumbai-Onion & Potato Market APMC,Onion,2026-02-18,Other,1609.2,800.0,1500.0,1150.0
Maharashtra,Nagpur APMC,Onion,2026-02-18,Red,220.0,1200.0,1600.0,1525.0
Maharashtra,Nagpur APMC,Onion,2026-02-18,White,200.0,1400.0,2000.0,1850.0
Maharashtra,Nasik APMC,Onion,2026-02-18,Pole,415.0,500.0,1551.0,1150.0
Maharashtra,Newasa(Ghodegaon) APMC,Onion,2026-02-18,Red,1405.8,300.0,1500.0,1000.0
Maharashtra,Parner APMC,Onion,2026-02-18,Red,2562.6,200.0,1600.0,1050.0
Maharashtra,Pathardi APMC,Onion,2026-02-18,Red,249.7,100.0,1400.0,800.0
Maharashtra,Pimpalgaon Baswant APMC,Onion,2026-02-18,Pole,2750.0,400.0,1399.0,1025.0
Maharashtra,Pimpalgaon Baswant(Saykheda) APMC,Onion,2026-02-18,Red,642.6,600.0,1154.0,970.0
Maharashtra,Pune APMC,Onion,2026-02-18,Local,1720.2,400.0,1500.0,950.0
Maharashtra,Pune(Manjri) APMC,Onion,2026-02-18,Local,6.9,700.0,1300.0,1000.0
Maharashtra,Pune(Pimpri) APMC,Onion,2026-02-18,Local,1.9,800.0,1600.0,1200.0
Maharashtra,SHRI.SIDDHESHWAR  APMC,Onion,2026-02-18,Red,4656.9,100.0,2100.0,850.0
Maharashtra,Sangamner APMC,Onion,2026-02-18,Red,1222.3,150.0,1501.0,825.0
Maharashtra,"Sangli(Phale, Bhajipala Market) APMC",Onion,2026-02-18,Local,759.6,500.0,1750.0,1125.0
Maharashtra,Satara APMC,Onion,2026-02-18,Other,29.0,1000.0,2000.0,1500.0
Maharashtra,Sinner APMC,Onion,2026-02-18,Red,446.5,500.0,1170.0,950.0
Maharashtra,Vadgaonpeth APMC,Onion,2026-02-18,Local,26.0,1100.0,2200.0,1600.0
Maharashtra,Vaduj APMC,Onion,2026-02-18,Local,12.0,500.0,1500.0,1000.0
Maharashtra,Yeola APMC,Onion,2026-02-18,Red,2000.0,200.0,1272.0,950.0
Maharashtra,Ahilyanagar APMC,Onion,2026-02-19,Red,6852.1,200.0,1300.0,700.0
Maharashtra,Akole APMC,Onion,2026-02-19,Other,238.7,200.0,1551.0,1151.0
Maharashtra,Bhusaval APMC,Onion,2026-02-19,Red,5.1,800.0,1200.0,1000.0
Maharashtra,Dharashiv APMC,Onion,2026-02-19,Red,3.6,800.0,1300.0,1050.0
Maharashtra,HINGNA - APMC,Onion,2026-02-19,Red,0.3,2000.0,2000.0,2000.0
Maharashtra,Islampur APMC,Onion,2026-02-19,Local,11.2,500.0,1500.0,1000.0
Maharashtra,Junnar(Narayangaon) APMC,Onion,2026-02-19,Other,9.4,200.0,1500.0,850.0
Maharashtra,Junnar(Otur) APMC,Onion,2026-02-19,Other,989.4,700.0,1570.0,1100.0
Maharashtra,Kalyan APMC,Onion,2026-02-19,1st Sort,0.3,1400.0,1600.0,1500.0
Maharashtra,Kalyan APMC,Onion,2026-02-19,2nd Sort,0.3,1000.0,1200.0,1100.0
Maharashtra,Kamthi APMC,Onion,2026-02-19,Local,2.0,2040.0,2540.0,2290.0
Maharashtra,Karjat APMC,Onion,2026-02-19,Local,54.2,300.0,1000.0,800.0
Maharashtra,Khed(Chakan) APMC,Onion,2026-02-19,Other,30.0,1000.0,1500.0,1200.0
Maharashtra,Lasalgaon APMC,Onion,2026-02-19,Red,1590.8,500.0,1351.0,1100.0
Maharashtra,Lasalgaon(Vinchur) APMC,Onion,2026-02-19,Red,1130.5,500.0,1301.0,1100.0
Maharashtra,Manchar APMC,Onion,2026-02-19,Other,1772.2,1600.0,1750.0,1675.0
Maharashtra,Mangal Wedha APMC,Onion,2026-02-19,Local,2.2,200.0,1400.0,1100.0
Maharashtra,Paranda APMC,Onion,2026-02-19,Other,525.0,500.0,1350.0,1000.0
Maharashtra,Pune APMC,Onion,2026-02-19,Local,1718.1,400.0,1400.0,900.0
Maharashtra,Pune(Manjri) APMC,Onion,2026-02-19,Local,5.0,600.0,1300.0,1000.0
Maharashtra,Pune(Moshi) APMC,Onion,2026-02-19,Local,100.0,400.0,1200.0,800.0
Maharashtra,Pune(Pimpri) APMC,Onion,2026-02-19,Local,1.3,900.0,1400.0,1150.0
Maharashtra,Rahuri(Vambori) APMC,Onion,2026-02-19,Red,663.8,100.0,1500.0,1000.0
Maharashtra,Sangamner APMC,Onion,2026-02-19,Red,1165.7,151.0,1511.0,831.0
Maharashtra,"Sangli(Phale, Bhajipala Market) APMC",Onion,2026-02-19,Local,470.5,500.0,1700.0,1100.0
Maharashtra,Satara APMC,Onion,2026-02-19,Other,37.0,1000.0,2000.0,1500.0
Maharashtra,Shevgaon APMC,Onion,2026-02-19,1st Sort,126.0,1000.0,1300.0,1150.0
Maharashtra,Shevgaon APMC,Onion,2026-02-19,2nd Sort,142.5,600.0,900.0,775.0
Maharashtra,Shevgaon APMC,Onion,2026-02-19,Other,112.4,200.0,500.0,350.0
Maharashtra,Vai APMC,Onion,2026-02-19,Local,1.5,1000.0,1800.0,1500.0
Maharashtra,AGRICULTURE PRODUCE MARKET COMITEE CHANDWAD,Onion,2026-02-20,Red,2971.8,100.0,1370.0,920.0
Maharashtra,Akluj APMC,Onion,2026-02-20,Other,33.9,250.0,1600.0,900.0
Maharashtra,Akola APMC,Onion,2026-02-20,Other,66.0,500.0,1500.0,1000.0
Maharashtra,Amrawati(Frui & Veg. Market) APMC,Onion,2026-02-20,Red,40.7,700.0,2400.0,1550.0
Maharashtra,Bhusaval APMC,Onion,2026-02-20,Red,3.8,800.0,1200.0,1000.0
Maharashtra,Chandrapur(Ganjwad) APMC,Onion,2026-02-20,Other,84.0,1500.0,2300.0,2000.0
Maharashtra,Devala APMC,Onion,2026-02-20,Red,830.0,225.0,1270.0,1050.0
Maharashtra,Dharashiv APMC,Onion,2026-02-20,Red,0.9,700.0,1200.0,950.0
Maharashtra,Dhule APMC,Onion,2026-02-20,Red,166.2,650.0,1900.0,1050.0
Maharashtra,HINGNA - APMC,Onion,2026-02-20,Red,0.5,1500.0,1500.0,1500.0
Maharashtra,Islampur APMC,Onion,2026-02-20,Local,6.0,500.0,1500.0,1000.0
Maharashtra,Jalgaon APMC,Onion,2026-02-20,Red,172.7,450.0,1250.0,850.0
Maharashtra,Junnar(Alephata) APMC,Onion,2026-02-20,Other,1253.1,600.0,1600.0,900.0
Maharashtra,Junnar(Narayangaon) APMC,Onion,2026-02-20,Other,1.8,200.0,1500.0,800.0
Maharashtra,Kalvan APMC,Onion,2026-02-20,Red,595.0,400.0,1400.0,900.0
Maharashtra,Kalyan APMC,Onion,2026-02-20,1st Sort,0.3,1400.0,1600.0,1500.0
Maharashtra,Kalyan APMC,Onion,2026-02-20,2nd Sort,0.3,1000.0,1200.0,1100.0
Maharashtra,Kamthi APMC,Onion,2026-02-20,Local,8.4,2060.0,2560.0,2310.0
Maharashtra,Khed(Chakan) APMC,Onion,2026-02-20,Other,25.0,1000.0,1500.0,1200.0
Maharashtra,Kolhapur APMC,Onion,2026-02-20,Other,892.0,500.0,1400.0,1000.0
Maharashtra,Kopargaon APMC,Onion,2026-02-20,Red,524.0,500.0,1251.0,950.0
Maharashtra,Lasalgaon APMC,Onion,2026-02-20,Red,2963.2,551.0,1413.0,1151.0
Maharashtra,Lasalgaon(Niphad) APMC,Onion,2026-02-20,Red,778.0,600.0,1242.0,1100.0
Maharashtra,Lasalgaon(Vinchur) APMC,Onion,2026-02-20,Red,2276.7,500.0,1313.0,1100.0
Maharashtra,"Laxmi-Sopan Agriculture Produce Marketing Co Ltd, Barshi, Dist Solapur",Onion,2026-02-20,Other,1504.0,600.0,1500.0,1100.0
Maharashtra,Mangal Wedha APMC,Onion,2026-02-20,Local,30.8,100.0,1300.0,800.0
Maharashtra,Manmad APMC,Onion,2026-02-20,Red,2128.8,100.0,1301.0,950.0
Maharashtra,Mumbai-Onion & Potato Market APMC,Onion,2026-02-20,Other,1850.7,800.0,1600.0,1200.0
Maharashtra,Nampur APMC,Onion,2026-02-20,Red,736.9,200.0,1200.0,1000.0
Maharashtra,Nasik APMC,Onion,2026-02-20,Pole,564.0,500.0,1600.0,1200.0
Maharashtra,"Omchatinya Multi State Agro Purpose Co-Op Society, Dist Ahilyanagar",Onion,2026-02-20,Red,327.89,100.0,1300.0,900.0
Maharashtra,Paranda APMC,Onion,2026-02-20,Other,169.0,500.0,1250.0,900.0
Maharashtra,Pimpalgaon Baswant APMC,Onion,2026-02-20,Pole,3562.9,400.0,1451.0,1100.0
Maharashtra,Pimpalgaon Baswant(Saykheda) APMC,Onion,2026-02-20,Red,806.7,600.0,1100.0,925.0
Maharashtra,Pune APMC,Onion,2026-02-20,Local,2231.4,400.0,1400.0,900.0
Maharashtra,Pune(Manjri) APMC,Onion,2026-02-20,Local,6.5,600.0,1300.0,1200.0
Maharashtra,Pune(Moshi) APMC,Onion,2026-02-20,Local,46.6,500.0,1000.0,750.0
Maharashtra,Pune(Pimpri) APMC,Onion,2026-02-20,Local,1.3,1500.0,1700.0,1600.0
Maharashtra,Rahata APMC,Onion,2026-02-20,Red,225.2,400.0,1500.0,1150.0
Maharashtra,Rahuri APMC,Onion,2026-02-20,Other,817.5,100.0,1400.0,750.0
Maharashtra,SHRI.SIDDHESHWAR  APMC,Onion,2026-02-20,Red,5539.4,100.0,2000.0,800.0
Maharashtra,Sangamner APMC,Onion,2026-02-20,Red,1310.5,151.0,1551.0,851.0
Maharashtra,"Sangli(Phale, Bhajipala Market) APMC",Onion,2026-02-20,Local,506.7,500.0,1550.0,1025.0
Maharashtra,Satana APMC,Onion,2026-02-20,Red,953.0,200.0,1260.0,1010.0
Maharashtra,Vadgaonpeth APMC,Onion,2026-02-20,Local,27.0,1200.0,2100.0,1400.0
Maharashtra,Vai APMC,Onion,2026-02-20,Local,1.2,700.0,1300.0,1000.0
Maharashtra,Vaijpur APMC,Onion,2026-02-20,Red,1118.0,200.0,1075.0,1000.0
Maharashtra,Yeola APMC,Onion,2026-02-20,Red,2019.7,200.0,1265.0,950.0
Maharashtra,AGRICULTURE PRODUCE MARKET COMITEE CHANDWAD,Onion,2026-02-21,Red,2002.2,100.0,1280.0,940.0
Maharashtra,Ahilyanagar APMC,Onion,2026-02-21,Red,5115.1,200.0,1300.0,750.0
Maharashtra,Akola APMC,Onion,2026-02-21,Other,43.0,500.0,1500.0,1100.0
Maharashtra,Amrawati(Frui & Veg. Market) APMC,Onion,2026-02-21,Red,37.7,600.0,2400.0,1500.0
Maharashtra,Bhusaval APMC,Onion,2026-02-21,Red,4.0,800.0,1200.0,1000.0
Maharashtra,Chandrapur(Ganjwad) APMC,Onion,2026-02-21,Other,32.0,1500.0,2000.0,1800.0
Maharashtra,Chattrapati Sambhajinagar APMC,Onion,2026-02-21,Other,351.0,600.0,1200.0,900.0
Maharashtra,Dhule APMC,Onion,2026-02-21,Red,66.2,650.0,1900.0,1050.0
Maharashtra,Dindori(Vani) APMC,Onion,2026-02-21,Red,553.0,920.0,1865.0,1331.0
Maharashtra,HINGNA - APMC,Onion,2026-02-21,Red,0.4,2000.0,2000.0,2000.0
Maharashtra,Jalgaon APMC,Onion,2026-02-21,Red,130.1,450.0,1312.0,875.0
Maharashtra,Karad APMC,Onion,2026-02-21,Other,19.8,1000.0,1400.0,1400.0
Maharashtra,Khed(Chakan) APMC,Onion,2026-02-21,Other,900.0,1000.0,1500.0,1200.0
Maharashtra,Kolhapur APMC,Onion,2026-02-21,Other,932.0,500.0,1600.0,1000.0
Maharashtra,Kopargaon APMC,Onion,2026-02-21,Red,508.0,400.0,1257.0,1025.0
Maharashtra,Lasalgaon APMC,Onion,2026-02-21,Red,1718.6,500.0,1370.0,1100.0
Maharashtra,Lasalgaon(Niphad) APMC,Onion,2026-02-21,Red,756.0,700.0,1300.0,1100.0
Maharashtra,Lasalgaon(Vinchur) APMC,Onion,2026-02-21,Red,1849.7,500.0,1340.0,1100.0
Maharashtra,"Laxmi-Sopan Agriculture Produce Marketing Co Ltd, Barshi, Dist Solapur",Onion,2026-02-21,Other,1034.2,600.0,1500.0,1200.0
Maharashtra,Mangal Wedha APMC,Onion,2026-02-21,Local,2.7,100.0,1500.0,1000.0
Maharashtra,Manmad APMC,Onion,2026-02-21,Red,1000.0,100.0,1217.0,1050.0
Maharashtra,Nagpur APMC,Onion,2026-02-21,Red,248.0,1200.0,1600.0,1500.0
Maharashtra,Nagpur APMC,Onion,2026-02-21,White,200.0,1400.0,2000.0,1850.0
Maharashtra,Nasik APMC,Onion,2026-02-21,Pole,444.1,600.0,1800.0,1350.0
Maharashtra,Newasa(Ghodegaon) APMC,Onion,2026-02-21,Red,1541.1,300.0,1500.0,900.0
Maharashtra,Paranda APMC,Onion,2026-02-21,Other,196.0,500.0,1350.0,1000.0
Maharashtra,Pimpalgaon Baswant APMC,Onion,2026-02-21,Pole,2875.0,400.0,1412.0,1050.0
Maharashtra,Pimpalgaon Baswant(Saykheda) APMC,Onion,2026-02-21,Red,738.0,650.0,1100.0,940.0
Maharashtra,Pune(Khadiki) APMC,Onion,2026-02-21,Local,1.7,700.0,1200.0,950.0
Maharashtra,Pune(Manjri) APMC,Onion,2026-02-21,Local,8.0,400.0,1300.0,900.0
Maharashtra,Pune(Moshi) APMC,Onion,2026-02-21,Local,54.7,500.0,1200.0,850.0
Maharashtra,Pune(Pimpri) APMC,Onion,2026-02-21,Local,1.0,1300.0,1600.0,1450.0
Maharashtra,Rahuri(Vambori) APMC,Onion,2026-02-21,Other,397.5,100.0,1500.0,1000.0
Maharashtra,SHRI.SIDDHESHWAR  APMC,Onion,2026-02-21,Red,4562.1,100.0,2000.0,800.0
Maharashtra,"Sangli(Phale, Bhajipala Market) APMC",Onion,2026-02-21,Local,699.3,500.0,1700.0,1100.0
Maharashtra,Satara APMC,Onion,2026-02-21,Other,71.8,1000.0,1500.0,1200.0
Maharashtra,Shevgaon APMC,Onion,2026-02-21,1st Sort,121.2,900.0,1300.0,1050.0
Maharashtra,Shevgaon APMC,Onion,2026-02-21,2nd Sort,73.0,500.0,800.0,750.0
Maharashtra,Shevgaon APMC,Onion,2026-02-21,Other,123.2,100.0,400.0,300.0
Maharashtra,Shirpur APMC,Onion,2026-02-21,Red,64.5,150.0,1450.0,1000.0
Maharashtra,"Shree Sairaj Krushi Market, Dist Ahilyanagar",Onion,2026-02-21,Local,86.91,200.0,1350.0,800.0
Maharashtra,Vadgaonpeth APMC,Onion,2026-02-21,Local,25.0,1100.0,2100.0,1500.0
Maharashtra,Vaduj APMC,Onion,2026-02-21,Local,12.0,1000.0,1500.0,1300.0
Maharashtra,Yeola APMC,Onion,2026-02-21,Red,1800.0,200.0,1280.0,950.0
Maharashtra,Akluj APMC,Onion,2026-02-22,Red,33.7,250.0,1500.0,1000.0
Maharashtra,Akole APMC,Onion,2026-02-22,Other,264.1,200.0,1551.0,1100.0
Maharashtra,Amrawati(Frui & Veg. Market) APMC,Onion,2026-02-22,Red,40.7,700.0,2400.0,1550.0
Maharashtra,Bhusaval APMC,Onion,2026-02-22,Red,3.5,800.0,1200.0,1000.0
Maharashtra,Chattrapati Sambhajinagar APMC,Onion,2026-02-22,Other,619.0,200.0,1000.0,600.0
Maharashtra,Dharashiv APMC,Onion,2026-02-22,Red,4.8,800.0,1200.0,1000.0
Maharashtra,Islampur APMC,Onion,2026-02-22,Local,5.7,500.0,1600.0,1100.0
Maharashtra,Junnar(Alephata) APMC,Onion,2026-02-22,Other,1165.7,900.0,1510.0,1200.0
Maharashtra,Junnar(Otur) APMC,Onion,2026-02-22,Other,1115.2,500.0,1450.0,1000.0
Maharashtra,Kalyan APMC,Onion,2026-02-22,1st Sort,0.3,1400.0,1600.0,1500.0
Maharashtra,Kalyan APMC,Onion,2026-02-22,2nd Sort,0.3,1000.0,1200.0,1100.0
Maharashtra,Khed(Chakan) APMC,Onion,2026-02-22,Other,30.0,1000.0,1500.0,1300.0
Maharashtra,Manchar APMC,Onion,2026-02-22,Other,1907.0,1110.0,1510.0,1310.0
Maharashtra,Paranda APMC,Onion,2026-02-22,Other,158.5,500.0,1350.0,1050.0
Maharashtra,Parner APMC,Onion,2026-02-22,Red,1917.0,200.0,1600.0,1050.0
Maharashtra,Pathardi APMC,Onion,2026-02-22,Red,161.5,100.0,1350.0,700.0
Maharashtra,Pune APMC,Onion,2026-02-22,Local,2270.2,400.0,1400.0,900.0
Maharashtra,Pune(Khadiki) APMC,Onion,2026-02-22,Local,1.8,700.0,1200.0,950.0
Maharashtra,Pune(Manjri) APMC,Onion,2026-02-22,Local,7.5,500.0,1300.0,900.0
Maharashtra,Pune(Moshi) APMC,Onion,2026-02-22,Local,82.7,400.0,1200.0,800.0
Maharashtra,Pune(Pimpri) APMC,Onion,2026-02-22,Local,2.4,900.0,1600.0,1250.0
Maharashtra,Rahuri APMC,Onion,2026-02-22,Other,461.7,100.0,1300.0,700.0
Maharashtra,Satara APMC,Onion,2026-02-22,Other,45.1,1000.0,1500.0,1250.0
Maharashtra,Vadgaonpeth APMC,Onion,2026-02-22,Local,27.0,1100.0,2500.0,1600.0
Maharashtra,Vaduj APMC,Onion,2026-02-22,Local,7.0,500.0,1300.0,900.0
Maharashtra,Vai APMC,Onion,2026-02-22,Local,1.8,1000.0,1500.0,1250.0
Maharashtra,AGRICULTURE PRODUCE MARKET COMITEE CHANDWAD,Onion,2026-02-23,Red,2063.4,200.0,1185.0,970.0
Maharashtra,Akola APMC,Onion,2026-02-23,Other,84.0,500.0,1500.0,1100.0
Maharashtra,Amrawati(Frui & Veg. Market) APMC,Onion,2026-02-23,Red,38.9,600.0,2400.0,1500.0
Maharashtra,Chandrapur(Ganjwad) APMC,Onion,2026-02-23,Other,94.0,1500.0,2000.0,1800.0
Maharashtra,Chattrapati Sambhajinagar APMC,Onion,2026-02-23,Other,291.4,300.0,1300.0,800.0
Maharashtra,Dhule APMC,Onion,2026-02-23,Red,90.0,500.0,1300.0,1150.0
Maharashtra,HINGNA - APMC,Onion,2026-02-23,Red,0.9,1500.0,2000.0,1833.0
Maharashtra,Jalgaon APMC,Onion,2026-02-23,Red,141.6,425.0,1250.0,825.0
Maharashtra,Junnar(Narayangaon) APMC,Onion,2026-02-23,Other,8.0,300.0,1500.0,850.0
Maharashtra,Kalvan APMC,Onion,2026-02-23,Red,560.0,500.0,1400.0,950.0
Maharashtra,Kalyan APMC,Onion,2026-02-23,1st Sort,0.3,1400.0,1600.0,1500.0
Maharashtra,Kalyan APMC,Onion,2026-02-23,2nd Sort,0.3,1000.0,1200.0,1100.0
Maharashtra,Kamthi APMC,Onion,2026-02-23,Local,0.6,2040.0,2540.0,2290.0
Maharashtra,Karad APMC,Onion,2026-02-23,Other,19.8,1000.0,1400.0,1400.0
Maharashtra,Kolhapur APMC,Onion,2026-02-23,Other,860.5,500.0,1400.0,1100.0
Maharashtra,Kopargaon APMC,Onion,2026-02-23,Red,406.0,500.0,1200.0,950.0
Maharashtra,Kurdwadi(Modnimb) APMC,Onion,2026-02-23,Red,65.8,50.0,1200.0,700.0
Maharashtra,Lasalgaon APMC,Onion,2026-02-23,Red,3081.4,500.0,1372.0,1100.0
Maharashtra,Lasalgaon(Niphad) APMC,Onion,2026-02-23,Red,914.0,600.0,1226.0,1100.0
Maharashtra,Lasalgaon(Vinchur) APMC,Onion,2026-02-23,Red,2231.2,500.0,1261.0,1060.0
Maharashtra,Lasur Station APMC,Onion,2026-02-23,Other,695.0,260.0,1100.0,750.0
Maharashtra,"Laxmi-Sopan Agriculture Produce Marketing Co Ltd, Barshi, Dist Solapur",Onion,2026-02-23,Other,1390.8,600.0,1500.0,1000.0
Maharashtra,Lonand APMC,Onion,2026-02-23,Other,800.0,450.0,1160.0,850.0
Maharashtra,Mangal Wedha APMC,Onion,2026-02-23,Local,20.1,100.0,1500.0,1000.0
Maharashtra,Manmad APMC,Onion,2026-02-23,Red,2185.1,100.0,1190.0,1000.0
Maharashtra,Mumbai-Onion & Potato Market APMC,Onion,2026-02-23,Other,1531.1,700.0,1400.0,1050.0
Maharashtra,Nagpur APMC,Onion,2026-02-23,Red,220.0,1200.0,1600.0,1500.0
Maharashtra,Nagpur APMC,Onion,2026-02-23,White,200.0,1400.0,2000.0,1850.0
Maharashtra,Nampur APMC,Onion,2026-02-23,Red,772.1,200.0,1200.0,1000.0
Maharashtra,Nandgaon APMC,Onion,2026-02-23,Red,3012.6,100.0,1151.0,850.0
Maharashtra,Nasik APMC,Onion,2026-02-23,Pole,476.9,450.0,1400.0,1100.0
Maharashtra,Newasa(Ghodegaon) APMC,Onion,2026-02-23,Red,1186.8,300.0,1400.0,900.0
Maharashtra,Paranda APMC,Onion,2026-02-23,Other,82.5,100.0,1100.0,800.0
Maharashtra,Pimpalgaon Baswant APMC,Onion,2026-02-23,Pole,3362.8,300.0,1451.0,1050.0
Maharashtra,Pimpalgaon Baswant(Saykheda) APMC,Onion,2026-02-23,Red,672.5,500.0,1100.0,950.0
Maharashtra,Pune(Khadiki) APMC,Onion,2026-02-23,Local,1.2,700.0,1100.0,900.0
Maharashtra,Pune(Manjri) APMC,Onion,2026-02-23,Local,6.1,900.0,1400.0,1100.0
Maharashtra,Pune(Moshi) APMC,Onion,2026-02-23,Local,53.9,350.0,1100.0,725.0
Maharashtra,Pune(Pimpri) APMC,Onion,2026-02-23,Local,0.6,1400.0,1600.0,1500.0
Maharashtra,Rahuri(Vambori) APMC,Onion,2026-02-23,Red,471.8,100.0,1500.0,900.0
Maharashtra,SHRI.SIDDHESHWAR  APMC,Onion,2026-02-23,Red,4802.6,100.0,2000.0,700.0
Maharashtra,Sangamner APMC,Onion,2026-02-23,Other,1166.0,151.0,1551.0,851.0
Maharashtra,"Sangli(Phale, Bhajipala Market) APMC",Onion,2026-02-23,Local,523.3,500.0,1500.0,1000.0
Maharashtra,Satana APMC,Onion,2026-02-23,Red,966.0,200.0,1180.0,980.0
Maharashtra,Satara APMC,Onion,2026-02-23,Other,23.9,1000.0,1500.0,1250.0
Maharashtra,Shevgaon APMC,Onion,2026-02-23,1st Sort,73.0,900.0,1200.0,1100.0
Maharashtra,Shevgaon APMC,Onion,2026-02-23,2nd Sort,74.0,500.0,800.0,700.0
Maharashtra,Shevgaon APMC,Onion,2026-02-23,Other,41.4,200.0,400.0,300.0
Maharashtra,Shrigonda APMC,Onion,2026-02-23,Other,160.7,250.0,1300.0,1000.0
Maharashtra,Sinner APMC,Onion,2026-02-23,Red,492.5,500.0,1091.0,900.0
Maharashtra,Vaduj APMC,Onion,2026-02-23,Local,5.5,500.0,1300.0,900.0
Maharashtra,Vaijpur APMC,Onion,2026-02-23,Red,1204.3,200.0,1191.0,1050.0
Maharashtra,Yeola APMC,Onion,2026-02-23,Red,2226.4,100.0,1251.0,925.0
Maharashtra,AGRICULTURE PRODUCE MARKET COMITEE CHANDWAD,Onion,2026-02-24,Red,2502.0,300.0,1200.0,850.0
Maharashtra,Akola APMC,Onion,2026-02-24,Other,42.0,600.0,1500.0,1100.0
Maharashtra,Akole APMC,Onion,2026-02-24,Other,283.0,150.0,1461.0,1051.0
Maharashtra,Amrawati(Frui & Veg. Market) APMC,Onion,2026-02-24,Red,36.8,700.0,2300.0,1500.0
Maharashtra,Bhusaval APMC,Onion,2026-02-24,Other,5.4,800.0,1200.0,1000.0
Maharashtra,Chandrapur(Ganjwad) APMC,Onion,2026-02-24,Other,75.0,1500.0,2000.0,1800.0
Maharashtra,Chattrapati Sambhajinagar APMC,Onion,2026-02-24,Other,284.5,300.0,1200.0,750.0
Maharashtra,Devala APMC,Onion,2026-02-24,Red,997.3,150.0,1215.0,1025.0
Maharashtra,Dharashiv APMC,Onion,2026-02-24,Red,0.6,900.0,1200.0,1050.0
Maharashtra,Dhule APMC,Onion,2026-02-24,Red,97.8,500.0,1300.0,1150.0
Maharashtra,Dindori(Vani) APMC,Onion,2026-02-24,Red,942.7,821.0,1601.0,1151.0
Maharashtra,HINGNA - APMC,Onion,2026-02-24,Red,0.4,1800.0,2000.0,1933.0
Maharashtra,Jamkhed APMC,Onion,2026-02-24,Local,477.3,100.0,1200.0,650.0
Maharashtra,Junnar(Alephata) APMC,Onion,2026-02-24,Other,1041.1,900.0,1510.0,1250.0
Maharashtra,Kalvan APMC,Onion,2026-02-24,Other,30.0,1000.0,1385.0,1100.0
Maharashtra,Kalvan APMC,Onion,2026-02-24,Red,480.0,300.0,1350.0,900.0
Maharashtra,Kalyan APMC,Onion,2026-02-24,1st Sort,0.3,800.0,1200.0,1000.0
Maharashtra,Karad APMC,Onion,2026-02-24,Other,15.0,500.0,1300.0,1300.0
Maharashtra,Karjat APMC,Onion,2026-02-24,Local,8.6,300.0,1000.0,800.0
Maharashtra,Khed(Chakan) APMC,Onion,2026-02-24,Other,30.0,800.0,1500.0,1200.0
Maharashtra,Kolhapur APMC,Onion,2026-02-24,Other,652.0,500.0,1300.0,900.0
Maharashtra,Kopargaon APMC,Onion,2026-02-24,Red,550.0,500.0,1125.0,920.0
Maharashtra,Lasalgaon APMC,Onion,2026-02-24,Red,3078.2,400.0,1400.0,1000.0
Maharashtra,Lasalgaon(Niphad) APMC,Onion,2026-02-24,Red,910.0,600.0,1204.0,1050.0
Maharashtra,"Laxmi-Sopan Agriculture Produce Marketing Co Ltd, Barshi, Dist Solapur",Onion,2026-02-24,Other,1240.0,600.0,1500.0,1000.0
Maharashtra,Malkapur APMC,Onion,2026-02-24,Local,202.0,700.0,1030.0,900.0
Maharashtra,Manchar APMC,Onion,2026-02-24,Other,1386.1,1400.0,1600.0,1500.0
Maharashtra,Manmad APMC,Onion,2026-02-24,Red,1886.9,100.0,1141.0,900.0
Maharashtra,Mumbai-Onion & Potato Market APMC,Onion,2026-02-24,Other,1143.9,700.0,1400.0,1050.0
Maharashtra,Nagpur APMC,Onion,2026-02-24,Red,236.0,1200.0,1600.0,1500.0
Maharashtra,Nagpur APMC,Onion,2026-02-24,White,100.0,1400.0,2000.0,1850.0
Maharashtra,Nandgaon APMC,Onion,2026-02-24,Red,3070.0,100.0,1068.0,750.0
Maharashtra,Nasik APMC,Onion,2026-02-24,Pole,476.5,500.0,1450.0,1150.0
Maharashtra,"Omchatinya Multi State Agro Purpose Co-Op Society, Dist Ahilyanagar",Onion,2026-02-24,Red,371.51,100.0,1200.0,800.0
Maharashtra,Paranda APMC,Onion,2026-02-24,Other,245.0,100.0,1100.0,800.0
Maharashtra,Phaltan APMC,Onion,2026-02-24,Hybrid,163.9,300.0,1150.0,900.0
Maharashtra,Pimpalgaon Baswant APMC,Onion,2026-02-24,Other,22.1,700.0,1500.0,1450.0
Maharashtra,Pimpalgaon Baswant APMC,Onion,2026-02-24,Pole,3229.3,400.0,1620.0,1000.0
Maharashtra,Pimpalgaon Baswant(Saykheda) APMC,Onion,2026-02-24,Red,661.4,500.0,1026.0,900.0
Maharashtra,Pune APMC,Onion,2026-02-24,Local,1708.5,400.0,1300.0,850.0
Maharashtra,Pune(Khadiki) APMC,Onion,2026-02-24,Local,1.4,600.0,1100.0,850.0
Maharashtra,Pune(Manjri) APMC,Onion,2026-02-24,Local,4.4,800.0,1400.0,1100.0
Maharashtra,Pune(Pimpri) APMC,Onion,2026-02-24,Local,1.3,1200.0,1600.0,1400.0
Maharashtra,Rahuri APMC,Onion,2026-02-24,Other,733.4,100.0,1375.0,735.0
Maharashtra,Ramtek APMC,Onion,2026-02-24,Other,1.5,1000.0,1500.0,1300.0
Maharashtra,SHRI.SIDDHESHWAR  APMC,Onion,2026-02-24,Red,4165.8,100.0,1800.0,700.0
Maharashtra,Sangamner APMC,Onion,2026-02-24,Red,1145.5,151.0,1500.0,826.0
Maharashtra,"Sangli(Phale, Bhajipala Market) APMC",Onion,2026-02-24,Local,526.1,500.0,1500.0,1000.0
Maharashtra,Satana APMC,Onion,2026-02-24,Red,1045.0,185.0,1225.0,990.0
Maharashtra,Satara APMC,Onion,2026-02-24,Other,51.7,1000.0,1500.0,1250.0
Maharashtra,Sinner APMC,Onion,2026-02-24,Red,427.8,200.0,1126.0,870.0
Maharashtra,Vaduj APMC,Onion,2026-02-24,Local,5.0,500.0,1400.0,1000.0
Maharashtra,Vaijpur APMC,Onion,2026-02-24,Red,1099.1,200.0,1111.0,1000.0
Maharashtra,AGRICULTURE PRODUCE MARKET COMITEE CHANDWAD,Onion,2026-02-25,Red,2350.0,100.0,1275.0,830.0
Maharashtra,Akola APMC,Onion,2026-02-25,Other,56.0,500.0,1400.0,1000.0
Maharashtra,Amrawati(Frui & Veg. Market) APMC,Onion,2026-02-25,Red,40.7,600.0,2400.0,1500.0
Maharashtra,Bhusaval APMC,Onion,2026-02-25,Red,1.1,500.0,1000.0,800.0
Maharashtra,Chattrapati Sambhajinagar APMC,Onion,2026-02-25,Other,287.1,400.0,1300.0,850.0
Maharashtra,Devala APMC,Onion,2026-02-25,Red,755.2,200.0,1150.0,980.0
Maharashtra,Dharashiv APMC,Onion,2026-02-25,Red,0.3,1000.0,1200.0,1100.0
Maharashtra,Dhule APMC,Onion,2026-02-25,Red,51.3,500.0,1330.0,950.0
Maharashtra,HINGNA - APMC,Onion,2026-02-25,Red,0.5,1400.0,2000.0,1700.0
Maharashtra,Jalgaon APMC,Onion,2026-02-25,Red,89.6,500.0,1250.0,875.0
Maharashtra,Junnar(Narayangaon) APMC,Onion,2026-02-25,Other,5.2,200.0,1500.0,800.0
Maharashtra,Kalyan APMC,Onion,2026-02-25,1st Sort,0.3,1300.0,1400.0,1350.0
Maharashtra,Kalyan APMC,Onion,2026-02-25,2nd Sort,0.3,1100.0,1200.0,1150.0
Maharashtra,Karad APMC,Onion,2026-02-25,Other,19.8,200.0,1500.0,1500.0
Maharashtra,Khed(Chakan) APMC,Onion,2026-02-25,Other,850.0,1000.0,1500.0,1200.0
Maharashtra,Kolhapur APMC,Onion,2026-02-25,Other,731.6,500.0,1200.0,1000.0
Maharashtra,Kopargaon APMC,Onion,2026-02-25,Red,518.4,400.0,1051.0,850.0
Maharashtra,Lasalgaon APMC,Onion,2026-02-25,Red,2737.8,300.0,1412.0,975.0
Maharashtra,Lasalgaon(Niphad) APMC,Onion,2026-02-25,Red,816.0,500.0,1150.0,900.0
Maharashtra,Lasalgaon(Vinchur) APMC,Onion,2026-02-25,Red,2028.2,400.0,1266.0,930.0
Maharashtra,"Laxmi-Sopan Agriculture Produce Marketing Co Ltd, Barshi, Dist Solapur",Onion,2026-02-25,Other,1020.0,600.0,1300.0,800.0
Maharashtra,"Malharshree Khajgi Krushi Utpann Bajar, Chandanpuri Tal Malegaon, Nashik",Onion,2026-02-25,Red,186.3,356.0,1054.0,899.0
Maharashtra,Mangal Wedha APMC,Onion,2026-02-25,Local,18.7,300.0,1200.0,900.0
Maharashtra,Mumbai-Onion & Potato Market APMC,Onion,2026-02-25,Other,1099.0,700.0,1400.0,1050.0
Maharashtra,Nagpur APMC,Onion,2026-02-25,Red,200.0,1000.0,1200.0,1150.0
Maharashtra,Nagpur APMC,Onion,2026-02-25,White,164.0,1200.0,1500.0,1425.0
Maharashtra,Nampur APMC,Onion,2026-02-25,Red,604.1,200.0,1105.0,1000.0
Maharashtra,Nandgaon APMC,Onion,2026-02-25,Red,2885.4,100.0,1060.0,750.0
Maharashtra,Nasik APMC,Onion,2026-02-25,Pole,421.1,400.0,1351.0,800.0
Maharashtra,Newasa(Ghodegaon) APMC,Onion,2026-02-25,Red,1100.4,300.0,1300.0,900.0
Maharashtra,Paranda APMC,Onion,2026-02-25,Other,184.8,100.0,1000.0,700.0
Maharashtra,Parner APMC,Onion,2026-02-25,Red,2292.8,200.0,1400.0,900.0
Maharashtra,Pimpalgaon Baswant APMC,Onion,2026-02-25,Pole,2934.6,300.0,1600.0,950.0
Maharashtra,Pimpalgaon Baswant(Saykheda) APMC,Onion,2026-02-25,Red,558.0,500.0,1000.0,825.0
Maharashtra,Pune(Manjri) APMC,Onion,2026-02-25,Local,8.3,800.0,1300.0,1100.0
Maharashtra,Pune(Pimpri) APMC,Onion,2026-02-25,Local,1.2,1100.0,1500.0,1300.0
Maharashtra,SHRI.SIDDHESHWAR  APMC,Onion,2026-02-25,Red,3785.1,100.0,1710.0,700.0
Maharashtra,Sangamner APMC,Onion,2026-02-25,Other,812.2,151.0,1500.0,826.0
Maharashtra,Sangamner APMC,Onion,2026-02-25,Red,368.9,151.0,1400.0,775.0
Maharashtra,"Sangli(Phale, Bhajipala Market) APMC",Onion,2026-02-25,Local,616.4,500.0,1550.0,1025.0
Maharashtra,Satana APMC,Onion,2026-02-25,Red,999.0,200.0,1150.0,905.0
Maharashtra,Satara APMC,Onion,2026-02-25,Other,43.5,1000.0,1500.0,1250.0
Maharashtra,Shirpur APMC,Onion,2026-02-25,Red,36.0,101.0,1450.0,1000.0
Maharashtra,"Shree Sairaj Krushi Market, Dist Ahilyanagar",Onion,2026-02-25,Local,51.14,150.0,1400.0,800.0
Maharashtra,Shrigonda APMC,Onion,2026-02-25,Other,122.5,300.0,1100.0,900.0
Maharashtra,Sinner APMC,Onion,2026-02-25,Red,444.1,200.0,1090.0,800.0
Maharashtra,Vadgaonpeth APMC,Onion,2026-02-25,Local,270.0,1200.0,2100.0,1600.0
Maharashtra,Vaduj APMC,Onion,2026-02-25,Local,10.0,500.0,1300.0,900.0
Maharashtra,Vai APMC,Onion,2026-02-25,Local,2.0,600.0,1300.0,900.0
Maharashtra,Vaijpur APMC,Onion,2026-02-25,Red,912.0,200.0,1050.0,950.0
Maharashtra,Yeola APMC,Onion,2026-02-25,Red,1890.9,100.0,1151.0,750.0
Maharashtra,AGRICULTURE PRODUCE MARKET COMITEE CHANDWAD,Onion,2026-02-26,Red,2600.0,165.0,1225.0,830.0
Maharashtra,APMC CHANDRAPUR,Onion,2026-02-26,Other,50.0,1500.0,2000.0,1800.0
Maharashtra,Ahilyanagar APMC,Onion,2026-02-26,Red,5267.3,150.0,1200.0,700.0
Maharashtra,Akola APMC,Onion,2026-02-26,Other,41.7,500.0,1400.0,1000.0
Maharashtra,Akole APMC,Onion,2026-02-26,Other,109.5,250.0,1375.0,1000.0
Maharashtra,Bhusaval APMC,Onion,2026-02-26,Red,2.5,600.0,1000.0,800.0
Maharashtra,Devala APMC,Onion,2026-02-26,Red,775.7,150.0,1040.0,920.0
Maharashtra,Dharashiv APMC,Onion,2026-02-26,Red,0.3,900.0,1000.0,950.0
Maharashtra,Dhule APMC,Onion,2026-02-26,Red,42.8,400.0,950.0,750.0
Maharashtra,Dindori(Vani) APMC,Onion,2026-02-26,Red,662.4,701.0,1601.0,1021.0
Maharashtra,HINGNA - APMC,Onion,2026-02-26,Red,1.8,1000.0,2000.0,1600.0
Maharashtra,Indapur APMC,Onion,2026-02-26,Red,74.3,200.0,1000.0,600.0
Maharashtra,Jalgaon APMC,Onion,2026-02-26,Red,80.2,500.0,1250.0,875.0
Maharashtra,Junnar APMC,Onion,2026-02-26,Other,103.4,300.0,1400.0,1200.0
Maharashtra,Junnar(Narayangaon) APMC,Onion,2026-02-26,Other,3.0,300.0,1200.0,750.0
Maharashtra,Junnar(Otur) APMC,Onion,2026-02-26,Other,1034.9,600.0,1400.0,1000.0
Maharashtra,Kalvan APMC,Onion,2026-02-26,Other,25.0,1000.0,1365.0,1150.0
Maharashtra,Kalvan APMC,Onion,2026-02-26,Red,495.0,350.0,1250.0,800.0
Maharashtra,Kalyan APMC,Onion,2026-02-26,1st Sort,0.3,1300.0,1400.0,1350.0
Maharashtra,Kalyan APMC,Onion,2026-02-26,2nd Sort,0.3,1000.0,1100.0,1050.0
Maharashtra,Khed(Chakan) APMC,Onion,2026-02-26,Other,25.0,800.0,1200.0,1000.0
Maharashtra,Kolhapur APMC,Onion,2026-02-26,Other,555.6,500.0,1200.0,800.0
Maharashtra,Kopargaon APMC,Onion,2026-02-26,Red,489.1,400.0,990.0,780.0
Maharashtra,Kurdwadi(Modnimb) APMC,Onion,2026-02-26,Red,53.1,100.0,1100.0,700.0
Maharashtra,Lasalgaon APMC,Onion,2026-02-26,Red,2275.2,400.0,1515.0,1075.0
Maharashtra,Lasalgaon(Niphad) APMC,Onion,2026-02-26,Red,718.0,500.0,1148.0,1000.0
Maharashtra,Lasalgaon(Vinchur) APMC,Onion,2026-02-26,Red,1666.0,400.0,1272.0,1000.0
Maharashtra,Lasur Station APMC,Onion,2026-02-26,Other,450.0,155.0,1065.0,600.0
Maharashtra,"Laxmi-Sopan Agriculture Produce Marketing Co Ltd, Barshi, Dist Solapur",Onion,2026-02-26,Other,880.0,600.0,1300.0,800.0
Maharashtra,Lonand APMC,Onion,2026-02-26,Other,575.0,400.0,1210.0,800.0
Maharashtra,Malkapur APMC,Onion,2026-02-26,Local,135.0,500.0,901.0,700.0
Maharashtra,Manchar APMC,Onion,2026-02-26,Other,1600.1,1300.0,1400.0,1350.0
Maharashtra,Mangal Wedha APMC,Onion,2026-02-26,Local,0.5,250.0,1200.0,1100.0
Maharashtra,Manmad APMC,Onion,2026-02-26,Red,1442.4,100.0,1252.0,850.0
Maharashtra,Mumbai-Onion & Potato Market APMC,Onion,2026-02-26,Other,960.3,600.0,1300.0,950.0
Maharashtra,Nagpur APMC,Onion,2026-02-26,Red,180.0,1000.0,1200.0,1150.0
Maharashtra,Nagpur APMC,Onion,2026-02-26,White,100.0,1300.0,1500.0,1425.0
Maharashtra,Nampur APMC,Onion,2026-02-26,Red,580.8,150.0,1000.0,900.0
Maharashtra,Nandgaon APMC,Onion,2026-02-26,Red,2292.7,100.0,991.0,750.0
Maharashtra,Nasik APMC,Onion,2026-02-26,Pole,415.5,350.0,1300.0,1000.0
Maharashtra,Pimpalgaon Baswant APMC,Onion,2026-02-26,Other,18.8,1051.0,1516.0,1501.0
Maharashtra,Pimpalgaon Baswant APMC,Onion,2026-02-26,Pole,2621.0,300.0,1472.0,925.0
Maharashtra,Pimpalgaon Baswant(Saykheda) APMC,Onion,2026-02-26,Red,256.9,500.0,1050.0,800.0
Maharashtra,Pune APMC,Onion,2026-02-26,Local,1359.0,400.0,1300.0,850.0
Maharashtra,Pune(Khadiki) APMC,Onion,2026-02-26,Local,0.8,1000.0,1200.0,1100.0
Maharashtra,Pune(Manjri) APMC,Onion,2026-02-26,Local,6.6,700.0,1300.0,1100.0
Maharashtra,Pune(Moshi) APMC,Onion,2026-02-26,Local,118.7,400.0,1000.0,700.0
Maharashtra,Pune(Pimpri) APMC,Onion,2026-02-26,Local,1.1,1400.0,1600.0,1500.0
Maharashtra,Rahuri(Vambori) APMC,Onion,2026-02-26,Red,422.1,100.0,1500.0,900.0
Maharashtra,SHRI.SIDDHESHWAR  APMC,Onion,2026-02-26,Red,3273.4,100.0,1500.0,700.0
Maharashtra,Sangamner APMC,Onion,2026-02-26,Other,781.0,151.0,1375.0,763.0
Maharashtra,Sangamner APMC,Onion,2026-02-26,Red,385.2,151.0,1200.0,675.0
Maharashtra,"Sangli(Phale, Bhajipala Market) APMC",Onion,2026-02-26,Local,359.8,500.0,1500.0,1000.0
Maharashtra,Satana APMC,Onion,2026-02-26,Red,715.0,165.0,1210.0,925.0
Maharashtra,Satara APMC,Onion,2026-02-26,Other,40.3,500.0,1500.0,1000.0
Maharashtra,Shevgaon APMC,Onion,2026-02-26,1st Sort,78.0,900.0,1200.0,1100.0
Maharashtra,Shevgaon APMC,Onion,2026-02-26,2nd Sort,83.0,600.0,800.0,700.0
Maharashtra,Shevgaon APMC,Onion,2026-02-26,Other,78.0,100.0,500.0,350.0
Maharashtra,Sinner APMC,Onion,2026-02-26,Red,405.3,200.0,1025.0,800.0
Maharashtra,Vadgaonpeth APMC,Onion,2026-02-26,Local,27.0,1200.0,2100.0,1500.0
Maharashtra,Vaijpur APMC,Onion,2026-02-26,Red,762.9,200.0,1016.0,900.0
Maharashtra,Yeola APMC,Onion,2026-02-26,Red,1570.7,150.0,1122.0,750.0
Maharashtra,AGRICULTURE PRODUCE MARKET COMITEE CHANDWAD,Onion,2026-02-27,Red,2117.1,50.0,1190.0,720.0
Maharashtra,Akola APMC,Onion,2026-02-27,Other,48.0,500.0,1500.0,1000.0
Maharashtra,Amrawati(Frui & Veg. Market) APMC,Onion,2026-02-27,Red,45.7,800.0,2200.0,1500.0
Maharashtra,Bhusaval APMC,Onion,2026-02-27,Red,3.3,500.0,1000.0,800.0
Maharashtra,Chandrapur(Ganjwad) APMC,Onion,2026-02-27,Other,33.0,1500.0,2000.0,1800.0
Maharashtra,Devala APMC,Onion,2026-02-27,Red,781.6,150.0,1150.0,900.0
Maharashtra,Dharashiv APMC,Onion,2026-02-27,Red,0.8,800.0,1000.0,900.0
Maharashtra,Dhule APMC,Onion,2026-02-27,Red,137.2,300.0,1020.0,850.0
Maharashtra,Dindori(Vani) APMC,Onion,2026-02-27,Red,266.6,675.0,1522.0,1101.0
Maharashtra,HINGNA - APMC,Onion,2026-02-27,Red,2.0,1000.0,1000.0,1000.0
Maharashtra,Indapur APMC,Onion,2026-02-27,Red,164.3,200.0,1400.0,800.0
Maharashtra,Jalgaon APMC,Onion,2026-02-27,Red,113.9,500.0,1187.0,850.0
Maharashtra,Junnar(Alephata) APMC,Onion,2026-02-27,Other,1022.0,600.0,1350.0,900.0
Maharashtra,Junnar(Narayangaon) APMC,Onion,2026-02-27,Other,2.4,300.0,1500.0,850.0
Maharashtra,Kalvan APMC,Onion,2026-02-27,Red,410.0,300.0,1270.0,801.0
Maharashtra,Kalyan APMC,Onion,2026-02-27,1st Sort,0.3,1200.0,1300.0,1250.0
Maharashtra,Kalyan APMC,Onion,2026-02-27,2nd Sort,0.3,900.0,1000.0,950.0
Maharashtra,Karjat APMC,Onion,2026-02-27,Local,8.7,200.0,1000.0,800.0
Maharashtra,Khed(Chakan) APMC,Onion,2026-02-27,Other,30.0,800.0,1300.0,1000.0
Maharashtra,Kolhapur APMC,Onion,2026-02-27,Other,403.6,500.0,1200.0,800.0
Maharashtra,Kopargaon APMC,Onion,2026-02-27,Red,442.0,300.0,979.0,750.0
Maharashtra,Lasalgaon APMC,Onion,2026-02-27,Red,2920.4,400.0,1401.0,1000.0
Maharashtra,Lasalgaon(Niphad) APMC,Onion,2026-02-27,Red,708.0,600.0,1151.0,1000.0
Maharashtra,Lasalgaon(Vinchur) APMC,Onion,2026-02-27,Red,1895.2,400.0,1316.0,1000.0
Maharashtra,Lasur Station APMC,Onion,2026-02-27,Other,349.0,200.0,1065.0,675.0
Maharashtra,"Laxmi-Sopan Agriculture Produce Marketing Co Ltd, Barshi, Dist Solapur",Onion,2026-02-27,Other,980.0,300.0,1100.0,700.0
Maharashtra,"Malharshree Khajgi Krushi Utpann Bajar, Chandanpuri Tal Malegaon, Nashik",Onion,2026-02-27,Red,92.7,314.0,1000.0,856.0
Maharashtra,Mangal Wedha APMC,Onion,2026-02-27,Local,8.2,100.0,1500.0,1000.0
Maharashtra,Manmad APMC,Onion,2026-02-27,Red,1489.3,100.0,1255.0,700.0
Maharashtra,Mumbai-Onion & Potato Market APMC,Onion,2026-02-27,Other,1063.7,500.0,1200.0,850.0
Maharashtra,Nampur APMC,Onion,2026-02-27,Red,743.9,200.0,1080.0,800.0
Maharashtra,Nasik APMC,Onion,2026-02-27,Pole,307.6,400.0,13510.0,1050.0
Maharashtra,Paranda APMC,Onion,2026-02-27,Other,573.9,100.0,800.0,500.0
Maharashtra,Pimpalgaon Baswant APMC,Onion,2026-02-27,Pole,2548.7,300.0,1472.0,900.0
Maharashtra,Pimpalgaon Baswant(Saykheda) APMC,Onion,2026-02-27,Red,516.6,500.0,1075.0,850.0
Maharashtra,Pune APMC,Onion,2026-02-27,Local,1420.1,500.0,1300.0,900.0
Maharashtra,Pune(Khadiki) APMC,Onion,2026-02-27,Local,1.9,700.0,1200.0,950.0
Maharashtra,Pune(Manjri) APMC,Onion,2026-02-27,Local,7.6,600.0,1300.0,1100.0
Maharashtra,Pune(Moshi) APMC,Onion,2026-02-27,Local,62.6,400.0,1000.0,700.0
Maharashtra,Pune(Pimpri) APMC,Onion,2026-02-27,Local,2.1,1600.0,1600.0,1600.0
Maharashtra,Rahata APMC,Onion,2026-02-27,Other,144.9,300.0,1300.0,900.0
Maharashtra,Rahuri APMC,Onion,2026-02-27,Other,588.2,100.0,1300.0,700.0
Maharashtra,SHRI.SIDDHESHWAR  APMC,Onion,2026-02-27,Red,3331.6,100.0,1850.0,700.0
Maharashtra,Sangamner APMC,Onion,2026-02-27,Other,571.7,151.0,1451.0,801.0
Maharashtra,Sangamner APMC,Onion,2026-02-27,Red,390.2,151.0,1151.0,651.0
Maharashtra,"Sangli(Phale, Bhajipala Market) APMC",Onion,2026-02-27,Local,903.4,500.0,1400.0,950.0
Maharashtra,Satana APMC,Onion,2026-02-27,Red,775.0,215.0,1150.0,905.0
Maharashtra,"Shri Rameshwar Krushi Market, M.Nagar, Tal Deola, Dist Nashik",Onion,2026-02-27,Red,1674.19,100.0,1230.0,751.94
Maharashtra,Sinner APMC,Onion,2026-02-27,Red,432.0,100.0,1075.0,800.0
Maharashtra,Vadgaonpeth APMC,Onion,2026-02-27,Local,26.0,1100.0,2100.0,1600.0
Maharashtra,Vaijpur APMC,Onion,2026-02-27,Red,890.5,200.0,1090.0,900.0
Maharashtra,Yeola APMC,Onion,2026-02-27,Red,1894.9,200.0,1091.0,750.0
Maharashtra,AGRICULTURE PRODUCE MARKET COMITEE CHANDWAD,Onion,2026-02-28,Red,2494.0,50.0,1250.0,700.0
Maharashtra,Ahilyanagar APMC,Onion,2026-02-28,Red,3877.1,150.0,1100.0,650.0
Maharashtra,Akola APMC,Onion,2026-02-28,Other,49.5,500.0,1500.0,1000.0
Maharashtra,Amrawati(Frui & Veg. Market) APMC,Onion,2026-02-28,Local,34.5,700.0,2300.0,1500.0
Maharashtra,Bhusaval APMC,Onion,2026-02-28,Red,4.6,600.0,1000.0,800.0
Maharashtra,Chattrapati Sambhajinagar APMC,Onion,2026-02-28,Other,261.1,300.0,1200.0,750.0
Maharashtra,Dhule APMC,Onion,2026-02-28,Red,57.5,300.0,1557.0,1475.0
Maharashtra,HINGNA - APMC,Onion,2026-02-28,Red,0.3,1800.0,2000.0,1867.0
Maharashtra,Jalgaon APMC,Onion,2026-02-28,Red,143.3,500.0,1250.0,850.0
Maharashtra,Karad APMC,Onion,2026-02-28,Other,24.9,1000.0,1400.0,1400.0
Maharashtra,Kolhapur APMC,Onion,2026-02-28,Other,761.1,400.0,1500.0,900.0
Maharashtra,Kopargaon APMC,Onion,2026-02-28,Red,422.0,400.0,1008.0,750.0
Maharashtra,Lasalgaon APMC,Onion,2026-02-28,Red,2830.4,300.0,1200.0,875.0
Maharashtra,Lasalgaon(Niphad) APMC,Onion,2026-02-28,Red,778.0,500.0,1190.0,971.0
Maharashtra,Lasur Station APMC,Onion,2026-02-28,Other,450.0,260.0,1115.0,700.0
Maharashtra,Mangal Wedha APMC,Onion,2026-02-28,Local,0.9,600.0,1300.0,900.0
Maharashtra,Manmad APMC,Onion,2026-02-28,Red,1000.0,400.0,950.0,500.0
Maharashtra,Nagpur APMC,Onion,2026-02-28,Red,168.0,1200.0,1600.0,1500.0
Maharashtra,Nagpur APMC,Onion,2026-02-28,White,168.0,1300.0,1500.0,1450.0
Maharashtra,Nasik APMC,Onion,2026-02-28,Pole,456.5,350.0,1300.0,950.0
Maharashtra,Newasa(Ghodegaon) APMC,Onion,2026-02-28,Red,1009.2,300.0,1200.0,800.0
Maharashtra,Paranda APMC,Onion,2026-02-28,Other,561.9,100.0,800.0,500.0
Maharashtra,Pimpalgaon Baswant APMC,Onion,2026-02-28,Pole,2530.0,300.0,1440.0,900.0
Maharashtra,Pune(Manjri) APMC,Onion,2026-02-28,Local,6.5,600.0,1300.0,1000.0
Maharashtra,Pune(Moshi) APMC,Onion,2026-02-28,Local,90.8,500.0,1000.0,750.0
Maharashtra,Pune(Pimpri) APMC,Onion,2026-02-28,Local,0.6,1400.0,1600.0,1500.0
Maharashtra,Rahuri(Vambori) APMC,Onion,2026-02-28,Other,288.1,100.0,1300.0,800.0
Maharashtra,SHRI.SIDDHESHWAR  APMC,Onion,2026-02-28,Red,4666.7,100.0,1550.0,700.0
Maharashtra,"Sangli(Phale, Bhajipala Market) APMC",Onion,2026-02-28,Local,601.5,500.0,1400.0,950.0
Maharashtra,Satara APMC,Onion,2026-02-28,Other,43.0,500.0,1500.0,1000.0
Maharashtra,Shevgaon APMC,Onion,2026-02-28,1st Sort,34.8,800.0,1200.0,1000.0
Maharashtra,Shevgaon APMC,Onion,2026-02-28,2nd Sort,40.0,500.0,700.0,600.0
Maharashtra,Shevgaon APMC,Onion,2026-02-28,Other,44.0,100.0,400.0,300.0
Maharashtra,"Shree Sairaj Krushi Market, Dist Ahilyanagar",Onion,2026-02-28,Local,60.99,150.0,1350.0,800.0
Maharashtra,Vadgaonpeth APMC,Onion,2026-02-28,Local,27.0,1100.0,2200.0,1400.0
Maharashtra,Vaduj APMC,Onion,2026-02-28,Local,9.0,500.0,1500.0,1000.0
Maharashtra,Akluj APMC,Onion,2026-03-01,Other,58.8,200.0,1300.0,800.0
Maharashtra,Akole APMC,Onion,2026-03-01,Other,348.4,150.0,1500.0,1100.0
Maharashtra,Amrawati(Frui & Veg. Market) APMC,Onion,2026-03-01,Red,40.7,800.0,2200.0,1500.0
Maharashtra,Bhusaval APMC,Onion,2026-03-01,Red,9.0,500.0,1000.0,800.0
Maharashtra,Chattrapati Sambhajinagar APMC,Onion,2026-03-01,Other,614.0,300.0,1200.0,650.0
Maharashtra,Junnar(Alephata) APMC,Onion,2026-03-01,Other,543.1,400.0,1310.0,700.0
Maharashtra,Junnar(Narayangaon) APMC,Onion,2026-03-01,Other,9.2,200.0,1400.0,800.0
Maharashtra,Junnar(Otur) APMC,Onion,2026-03-01,Other,1085.4,500.0,1300.0,900.0
Maharashtra,Kalyan APMC,Onion,2026-03-01,1st Sort,0.3,1200.0,1300.0,1250.0
Maharashtra,Kalyan APMC,Onion,2026-03-01,2nd Sort,0.3,1100.0,1200.0,1150.0
Maharashtra,Kamthi APMC,Onion,2026-03-01,Local,4.0,2090.0,2590.0,2340.0
Maharashtra,Karad APMC,Onion,2026-03-01,Other,19.8,300.0,1200.0,1200.0
Maharashtra,Khed(Chakan) APMC,Onion,2026-03-01,Other,25.0,1000.0,1500.0,1200.0
Maharashtra,Manchar APMC,Onion,2026-03-01,Other,1526.1,1000.0,1300.0,1150.0
Maharashtra,Mangal Wedha APMC,Onion,2026-03-01,Local,0.3,400.0,1000.0,900.0
Maharashtra,Paranda APMC,Onion,2026-03-01,Other,624.9,100.0,700.0,500.0
Maharashtra,Parner APMC,Onion,2026-03-01,Red,1206.4,200.0,1300.0,900.0
Maharashtra,Pune APMC,Onion,2026-03-01,Local,2137.0,400.0,1200.0,800.0
Maharashtra,Pune(Khadiki) APMC,Onion,2026-03-01,Local,1.3,600.0,1100.0,850.0
Maharashtra,Pune(Manjri) APMC,Onion,2026-03-01,Local,8.6,650.0,1100.0,900.0
Maharashtra,Pune(Moshi) APMC,Onion,2026-03-01,Local,63.0,400.0,1000.0,700.0
Maharashtra,Pune(Pimpri) APMC,Onion,2026-03-01,Local,1.1,700.0,1400.0,1050.0
Maharashtra,Rahata APMC,Onion,2026-03-01,Other,105.9,300.0,1300.0,900.0
Maharashtra,Rahuri APMC,Onion,2026-03-01,Other,342.1,100.0,1200.0,650.0
Maharashtra,Satara APMC,Onion,2026-03-01,Other,50.0,500.0,1400.0,950.0
Maharashtra,Vaduj APMC,Onion,2026-03-01,Local,6.0,500.0,1300.0,1000.0
Maharashtra,Ahilyanagar APMC,Onion,2026-03-02,Red,3121.2,150.0,1100.0,650.0
Maharashtra,Akola APMC,Onion,2026-03-02,Other,53.0,500.0,1300.0,900.0
Maharashtra,Amrawati(Frui & Veg. Market) APMC,Onion,2026-03-02,Red,30.8,700.0,2200.0,1450.0
Maharashtra,Chandrapur(Ganjwad) APMC,Onion,2026-03-02,Other,64.0,1400.0,1700.0,1600.0
Maharashtra,Chattrapati Sambhajinagar APMC,Onion,2026-03-02,Other,291.4,350.0,1200.0,600.0
Maharashtra,Kalyan APMC,Onion,2026-03-02,1st Sort,0.3,1200.0,1300.0,1250.0
Maharashtra,Kalyan APMC,Onion,2026-03-02,2nd Sort,0.3,900.0,1100.0,1000.0
Maharashtra,Kamthi APMC,Onion,2026-03-02,Local,3.6,2040.0,2540.0,2290.0
Maharashtra,Karad APMC,Onion,2026-03-02,Other,24.9,300.0,1400.0,1400.0
Maharashtra,Kolhapur APMC,Onion,2026-03-02,Other,576.1,500.0,1400.0,900.0
Maharashtra,Kopargaon APMC,Onion,2026-03-02,Red,146.0,400.0,949.0,825.0
Maharashtra,"Laxmi-Sopan Agriculture Produce Marketing Co Ltd, Barshi, Dist Solapur",Onion,2026-03-02,Other,1010.0,400.0,1200.0,900.0
Maharashtra,Mangal Wedha APMC,Onion,2026-03-02,Local,12.3,250.0,1300.0,1100.0
Maharashtra,Manmad APMC,Onion,2026-03-02,Red,800.0,200.0,1038.0,900.0
Maharashtra,Mumbai-Onion & Potato Market APMC,Onion,2026-03-02,Other,1251.3,600.0,1300.0,950.0
Maharashtra,Nasik APMC,Onion,2026-03-02,Pole,288.5,400.0,1350.0,1000.0
Maharashtra,Newasa(Ghodegaon) APMC,Onion,2026-03-02,Red,595.8,300.0,1200.0,800.0
Maharashtra,Pimpalgaon Baswant APMC,Onion,2026-03-02,Pole,2090.0,300.0,1448.0,870.0
Maharashtra,Pimpalgaon Baswant(Saykheda) APMC,Onion,2026-03-02,Red,614.0,500.0,1100.0,850.0
Maharashtra,Pune(Khadiki) APMC,Onion,2026-03-02,Local,1.0,700.0,1100.0,900.0
Maharashtra,Pune(Manjri) APMC,Onion,2026-03-02,Local,6.2,500.0,1000.0,900.0
Maharashtra,Pune(Pimpri) APMC,Onion,2026-03-02,Local,0.5,1600.0,1600.0,1600.0
Maharashtra,Rahuri(Vambori) APMC,Onion,2026-03-02,Other,177.4,100.0,1200.0,800.0
Maharashtra,SHRI.SIDDHESHWAR  APMC,Onion,2026-03-02,Red,4665.0,100.0,1525.0,600.0
Maharashtra,Sangamner APMC,Onion,2026-03-02,Other,658.5,151.0,1375.0,763.0
Maharashtra,Sangamner APMC,Onion,2026-03-02,Red,222.3,200.0,1100.0,650.0
Maharashtra,"Sangli(Phale, Bhajipala Market) APMC",Onion,2026-03-02,Local,497.2,500.0,1500.0,1000.0
Maharashtra,Satara APMC,Onion,2026-03-02,Other,9.8,500.0,1400.0,950.0
Maharashtra,Shevgaon APMC,Onion,2026-03-02,1st Sort,41.4,700.0,1100.0,950.0
Maharashtra,Shevgaon APMC,Onion,2026-03-02,2nd Sort,46.4,400.0,600.0,500.0
Maharashtra,Shevgaon APMC,Onion,2026-03-02,Other,25.5,100.0,300.0,250.0
Maharashtra,"Shree Sairaj Krushi Market, Dist Ahilyanagar",Onion,2026-03-02,Local,50.79,200.0,1200.0,800.0
Maharashtra,Vaduj APMC,Onion,2026-03-02,Local,4.5,500.0,1300.0,800.0
Maharashtra,Vaijpur APMC,Onion,2026-03-02,Red,543.9,200.0,1030.0,850.0
Maharashtra,Akole APMC,Onion,2026-03-03,Other,194.7,150.0,1451.0,1075.0
Maharashtra,Amrawati(Frui & Veg. Market) APMC,Onion,2026-03-03,Local,6.9,800.0,2200.0,1500.0
Maharashtra,Dharashiv APMC,Onion,2026-03-03,Red,5.0,340.0,1300.0,820.0
Maharashtra,Islampur APMC,Onion,2026-03-03,Local,12.9,400.0,1200.0,800.0
Maharashtra,Junnar(Alephata) APMC,Onion,2026-03-03,Other,289.2,400.0,1350.0,750.0
Maharashtra,Kalyan APMC,Onion,2026-03-03,1st Sort,0.3,1000.0,1300.0,1200.0
Maharashtra,Kalyan APMC,Onion,2026-03-03,2nd Sort,0.3,800.0,900.0,850.0
Maharashtra,Karad APMC,Onion,2026-03-03,Other,19.8,300.0,1500.0,1500.0
Maharashtra,Khed(Chakan) APMC,Onion,2026-03-03,Other,25.0,1000.0,1400.0,1200.0
Maharashtra,"Laxmi-Sopan Agriculture Produce Marketing Co Ltd, Barshi, Dist Solapur",Onion,2026-03-03,Other,610.0,200.0,1100.0,700.0
Maharashtra,Manchar APMC,Onion,2026-03-03,Other,763.0,1200.0,1610.0,1405.0
Maharashtra,Nasik APMC,Onion,2026-03-03,Pole,128.6,300.0,1200.0,950.0
Maharashtra,Paranda APMC,Onion,2026-03-03,Other,513.5,250.0,700.0,500.0
Maharashtra,Phaltan APMC,Onion,2026-03-03,Hybrid,109.3,300.0,1501.0,800.0
Maharashtra,Pune(Manjri) APMC,Onion,2026-03-03,Local,3.9,800.0,1300.0,1100.0
Maharashtra,Pune(Pimpri) APMC,Onion,2026-03-03,Local,0.9,1300.0,1600.0,1450.0
Maharashtra,Sangamner APMC,Onion,2026-03-03,Other,482.9,151.0,1451.0,801.0
Maharashtra,Satara APMC,Onion,2026-03-03,Other,20.5,1000.0,1400.0,1200.0
Maharashtra,Vadgaonpeth APMC,Onion,2026-03-03,Local,26.0,1100.0,2200.0,1400.0
Maharashtra,Vai APMC,Onion,2026-03-03,Local,2.0,1000.0,1500.0,1300.0
Maharashtra,AGRICULTURE PRODUCE MARKET COMITEE CHANDWAD,Onion,2026-03-04,Red,1679.4,50.0,1295.0,688.0
Maharashtra,Akluj APMC,Onion,2026-03-04,Other,19.7,200.0,1300.0,900.0
Maharashtra,Bhusaval APMC,Onion,2026-03-04,Red,6.9,500.0,1000.0,800.0
Maharashtra,Chandrapur(Ganjwad) APMC,Onion,2026-03-04,Other,72.0,1300.0,2000.0,1500.0
Maharashtra,Chattrapati Sambhajinagar APMC,Onion,2026-03-04,Other,431.5,300.0,1000.0,650.0
Maharashtra,Dhule APMC,Onion,2026-03-04,Red,61.8,400.0,1030.0,650.0
Maharashtra,Dindori(Vani) APMC,Onion,2026-03-04,Red,731.2,611.0,1625.0,971.0
Maharashtra,HINGNA - APMC,Onion,2026-03-04,Red,0.2,2000.0,2000.0,2000.0
Maharashtra,Jalana APMC,Onion,2026-03-04,Other,9.2,300.0,1800.0,900.0
Maharashtra,Jalgaon APMC,Onion,2026-03-04,Red,106.3,362.0,1175.0,762.0
Maharashtra,Kalyan APMC,Onion,2026-03-04,1st Sort,0.3,1000.0,1300.0,1150.0
Maharashtra,Kalyan APMC,Onion,2026-03-04,2nd Sort,0.3,800.0,900.0,850.0
Maharashtra,Karad APMC,Onion,2026-03-04,Other,15.0,500.0,1300.0,1300.0
Maharashtra,Khed(Chakan) APMC,Onion,2026-03-04,Other,700.0,700.0,1200.0,1000.0
Maharashtra,Kolhapur APMC,Onion,2026-03-04,Other,435.6,500.0,1500.0,900.0
Maharashtra,Kopargaon APMC,Onion,2026-03-04,Red,282.0,400.0,1097.0,875.0
Maharashtra,Lasalgaon(Niphad) APMC,Onion,2026-03-04,Red,380.8,500.0,1120.0,951.0
Maharashtra,Lasur Station APMC,Onion,2026-03-04,Other,350.0,225.0,1111.0,725.0
Maharashtra,Mangal Wedha APMC,Onion,2026-03-04,Local,7.0,200.0,1300.0,840.0
Maharashtra,Manmad APMC,Onion,2026-03-04,Red,1485.4,100.0,1115.0,700.0
Maharashtra,Mumbai-Onion & Potato Market APMC,Onion,2026-03-04,Other,615.1,700.0,1400.0,1050.0
Maharashtra,Nagpur APMC,Onion,2026-03-04,Red,180.0,1000.0,1400.0,1300.0
Maharashtra,Nagpur APMC,Onion,2026-03-04,White,150.0,1400.0,1600.0,1550.0
Maharashtra,Nandgaon APMC,Onion,2026-03-04,Red,2442.7,160.0,940.0,650.0
Maharashtra,Nasik APMC,Onion,2026-03-04,Pole,256.0,300.0,1200.0,900.0
Maharashtra,Newasa(Ghodegaon) APMC,Onion,2026-03-04,Red,372.1,300.0,1200.0,800.0
Maharashtra,Paranda APMC,Onion,2026-03-04,Other,575.8,250.0,700.0,500.0
Maharashtra,Parner APMC,Onion,2026-03-04,Red,827.7,200.0,1400.0,950.0
Maharashtra,Pimpalgaon Baswant APMC,Onion,2026-03-04,Pole,2206.0,300.0,1549.0,900.0
Maharashtra,Pune APMC,Onion,2026-03-04,Local,1548.4,400.0,1300.0,850.0
Maharashtra,Pune(Manjri) APMC,Onion,2026-03-04,Local,7.1,700.0,1300.0,1000.0
Maharashtra,Pune(Pimpri) APMC,Onion,2026-03-04,Local,0.9,1200.0,1600.0,1400.0
Maharashtra,SHRI.SIDDHESHWAR  APMC,Onion,2026-03-04,Red,3283.7,100.0,1750.0,600.0
Maharashtra,Sangamner APMC,Onion,2026-03-04,Other,505.5,151.0,1401.0,776.0
Maharashtra,"Sangli(Phale, Bhajipala Market) APMC",Onion,2026-03-04,Local,815.6,500.0,1400.0,950.0
Maharashtra,Satana APMC,Onion,2026-03-04,Other,830.5,150.0,1100.0,850.0
Maharashtra,Satara APMC,Onion,2026-03-04,Other,12.0,1000.0,1400.0,1200.0
Maharashtra,Shirpur APMC,Onion,2026-03-04,Red,30.3,200.0,1400.0,1000.0
Maharashtra,"Shree Sairaj Krushi Market, Dist Ahilyanagar",Onion,2026-03-04,Local,35.32,200.0,1400.0,800.0
Maharashtra,Vaduj APMC,Onion,2026-03-04,Local,4.5,500.0,1300.0,900.0
Maharashtra,Vaijpur APMC,Onion,2026-03-04,Red,551.3,200.0,1151.0,850.0
Maharashtra,Yeola APMC,Onion,2026-03-04,Red,1336.8,160.0,1111.0,750.0
Maharashtra,AGRICULTURE PRODUCE MARKET COMITEE CHANDWAD,Onion,2026-03-05,Red,1667.9,50.0,1330.0,626.0
Maharashtra,Akola APMC,Onion,2026-03-05,Other,46.0,500.0,1300.0,900.0
Maharashtra,Akole APMC,Onion,2026-03-05,Other,60.0,200.0,1351.0,1000.0
Maharashtra,Bhusaval APMC,Onion,2026-03-05,Red,4.1,500.0,1000.0,800.0
Maharashtra,Chandrapur(Ganjwad) APMC,Onion,2026-03-05,Other,27.0,1300.0,1800.0,1600.0
Maharashtra,Chattrapati Sambhajinagar APMC,Onion,2026-03-05,Other,641.0,300.0,800.0,550.0
Maharashtra,Devala APMC,Onion,2026-03-05,Red,704.4,150.0,950.0,750.0
Maharashtra,Dharashiv APMC,Onion,2026-03-05,Red,0.6,1000.0,1200.0,1100.0
Maharashtra,Dhule APMC,Onion,2026-03-05,Red,31.4,400.0,1030.0,750.0
Maharashtra,HINGNA - APMC,Onion,2026-03-05,Red,1.1,1000.0,2000.0,1600.0
Maharashtra,Islampur APMC,Onion,2026-03-05,Local,12.1,600.0,1300.0,950.0
Maharashtra,Junnar APMC,Onion,2026-03-05,Other,83.4,300.0,1400.0,900.0
Maharashtra,Junnar(Narayangaon) APMC,Onion,2026-03-05,Other,2.2,200.0,1300.0,750.0
Maharashtra,Junnar(Otur) APMC,Onion,2026-03-05,Other,848.9,800.0,1350.0,1000.0
Maharashtra,Kalvan APMC,Onion,2026-03-05,Other,105.0,1000.0,1360.0,1100.0
Maharashtra,Kalvan APMC,Onion,2026-03-05,Red,445.0,300.0,1270.0,850.0
Maharashtra,Kalyan APMC,Onion,2026-03-05,1st Sort,0.3,1100.0,1200.0,1150.0
Maharashtra,Kalyan APMC,Onion,2026-03-05,2nd Sort,0.3,800.0,900.0,850.0
Maharashtra,Khed(Chakan) APMC,Onion,2026-03-05,Other,20.0,800.0,1300.0,1000.0
Maharashtra,Kolhapur APMC,Onion,2026-03-05,Other,308.0,500.0,1400.0,900.0
Maharashtra,Kopargaon APMC,Onion,2026-03-05,Red,342.0,400.0,1052.0,810.0
Maharashtra,Lasalgaon APMC,Onion,2026-03-05,Red,1934.4,400.0,1352.0,975.0
Maharashtra,Lasalgaon(Niphad) APMC,Onion,2026-03-05,Red,594.0,500.0,1131.0,950.0
Maharashtra,Lasalgaon(Vinchur) APMC,Onion,2026-03-05,Red,1256.5,400.0,1076.0,950.0
Maharashtra,Lasur Station APMC,Onion,2026-03-05,Other,360.0,200.0,1113.0,725.0
Maharashtra,"Laxmi-Sopan Agriculture Produce Marketing Co Ltd, Barshi, Dist Solapur",Onion,2026-03-05,Other,855.2,400.0,1400.0,900.0
Maharashtra,Lonand APMC,Onion,2026-03-05,Other,725.0,400.0,1260.0,950.0
Maharashtra,Malkapur APMC,Onion,2026-03-05,Local,224.8,300.0,900.0,650.0
Maharashtra,Manchar APMC,Onion,2026-03-05,Other,1268.4,900.0,1510.0,1205.0
Maharashtra,Mangal Wedha APMC,Onion,2026-03-05,Local,0.9,400.0,1100.0,900.0
Maharashtra,Manmad APMC,Onion,2026-03-05,Red,1486.3,100.0,1015.0,500.0
Maharashtra,Mumbai-Onion & Potato Market APMC,Onion,2026-03-05,Other,809.6,800.0,1500.0,1150.0
Maharashtra,Nagpur APMC,Onion,2026-03-05,Red,220.0,1200.0,1400.0,1350.0
Maharashtra,Nagpur APMC,Onion,2026-03-05,White,200.0,1400.0,1600.0,1550.0
Maharashtra,Nampur APMC,Onion,2026-03-05,Red,581.8,170.0,1050.0,900.0
Maharashtra,Nandgaon APMC,Onion,2026-03-05,Red,2426.5,150.0,1000.0,750.0
Maharashtra,Nasik APMC,Onion,2026-03-05,Pole,272.0,250.0,1150.0,800.0
Maharashtra,Paranda APMC,Onion,2026-03-05,Other,660.0,100.0,700.0,500.0
Maharashtra,Pimpalgaon Baswant APMC,Onion,2026-03-05,Pole,2472.1,300.0,1551.0,875.0
Maharashtra,Pimpalgaon Baswant(Saykheda) APMC,Onion,2026-03-05,Red,168.1,500.0,1067.0,900.0
Maharashtra,Pune APMC,Onion,2026-03-05,Local,1509.9,500.0,1300.0,900.0
Maharashtra,Pune(Khadiki) APMC,Onion,2026-03-05,Local,1.4,700.0,1100.0,800.0
Maharashtra,Pune(Manjri) APMC,Onion,2026-03-05,Local,6.7,650.0,1300.0,1000.0
Maharashtra,Pune(Moshi) APMC,Onion,2026-03-05,Local,79.3,400.0,1200.0,800.0
Maharashtra,Pune(Pimpri) APMC,Onion,2026-03-05,Local,1.5,1000.0,1400.0,1200.0
Maharashtra,Rahuri(Vambori) APMC,Onion,2026-03-05,Other,127.1,100.0,1200.0,700.0
Maharashtra,SHRI.SIDDHESHWAR  APMC,Onion,2026-03-05,Red,2978.5,100.0,1750.0,700.0
Maharashtra,Sangamner APMC,Onion,2026-03-05,Other,705.1,151.0,1451.0,801.0
Maharashtra,"Sangli(Phale, Bhajipala Market) APMC",Onion,2026-03-05,Local,370.1,500.0,1450.0,975.0
Maharashtra,Satana APMC,Onion,2026-03-05,Red,828.5,150.0,1110.0,825.0
Maharashtra,Satara APMC,Onion,2026-03-05,Other,47.9,1000.0,2000.0,1500.0
Maharashtra,Shevgaon APMC,Onion,2026-03-05,1st Sort,66.0,500.0,1300.0,1050.0
Maharashtra,Shrigonda APMC,Onion,2026-03-05,Other,56.1,200.0,1100.0,800.0
Maharashtra,Vaduj APMC,Onion,2026-03-05,Local,7.5,500.0,1300.0,800.0
Maharashtra,Vai APMC,Onion,2026-03-05,Local,2.0,700.0,1300.0,1000.0
Maharashtra,Vaijpur APMC,Onion,2026-03-05,Red,824.3,200.0,1016.0,850.0
Maharashtra,Yeola APMC,Onion,2026-03-05,Red,1454.5,180.0,1165.0,725.0
Maharashtra,AGRICULTURE PRODUCE MARKET COMITEE CHANDWAD,Onion,2026-03-06,Red,1765.2,50.0,1425.0,760.0
Maharashtra,Akluj APMC,Onion,2026-03-06,Other,15.2,200.0,1500.0,1000.0
Maharashtra,Akola APMC,Onion,2026-03-06,Other,21.1,500.0,1300.0,900.0
Maharashtra,Amrawati(Frui & Veg. Market) APMC,Onion,2026-03-06,Red,40.8,700.0,2400.0,1550.0
Maharashtra,Bhusaval APMC,Onion,2026-03-06,Red,2.7,600.0,1000.0,800.0
Maharashtra,Chandrapur(Ganjwad) APMC,Onion,2026-03-06,Other,74.0,1300.0,1800.0,1500.0
Maharashtra,Devala APMC,Onion,2026-03-06,Red,635.6,300.0,1030.0,850.0
Maharashtra,Dharashiv APMC,Onion,2026-03-06,Red,1.3,100.0,900.0,500.0
Maharashtra,Dindori(Vani) APMC,Onion,2026-03-06,Red,651.9,701.0,1617.0,1001.0
Maharashtra,HINGNA - APMC,Onion,2026-03-06,Red,2.2,950.0,1500.0,1316.0
Maharashtra,Jalgaon APMC,Onion,2026-03-06,Red,148.2,325.0,1225.0,787.0
Maharashtra,Junnar(Alephata) APMC,Onion,2026-03-06,Other,422.7,800.0,1510.0,1250.0
Maharashtra,Junnar(Narayangaon) APMC,Onion,2026-03-06,Other,5.4,200.0,1400.0,800.0
Maharashtra,Kalvan APMC,Onion,2026-03-06,Other,100.0,900.0,1360.0,1100.0
Maharashtra,Kalvan APMC,Onion,2026-03-06,Red,360.0,300.0,1240.0,850.0
Maharashtra,Kalyan APMC,Onion,2026-03-06,1st Sort,0.3,1200.0,1300.0,1250.0
Maharashtra,Kalyan APMC,Onion,2026-03-06,2nd Sort,0.3,1200.0,1300.0,1250.0
Maharashtra,Khed(Chakan) APMC,Onion,2026-03-06,Other,20.0,800.0,1300.0,1000.0
Maharashtra,Kolhapur APMC,Onion,2026-03-06,Other,497.9,500.0,1500.0,900.0
Maharashtra,Kopargaon APMC,Onion,2026-03-06,Red,536.0,400.0,1040.0,800.0
Maharashtra,Lasalgaon APMC,Onion,2026-03-06,Red,2358.8,400.0,1351.0,960.0
Maharashtra,Lasalgaon(Niphad) APMC,Onion,2026-03-06,Red,624.0,500.0,1140.0,950.0
Maharashtra,Lasalgaon(Vinchur) APMC,Onion,2026-03-06,Red,1597.7,400.0,1236.0,950.0
Maharashtra,Lasur Station APMC,Onion,2026-03-06,Other,460.0,250.0,1091.0,700.0
Maharashtra,"Laxmi-Sopan Agriculture Produce Marketing Co Ltd, Barshi, Dist Solapur",Onion,2026-03-06,Other,615.7,500.0,1400.0,1000.0
Maharashtra,Mangal Wedha APMC,Onion,2026-03-06,Local,10.2,200.0,1700.0,1200.0
Maharashtra,Manmad APMC,Onion,2026-03-06,Red,1537.6,100.0,1032.0,600.0
Maharashtra,Mumbai-Onion & Potato Market APMC,Onion,2026-03-06,Other,1078.1,800.0,1500.0,1150.0
Maharashtra,Nampur APMC,Onion,2026-03-06,Red,680.9,150.0,990.0,800.0
Maharashtra,"Omchatinya Multi State Agro Purpose Co-Op Society, Dist Ahilyanagar",Onion,2026-03-06,Red,55.39,100.0,1100.0,700.0
Maharashtra,Paranda APMC,Onion,2026-03-06,Other,580.1,150.0,700.0,300.0
Maharashtra,Parner APMC,Onion,2026-03-06,Red,782.3,200.0,1500.0,1000.0
Maharashtra,Pimpalgaon Baswant APMC,Onion,2026-03-06,Pole,2677.3,300.0,1591.0,915.0
Maharashtra,Pimpalgaon Baswant(Saykheda) APMC,Onion,2026-03-06,Red,310.9,500.0,1101.0,950.0
Maharashtra,Pune APMC,Onion,2026-03-06,Local,1662.6,400.0,1300.0,850.0
Maharashtra,Pune(Manjri) APMC,Onion,2026-03-06,Local,7.5,600.0,1200.0,900.0
Maharashtra,Pune(Moshi) APMC,Onion,2026-03-06,Local,70.0,300.0,1000.0,650.0
Maharashtra,Pune(Pimpri) APMC,Onion,2026-03-06,Local,0.7,1100.0,1600.0,1350.0
Maharashtra,Rahata APMC,Onion,2026-03-06,Other,72.4,300.0,1305.0,900.0
Maharashtra,SHRI.SIDDHESHWAR  APMC,Onion,2026-03-06,Red,3491.1,100.0,1700.0,650.0
Maharashtra,Sangamner APMC,Onion,2026-03-06,Other,816.3,150.0,1500.0,825.0
Maharashtra,"Sangli(Phale, Bhajipala Market) APMC",Onion,2026-03-06,Local,426.5,500.0,1500.0,1000.0
Maharashtra,Satana APMC,Onion,2026-03-06,Red,803.0,155.0,1155.0,850.0
Maharashtra,Vadgaonpeth APMC,Onion,2026-03-06,Local,26.0,900.0,2000.0,1000.0
Maharashtra,Vai APMC,Onion,2026-03-06,Local,2.0,600.0,1300.0,1000.0
Maharashtra,Vaijpur APMC,Onion,2026-03-06,Red,923.9,200.0,980.0,800.0
Maharashtra,Yeola APMC,Onion,2026-03-06,Red,961.5,150.0,1131.0,700.0
Maharashtra,AGRICULTURE PRODUCE MARKET COMITEE CHANDWAD,Onion,2026-03-07,Red,1705.0,200.0,1350.0,720.0
Maharashtra,Akola APMC,Onion,2026-03-07,Other,27.2,500.0,1400.0,900.0
Maharashtra,Amrawati(Frui & Veg. Market) APMC,Onion,2026-03-07,Red,46.7,600.0,2400.0,1500.0
Maharashtra,Bhusaval APMC,Onion,2026-03-07,Red,5.5,500.0,1000.0,800.0
Maharashtra,Chattrapati Sambhajinagar APMC,Onion,2026-03-07,Other,391.2,400.0,1100.0,750.0
Maharashtra,Dharashiv APMC,Onion,2026-03-07,Red,3.9,500.0,1200.0,850.0
Maharashtra,Dhule APMC,Onion,2026-03-07,Red,95.1,300.0,1040.0,800.0
Maharashtra,HINGNA - APMC,Onion,2026-03-07,Red,0.8,1400.0,2000.0,1800.0
Maharashtra,Junnar(Narayangaon) APMC,Onion,2026-03-07,Other,3.6,200.0,1400.0,800.0
Maharashtra,Karad APMC,Onion,2026-03-07,Other,24.9,400.0,1400.0,1400.0
Maharashtra,Kolhapur APMC,Onion,2026-03-07,Other,872.8,500.0,1500.0,1000.0
Maharashtra,Kopargaon APMC,Onion,2026-03-07,Red,472.0,400.0,1012.0,725.0
Maharashtra,Lasalgaon APMC,Onion,2026-03-07,Red,1382.8,400.0,1350.0,925.0
Maharashtra,Lasalgaon(Niphad) APMC,Onion,2026-03-07,Red,602.0,500.0,1160.0,950.0
Maharashtra,Lasalgaon(Vinchur) APMC,Onion,2026-03-07,Red,1569.7,400.0,1130.0,900.0
Maharashtra,Lasur Station APMC,Onion,2026-03-07,Other,550.0,220.0,1135.0,725.0
Maharashtra,Manmad APMC,Onion,2026-03-07,Red,500.0,300.0,1076.0,875.0
Maharashtra,Nagpur APMC,Onion,2026-03-07,Red,60.0,1200.0,1400.0,1350.0
Maharashtra,Nagpur APMC,Onion,2026-03-07,White,38.0,1400.0,1600.0,1550.0
Maharashtra,Nasik APMC,Onion,2026-03-07,Pole,298.6,350.0,1351.0,850.0
Maharashtra,Newasa(Ghodegaon) APMC,Onion,2026-03-07,Red,427.6,300.0,1200.0,800.0
Maharashtra,Pimpalgaon Baswant APMC,Onion,2026-03-07,Pole,2530.0,300.0,1579.0,900.0
Maharashtra,Pimpalgaon Baswant(Saykheda) APMC,Onion,2026-03-07,Red,334.0,500.0,1040.0,930.0
Maharashtra,Pune(Khadiki) APMC,Onion,2026-03-07,Local,1.5,600.0,1100.0,900.0
Maharashtra,Pune(Manjri) APMC,Onion,2026-03-07,Local,8.4,650.0,1100.0,900.0
Maharashtra,Pune(Moshi) APMC,Onion,2026-03-07,Local,70.0,300.0,1000.0,650.0
Maharashtra,Pune(Pimpri) APMC,Onion,2026-03-07,Local,0.6,1200.0,1600.0,1400.0
Maharashtra,Rahuri(Vambori) APMC,Onion,2026-03-07,Other,95.9,100.0,1400.0,800.0
Maharashtra,SHRI.SIDDHESHWAR  APMC,Onion,2026-03-07,Red,3569.3,100.0,1800.0,800.0
Maharashtra,"Sangli(Phale, Bhajipala Market) APMC",Onion,2026-03-07,Local,607.3,500.0,1500.0,1000.0
Maharashtra,Satara APMC,Onion,2026-03-07,Other,52.8,1000.0,1800.0,1400.0
Maharashtra,Shevgaon APMC,Onion,2026-03-07,1st Sort,34.0,700.0,1100.0,950.0
Maharashtra,Shevgaon APMC,Onion,2026-03-07,2nd Sort,28.0,400.0,600.0,500.0
Maharashtra,Shevgaon APMC,Onion,2026-03-07,Other,33.0,100.0,300.0,275.0
Maharashtra,Shirpur APMC,Onion,2026-03-07,Red,23.0,101.0,1425.0,1100.0
Maharashtra,"Shree Sairaj Krushi Market, Dist Ahilyanagar",Onion,2026-03-07,Local,54.57,200.0,1400.0,800.0
Maharashtra,Vadgaonpeth APMC,Onion,2026-03-07,Local,26.0,1100.0,2100.0,1500.0
Maharashtra,Vaduj APMC,Onion,2026-03-07,Local,50.0,500.0,1500.0,1000.0
Maharashtra,Vai APMC,Onion,2026-03-07,Local,1.2,600.0,1300.0,1000.0
Maharashtra,Yeola APMC,Onion,2026-03-07,Red,1500.0,230.0,1127.0,700.0
Maharashtra,Akluj APMC,Onion,2026-03-08,Red,14.8,300.0,1700.0,1000.0
Maharashtra,Akole APMC,Onion,2026-03-08,Other,199.3,150.0,1411.0,1001.0
Maharashtra,Amrawati(Frui & Veg. Market) APMC,Onion,2026-03-08,Red,37.8,700.0,2400.0,1550.0
Maharashtra,Bhusaval APMC,Onion,2026-03-08,Other,11.0,500.0,1000.0,800.0
Maharashtra,Chattrapati Sambhajinagar APMC,Onion,2026-03-08,Other,813.5,400.0,1000.0,700.0
Maharashtra,Dharashiv APMC,Onion,2026-03-08,Red,11.2,200.0,1200.0,700.0
Maharashtra,Junnar APMC,Onion,2026-03-08,Other,35.6,300.0,1400.0,1200.0
Maharashtra,Junnar(Narayangaon) APMC,Onion,2026-03-08,Other,3.0,200.0,1400.0,800.0
Maharashtra,Junnar(Otur) APMC,Onion,2026-03-08,Other,758.0,600.0,1420.0,1100.0
Maharashtra,Kalyan APMC,Onion,2026-03-08,1st Sort,0.3,1000.0,1100.0,1050.0
Maharashtra,Kalyan APMC,Onion,2026-03-08,2nd Sort,0.3,800.0,1000.0,900.0
Maharashtra,Khed(Chakan) APMC,Onion,2026-03-08,Other,25.0,1000.0,1400.0,1200.0
Maharashtra,Manchar APMC,Onion,2026-03-08,Other,1787.8,900.0,1510.0,1205.0
Maharashtra,Mangal Wedha APMC,Onion,2026-03-08,Local,0.6,700.0,1400.0,1000.0
Maharashtra,"Omchatinya Multi State Agro Purpose Co-Op Society, Dist Ahilyanagar",Onion,2026-03-08,Red,31.12,100.0,1225.0,700.0
Maharashtra,Paranda APMC,Onion,2026-03-08,Other,776.9,250.0,1350.0,750.0
Maharashtra,Parner APMC,Onion,2026-03-08,Red,1151.9,200.0,1400.0,1000.0
Maharashtra,Pathardi APMC,Onion,2026-03-08,Red,66.0,100.0,1100.0,500.0
Maharashtra,Pune APMC,Onion,2026-03-08,Local,2214.1,400.0,1300.0,950.0
Maharashtra,Pune(Khadiki) APMC,Onion,2026-03-08,Local,1.7,600.0,1100.0,850.0
Maharashtra,Pune(Manjri) APMC,Onion,2026-03-08,Local,9.9,600.0,1000.0,900.0
Maharashtra,Pune(Moshi) APMC,Onion,2026-03-08,Local,78.5,400.0,1200.0,800.0
Maharashtra,Pune(Pimpri) APMC,Onion,2026-03-08,Local,0.9,1100.0,1600.0,1350.0
Maharashtra,Rahata APMC,Onion,2026-03-08,Other,55.8,300.0,1200.0,900.0
Maharashtra,Satara APMC,Onion,2026-03-08,Other,28.4,1000.0,1600.0,1300.0
Maharashtra,Vaduj APMC,Onion,2026-03-08,Local,4.5,500.0,1400.0,900.0
Maharashtra,Vai APMC,Onion,2026-03-08,Local,1.2,600.0,1300.0,1000.0
Maharashtra,AGRICULTURE PRODUCE MARKET COMITEE CHANDWAD,Onion,2026-03-09,Red,1205.5,290.0,1400.0,780.0
Maharashtra,Akola APMC,Onion,2026-03-09,Other,29.5,600.0,1400.0,900.0
Maharashtra,Amrawati(Frui & Veg. Market) APMC,Onion,2026-03-09,Red,34.6,600.0,2500.0,1550.0
Maharashtra,Chattrapati Sambhajinagar APMC,Onion,2026-03-09,Other,641.1,370.0,1150.0,760.0
Maharashtra,Devala APMC,Onion,2026-03-09,Red,808.9,300.0,1100.0,850.0
Maharashtra,Dhule APMC,Onion,2026-03-09,Red,27.0,300.0,1130.0,950.0
Maharashtra,Dindori(Vani) APMC,Onion,2026-03-09,Red,628.3,750.0,1570.0,1121.0
Maharashtra,HINGNA - APMC,Onion,2026-03-09,Red,0.3,1800.0,2000.0,1866.0
Maharashtra,Jalgaon APMC,Onion,2026-03-09,Red,130.3,300.0,1200.0,750.0
Maharashtra,Junnar(Narayangaon) APMC,Onion,2026-03-09,Other,3.0,200.0,1410.0,800.0
Maharashtra,Kalvan APMC,Onion,2026-03-09,Other,180.0,900.0,1375.0,1100.0
Maharashtra,Kalvan APMC,Onion,2026-03-09,Red,360.0,400.0,1205.0,800.0
Maharashtra,Kalyan APMC,Onion,2026-03-09,1st Sort,1.3,1000.0,1100.0,1060.0
Maharashtra,Kalyan APMC,Onion,2026-03-09,2nd Sort,0.3,800.0,1000.0,900.0
Maharashtra,Karad APMC,Onion,2026-03-09,Other,20.1,500.0,1400.0,1400.0
Maharashtra,Kolhapur APMC,Onion,2026-03-09,Other,771.7,500.0,1500.0,1100.0
Maharashtra,Kopargaon APMC,Onion,2026-03-09,Red,400.0,400.0,1070.0,720.0
Maharashtra,Kurdwadi(Modnimb) APMC,Onion,2026-03-09,Red,33.6,150.0,1125.0,600.0
Maharashtra,Lasalgaon APMC,Onion,2026-03-09,Other,12.8,1071.0,1301.0,1251.0
Maharashtra,Lasalgaon APMC,Onion,2026-03-09,Red,2437.2,400.0,1300.0,900.0
Maharashtra,Lasalgaon(Niphad) APMC,Onion,2026-03-09,Red,601.4,500.0,1126.0,950.0
Maharashtra,Lasalgaon(Vinchur) APMC,Onion,2026-03-09,Red,1697.5,400.0,1172.0,900.0
Maharashtra,Lonand APMC,Onion,2026-03-09,Other,825.0,450.0,1400.0,1050.0
Maharashtra,"Malharshree Khajgi Krushi Utpann Bajar, Chandanpuri Tal Malegaon, Nashik",Onion,2026-03-09,Red,94.1,254.0,1045.0,789.0
Maharashtra,Mangal Wedha APMC,Onion,2026-03-09,Local,4.7,300.0,1500.0,700.0
Maharashtra,Manmad APMC,Onion,2026-03-09,Red,1675.6,100.0,1076.0,700.0
Maharashtra,Mumbai-Onion & Potato Market APMC,Onion,2026-03-09,Other,1551.0,800.0,1400.0,1100.0
Maharashtra,Nagpur APMC,Onion,2026-03-09,Red,248.0,900.0,1300.0,1200.0
Maharashtra,Nagpur APMC,Onion,2026-03-09,White,200.0,1200.0,1400.0,1350.0
Maharashtra,Nampur APMC,Onion,2026-03-09,Red,795.6,165.0,1065.0,800.0
Maharashtra,Nandgaon APMC,Onion,2026-03-09,Other,26.1,300.0,1300.0,750.0
Maharashtra,Nandgaon APMC,Onion,2026-03-09,Red,2921.8,200.0,1000.0,750.0
Maharashtra,Nasik APMC,Onion,2026-03-09,Pole,187.8,320.0,1300.0,800.0
Maharashtra,Newasa(Ghodegaon) APMC,Onion,2026-03-09,Red,322.9,300.0,1200.0,800.0
Maharashtra,Pimpalgaon Baswant APMC,Onion,2026-03-09,Pole,2899.7,300.0,1475.0,900.0
Maharashtra,Pimpalgaon Baswant(Saykheda) APMC,Onion,2026-03-09,Red,328.7,600.0,1111.0,950.0
Maharashtra,Pune APMC,Onion,2026-03-09,Local,1562.2,500.0,1300.0,900.0
Maharashtra,Pune(Khadiki) APMC,Onion,2026-03-09,Local,1.6,700.0,1100.0,900.0
Maharashtra,Pune(Manjri) APMC,Onion,2026-03-09,Local,7.1,800.0,1500.0,1300.0
Maharashtra,Pune(Moshi) APMC,Onion,2026-03-09,Local,63.6,300.0,1200.0,750.0
Maharashtra,Pune(Pimpri) APMC,Onion,2026-03-09,Local,0.7,1000.0,1400.0,1200.0
Maharashtra,Rahuri APMC,Onion,2026-03-09,Other,199.9,100.0,1410.0,755.0
Maharashtra,Rahuri(Vambori) APMC,Onion,2026-03-09,Other,96.4,150.0,1400.0,850.0
Maharashtra,SHRI.SIDDHESHWAR  APMC,Onion,2026-03-09,Red,4123.2,100.0,1800.0,800.0
Maharashtra,Sangamner APMC,Onion,2026-03-09,Other,759.6,151.0,1511.0,831.0
Maharashtra,"Sangli(Phale, Bhajipala Market) APMC",Onion,2026-03-09,Local,539.5,500.0,1600.0,1050.0
Maharashtra,Satana APMC,Onion,2026-03-09,Red,796.5,235.0,1335.0,1005.0
Maharashtra,Satara APMC,Onion,2026-03-09,Other,31.7,1000.0,1500.0,1200.0
Maharashtra,Shevgaon APMC,Onion,2026-03-09,1st Sort,30.0,900.0,1200.0,1050.0
Maharashtra,Shevgaon APMC,Onion,2026-03-09,2nd Sort,38.0,500.0,800.0,750.0
Maharashtra,Shevgaon APMC,Onion,2026-03-09,Other,26.0,100.0,400.0,300.0
Maharashtra,Sinner APMC,Onion,2026-03-09,Red,281.9,500.0,1102.0,950.0
Maharashtra,Vaduj APMC,Onion,2026-03-09,Local,5.0,500.0,1500.0,1000.0
Maharashtra,Yeola APMC,Onion,2026-03-09,Red,1917.7,200.0,1070.0,750.0
Maharashtra,AGRICULTURE PRODUCE MARKET COMITEE CHANDWAD,Onion,2026-03-10,Red,1422.3,100.0,1475.0,820.0
Maharashtra,Akola APMC,Onion,2026-03-10,Other,30.0,600.0,1400.0,900.0
Maharashtra,Akole APMC,Onion,2026-03-10,Other,88.0,200.0,1400.0,1000.0
Maharashtra,Amrawati(Frui & Veg. Market) APMC,Onion,2026-03-10,Red,40.8,600.0,2400.0,1500.0
Maharashtra,Bhusaval APMC,Onion,2026-03-10,Other,4.3,600.0,1000.0,800.0
Maharashtra,Chandrapur(Ganjwad) APMC,Onion,2026-03-10,Other,66.0,1200.0,1700.0,1500.0
Maharashtra,Chattrapati Sambhajinagar APMC,Onion,2026-03-10,Other,571.3,400.0,1000.0,700.0
Maharashtra,Devala APMC,Onion,2026-03-10,Red,727.2,350.0,1150.0,925.0
Maharashtra,Dharashiv APMC,Onion,2026-03-10,Red,3.8,200.0,1200.0,700.0
Maharashtra,Dhule APMC,Onion,2026-03-10,Red,81.8,300.0,1130.0,950.0
Maharashtra,Islampur APMC,Onion,2026-03-10,Local,24.5,800.0,1400.0,1150.0
Maharashtra,Jalgaon APMC,Onion,2026-03-10,Red,107.1,300.0,1137.0,700.0
Maharashtra,Jamkhed APMC,Onion,2026-03-10,Local,202.9,100.0,1000.0,550.0
Maharashtra,Kalvan APMC,Onion,2026-03-10,Other,250.0,950.0,1330.0,1050.0
Maharashtra,Kalvan APMC,Onion,2026-03-10,Red,385.0,400.0,1200.0,801.0
Maharashtra,Kalyan APMC,Onion,2026-03-10,1st Sort,0.3,1000.0,1100.0,1050.0
Maharashtra,Kalyan APMC,Onion,2026-03-10,2nd Sort,0.3,800.0,1000.0,900.0
Maharashtra,Karad APMC,Onion,2026-03-10,Other,24.9,400.0,1500.0,1500.0
Maharashtra,Khed(Chakan) APMC,Onion,2026-03-10,Other,30.0,1000.0,1400.0,1200.0
Maharashtra,Kolhapur APMC,Onion,2026-03-10,Other,560.4,500.0,1400.0,1000.0
Maharashtra,Kopargaon APMC,Onion,2026-03-10,Other,12.0,690.0,1068.0,1000.0
Maharashtra,Kopargaon APMC,Onion,2026-03-10,Red,384.0,400.0,1102.0,725.0
Maharashtra,Lasalgaon APMC,Onion,2026-03-10,Other,31.4,786.0,1311.0,1201.0
Maharashtra,Lasalgaon APMC,Onion,2026-03-10,Red,2139.6,400.0,1300.0,910.0
Maharashtra,Lasalgaon(Niphad) APMC,Onion,2026-03-10,Red,598.0,500.0,1252.0,971.0
Maharashtra,Lasalgaon(Vinchur) APMC,Onion,2026-03-10,Red,1636.2,400.0,1220.0,900.0
Maharashtra,Lasur Station APMC,Onion,2026-03-10,Other,670.0,100.0,1211.0,800.0
Maharashtra,"Laxmi-Sopan Agriculture Produce Marketing Co Ltd, Barshi, Dist Solapur",Onion,2026-03-10,Other,720.0,500.0,1500.0,1100.0
Maharashtra,Malkapur APMC,Onion,2026-03-10,Local,140.0,540.0,960.0,800.0
Maharashtra,Manchar APMC,Onion,2026-03-10,Other,1354.6,1000.0,1600.0,1325.0
Maharashtra,Manmad APMC,Onion,2026-03-10,Red,1606.6,100.0,1080.0,600.0
Maharashtra,Mumbai-Onion & Potato Market APMC,Onion,2026-03-10,Other,1023.0,800.0,1400.0,1100.0
Maharashtra,Nagpur APMC,Onion,2026-03-10,Red,180.0,1000.0,1400.0,1300.0
Maharashtra,Nagpur APMC,Onion,2026-03-10,White,100.0,1200.0,1600.0,1500.0
Maharashtra,Nampur APMC,Onion,2026-03-10,Other,16.3,600.0,1200.0,800.0
Maharashtra,Nampur APMC,Onion,2026-03-10,Red,614.3,200.0,1050.0,900.0
Maharashtra,Nandgaon APMC,Onion,2026-03-10,Other,27.0,280.0,1062.0,750.0
Maharashtra,Nandgaon APMC,Onion,2026-03-10,Red,1244.0,100.0,1031.0,550.0
Maharashtra,Nasik APMC,Onion,2026-03-10,Pole,219.1,350.0,1351.0,821.0
Maharashtra,"Omchatinya Multi State Agro Purpose Co-Op Society, Dist Ahilyanagar",Onion,2026-03-10,Red,75.02,100.0,1400.0,750.0
Maharashtra,Paranda APMC,Onion,2026-03-10,Other,825.6,250.0,950.0,500.0
Maharashtra,Phaltan APMC,Onion,2026-03-10,Hybrid,138.2,350.0,1400.0,900.0
Maharashtra,Pimpalgaon Baswant APMC,Onion,2026-03-10,Other,92.4,800.0,1551.0,1400.0
Maharashtra,Pimpalgaon Baswant APMC,Onion,2026-03-10,Pole,2491.8,300.0,1370.0,900.0
Maharashtra,Pimpalgaon Baswant(Saykheda) APMC,Onion,2026-03-10,Red,286.4,530.0,1111.0,910.0
Maharashtra,Pune APMC,Onion,2026-03-10,Local,1551.8,400.0,1400.0,900.0
Maharashtra,Pune(Manjri) APMC,Onion,2026-03-10,Local,7.2,700.0,1400.0,1200.0
Maharashtra,Pune(Moshi) APMC,Onion,2026-03-10,Local,70.1,300.0,1200.0,750.0
Maharashtra,Pune(Pimpri) APMC,Onion,2026-03-10,Local,1.0,1000.0,1600.0,1300.0
Maharashtra,Rahuri APMC,Onion,2026-03-10,Other,331.2,100.0,1500.0,800.0
Maharashtra,SHRI.SIDDHESHWAR  APMC,Onion,2026-03-10,Red,3608.0,100.0,1750.0,800.0
Maharashtra,Sangamner APMC,Onion,2026-03-10,Other,795.0,200.0,1551.0,876.0
Maharashtra,"Sangli(Phale, Bhajipala Market) APMC",Onion,2026-03-10,Local,494.6,500.0,1500.0,1000.0
Maharashtra,Satana APMC,Onion,2026-03-10,Red,753.0,310.0,1170.0,950.0
Maharashtra,Satara APMC,Onion,2026-03-10,Other,25.0,1000.0,1400.0,1200.0
Maharashtra,Sinner APMC,Onion,2026-03-10,Red,195.3,500.0,1176.0,950.0
Maharashtra,Vadgaonpeth APMC,Onion,2026-03-10,Local,25.0,900.0,2000.0,1200.0
Maharashtra,Vaduj APMC,Onion,2026-03-10,Local,7.0,500.0,1400.0,1000.0
Maharashtra,Vaijpur APMC,Onion,2026-03-10,Red,978.8,200.0,1105.0,850.0
Maharashtra,AGRICULTURE PRODUCE MARKET COMITEE CHANDWAD,Onion,2026-03-11,Red,1522.6,100.0,1345.0,780.0
Maharashtra,Akola APMC,Onion,2026-03-11,Other,38.5,600.0,1500.0,900.0
Maharashtra,Amrawati(Frui & Veg. Market) APMC,Onion,2026-03-11,Red,36.8,700.0,2400.0,1550.0
Maharashtra,Bhusaval APMC,Onion,2026-03-11,Red,7.5,500.0,1000.0,800.0
Maharashtra,Chandrapur(Ganjwad) APMC,Onion,2026-03-11,Other,68.0,1300.0,1600.0,1500.0
Maharashtra,Chattrapati Sambhajinagar APMC,Onion,2026-03-11,Other,419.0,400.0,1200.0,800.0
Maharashtra,Devala APMC,Onion,2026-03-11,Red,672.6,350.0,1200.0,950.0
Maharashtra,Dharashiv APMC,Onion,2026-03-11,Red,4.9,400.0,1300.0,850.0
Maharashtra,Dhule APMC,Onion,2026-03-11,Red,27.3,400.0,1000.0,650.0
Maharashtra,Dindori(Vani) APMC,Onion,2026-03-11,Red,795.7,611.0,1485.0,1001.0
Maharashtra,Jalgaon APMC,Onion,2026-03-11,Red,122.8,500.0,1100.0,800.0
Maharashtra,Kalyan APMC,Onion,2026-03-11,1st Sort,0.3,1000.0,1400.0,1200.0
Maharashtra,Khed(Chakan) APMC,Onion,2026-03-11,Other,1000.0,700.0,1300.0,1000.0
Maharashtra,Kolhapur APMC,Onion,2026-03-11,Other,746.8,500.0,1500.0,1100.0
Maharashtra,Kopargaon APMC,Onion,2026-03-11,Other,12.0,601.0,1101.0,921.0
Maharashtra,Kopargaon APMC,Onion,2026-03-11,Red,470.0,400.0,1142.0,800.0
Maharashtra,Lasalgaon APMC,Onion,2026-03-11,Other,41.6,700.0,1255.0,1100.0
Maharashtra,Lasalgaon APMC,Onion,2026-03-11,Red,2112.6,400.0,1300.0,920.0
Maharashtra,Lasalgaon(Niphad) APMC,Onion,2026-03-11,Red,600.8,500.0,1100.0,950.0
Maharashtra,Lasalgaon(Vinchur) APMC,Onion,2026-03-11,Red,1659.0,400.0,1200.0,925.0
Maharashtra,Lasur Station APMC,Onion,2026-03-11,Other,670.0,150.0,1254.0,700.0
Maharashtra,Mangal Wedha APMC,Onion,2026-03-11,Local,1.5,340.0,1600.0,1200.0
Maharashtra,Manmad APMC,Onion,2026-03-11,Red,1540.3,100.0,1049.0,574.0
Maharashtra,Mumbai-Onion & Potato Market APMC,Onion,2026-03-11,Other,1043.4,800.0,1500.0,1150.0
Maharashtra,Nagpur APMC,Onion,2026-03-11,Red,180.0,1000.0,1400.0,1300.0
Maharashtra,Nagpur APMC,Onion,2026-03-11,White,100.0,1200.0,1500.0,1425.0
Maharashtra,Nampur APMC,Onion,2026-03-11,Red,591.8,200.0,1090.0,700.0
Maharashtra,Nandgaon APMC,Onion,2026-03-11,Other,40.0,300.0,1200.0,1150.0
Maharashtra,Nandgaon APMC,Onion,2026-03-11,Red,3075.4,100.0,1152.0,750.0
Maharashtra,Nasik APMC,Onion,2026-03-11,Pole,168.5,300.0,1250.0,775.0
Maharashtra,Newasa(Ghodegaon) APMC,Onion,2026-03-11,Red,353.4,300.0,1400.0,900.0
Maharashtra,Paranda APMC,Onion,2026-03-11,Other,752.1,100.0,1200.0,500.0
Maharashtra,Parner APMC,Onion,2026-03-11,Red,1285.3,200.0,1600.0,1050.0
Maharashtra,Pathardi APMC,Onion,2026-03-11,Red,55.0,100.0,1250.0,660.0
Maharashtra,Pimpalgaon Baswant APMC,Onion,2026-03-11,Other,57.7,750.0,1551.0,1350.0
Maharashtra,Pimpalgaon Baswant APMC,Onion,2026-03-11,Pole,2488.5,300.0,1375.0,900.0
Maharashtra,Pimpalgaon Baswant(Saykheda) APMC,Onion,2026-03-11,Red,281.8,600.0,1150.0,900.0
Maharashtra,Pune APMC,Onion,2026-03-11,Local,1316.5,500.0,1500.0,1000.0
Maharashtra,Pune(Khadiki) APMC,Onion,2026-03-11,Local,1.4,700.0,1100.0,900.0
Maharashtra,Pune(Manjri) APMC,Onion,2026-03-11,Local,6.0,800.0,1300.0,1100.0
Maharashtra,Pune(Pimpri) APMC,Onion,2026-03-11,Local,1.0,1200.0,1600.0,1400.0
Maharashtra,SHRI.SIDDHESHWAR  APMC,Onion,2026-03-11,Red,3387.0,100.0,1700.0,800.0
Maharashtra,Sangamner APMC,Onion,2026-03-11,Other,750.5,200.0,1536.0,868.0
Maharashtra,"Sangli(Phale, Bhajipala Market) APMC",Onion,2026-03-11,Local,583.5,500.0,1600.0,1050.0
Maharashtra,Satana APMC,Onion,2026-03-11,Other,142.5,340.0,1435.0,1200.0
Maharashtra,Satana APMC,Onion,2026-03-11,Red,622.5,265.0,1100.0,925.0
Maharashtra,Satara APMC,Onion,2026-03-11,Other,36.4,700.0,1400.0,1000.0
Maharashtra,Shirpur APMC,Onion,2026-03-11,Red,18.1,250.0,1550.0,1150.0
Maharashtra,Shirpur APMC,Onion,2026-03-11,White,0.3,600.0,1400.0,1000.0
Maharashtra,Sinner APMC,Onion,2026-03-11,Red,222.3,400.0,1201.0,980.0
Maharashtra,Vadgaonpeth APMC,Onion,2026-03-11,Local,30.0,1000.0,2100.0,1600.0
Maharashtra,Vaduj APMC,Onion,2026-03-11,Local,5.0,500.0,1500.0,1000.0
Maharashtra,Yeola APMC,Onion,2026-03-11,Red,1968.6,200.0,1125.0,750.0
Maharashtra,AGRICULTURE PRODUCE MARKET COMITEE CHANDWAD,Onion,2026-03-12,Red,1460.7,200.0,1315.0,830.0
Maharashtra,APMC Yawal,Onion,2026-03-12,Red,99.7,750.0,1000.0,930.0
Maharashtra,Ahilyanagar APMC,Onion,2026-03-12,Red,3397.8,150.0,1400.0,750.0
Maharashtra,Akola APMC,Onion,2026-03-12,Other,38.7,500.0,1400.0,900.0
Maharashtra,Akole APMC,Onion,2026-03-12,Other,393.3,150.0,1425.0,1051.0
Maharashtra,Bhusaval APMC,Onion,2026-03-12,Red,4.3,500.0,1000.0,800.0
Maharashtra,Chandrapur(Ganjwad) APMC,Onion,2026-03-12,Other,36.0,1300.0,1600.0,1500.0
Maharashtra,Chattrapati Sambhajinagar APMC,Onion,2026-03-12,Other,731.0,500.0,1200.0,850.0
Maharashtra,Devala APMC,Onion,2026-03-12,Red,576.7,250.0,1240.0,925.0
Maharashtra,Dharashiv APMC,Onion,2026-03-12,Red,7.5,500.0,1200.0,850.0
Maharashtra,Dhule APMC,Onion,2026-03-12,Red,104.9,200.0,1010.0,950.0
Maharashtra,Islampur APMC,Onion,2026-03-12,Local,12.9,800.0,1300.0,1000.0
Maharashtra,Jalgaon APMC,Onion,2026-03-12,Red,117.5,425.0,1325.0,850.0
Maharashtra,Jamkhed APMC,Onion,2026-03-12,Local,147.7,100.0,1300.0,700.0
Maharashtra,Junnar(Narayangaon) APMC,Onion,2026-03-12,Other,2.2,200.0,1400.0,800.0
Maharashtra,Junnar(Otur) APMC,Onion,2026-03-12,Other,1076.0,800.0,1400.0,1200.0
Maharashtra,Kalvan APMC,Onion,2026-03-12,Other,300.0,900.0,1400.0,1050.0
Maharashtra,Kalvan APMC,Onion,2026-03-12,Red,440.0,400.0,1230.0,850.0
Maharashtra,Kalyan APMC,Onion,2026-03-12,1st Sort,0.3,1000.0,1400.0,1200.0
Maharashtra,Khed(Chakan) APMC,Onion,2026-03-12,Other,25.0,1000.0,1400.0,1200.0
Maharashtra,Kolhapur APMC,Onion,2026-03-12,Other,641.0,500.0,1500.0,1000.0
Maharashtra,Kopargaon APMC,Onion,2026-03-12,Other,20.0,400.0,1134.0,950.0
Maharashtra,Kopargaon APMC,Onion,2026-03-12,Red,312.0,400.0,1003.0,820.0
Maharashtra,Kurdwadi(Modnimb) APMC,Onion,2026-03-12,Red,36.3,150.0,1300.0,700.0
Maharashtra,Lasalgaon APMC,Onion,2026-03-12,Other,43.0,800.0,1301.0,1160.0
Maharashtra,Lasalgaon APMC,Onion,2026-03-12,Red,1674.6,400.0,1360.0,925.0
Maharashtra,Lasalgaon(Niphad) APMC,Onion,2026-03-12,Red,582.0,500.0,1131.0,900.0
Maharashtra,Lasalgaon(Vinchur) APMC,Onion,2026-03-12,Red,1531.2,400.0,1155.0,925.0
Maharashtra,Lasur Station APMC,Onion,2026-03-12,Other,620.0,125.0,1245.0,700.0
Maharashtra,"Malharshree Khajgi Krushi Utpann Bajar, Chandanpuri Tal Malegaon, Nashik",Onion,2026-03-12,Red,57.2,355.0,1087.0,905.0
Maharashtra,Malkapur APMC,Onion,2026-03-12,Local,100.6,700.0,1075.0,1050.0
Maharashtra,Mangal Wedha APMC,Onion,2026-03-12,Local,1.5,400.0,1520.0,1400.0
Maharashtra,Manmad APMC,Onion,2026-03-12,Red,1300.0,100.0,1052.0,700.0
Maharashtra,Mumbai-Onion & Potato Market APMC,Onion,2026-03-12,Other,1020.0,800.0,1400.0,1100.0
Maharashtra,Nagpur APMC,Onion,2026-03-12,Red,260.0,1000.0,1200.0,1150.0
Maharashtra,Nagpur APMC,Onion,2026-03-12,White,100.0,1200.0,1600.0,1525.0
Maharashtra,Nampur APMC,Onion,2026-03-12,Other,73.9,600.0,1200.0,900.0
Maharashtra,Nampur APMC,Onion,2026-03-12,Red,422.2,155.0,930.0,800.0
Maharashtra,Nandgaon APMC,Onion,2026-03-12,Other,45.1,399.0,1180.0,1050.0
Maharashtra,Nandgaon APMC,Onion,2026-03-12,Red,2252.0,200.0,1161.0,750.0
Maharashtra,Nasik APMC,Onion,2026-03-12,Pole,253.4,350.0,1375.0,800.0
Maharashtra,Pimpalgaon Baswant APMC,Onion,2026-03-12,Other,125.2,750.0,1466.0,1350.0
Maharashtra,Pimpalgaon Baswant APMC,Onion,2026-03-12,Pole,2171.4,300.0,1378.0,900.0
Maharashtra,Pimpalgaon Baswant(Saykheda) APMC,Onion,2026-03-12,Red,115.1,600.0,1111.0,925.0
Maharashtra,Pune(Manjri) APMC,Onion,2026-03-12,Local,7.0,700.0,1300.0,1000.0
Maharashtra,Pune(Moshi) APMC,Onion,2026-03-12,Local,106.8,400.0,1200.0,800.0
Maharashtra,Pune(Pimpri) APMC,Onion,2026-03-12,Local,0.6,1400.0,1600.0,1500.0
Maharashtra,Rahuri(Vambori) APMC,Onion,2026-03-12,Other,124.8,100.0,1400.0,900.0
Maharashtra,SHRI.SIDDHESHWAR  APMC,Onion,2026-03-12,Red,4107.5,100.0,1700.0,800.0
Maharashtra,Sangamner APMC,Onion,2026-03-12,Other,872.0,200.0,1551.0,876.0
Maharashtra,"Sangli(Phale, Bhajipala Market) APMC",Onion,2026-03-12,Local,415.9,500.0,1600.0,1050.0
Maharashtra,Satana APMC,Onion,2026-03-12,Other,206.0,300.0,1335.0,1100.0
Maharashtra,Satana APMC,Onion,2026-03-12,Red,736.0,250.0,1060.0,880.0
Maharashtra,Satara APMC,Onion,2026-03-12,Other,20.5,500.0,1500.0,1000.0
Maharashtra,Shevgaon APMC,Onion,2026-03-12,1st Sort,40.4,800.0,1200.0,1050.0
Maharashtra,Shevgaon APMC,Onion,2026-03-12,2nd Sort,44.4,500.0,700.0,600.0
Maharashtra,Shevgaon APMC,Onion,2026-03-12,Other,37.2,100.0,400.0,300.0
Maharashtra,Sinner APMC,Onion,2026-03-12,Red,202.8,500.0,1260.0,1000.0
Maharashtra,Vadgaonpeth APMC,Onion,2026-03-12,Local,28.0,1200.0,2500.0,1700.0
Maharashtra,Vaduj APMC,Onion,2026-03-12,Local,11.0,500.0,1500.0,1000.0
Maharashtra,Vai APMC,Onion,2026-03-12,Local,1.2,1000.0,1500.0,1300.0
Maharashtra,Vaijpur APMC,Onion,2026-03-12,Red,755.0,200.0,1265.0,900.0
Maharashtra,Yeola APMC,Onion,2026-03-12,Red,1242.6,150.0,1070.0,700.0
Maharashtra,AGRICULTURE PRODUCE MARKET COMITEE CHANDWAD,Onion,2026-03-13,Red,1668.5,100.0,1250.0,850.0
Maharashtra,Akluj APMC,Onion,2026-03-13,Other,32.6,300.0,1500.0,900.0
Maharashtra,Akola APMC,Onion,2026-03-13,Other,53.0,600.0,1400.0,900.0
Maharashtra,Amrawati(Frui & Veg. Market) APMC,Onion,2026-03-13,Red,43.8,600.0,2400.0,1500.0
Maharashtra,Bhusaval APMC,Onion,2026-03-13,Red,1.1,500.0,1000.0,800.0
Maharashtra,Chandrapur(Ganjwad) APMC,Onion,2026-03-13,Other,33.0,1300.0,1600.0,1500.0
Maharashtra,Devala APMC,Onion,2026-03-13,Red,644.8,300.0,1140.0,950.0
Maharashtra,Dharashiv APMC,Onion,2026-03-13,Red,4.0,400.0,1400.0,900.0
Maharashtra,Dhule APMC,Onion,2026-03-13,Red,53.8,250.0,1100.0,900.0
Maharashtra,HINGNA - APMC,Onion,2026-03-13,Red,1.2,1100.0,1100.0,1100.0
Maharashtra,Jalgaon APMC,Onion,2026-03-13,Red,66.5,350.0,1137.0,800.0
Maharashtra,Kalvan APMC,Onion,2026-03-13,Other,280.0,900.0,1375.0,1000.0
Maharashtra,Kalvan APMC,Onion,2026-03-13,Red,320.0,400.0,1195.0,801.0
Maharashtra,Kalyan APMC,Onion,2026-03-13,1st Sort,0.3,1000.0,1400.0,1200.0
Maharashtra,Kamthi APMC,Onion,2026-03-13,Local,2.8,2040.0,2540.0,2290.0
Maharashtra,Khed(Chakan) APMC,Onion,2026-03-13,Other,17.5,1000.0,1400.0,1200.0
Maharashtra,Kolhapur APMC,Onion,2026-03-13,Other,596.8,500.0,1500.0,1000.0
Maharashtra,Kopargaon APMC,Onion,2026-03-13,Other,38.0,551.0,1161.0,1000.0
Maharashtra,Kopargaon APMC,Onion,2026-03-13,Red,386.0,400.0,1051.0,800.0
Maharashtra,Lasalgaon APMC,Onion,2026-03-13,Other,79.4,601.0,1352.0,1200.0
Maharashtra,Lasalgaon APMC,Onion,2026-03-13,Red,1764.2,500.0,1311.0,950.0
Maharashtra,Lasalgaon(Niphad) APMC,Onion,2026-03-13,Red,514.0,500.0,1141.0,900.0
Maharashtra,Lasalgaon(Vinchur) APMC,Onion,2026-03-13,Red,1552.2,500.0,1246.0,950.0
Maharashtra,Mangal Wedha APMC,Onion,2026-03-13,Local,7.8,200.0,1400.0,1100.0
Maharashtra,Manmad APMC,Onion,2026-03-13,Red,1079.2,100.0,1171.0,500.0
Maharashtra,Mumbai-Onion & Potato Market APMC,Onion,2026-03-13,Other,1051.7,800.0,1300.0,1050.0
Maharashtra,Nampur APMC,Onion,2026-03-13,Other,26.1,350.0,1150.0,900.0
Maharashtra,Nampur APMC,Onion,2026-03-13,Red,580.3,160.0,1050.0,800.0
Maharashtra,Nasik APMC,Onion,2026-03-13,Pole,245.5,320.0,1350.0,755.0
Maharashtra,"Omchatinya Multi State Agro Purpose Co-Op Society, Dist Ahilyanagar",Onion,2026-03-13,Red,61.82,100.0,1400.0,800.0
Maharashtra,Paithan APMC,Onion,2026-03-13,Red,98.0,200.0,700.0,550.0
Maharashtra,Parner APMC,Onion,2026-03-13,Red,1162.1,200.0,1500.0,1000.0
Maharashtra,Pimpalgaon Baswant APMC,Onion,2026-03-13,Other,147.8,750.0,1571.0,1350.0
Maharashtra,Pimpalgaon Baswant APMC,Onion,2026-03-13,Pole,1982.9,300.0,1459.0,925.0
Maharashtra,Pimpalgaon Baswant(Saykheda) APMC,Onion,2026-03-13,Red,188.4,500.0,1061.0,900.0
Maharashtra,Pune APMC,Onion,2026-03-13,Local,1535.8,400.0,1400.0,900.0
Maharashtra,Pune(Manjri) APMC,Onion,2026-03-13,Local,7.0,900.0,1500.0,1100.0
Maharashtra,Pune(Moshi) APMC,Onion,2026-03-13,Local,65.5,400.0,1000.0,700.0
Maharashtra,Pune(Pimpri) APMC,Onion,2026-03-13,Local,0.7,1400.0,1600.0,1500.0
Maharashtra,Rahuri APMC,Onion,2026-03-13,Other,586.3,100.0,1400.0,750.0
Maharashtra,SHRI.SIDDHESHWAR  APMC,Onion,2026-03-13,Red,4246.2,100.0,1625.0,700.0
Maharashtra,Sangamner APMC,Onion,2026-03-13,Other,932.6,200.0,1451.0,826.0
Maharashtra,"Sangli(Phale, Bhajipala Market) APMC",Onion,2026-03-13,Local,602.5,500.0,1550.0,1025.0
Maharashtra,Sinner APMC,Onion,2026-03-13,Red,246.0,400.0,1202.0,1000.0
Maharashtra,Vadgaonpeth APMC,Onion,2026-03-13,Local,29.0,1100.0,2100.0,1400.0
Maharashtra,Vai APMC,Onion,2026-03-13,Local,1.0,500.0,1300.0,1000.0
Maharashtra,Vaijpur APMC,Onion,2026-03-13,Other,102.7,200.0,1110.0,900.0
Maharashtra,Vaijpur APMC,Onion,2026-03-13,Red,868.7,200.0,1210.0,800.0
Maharashtra,Yeola APMC,Onion,2026-03-13,Red,1259.5,175.0,1001.0,750.0
Maharashtra,AGRICULTURE PRODUCE MARKET COMITEE CHANDWAD,Onion,2026-03-14,Red,1646.5,155.0,1365.0,770.0
Maharashtra,Ahilyanagar APMC,Onion,2026-03-14,Red,3248.8,150.0,1450.0,800.0
Maharashtra,Akola APMC,Onion,2026-03-14,Other,46.5,600.0,1500.0,1000.0
Maharashtra,Amrawati(Frui & Veg. Market) APMC,Onion,2026-03-14,Red,44.8,700.0,2300.0,1500.0
Maharashtra,Bhusaval APMC,Onion,2026-03-14,Red,2.7,500.0,1000.0,800.0
Maharashtra,Chattrapati Sambhajinagar APMC,Onion,2026-03-14,Other,429.3,400.0,1200.0,800.0
Maharashtra,Dharashiv APMC,Onion,2026-03-14,Red,4.4,400.0,1100.0,750.0
Maharashtra,HINGNA - APMC,Onion,2026-03-14,Red,0.4,1800.0,2000.0,1867.0
Maharashtra,Jalgaon APMC,Onion,2026-03-14,Red,144.0,500.0,1175.0,837.0
Maharashtra,Junnar(Narayangaon) APMC,Onion,2026-03-14,Other,5.0,200.0,1500.0,900.0
Maharashtra,Karad APMC,Onion,2026-03-14,Other,19.8,500.0,1400.0,1400.0
Maharashtra,Kolhapur APMC,Onion,2026-03-14,Other,1015.3,500.0,1400.0,1000.0
Maharashtra,Kopargaon APMC,Onion,2026-03-14,Other,54.0,450.0,1184.0,900.0
Maharashtra,Kopargaon APMC,Onion,2026-03-14,Red,326.0,400.0,1064.0,800.0
Maharashtra,Lasalgaon APMC,Onion,2026-03-14,Other,53.8,655.0,1381.0,1200.0
Maharashtra,Lasalgaon APMC,Onion,2026-03-14,Red,906.4,400.0,1301.0,940.0
Maharashtra,Lasalgaon(Niphad) APMC,Onion,2026-03-14,Red,418.0,600.0,1299.0,1000.0
Maharashtra,Lasalgaon(Vinchur) APMC,Onion,2026-03-14,Red,832.9,400.0,1260.0,950.0
Maharashtra,Lasur Station APMC,Onion,2026-03-14,Other,650.0,190.0,1114.0,700.0
Maharashtra,Mangal Wedha APMC,Onion,2026-03-14,Local,1.7,300.0,1400.0,1200.0
Maharashtra,Manmad APMC,Onion,2026-03-14,Red,500.0,200.0,1150.0,750.0
Maharashtra,Nagpur APMC,Onion,2026-03-14,Red,220.0,1000.0,1400.0,1300.0
Maharashtra,Nagpur APMC,Onion,2026-03-14,White,200.0,1300.0,1500.0,1450.0
Maharashtra,Nasik APMC,Onion,2026-03-14,Pole,266.8,350.0,1500.0,850.0
Maharashtra,Newasa(Ghodegaon) APMC,Onion,2026-03-14,Red,433.6,300.0,1400.0,900.0
Maharashtra,Pimpalgaon Baswant APMC,Onion,2026-03-14,Other,143.0,700.0,1499.0,1350.0
Maharashtra,Pimpalgaon Baswant APMC,Onion,2026-03-14,Pole,1980.0,300.0,1400.0,875.0
Maharashtra,Pimpalgaon Baswant(Saykheda) APMC,Onion,2026-03-14,Red,216.9,615.0,1151.0,940.0
Maharashtra,Pune(Khadiki) APMC,Onion,2026-03-14,Local,1.8,700.0,1100.0,900.0
Maharashtra,Pune(Manjri) APMC,Onion,2026-03-14,Local,8.0,900.0,1500.0,1000.0
Maharashtra,Pune(Moshi) APMC,Onion,2026-03-14,Local,66.5,400.0,1000.0,700.0
Maharashtra,Pune(Pimpri) APMC,Onion,2026-03-14,Local,0.4,1600.0,1600.0,1600.0
Maharashtra,Rahuri(Vambori) APMC,Onion,2026-03-14,Other,77.4,100.0,1400.0,900.0
Maharashtra,SHRI.SIDDHESHWAR  APMC,Onion,2026-03-14,Red,9404.4,100.0,1550.0,600.0
Maharashtra,"Sangli(Phale, Bhajipala Market) APMC",Onion,2026-03-14,Local,825.5,500.0,1500.0,1000.0
Maharashtra,Satara APMC,Onion,2026-03-14,Other,33.2,500.0,1400.0,1000.0
Maharashtra,Shevgaon APMC,Onion,2026-03-14,1st Sort,53.0,1000.0,1400.0,1150.0
Maharashtra,Shevgaon APMC,Onion,2026-03-14,2nd Sort,53.0,600.0,900.0,750.0
Maharashtra,Shevgaon APMC,Onion,2026-03-14,Other,41.3,100.0,500.0,350.0
Maharashtra,Shirpur APMC,Onion,2026-03-14,Red,24.0,150.0,1475.0,1100.0
Maharashtra,"Shree Sairaj Krushi Market, Dist Ahilyanagar",Onion,2026-03-14,Local,63.04,200.0,1500.0,850.0
Maharashtra,Vadgaonpeth APMC,Onion,2026-03-14,Local,26.0,1200.0,2000.0,1400.0
Maharashtra,Vaduj APMC,Onion,2026-03-14,Local,8.0,500.0,1500.0,1000.0
Maharashtra,Yeola APMC,Onion,2026-03-14,Red,1200.0,181.0,1039.0,750.0
Maharashtra,Akluj APMC,Onion,2026-03-15,Red,52.9,200.0,1500.0,900.0
Maharashtra,Akole APMC,Onion,2026-03-15,Other,470.6,150.0,1501.0,1100.0
Maharashtra,Amrawati(Frui & Veg. Market) APMC,Onion,2026-03-15,Red,40.8,600.0,2400.0,1500.0
Maharashtra,Bhusaval APMC,Onion,2026-03-15,Red,10.2,500.0,1000.0,800.0
Maharashtra,Chattrapati Sambhajinagar APMC,Onion,2026-03-15,Other,614.3,500.0,1000.0,750.0
Maharashtra,Dharashiv APMC,Onion,2026-03-15,Red,12.8,200.0,1300.0,750.0
Maharashtra,Islampur APMC,Onion,2026-03-15,Local,31.4,500.0,1400.0,1000.0
Maharashtra,Junnar APMC,Onion,2026-03-15,Other,91.0,250.0,1400.0,900.0
Maharashtra,Junnar(Alephata) APMC,Onion,2026-03-15,Other,471.8,800.0,1450.0,1200.0
Maharashtra,Junnar(Narayangaon) APMC,Onion,2026-03-15,Other,3.2,200.0,1400.0,800.0
Maharashtra,Junnar(Otur) APMC,Onion,2026-03-15,Other,1112.8,500.0,1400.0,900.0
Maharashtra,Khed(Chakan) APMC,Onion,2026-03-15,Other,30.0,1000.0,1400.0,1200.0
Maharashtra,Manchar APMC,Onion,2026-03-15,Other,1655.4,1000.0,1510.0,1255.0
Maharashtra,Mangal Wedha APMC,Onion,2026-03-15,Local,0.7,250.0,1350.0,1010.0
Maharashtra,"Omchatinya Multi State Agro Purpose Co-Op Society, Dist Ahilyanagar",Onion,2026-03-15,Red,63.61,100.0,1400.0,850.0
Maharashtra,Parner APMC,Onion,2026-03-15,Red,1491.7,200.0,1500.0,975.0
Maharashtra,Pune APMC,Onion,2026-03-15,Local,2026.8,400.0,1300.0,850.0
Maharashtra,Pune(Khadiki) APMC,Onion,2026-03-15,Local,0.9,700.0,1100.0,900.0
Maharashtra,Pune(Manjri) APMC,Onion,2026-03-15,Local,7.0,800.0,1500.0,1000.0
Maharashtra,Pune(Moshi) APMC,Onion,2026-03-15,Local,100.9,400.0,1200.0,800.0
Maharashtra,Pune(Pimpri) APMC,Onion,2026-03-15,Local,2.0,1100.0,1600.0,1350.0
Maharashtra,Rahuri APMC,Onion,2026-03-15,Other,351.0,100.0,1335.0,715.0
Maharashtra,Satara APMC,Onion,2026-03-15,Other,12.0,500.0,1500.0,1000.0
Maharashtra,Shrigonda APMC,Onion,2026-03-15,Other,152.7,300.0,1300.0,1100.0
Maharashtra,Vaduj APMC,Onion,2026-03-15,Local,11.0,500.0,1500.0,1000.0
Maharashtra,Vai APMC,Onion,2026-03-15,Local,1.5,700.0,1500.0,1000.0
Maharashtra,AGRICULTURE PRODUCE MARKET COMITEE CHANDWAD,Onion,2026-03-16,Red,1291.5,155.0,1360.0,830.0
Maharashtra,Ahilyanagar APMC,Onion,2026-03-16,Red,4114.0,150.0,1300.0,700.0
Maharashtra,Akola APMC,Onion,2026-03-16,Other,68.5,500.0,1300.0,900.0
Maharashtra,Amrawati(Frui & Veg. Market) APMC,Onion,2026-03-16,Red,46.6,700.0,2400.0,1550.0
Maharashtra,Chandrapur(Ganjwad) APMC,Onion,2026-03-16,Other,45.0,1300.0,1500.0,1400.0
Maharashtra,Chattrapati Sambhajinagar APMC,Onion,2026-03-16,Other,339.0,500.0,1200.0,850.0
Maharashtra,Devala APMC,Onion,2026-03-16,Other,30.0,300.0,1200.0,950.0
Maharashtra,Devala APMC,Onion,2026-03-16,Red,709.6,350.0,985.0,850.0
Maharashtra,Gevrai APMC,Onion,2026-03-16,Red,73.0,500.0,1200.0,950.0
Maharashtra,HINGNA - APMC,Onion,2026-03-16,Red,2.2,1100.0,2000.0,1514.0
Maharashtra,Indapur APMC,Onion,2026-03-16,Red,134.7,200.0,1400.0,700.0
Maharashtra,Jalgaon APMC,Onion,2026-03-16,Red,112.4,375.0,1177.0,777.0
Maharashtra,Junnar(Narayangaon) APMC,Onion,2026-03-16,Other,2.4,350.0,1500.0,900.0
Maharashtra,Kalvan APMC,Onion,2026-03-16,Other,520.0,700.0,1340.0,950.0
Maharashtra,Kalvan APMC,Onion,2026-03-16,Red,350.0,300.0,1175.0,750.0
Maharashtra,Kalyan APMC,Onion,2026-03-16,1st Sort,0.3,900.0,1400.0,1150.0
Maharashtra,Karad APMC,Onion,2026-03-16,Other,9.9,500.0,1300.0,1300.0
Maharashtra,Kolhapur APMC,Onion,2026-03-16,Other,937.0,500.0,1500.0,1000.0
Maharashtra,Kopargaon APMC,Onion,2026-03-16,Other,40.0,550.0,1100.0,901.0
Maharashtra,Kopargaon APMC,Onion,2026-03-16,Red,284.0,400.0,1015.0,825.0
Maharashtra,Kurdwadi(Modnimb) APMC,Onion,2026-03-16,Red,73.0,50.0,1200.0,700.0
Maharashtra,Lasalgaon(Niphad) APMC,Onion,2026-03-16,Red,390.0,600.0,1151.0,950.0
Maharashtra,Lasalgaon(Vinchur) APMC,Onion,2026-03-16,Red,1358.0,400.0,1216.0,950.0
Maharashtra,Lasur Station APMC,Onion,2026-03-16,Other,628.0,150.0,1150.0,700.0
Maharashtra,Lonand APMC,Onion,2026-03-16,Other,750.0,450.0,1100.0,900.0
Maharashtra,Mangal Wedha APMC,Onion,2026-03-16,Local,24.5,200.0,1400.0,1100.0
Maharashtra,Manmad APMC,Onion,2026-03-16,Red,1282.7,100.0,1060.0,800.0
Maharashtra,Mumbai-Onion & Potato Market APMC,Onion,2026-03-16,Other,1446.4,800.0,1400.0,1100.0
Maharashtra,Nagpur APMC,Onion,2026-03-16,Red,280.0,1200.0,1400.0,1300.0
Maharashtra,Nagpur APMC,Onion,2026-03-16,White,200.0,1200.0,1600.0,1500.0
Maharashtra,Nampur APMC,Onion,2026-03-16,Other,82.3,300.0,1260.0,900.0
Maharashtra,Nampur APMC,Onion,2026-03-16,Red,620.2,120.0,955.0,800.0
Maharashtra,Nandgaon APMC,Onion,2026-03-16,Other,120.6,211.0,1201.0,1050.0
Maharashtra,Nandgaon APMC,Onion,2026-03-16,Red,2735.2,213.0,970.0,650.0
Maharashtra,Nasik APMC,Onion,2026-03-16,Pole,285.8,300.0,1300.0,850.0
Maharashtra,Newasa(Ghodegaon) APMC,Onion,2026-03-16,Red,749.0,300.0,1300.0,800.0
Maharashtra,Paranda APMC,Onion,2026-03-16,Other,1546.8,100.0,1150.0,600.0
Maharashtra,Pathardi APMC,Onion,2026-03-16,Red,115.0,100.0,1250.0,750.0
Maharashtra,Pimpalgaon Baswant APMC,Onion,2026-03-16,Other,370.1,700.0,1630.0,1375.0
Maharashtra,Pimpalgaon Baswant APMC,Onion,2026-03-16,Pole,1932.3,300.0,1367.0,850.0
Maharashtra,Pimpalgaon Baswant(Saykheda) APMC,Onion,2026-03-16,Red,139.3,500.0,1153.0,900.0
Maharashtra,Pune APMC,Onion,2026-03-16,Local,1519.8,400.0,1300.0,850.0
Maharashtra,Pune(Khadiki) APMC,Onion,2026-03-16,Local,1.9,700.0,1100.0,900.0
Maharashtra,Pune(Manjri) APMC,Onion,2026-03-16,Local,7.5,700.0,1500.0,1100.0
Maharashtra,Pune(Moshi) APMC,Onion,2026-03-16,Local,66.5,400.0,1200.0,800.0
Maharashtra,Pune(Pimpri) APMC,Onion,2026-03-16,Local,0.8,1100.0,1600.0,1350.0
Maharashtra,Rahuri(Vambori) APMC,Onion,2026-03-16,Other,66.5,100.0,1400.0,900.0
Maharashtra,SHRI.SIDDHESHWAR  APMC,Onion,2026-03-16,Red,4874.8,100.0,1525.0,600.0
Maharashtra,Sangamner APMC,Onion,2026-03-16,Other,987.6,151.0,1351.0,751.0
Maharashtra,"Sangli(Phale, Bhajipala Market) APMC",Onion,2026-03-16,Local,786.1,500.0,1400.0,950.0
Maharashtra,Satana APMC,Onion,2026-03-16,Other,225.0,320.0,1260.0,1030.0
Maharashtra,Satana APMC,Onion,2026-03-16,Red,675.0,190.0,1060.0,850.0
Maharashtra,Satara APMC,Onion,2026-03-16,Other,20.5,500.0,1500.0,1000.0
Maharashtra,Shevgaon APMC,Onion,2026-03-16,1st Sort,31.2,900.0,1200.0,1050.0
Maharashtra,Shevgaon APMC,Onion,2026-03-16,2nd Sort,59.0,600.0,800.0,700.0
Maharashtra,Shevgaon APMC,Onion,2026-03-16,Other,21.1,100.0,500.0,350.0
Maharashtra,"Shri Rameshwar Krushi Market, M.Nagar, Tal Deola, Dist Nashik",Onion,2026-03-16,Other,148.68,360.0,1311.0,982.68
Maharashtra,Sinner APMC,Onion,2026-03-16,Red,275.8,400.0,1185.0,1030.0
Maharashtra,Vaduj APMC,Onion,2026-03-16,Local,11.0,500.0,1500.0,1000.0
Maharashtra,Vaijpur APMC,Onion,2026-03-16,Red,842.5,200.0,1270.0,808.0
Maharashtra,Yeola APMC,Onion,2026-03-16,Red,1429.4,200.0,1041.0,725.0
Maharashtra,AGRICULTURE PRODUCE MARKET COMITEE CHANDWAD,Onion,2026-03-17,Other,49.5,795.0,1325.0,1180.0
Maharashtra,AGRICULTURE PRODUCE MARKET COMITEE CHANDWAD,Onion,2026-03-17,Red,1385.0,100.0,1350.0,780.0
Maharashtra,Akola APMC,Onion,2026-03-17,Other,63.0,500.0,1300.0,900.0
Maharashtra,Akole APMC,Onion,2026-03-17,Other,362.4,151.0,1501.0,1100.0
Maharashtra,Chandrapur(Ganjwad) APMC,Onion,2026-03-17,Other,56.0,1300.0,1600.0,1500.0
Maharashtra,Chattrapati Sambhajinagar APMC,Onion,2026-03-17,Other,417.2,400.0,1000.0,700.0
Maharashtra,Devala APMC,Onion,2026-03-17,Other,30.0,250.0,1135.0,950.0
Maharashtra,Devala APMC,Onion,2026-03-17,Red,575.9,300.0,970.0,800.0
Maharashtra,Dharashiv APMC,Onion,2026-03-17,Red,4.6,400.0,1250.0,825.0
Maharashtra,HINGNA - APMC,Onion,2026-03-17,Red,0.2,1800.0,1800.0,1800.0
Maharashtra,HINGNA - APMC,Onion,2026-03-17,White,0.2,1000.0,1000.0,1000.0
Maharashtra,Islampur APMC,Onion,2026-03-17,Local,22.6,500.0,1400.0,950.0
Maharashtra,Jalgaon APMC,Onion,2026-03-17,Red,173.4,312.0,1062.0,687.0
Maharashtra,Jamkhed APMC,Onion,2026-03-17,Local,369.2,100.0,1300.0,700.0
Maharashtra,Junnar(Alephata) APMC,Onion,2026-03-17,Other,488.7,1000.0,1350.0,1100.0
Maharashtra,Kalvan APMC,Onion,2026-03-17,Other,615.0,700.0,1360.0,1000.0
Maharashtra,Kalvan APMC,Onion,2026-03-17,Red,375.0,300.0,1125.0,801.0
Maharashtra,Kalyan APMC,Onion,2026-03-17,1st Sort,0.3,900.0,1400.0,1000.0
Maharashtra,Khed(Chakan) APMC,Onion,2026-03-17,Other,30.0,1000.0,1400.0,1200.0
Maharashtra,Kolhapur APMC,Onion,2026-03-17,Other,664.4,500.0,1300.0,900.0
Maharashtra,Kopargaon APMC,Onion,2026-03-17,Other,64.0,414.0,1061.0,950.0
Maharashtra,Kopargaon APMC,Onion,2026-03-17,Red,286.0,345.0,1022.0,775.0
Maharashtra,Lasalgaon APMC,Onion,2026-03-17,Other,165.8,651.0,1417.0,1275.0
Maharashtra,Lasalgaon APMC,Onion,2026-03-17,Red,1491.8,400.0,1251.0,900.0
Maharashtra,Lasalgaon(Niphad) APMC,Onion,2026-03-17,Red,406.0,500.0,1191.0,900.0
Maharashtra,Lasalgaon(Vinchur) APMC,Onion,2026-03-17,Red,1300.2,400.0,1252.0,900.0
Maharashtra,Lasur Station APMC,Onion,2026-03-17,Other,449.0,200.0,1072.0,750.0
Maharashtra,Malkapur APMC,Onion,2026-03-17,Local,251.5,550.0,1100.0,800.0
Maharashtra,Manchar APMC,Onion,2026-03-17,Other,1233.1,900.0,1350.0,1125.0
Maharashtra,Manmad APMC,Onion,2026-03-17,Red,409.0,100.0,975.0,700.0
Maharashtra,Mumbai-Onion & Potato Market APMC,Onion,2026-03-17,Other,1030.8,800.0,1400.0,1100.0
Maharashtra,Nagpur APMC,Onion,2026-03-17,Red,332.0,800.0,1200.0,1100.0
Maharashtra,Nagpur APMC,Onion,2026-03-17,White,200.0,1000.0,1200.0,1150.0
Maharashtra,Nandgaon APMC,Onion,2026-03-17,Other,123.0,300.0,1140.0,950.0
Maharashtra,Nandgaon APMC,Onion,2026-03-17,Red,2410.3,100.0,980.0,650.0
Maharashtra,Nasik APMC,Onion,2026-03-17,Pole,274.5,350.0,1351.0,820.0
Maharashtra,"Omchatinya Multi State Agro Purpose Co-Op Society, Dist Ahilyanagar",Onion,2026-03-17,Red,72.26,100.0,1300.0,850.0
Maharashtra,Paranda APMC,Onion,2026-03-17,Red,1535.8,100.0,1000.0,600.0
Maharashtra,Phaltan APMC,Onion,2026-03-17,Hybrid,202.1,300.0,1351.0,800.0
Maharashtra,Pimpalgaon Baswant APMC,Onion,2026-03-17,Other,504.2,700.0,1451.0,1350.0
Maharashtra,Pimpalgaon Baswant APMC,Onion,2026-03-17,Pole,1798.6,300.0,1300.0,850.0
Maharashtra,Pimpalgaon Baswant(Saykheda) APMC,Onion,2026-03-17,Red,127.0,660.0,1012.0,850.0
Maharashtra,Pune APMC,Onion,2026-03-17,Local,1231.6,400.0,1200.0,800.0
Maharashtra,Pune(Khadiki) APMC,Onion,2026-03-17,Local,1.7,700.0,1300.0,1000.0
Maharashtra,Pune(Moshi) APMC,Onion,2026-03-17,Local,68.5,400.0,1200.0,800.0
Maharashtra,Pune(Pimpri) APMC,Onion,2026-03-17,Local,0.4,1600.0,1600.0,1600.0
Maharashtra,Rahuri APMC,Onion,2026-03-17,Other,604.9,100.0,1315.0,705.0
Maharashtra,Ramtek APMC,Onion,2026-03-17,Other,1.2,1000.0,1500.0,1300.0
Maharashtra,SHRI.SIDDHESHWAR  APMC,Onion,2026-03-17,Red,3884.7,100.0,1550.0,600.0
Maharashtra,Sangamner APMC,Onion,2026-03-17,Other,794.9,151.0,1351.0,751.0
Maharashtra,"Sangli(Phale, Bhajipala Market) APMC",Onion,2026-03-17,Local,555.3,500.0,1400.0,950.0
Maharashtra,Satana APMC,Onion,2026-03-17,Other,261.0,400.0,1345.0,1100.0
Maharashtra,Satana APMC,Onion,2026-03-17,Red,740.0,155.0,1070.0,860.0
Maharashtra,Satara APMC,Onion,2026-03-17,Other,15.8,500.0,1500.0,1000.0
Maharashtra,Sinner APMC,Onion,2026-03-17,Red,222.9,400.0,1201.0,1030.0
Maharashtra,Vadgaonpeth APMC,Onion,2026-03-17,Local,27.0,1100.0,2100.0,1600.0
Maharashtra,Vaduj APMC,Onion,2026-03-17,Local,9.0,500.0,1400.0,900.0
Maharashtra,Vaijpur APMC,Onion,2026-03-17,Other,95.5,400.0,1211.0,900.0
Maharashtra,Vaijpur APMC,Onion,2026-03-17,Red,684.4,200.0,1100.0,850.0
Maharashtra,AGRICULTURE PRODUCE MARKET COMITEE CHANDWAD,Onion,2026-03-18,Red,1406.5,155.0,1385.0,860.0
Maharashtra,Akluj APMC,Onion,2026-03-18,Other,55.0,200.0,1200.0,800.0
Maharashtra,Akola APMC,Onion,2026-03-18,Other,71.5,600.0,1300.0,900.0
Maharashtra,Amrawati(Frui & Veg. Market) APMC,Onion,2026-03-18,Red,45.8,700.0,2500.0,1600.0
Maharashtra,Bhusaval APMC,Onion,2026-03-18,Red,5.7,500.0,1000.0,800.0
Maharashtra,Chattrapati Sambhajinagar APMC,Onion,2026-03-18,Other,541.0,600.0,1200.0,900.0
Maharashtra,Devala APMC,Onion,2026-03-18,Other,20.0,300.0,1050.0,950.0
Maharashtra,Devala APMC,Onion,2026-03-18,Red,530.0,200.0,995.0,850.0
Maharashtra,Dharashiv APMC,Onion,2026-03-18,Red,8.9,200.0,1200.0,700.0
Maharashtra,Gevrai APMC,Onion,2026-03-18,Red,26.0,500.0,1400.0,1050.0
Maharashtra,HINGNA - APMC,Onion,2026-03-18,Red,0.5,1200.0,1600.0,1400.0
Maharashtra,HINGNA - APMC,Onion,2026-03-18,White,0.2,1000.0,1000.0,1000.0
Maharashtra,Jalgaon APMC,Onion,2026-03-18,Red,129.7,337.0,1200.0,752.0
Maharashtra,Junnar(Narayangaon) APMC,Onion,2026-03-18,Other,6.8,200.0,1400.0,800.0
Maharashtra,Kalyan APMC,Onion,2026-03-18,1st Sort,0.3,900.0,1400.0,1150.0
Maharashtra,Karad APMC,Onion,2026-03-18,Other,9.9,500.0,1300.0,1300.0
Maharashtra,Khed(Chakan) APMC,Onion,2026-03-18,Other,850.0,1000.0,1400.0,1200.0
Maharashtra,Kolhapur APMC,Onion,2026-03-18,Other,788.0,500.0,1300.0,800.0
Maharashtra,Kopargaon APMC,Onion,2026-03-18,Other,48.0,675.0,1146.0,975.0
Maharashtra,Kopargaon APMC,Onion,2026-03-18,Red,420.0,350.0,1001.0,770.0
Maharashtra,Lasalgaon APMC,Onion,2026-03-18,Other,263.4,801.0,1421.0,1320.0
Maharashtra,Lasalgaon APMC,Onion,2026-03-18,Red,1449.8,400.0,1200.0,900.0
Maharashtra,Lasalgaon(Niphad) APMC,Onion,2026-03-18,Other,4.0,870.0,1220.0,1000.0
Maharashtra,Lasalgaon(Niphad) APMC,Onion,2026-03-18,Red,436.0,500.0,1181.0,900.0
Maharashtra,Lasalgaon(Vinchur) APMC,Onion,2026-03-18,Red,1279.2,300.0,1220.0,900.0
Maharashtra,Mangal Wedha APMC,Onion,2026-03-18,Local,24.6,300.0,1250.0,1100.0
Maharashtra,Manmad APMC,Onion,2026-03-18,Red,400.0,200.0,900.0,700.0
Maharashtra,Mumbai-Onion & Potato Market APMC,Onion,2026-03-18,Other,1452.2,700.0,1300.0,1000.0
Maharashtra,Nagpur APMC,Onion,2026-03-18,Red,276.0,500.0,1200.0,1025.0
Maharashtra,Nagpur APMC,Onion,2026-03-18,White,200.0,1100.0,1300.0,1250.0
Maharashtra,Nasik APMC,Onion,2026-03-18,Pole,301.0,300.0,1300.0,800.0
Maharashtra,Newasa(Ghodegaon) APMC,Onion,2026-03-18,Red,663.1,300.0,1300.0,900.0
Maharashtra,Paranda APMC,Onion,2026-03-18,Other,367.5,100.0,1000.0,600.0
Maharashtra,Parner APMC,Onion,2026-03-18,Red,1635.9,200.0,1400.0,875.0
Maharashtra,Pathardi APMC,Onion,2026-03-18,Red,85.0,100.0,1250.0,750.0
Maharashtra,Pimpalgaon Baswant APMC,Onion,2026-03-18,Other,373.3,700.0,1551.0,1325.0
Maharashtra,Pimpalgaon Baswant APMC,Onion,2026-03-18,Pole,1813.9,300.0,1391.0,850.0
Maharashtra,Pimpalgaon Baswant(Saykheda) APMC,Onion,2026-03-18,Other,27.1,400.0,1103.0,980.0
Maharashtra,Pimpalgaon Baswant(Saykheda) APMC,Onion,2026-03-18,Red,92.0,500.0,1100.0,800.0
Maharashtra,Pune APMC,Onion,2026-03-18,Local,1107.1,400.0,1200.0,800.0
Maharashtra,Pune(Khadiki) APMC,Onion,2026-03-18,Local,1.1,700.0,1300.0,900.0
Maharashtra,Pune(Manjri) APMC,Onion,2026-03-18,Local,8.4,700.0,1300.0,1100.0
Maharashtra,Pune(Pimpri) APMC,Onion,2026-03-18,Local,0.7,1300.0,1600.0,1450.0
Maharashtra,Ramtek APMC,Onion,2026-03-18,Other,1.0,1000.0,1500.0,1300.0
Maharashtra,SHRI.SIDDHESHWAR  APMC,Onion,2026-03-18,Red,3353.9,100.0,1450.0,600.0
Maharashtra,Sakri APMC,Onion,2026-03-18,Other,114.0,700.0,900.0,850.0
Maharashtra,Sangamner APMC,Onion,2026-03-18,Other,718.6,151.0,1351.0,751.0
Maharashtra,"Sangli(Phale, Bhajipala Market) APMC",Onion,2026-03-18,Local,556.8,450.0,1400.0,925.0
Maharashtra,Satana APMC,Onion,2026-03-18,Other,281.0,285.0,1345.0,1130.0
Maharashtra,Satana APMC,Onion,2026-03-18,Red,702.5,160.0,1070.0,835.0
Maharashtra,Satara APMC,Onion,2026-03-18,Other,19.6,500.0,1400.0,1000.0
Maharashtra,Shirpur APMC,Onion,2026-03-18,Red,46.0,101.0,1300.0,1000.0
Maharashtra,Sinner APMC,Onion,2026-03-18,Red,271.0,400.0,1152.0,1000.0
Maharashtra,Vadgaonpeth APMC,Onion,2026-03-18,Local,28.0,1000.0,2100.0,1600.0
Maharashtra,Vaduj APMC,Onion,2026-03-18,Local,9.0,500.0,1450.0,950.0
Maharashtra,Yeola APMC,Onion,2026-03-18,Red,1800.0,150.0,1000.0,700.0
Maharashtra,Ahilyanagar APMC,Onion,2026-03-19,Red,3309.2,150.0,1200.0,650.0
Maharashtra,Akole APMC,Onion,2026-03-19,Other,451.1,151.0,1401.0,1025.0
Maharashtra,Bhusaval APMC,Onion,2026-03-19,Red,5.5,600.0,1000.0,800.0
Maharashtra,Chattrapati Sambhajinagar APMC,Onion,2026-03-19,Other,573.4,500.0,1200.0,900.0
Maharashtra,Dharashiv APMC,Onion,2026-03-19,Red,2.2,300.0,1200.0,750.0
Maharashtra,Islampur APMC,Onion,2026-03-19,Local,11.5,900.0,1400.0,1100.0
Maharashtra,Jamkhed APMC,Onion,2026-03-19,Local,161.8,100.0,1400.0,750.0
Maharashtra,Junnar APMC,Onion,2026-03-19,Other,81.0,250.0,1400.0,1000.0
Maharashtra,Junnar(Otur) APMC,Onion,2026-03-19,Other,1051.5,700.0,1400.0,1100.0
Maharashtra,Kalyan APMC,Onion,2026-03-19,1st Sort,0.3,1000.0,1600.0,1300.0
Maharashtra,Karjat APMC,Onion,2026-03-19,Local,31.8,300.0,1100.0,800.0
Maharashtra,Kolhapur APMC,Onion,2026-03-19,Other,368.0,500.0,1400.0,800.0
Maharashtra,Kurdwadi(Modnimb) APMC,Onion,2026-03-19,Red,65.7,125.0,1100.0,850.0
Maharashtra,Lasalgaon APMC,Onion,2026-03-19,Other,183.8,801.0,1411.0,1270.0
Maharashtra,Lasalgaon APMC,Onion,2026-03-19,Red,684.0,301.0,1153.0,900.0
Maharashtra,Lasalgaon(Niphad) APMC,Onion,2026-03-19,Red,171.0,500.0,1000.0,850.0
Maharashtra,Lasalgaon(Vinchur) APMC,Onion,2026-03-19,Red,694.7,400.0,1056.0,900.0
Maharashtra,Lonand APMC,Onion,2026-03-19,Other,305.0,400.0,1120.0,900.0
Maharashtra,Mangal Wedha APMC,Onion,2026-03-19,Local,1.3,800.0,1150.0,1000.0
Maharashtra,Manmad APMC,Onion,2026-03-19,Red,594.1,100.0,1000.0,750.0
Maharashtra,Paranda APMC,Onion,2026-03-19,Other,287.1,100.0,1000.0,600.0
Maharashtra,Pimpalgaon Baswant APMC,Onion,2026-03-19,Other,438.0,700.0,1551.0,1300.0
Maharashtra,Pimpalgaon Baswant APMC,Onion,2026-03-19,Pole,790.0,300.0,1300.0,825.0
Maharashtra,Pimpalgaon Baswant(Saykheda) APMC,Onion,2026-03-19,Other,25.4,500.0,1151.0,901.0
Maharashtra,Pimpalgaon Baswant(Saykheda) APMC,Onion,2026-03-19,Red,23.8,400.0,925.0,780.0
Maharashtra,Pune APMC,Onion,2026-03-19,Local,855.2,400.0,1300.0,850.0
Maharashtra,Pune(Khadiki) APMC,Onion,2026-03-19,Local,0.8,700.0,1100.0,900.0
Maharashtra,Pune(Manjri) APMC,Onion,2026-03-19,Local,4.9,700.0,1300.0,1000.0
Maharashtra,Pune(Moshi) APMC,Onion,2026-03-19,Local,68.0,400.0,1200.0,800.0
Maharashtra,Pune(Pimpri) APMC,Onion,2026-03-19,Local,0.8,1400.0,1600.0,1500.0
Maharashtra,Rahuri(Vambori) APMC,Onion,2026-03-19,Other,107.4,100.0,1300.0,800.0
Maharashtra,Ramtek APMC,Onion,2026-03-19,Other,3.5,1100.0,1500.0,1300.0
Maharashtra,Sangamner APMC,Onion,2026-03-19,Other,715.3,151.0,1400.0,775.0
Maharashtra,"Sangli(Phale, Bhajipala Market) APMC",Onion,2026-03-19,Local,248.9,500.0,1500.0,1000.0
Maharashtra,Satara APMC,Onion,2026-03-19,Other,24.2,500.0,1500.0,1000.0
Maharashtra,Shevgaon APMC,Onion,2026-03-19,1st Sort,52.0,800.0,1100.0,900.0
Maharashtra,Shevgaon APMC,Onion,2026-03-19,2nd Sort,52.0,500.0,700.0,650.0
Maharashtra,Shevgaon APMC,Onion,2026-03-19,Other,31.6,100.0,400.0,300.0
Maharashtra,Vadgaonpeth APMC,Onion,2026-03-19,Local,27.0,1000.0,2200.0,1400.0
Maharashtra,Vai APMC,Onion,2026-03-19,Local,2.2,500.0,1300.0,800.0
Maharashtra,AGRICULTURE PRODUCE MARKET COMITEE CHANDWAD,Onion,2026-03-20,Other,100.0,640.0,1450.0,1180.0
Maharashtra,AGRICULTURE PRODUCE MARKET COMITEE CHANDWAD,Onion,2026-03-20,Red,1700.0,380.0,1340.0,860.0
Maharashtra,Akluj APMC,Onion,2026-03-20,Other,13.5,200.0,1200.0,900.0
Maharashtra,Akola APMC,Onion,2026-03-20,Other,64.5,500.0,1300.0,900.0
Maharashtra,Amrawati(Frui & Veg. Market) APMC,Onion,2026-03-20,Red,44.9,500.0,1800.0,1150.0
Maharashtra,Bhusaval APMC,Onion,2026-03-20,Red,806.6,500.0,1000.0,800.0
Maharashtra,Chandrapur(Ganjwad) APMC,Onion,2026-03-20,Other,37.0,1200.0,1400.0,1300.0
Maharashtra,Devala APMC,Onion,2026-03-20,Other,94.0,250.0,1190.0,950.0
Maharashtra,Devala APMC,Onion,2026-03-20,Red,320.0,300.0,1050.0,850.0
Maharashtra,Dharashiv APMC,Onion,2026-03-20,Red,6.5,200.0,1200.0,700.0
Maharashtra,Dhule APMC,Onion,2026-03-20,Red,164.8,500.0,920.0,700.0
Maharashtra,HINGNA - APMC,Onion,2026-03-20,Red,1.9,1000.0,1800.0,1400.0
Maharashtra,Jalgaon APMC,Onion,2026-03-20,Red,52.8,600.0,1262.0,975.0
Maharashtra,Junnar(Narayangaon) APMC,Onion,2026-03-20,Other,4.2,250.0,1400.0,800.0
Maharashtra,Kalvan APMC,Onion,2026-03-20,Other,600.0,800.0,1325.0,950.0
Maharashtra,Kalvan APMC,Onion,2026-03-20,Red,205.0,350.0,1105.0,750.0
Maharashtra,Kalyan APMC,Onion,2026-03-20,1st Sort,0.3,1200.0,1600.0,1400.0
Maharashtra,Karad APMC,Onion,2026-03-20,Other,19.8,500.0,1300.0,1300.0
Maharashtra,Kolhapur APMC,Onion,2026-03-20,Other,418.3,500.0,1400.0,900.0
Maharashtra,Kopargaon APMC,Onion,2026-03-20,Other,66.0,550.0,1061.0,980.0
Maharashtra,Kopargaon APMC,Onion,2026-03-20,Red,350.0,350.0,1060.0,800.0
Maharashtra,Lasalgaon APMC,Onion,2026-03-20,Other,362.2,555.0,1500.0,1250.0
Maharashtra,Lasalgaon APMC,Onion,2026-03-20,Red,1024.2,351.0,1126.0,890.0
Maharashtra,Lasalgaon(Niphad) APMC,Onion,2026-03-20,Red,177.0,500.0,1073.0,900.0
Maharashtra,Lasalgaon(Vinchur) APMC,Onion,2026-03-20,Red,1031.4,400.0,1056.0,875.0
Maharashtra,Mangal Wedha APMC,Onion,2026-03-20,Local,13.6,150.0,1200.0,1100.0
Maharashtra,Manmad APMC,Onion,2026-03-20,Red,400.0,200.0,883.0,725.0
Maharashtra,Mumbai-Onion & Potato Market APMC,Onion,2026-03-20,Other,2046.1,800.0,1400.0,1100.0
Maharashtra,Nasik APMC,Onion,2026-03-20,Pole,367.6,300.0,1251.0,750.0
Maharashtra,"Omchatinya Multi State Agro Purpose Co-Op Society, Dist Ahilyanagar",Onion,2026-03-20,Red,74.01,100.0,1200.0,800.0
Maharashtra,Parner APMC,Onion,2026-03-20,Red,769.3,200.0,1400.0,875.0
Maharashtra,Pimpalgaon Baswant APMC,Onion,2026-03-20,Other,480.0,700.0,1515.0,1275.0
Maharashtra,Pimpalgaon Baswant APMC,Onion,2026-03-20,Pole,1212.1,300.0,1342.0,850.0
Maharashtra,Pimpalgaon Baswant(Saykheda) APMC,Onion,2026-03-20,Other,31.1,470.0,1156.0,920.0
Maharashtra,Pimpalgaon Baswant(Saykheda) APMC,Onion,2026-03-20,Red,43.2,500.0,932.0,745.0
Maharashtra,Pune APMC,Onion,2026-03-20,Local,916.7,500.0,1300.0,900.0
Maharashtra,Pune(Khadiki) APMC,Onion,2026-03-20,Local,1.2,700.0,1100.0,900.0
Maharashtra,Pune(Manjri) APMC,Onion,2026-03-20,Local,5.2,800.0,1300.0,1000.0
Maharashtra,Pune(Moshi) APMC,Onion,2026-03-20,Local,56.2,400.0,1200.0,800.0
Maharashtra,Pune(Pimpri) APMC,Onion,2026-03-20,Local,1.1,1000.0,1600.0,1300.0
Maharashtra,Rahata APMC,Onion,2026-03-20,Other,85.1,400.0,1400.0,900.0
Maharashtra,Rahuri APMC,Onion,2026-03-20,Other,443.1,100.0,1205.0,650.0
Maharashtra,Sakri APMC,Onion,2026-03-20,Other,141.0,500.0,950.0,750.0
Maharashtra,Sangamner APMC,Onion,2026-03-20,Other,622.2,151.0,1401.0,775.0
Maharashtra,"Sangli(Phale, Bhajipala Market) APMC",Onion,2026-03-20,Local,370.1,500.0,1300.0,900.0
Maharashtra,Satana APMC,Onion,2026-03-20,Other,341.5,300.0,1325.0,1030.0
Maharashtra,Satana APMC,Onion,2026-03-20,Red,655.0,250.0,1055.0,805.0
Maharashtra,"Shri Rameshwar Krushi Market, M.Nagar, Tal Deola, Dist Nashik",Onion,2026-03-20,Other,126.93,355.0,1395.0,1186.22
Maharashtra,"Shri Rameshwar Krushi Market, M.Nagar, Tal Deola, Dist Nashik",Onion,2026-03-20,Red,2685.65,145.0,1400.0,537.91
Maharashtra,Sinner APMC,Onion,2026-03-20,Red,227.0,400.0,1181.0,975.0
Maharashtra,Vadgaonpeth APMC,Onion,2026-03-20,Local,26.0,1000.0,2000.0,1400.0
Maharashtra,Vai APMC,Onion,2026-03-20,Local,2.0,500.0,1300.0,900.0
Maharashtra,Vaijpur APMC,Onion,2026-03-20,Red,666.4,200.0,1026.0,800.0
Maharashtra,Yeola APMC,Onion,2026-03-20,Red,1800.0,200.0,976.0,700.0
Maharashtra,Bhusaval APMC,Onion,2026-03-21,Red,1.7,500.0,1000.0,800.0
Maharashtra,Junnar(Narayangaon) APMC,Onion,2026-03-21,Other,8.4,300.0,1410.0,850.0
Maharashtra,Lasalgaon(Niphad) APMC,Onion,2026-03-21,Red,163.5,500.0,1100.0,900.0
Maharashtra,Newasa(Ghodegaon) APMC,Onion,2026-03-21,Red,363.1,300.0,1300.0,900.0
Maharashtra,Pimpalgaon Baswant APMC,Onion,2026-03-21,Other,430.0,450.0,1535.0,1300.0
Maharashtra,Pimpalgaon Baswant APMC,Onion,2026-03-21,Pole,893.1,300.0,1127.0,800.0
Maharashtra,Pimpalgaon Baswant(Saykheda) APMC,Onion,2026-03-21,Other,15.2,526.0,1600.0,1101.0
Maharashtra,Pimpalgaon Baswant(Saykheda) APMC,Onion,2026-03-21,Red,38.7,401.0,955.0,821.0
Maharashtra,Pune(Khadiki) APMC,Onion,2026-03-21,Local,0.7,700.0,1000.0,850.0
Maharashtra,Pune(Manjri) APMC,Onion,2026-03-21,Local,7.1,700.0,1300.0,1000.0
Maharashtra,Pune(Moshi) APMC,Onion,2026-03-21,Local,61.8,400.0,1200.0,800.0
Maharashtra,Pune(Pimpri) APMC,Onion,2026-03-21,Local,0.8,1200.0,1600.0,1400.0
Maharashtra,Rahuri(Vambori) APMC,Onion,2026-03-21,Other,48.5,100.0,1300.0,800.0
Maharashtra,Ramtek APMC,Onion,2026-03-21,Other,0.8,1000.0,1200.0,1100.0
Maharashtra,Shevgaon APMC,Onion,2026-03-21,1st Sort,53.0,800.0,1200.0,1050.0
Maharashtra,Shevgaon APMC,Onion,2026-03-21,2nd Sort,41.6,400.0,700.0,550.0
Maharashtra,Shevgaon APMC,Onion,2026-03-21,Other,14.9,100.0,300.0,250.0
Maharashtra,Shirpur APMC,Onion,2026-03-21,Red,25.2,150.0,1300.0,950.0
Maharashtra,"Shree Sairaj Krushi Market, Dist Ahilyanagar",Onion,2026-03-21,Local,100.41,200.0,1300.0,800.0
Maharashtra,Vaduj APMC,Onion,2026-03-21,Local,7.0,500.0,1000.0,700.0
Maharashtra,Akluj APMC,Onion,2026-03-22,Other,45.3,250.0,1300.0,800.0
Maharashtra,Akole APMC,Onion,2026-03-22,Other,494.9,100.0,1311.0,951.0
Maharashtra,Amrawati(Frui & Veg. Market) APMC,Onion,2026-03-22,Red,36.9,500.0,1800.0,1150.0
Maharashtra,Bhusaval APMC,Onion,2026-03-22,Red,6.4,500.0,1000.0,800.0
Maharashtra,Chattrapati Sambhajinagar APMC,Onion,2026-03-22,Other,315.0,550.0,1300.0,925.0
Maharashtra,Junnar APMC,Onion,2026-03-22,Other,75.9,300.0,1400.0,1000.0
Maharashtra,Junnar(Alephata) APMC,Onion,2026-03-22,Other,269.6,600.0,1300.0,1000.0
Maharashtra,Junnar(Narayangaon) APMC,Onion,2026-03-22,Other,2.5,200.0,1300.0,750.0
Maharashtra,Junnar(Otur) APMC,Onion,2026-03-22,Other,687.4,700.0,1400.0,1100.0
Maharashtra,Kalyan APMC,Onion,2026-03-22,1st Sort,0.3,1000.0,1600.0,1300.0
Maharashtra,Karad APMC,Onion,2026-03-22,Other,24.9,1000.0,1400.0,1400.0
Maharashtra,Khed(Chakan) APMC,Onion,2026-03-22,Other,30.0,1000.0,1400.0,1200.0
Maharashtra,Mangal Wedha APMC,Onion,2026-03-22,Local,2.2,600.0,1100.0,1000.0
Maharashtra,Nagpur APMC,Onion,2026-03-22,Red,150.0,800.0,1200.0,1100.0
Maharashtra,Nagpur APMC,Onion,2026-03-22,White,150.0,1000.0,1200.0,1150.0
Maharashtra,"Omchatinya Multi State Agro Purpose Co-Op Society, Dist Ahilyanagar",Onion,2026-03-22,Red,68.61,100.0,1150.0,750.0
Maharashtra,Parner APMC,Onion,2026-03-22,Red,1062.9,200.0,1300.0,850.0
Maharashtra,Pathardi APMC,Onion,2026-03-22,Red,74.0,150.0,1300.0,700.0
Maharashtra,Pune APMC,Onion,2026-03-22,Local,1502.8,400.0,1200.0,800.0
Maharashtra,Pune(Khadiki) APMC,Onion,2026-03-22,Local,1.9,700.0,1100.0,900.0
Maharashtra,Pune(Manjri) APMC,Onion,2026-03-22,Local,7.9,800.0,1300.0,1000.0
Maharashtra,Pune(Moshi) APMC,Onion,2026-03-22,Local,93.2,400.0,1200.0,800.0
Maharashtra,Rahata APMC,Onion,2026-03-22,Other,133.4,400.0,1350.0,1000.0
Maharashtra,Rahuri APMC,Onion,2026-03-22,Other,302.3,100.0,1250.0,675.0
Maharashtra,Satara APMC,Onion,2026-03-22,Other,88.6,500.0,1500.0,1000.0
Maharashtra,Shrigonda APMC,Onion,2026-03-22,Other,82.3,300.0,1150.0,900.0
Maharashtra,Vadgaonpeth APMC,Onion,2026-03-22,Local,30.0,1000.0,2200.0,1500.0
Maharashtra,Vaduj APMC,Onion,2026-03-22,Local,5.0,500.0,1200.0,800.0
Maharashtra,Vai APMC,Onion,2026-03-22,Local,2.5,700.0,1400.0,900.0
Maharashtra,AGRICULTURE PRODUCE MARKET COMITEE CHANDWAD,Onion,2026-03-23,Other,202.8,400.0,1405.0,1180.0
Maharashtra,AGRICULTURE PRODUCE MARKET COMITEE CHANDWAD,Onion,2026-03-23,Red,1479.2,200.0,1240.0,800.0
Maharashtra,Ahilyanagar APMC,Onion,2026-03-23,Red,2211.1,150.0,1200.0,650.0
Maharashtra,Akola APMC,Onion,2026-03-23,Other,55.0,500.0,1200.0,800.0
Maharashtra,Amrawati(Frui & Veg. Market) APMC,Onion,2026-03-23,Red,31.8,700.0,1800.0,1250.0
Maharashtra,Chandrapur(Ganjwad) APMC,Onion,2026-03-23,Other,32.0,1200.0,1500.0,1400.0
Maharashtra,Chattrapati Sambhajinagar APMC,Onion,2026-03-23,Other,279.4,600.0,1000.0,800.0
Maharashtra,Devala APMC,Onion,2026-03-23,Other,455.9,350.0,1230.0,1050.0
Maharashtra,Devala APMC,Onion,2026-03-23,Red,210.0,300.0,990.0,800.0
Maharashtra,HINGNA - APMC,Onion,2026-03-23,Red,1.6,1200.0,1800.0,1572.0
Maharashtra,Jalgaon APMC,Onion,2026-03-23,Red,167.9,500.0,1250.0,875.0
Maharashtra,Kalvan APMC,Onion,2026-03-23,Other,1000.0,700.0,1501.0,951.0
Maharashtra,Kalvan APMC,Onion,2026-03-23,Red,220.0,350.0,1150.0,750.0
Maharashtra,Kalyan APMC,Onion,2026-03-23,1st Sort,0.3,1200.0,1300.0,1250.0
Maharashtra,Kalyan APMC,Onion,2026-03-23,2nd Sort,0.3,800.0,1000.0,900.0
Maharashtra,Karad APMC,Onion,2026-03-23,Other,12.3,500.0,1300.0,1300.0
Maharashtra,Kolhapur APMC,Onion,2026-03-23,Other,849.7,500.0,1300.0,1000.0
Maharashtra,Kopargaon APMC,Onion,2026-03-23,Other,42.0,500.0,1061.0,900.0
Maharashtra,Kopargaon APMC,Onion,2026-03-23,Red,350.0,350.0,1001.0,850.0
Maharashtra,Kurdwadi(Modnimb) APMC,Onion,2026-03-23,Red,35.0,150.0,1050.0,600.0
Maharashtra,Lasalgaon APMC,Onion,2026-03-23,Other,665.4,580.0,1400.0,1200.0
Maharashtra,Lasalgaon APMC,Onion,2026-03-23,Red,1494.0,400.0,1151.0,900.0
Maharashtra,Lasalgaon(Niphad) APMC,Onion,2026-03-23,Red,321.0,500.0,1102.0,880.0
Maharashtra,Lasalgaon(Vinchur) APMC,Onion,2026-03-23,Other,185.5,600.0,1300.0,1225.0
Maharashtra,Lasalgaon(Vinchur) APMC,Onion,2026-03-23,Red,1291.5,400.0,1020.0,875.0
Maharashtra,Lasur Station APMC,Onion,2026-03-23,Other,450.0,250.0,1240.0,750.0
Maharashtra,"Laxmi-Sopan Agriculture Produce Marketing Co Ltd, Barshi, Dist Solapur",Onion,2026-03-23,Other,725.5,400.0,1200.0,900.0
Maharashtra,Lonand APMC,Onion,2026-03-23,Other,350.0,450.0,1115.0,950.0
Maharashtra,Mangal Wedha APMC,Onion,2026-03-23,Local,33.5,100.0,1100.0,900.0
Maharashtra,Manmad APMC,Onion,2026-03-23,Red,1293.3,100.0,1013.0,700.0
Maharashtra,Nagpur APMC,Onion,2026-03-23,Red,248.0,800.0,1200.0,1100.0
Maharashtra,Nagpur APMC,Onion,2026-03-23,White,200.0,1000.0,1200.0,1150.0
Maharashtra,Nampur APMC,Onion,2026-03-23,Other,186.7,305.0,1135.0,950.0
Maharashtra,Nampur APMC,Onion,2026-03-23,Red,311.4,105.0,905.0,700.0
Maharashtra,Nandgaon APMC,Onion,2026-03-23,Other,317.5,300.0,1168.0,950.0
Maharashtra,Nandgaon APMC,Onion,2026-03-23,Red,902.8,200.0,950.0,650.0
Maharashtra,Nasik APMC,Onion,2026-03-23,Pole,459.6,350.0,1400.0,850.0
Maharashtra,Newasa(Ghodegaon) APMC,Onion,2026-03-23,Red,345.1,300.0,1200.0,800.0
Maharashtra,Paranda APMC,Onion,2026-03-23,Red,874.8,100.0,1000.0,600.0
Maharashtra,Pimpalgaon Baswant APMC,Onion,2026-03-23,Other,1067.9,300.0,1500.0,1300.0
Maharashtra,Pimpalgaon Baswant APMC,Onion,2026-03-23,Pole,1658.5,250.0,1160.0,850.0
Maharashtra,Pimpalgaon Baswant(Saykheda) APMC,Onion,2026-03-23,Other,45.5,726.0,1156.0,1071.0
Maharashtra,Pimpalgaon Baswant(Saykheda) APMC,Onion,2026-03-23,Red,61.9,490.0,1071.0,850.0
Maharashtra,Pune APMC,Onion,2026-03-23,Local,1182.4,500.0,1300.0,900.0
Maharashtra,Pune(Khadiki) APMC,Onion,2026-03-23,Local,1.2,700.0,1100.0,900.0
Maharashtra,Pune(Manjri) APMC,Onion,2026-03-23,Local,7.6,900.0,1300.0,1000.0
Maharashtra,Pune(Moshi) APMC,Onion,2026-03-23,Local,63.7,400.0,1000.0,700.0
Maharashtra,Pune(Pimpri) APMC,Onion,2026-03-23,Local,0.5,1200.0,1300.0,1250.0
Maharashtra,Rahuri(Vambori) APMC,Onion,2026-03-23,Other,108.4,100.0,1300.0,800.0
Maharashtra,SHRI.SIDDHESHWAR  APMC,Onion,2026-03-23,Red,2762.7,100.0,1700.0,700.0
Maharashtra,Sakri APMC,Onion,2026-03-23,Other,98.0,520.0,960.0,780.0
Maharashtra,Sangamner APMC,Onion,2026-03-23,Other,909.8,200.0,1351.0,776.0
Maharashtra,"Sangli(Phale, Bhajipala Market) APMC",Onion,2026-03-23,Local,539.5,500.0,1400.0,950.0
Maharashtra,Satana APMC,Onion,2026-03-23,Other,307.5,350.0,1290.0,1010.0
Maharashtra,Satana APMC,Onion,2026-03-23,Red,711.0,255.0,995.0,790.0
Maharashtra,Satara APMC,Onion,2026-03-23,Other,25.5,1000.0,1400.0,1200.0
Maharashtra,Shevgaon APMC,Onion,2026-03-23,1st Sort,51.4,900.0,1200.0,1050.0
Maharashtra,Shevgaon APMC,Onion,2026-03-23,2nd Sort,52.4,500.0,800.0,650.0
Maharashtra,Shevgaon APMC,Onion,2026-03-23,Other,29.8,100.0,400.0,250.0
Maharashtra,Shivsiddha Govind Producer Company Ltd Sanchalit Khajgi Krushi Utpann Bajar Samati-Abhona-Kalwan,Onion,2026-03-23,Other,807.82,500.0,1451.0,1000.0
Maharashtra,"Shri Rameshwar Krushi Market, M.Nagar, Tal Deola, Dist Nashik",Onion,2026-03-23,Other,494.3,100.0,1300.0,956.65
Maharashtra,"Shri Rameshwar Krushi Market, M.Nagar, Tal Deola, Dist Nashik",Onion,2026-03-23,Red,2395.71,111.0,1253.0,533.74
Maharashtra,Shrigonda APMC,Onion,2026-03-23,Other,29.6,200.0,1050.0,800.0
Maharashtra,Sinner APMC,Onion,2026-03-23,Red,208.6,400.0,1170.0,970.0
Maharashtra,Umrane APMC,Onion,2026-03-23,Red,4750.0,500.0,1310.0,1050.0
Maharashtra,Vaduj APMC,Onion,2026-03-23,Local,5.0,500.0,1200.0,800.0
Maharashtra,Vai APMC,Onion,2026-03-23,Local,15.0,700.0,1500.0,1000.0
Maharashtra,Vaijpur APMC,Onion,2026-03-23,Other,11.8,200.0,1125.0,750.0
Maharashtra,Vaijpur APMC,Onion,2026-03-23,Red,716.1,200.0,850.0,700.0
Maharashtra,Yeola APMC,Onion,2026-03-23,Red,1346.6,150.0,982.0,725.0
Maharashtra,AGRICULTURE PRODUCE MARKET COMITEE CHANDWAD,Onion,2026-03-24,Other,219.1,700.0,1310.0,1160.0
Maharashtra,AGRICULTURE PRODUCE MARKET COMITEE CHANDWAD,Onion,2026-03-24,Red,1272.2,100.0,1090.0,860.0
Maharashtra,Akola APMC,Onion,2026-03-24,Other,42.5,500.0,1200.0,800.0
Maharashtra,Akole APMC,Onion,2026-03-24,Other,274.1,100.0,1351.0,1001.0
Maharashtra,Amrawati(Frui & Veg. Market) APMC,Onion,2026-03-24,Red,34.8,500.0,1800.0,1150.0
Maharashtra,Bhusaval APMC,Onion,2026-03-24,Red,2.3,500.0,1000.0,800.0
Maharashtra,Chandrapur(Ganjwad) APMC,Onion,2026-03-24,Other,72.0,1200.0,1500.0,1300.0
Maharashtra,Chattrapati Sambhajinagar APMC,Onion,2026-03-24,Other,291.9,500.0,1200.0,850.0
Maharashtra,Devala APMC,Onion,2026-03-24,Other,406.7,350.0,1350.0,1100.0
Maharashtra,Devala APMC,Onion,2026-03-24,Red,170.0,300.0,955.0,800.0
Maharashtra,Dharashiv APMC,Onion,2026-03-24,Red,3.6,350.0,1175.0,760.0
Maharashtra,Dhule APMC,Onion,2026-03-24,Other,137.4,500.0,1110.0,850.0
Maharashtra,Dhule APMC,Onion,2026-03-24,Red,137.4,500.0,1110.0,850.0
Maharashtra,Dindori APMC,Onion,2026-03-24,Other,1.3,400.0,1200.0,900.0
Maharashtra,Dindori(Vani) APMC,Onion,2026-03-24,Red,1188.7,611.0,1271.0,975.0
Maharashtra,HINGNA - APMC,Onion,2026-03-24,Red,0.4,1500.0,1800.0,1650.0
Maharashtra,Islampur APMC,Onion,2026-03-24,Local,36.7,600.0,1400.0,1000.0
Maharashtra,Jalgaon APMC,Onion,2026-03-24,Red,92.9,350.0,1100.0,800.0
Maharashtra,Jamkhed APMC,Onion,2026-03-24,Local,254.7,100.0,1200.0,650.0
Maharashtra,Junnar(Alephata) APMC,Onion,2026-03-24,Other,358.6,700.0,1300.0,1000.0
Maharashtra,Kalvan APMC,Onion,2026-03-24,Other,680.0,750.0,1430.0,975.0
Maharashtra,Kalvan APMC,Onion,2026-03-24,Red,145.0,350.0,1205.0,751.0
Maharashtra,Kalyan APMC,Onion,2026-03-24,1st Sort,0.3,1200.0,1300.0,1250.0
Maharashtra,Kalyan APMC,Onion,2026-03-24,2nd Sort,0.3,800.0,1000.0,900.0
Maharashtra,Khed(Chakan) APMC,Onion,2026-03-24,Other,50.0,1000.0,1300.0,1200.0
Maharashtra,Kolhapur APMC,Onion,2026-03-24,Other,506.3,500.0,1300.0,1000.0
Maharashtra,Kopargaon APMC,Onion,2026-03-24,Other,88.0,500.0,1100.0,1000.0
Maharashtra,Kopargaon APMC,Onion,2026-03-24,Red,306.0,400.0,950.0,750.0
Maharashtra,Lasalgaon APMC,Onion,2026-03-24,Other,727.2,651.0,1393.0,1180.0
Maharashtra,Lasalgaon APMC,Onion,2026-03-24,Red,1263.4,300.0,1100.0,920.0
Maharashtra,Lasalgaon(Niphad) APMC,Onion,2026-03-24,Other,21.5,500.0,1057.0,951.0
Maharashtra,Lasalgaon(Niphad) APMC,Onion,2026-03-24,Red,250.0,600.0,1040.0,851.0
Maharashtra,Lasalgaon(Vinchur) APMC,Onion,2026-03-24,Other,288.7,600.0,1251.0,1175.0
Maharashtra,Lasalgaon(Vinchur) APMC,Onion,2026-03-24,Red,950.2,400.0,1015.0,900.0
Maharashtra,Lasur Station APMC,Onion,2026-03-24,Other,451.0,200.0,1123.0,725.0
Maharashtra,"Laxmi-Sopan Agriculture Produce Marketing Co Ltd, Barshi, Dist Solapur",Onion,2026-03-24,Other,512.5,400.0,1200.0,800.0
Maharashtra,"Malharshree Khajgi Krushi Utpann Bajar, Chandanpuri Tal Malegaon, Nashik",Onion,2026-03-24,Red,106.3,310.0,1051.0,790.0
Maharashtra,Malkapur APMC,Onion,2026-03-24,Local,302.4,300.0,855.0,500.0
Maharashtra,Manmad APMC,Onion,2026-03-24,Red,600.0,200.0,886.0,750.0
Maharashtra,Manmad APMC,Onion,2026-03-24,Red,1069.6,100.0,1006.0,700.0
Maharashtra,Mumbai-Onion & Potato Market APMC,Onion,2026-03-24,Other,2766.9,700.0,1400.0,1050.0
Maharashtra,Nagpur APMC,Onion,2026-03-24,Red,180.0,800.0,1200.0,1100.0
Maharashtra,Nagpur APMC,Onion,2026-03-24,White,100.0,1000.0,1200.0,1150.0
Maharashtra,Nampur APMC,Onion,2026-03-24,Other,115.3,305.0,1200.0,950.0
Maharashtra,Nampur APMC,Onion,2026-03-24,Red,321.8,100.0,925.0,700.0
Maharashtra,Nandgaon APMC,Onion,2026-03-24,Other,367.3,301.0,1240.0,1050.0
Maharashtra,Nandgaon APMC,Onion,2026-03-24,Red,1538.9,171.0,913.0,650.0
Maharashtra,Nasik APMC,Onion,2026-03-24,Pole,341.6,320.0,1351.0,800.0
Maharashtra,"Omchatinya Multi State Agro Purpose Co-Op Society, Dist Ahilyanagar",Onion,2026-03-24,Red,42.61,100.0,1150.0,750.0
Maharashtra,Paranda APMC,Onion,2026-03-24,Red,274.8,100.0,1000.0,500.0
Maharashtra,Phaltan APMC,Onion,2026-03-24,Hybrid,180.7,350.0,1200.0,900.0
Maharashtra,Pimpalgaon Baswant APMC,Onion,2026-03-24,Other,878.2,300.0,1500.0,1275.0
Maharashtra,Pimpalgaon Baswant APMC,Onion,2026-03-24,Pole,1310.9,300.0,1040.0,825.0
Maharashtra,Pimpalgaon Baswant(Saykheda) APMC,Onion,2026-03-24,Other,39.6,608.0,1158.0,1090.0
Maharashtra,Pimpalgaon Baswant(Saykheda) APMC,Onion,2026-03-24,Red,67.0,490.0,1071.0,841.0
Maharashtra,Pune APMC,Onion,2026-03-24,Local,1053.8,400.0,1300.0,850.0
Maharashtra,Pune(Manjri) APMC,Onion,2026-03-24,Local,6.3,650.0,1100.0,900.0
Maharashtra,Pune(Moshi) APMC,Onion,2026-03-24,Local,88.1,300.0,1200.0,750.0
Maharashtra,Pune(Pimpri) APMC,Onion,2026-03-24,Local,0.5,1100.0,1300.0,1200.0
Maharashtra,Rahata APMC,Onion,2026-03-24,Other,107.1,300.0,1300.0,1000.0
Maharashtra,Rahuri APMC,Onion,2026-03-24,Other,322.5,100.0,1300.0,700.0
Maharashtra,Ramtek APMC,Onion,2026-03-24,Other,1.7,800.0,1000.0,900.0
Maharashtra,SHRI.SIDDHESHWAR  APMC,Onion,2026-03-24,Red,2908.6,100.0,1650.0,700.0
Maharashtra,Sangamner APMC,Onion,2026-03-24,Other,710.0,200.0,1400.0,800.0
Maharashtra,"Sangli(Phale, Bhajipala Market) APMC",Onion,2026-03-24,Local,261.9,500.0,1400.0,950.0
Maharashtra,Satana APMC,Onion,2026-03-24,Other,491.0,240.0,1295.0,1005.0
Maharashtra,Satana APMC,Onion,2026-03-24,Red,584.0,220.0,1065.0,860.0
Maharashtra,Satara APMC,Onion,2026-03-24,Other,34.2,500.0,1400.0,1000.0
Maharashtra,Shivsiddha Govind Producer Company Ltd Sanchalit Khajgi Krushi Utpann Bajar Samati-Abhona-Kalwan,Onion,2026-03-24,Other,935.44,500.0,1410.0,1375.0
Maharashtra,"Shri Rameshwar Krushi Market, M.Nagar, Tal Deola, Dist Nashik",Onion,2026-03-24,Other,350.99,100.0,1351.0,1023.22
Maharashtra,"Shri Rameshwar Krushi Market, M.Nagar, Tal Deola, Dist Nashik",Onion,2026-03-24,Red,2149.44,152.0,1301.0,541.55
Maharashtra,Sinner APMC,Onion,2026-03-24,Red,177.4,400.0,1179.0,1000.0
Maharashtra,Umrane APMC,Onion,2026-03-24,Red,4000.0,500.0,1321.0,1100.0
Maharashtra,Vadgaonpeth APMC,Onion,2026-03-24,Local,30.0,1000.0,2000.0,1400.0
Maharashtra,Vaduj APMC,Onion,2026-03-24,Local,4.0,500.0,1100.0,800.0
Maharashtra,Vaijpur APMC,Onion,2026-03-24,Other,132.5,200.0,1181.0,850.0
Maharashtra,Vaijpur APMC,Onion,2026-03-24,Red,663.0,200.0,1050.0,750.0
Maharashtra,AGRICULTURE PRODUCE MARKET COMITEE CHANDWAD,Onion,2026-03-25,Other,1010.0,100.0,1165.0,890.0
Maharashtra,Akluj APMC,Onion,2026-03-25,Other,29.5,200.0,1300.0,800.0
Maharashtra,Akola APMC,Onion,2026-03-25,Other,37.0,400.0,1200.0,800.0
Maharashtra,Amrawati(Frui & Veg. Market) APMC,Onion,2026-03-25,Red,33.9,700.0,2000.0,1350.0
Maharashtra,Bhusaval APMC,Onion,2026-03-25,Red,2.7,500.0,1000.0,800.0
Maharashtra,Chandrapur(Ganjwad) APMC,Onion,2026-03-25,Other,207.0,1000.0,1500.0,1200.0
Maharashtra,Chattrapati Sambhajinagar APMC,Onion,2026-03-25,Other,269.0,800.0,1300.0,1050.0
Maharashtra,Devala APMC,Onion,2026-03-25,Other,216.0,350.0,1150.0,1000.0
Maharashtra,Devala APMC,Onion,2026-03-25,Red,221.0,300.0,1005.0,900.0
Maharashtra,Dharashiv APMC,Onion,2026-03-25,Red,4.8,300.0,1200.0,750.0
Maharashtra,Dhule APMC,Onion,2026-03-25,Red,41.5,400.0,1250.0,850.0
Maharashtra,Dindori APMC,Onion,2026-03-25,Other,27.9,400.0,1280.0,600.0
Maharashtra,Dindori(Vani) APMC,Onion,2026-03-25,Red,429.6,631.0,1331.0,961.0
Maharashtra,HINGNA - APMC,Onion,2026-03-25,Red,0.7,1400.0,1800.0,1660.0
Maharashtra,Jalgaon APMC,Onion,2026-03-25,Red,91.4,250.0,1100.0,700.0
Maharashtra,Kalvan APMC,Onion,2026-03-25,Other,380.0,400.0,1530.0,975.0
Maharashtra,Khed(Chakan) APMC,Onion,2026-03-25,Other,900.0,800.0,1300.0,1000.0
Maharashtra,Kolhapur APMC,Onion,2026-03-25,Other,540.1,500.0,1300.0,1000.0
Maharashtra,Kopargaon APMC,Onion,2026-03-25,Other,108.0,500.0,1132.0,975.0
Maharashtra,Kopargaon APMC,Onion,2026-03-25,Red,314.0,350.0,921.0,750.0
Maharashtra,Lasalgaon APMC,Onion,2026-03-25,Other,908.2,601.0,1401.0,1225.0
Maharashtra,Lasalgaon APMC,Onion,2026-03-25,Red,1419.0,300.0,1080.0,900.0
Maharashtra,Lasalgaon(Niphad) APMC,Onion,2026-03-25,Other,18.0,551.0,1100.0,951.0
Maharashtra,Lasalgaon(Niphad) APMC,Onion,2026-03-25,Red,283.5,500.0,1081.0,850.0
Maharashtra,Lasalgaon(Vinchur) APMC,Onion,2026-03-25,Other,290.5,400.0,1091.0,900.0
Maharashtra,Lasalgaon(Vinchur) APMC,Onion,2026-03-25,Red,1093.7,600.0,1271.0,1180.0
Maharashtra,Lasur Station APMC,Onion,2026-03-25,Other,610.0,200.0,1177.0,750.0
Maharashtra,Mangal Wedha APMC,Onion,2026-03-25,Local,9.9,200.0,1150.0,1000.0
Maharashtra,Manmad APMC,Onion,2026-03-25,Red,600.0,200.0,1465.0,800.0
Maharashtra,Mumbai-Onion & Potato Market APMC,Onion,2026-03-25,Other,1159.5,600.0,1300.0,950.0
Maharashtra,Nagpur APMC,Onion,2026-03-25,Red,225.0,800.0,1000.0,950.0
Maharashtra,Nagpur APMC,Onion,2026-03-25,White,200.0,1000.0,1200.0,1100.0
Maharashtra,Nampur APMC,Onion,2026-03-25,Red,317.5,100.0,880.0,750.0
Maharashtra,Newasa(Ghodegaon) APMC,Onion,2026-03-25,Red,707.0,300.0,1300.0,800.0
Maharashtra,Parner APMC,Onion,2026-03-25,Red,892.8,200.0,1300.0,850.0
Maharashtra,Pimpalgaon Baswant APMC,Onion,2026-03-25,Other,1150.0,300.0,1499.0,1250.0
Maharashtra,Pimpalgaon Baswant APMC,Onion,2026-03-25,Pole,920.0,300.0,1152.0,850.0
Maharashtra,Pimpalgaon Baswant(Saykheda) APMC,Onion,2026-03-25,Other,51.8,540.0,1201.0,1045.0
Maharashtra,Pimpalgaon Baswant(Saykheda) APMC,Onion,2026-03-25,Red,46.5,450.0,912.0,770.0
Maharashtra,Pune APMC,Onion,2026-03-25,Local,1105.9,500.0,1300.0,900.0
Maharashtra,Pune(Khadiki) APMC,Onion,2026-03-25,Local,0.7,700.0,1100.0,900.0
Maharashtra,Pune(Manjri) APMC,Onion,2026-03-25,Local,7.3,700.0,1100.0,900.0
Maharashtra,Pune(Pimpri) APMC,Onion,2026-03-25,Local,1.8,1100.0,1200.0,1150.0
Maharashtra,SHRI.SIDDHESHWAR  APMC,Onion,2026-03-25,Red,3525.5,100.0,1400.0,700.0
Maharashtra,Sangamner APMC,Onion,2026-03-25,Other,694.5,151.0,1351.0,751.0
Maharashtra,"Sangli(Phale, Bhajipala Market) APMC",Onion,2026-03-25,Local,570.6,500.0,1500.0,1000.0
Maharashtra,Satana APMC,Onion,2026-03-25,Other,527.5,300.0,1260.0,1010.0
Maharashtra,Satana APMC,Onion,2026-03-25,Red,485.0,205.0,1100.0,880.0
Maharashtra,Satara APMC,Onion,2026-03-25,Other,52.1,1000.0,1300.0,1150.0
Maharashtra,Shirpur APMC,Onion,2026-03-25,Red,25.0,150.0,1400.0,950.0
Maharashtra,Shirpur APMC,Onion,2026-03-25,White,0.3,300.0,650.0,600.0
Maharashtra,Shivsiddha Govind Producer Company Ltd Sanchalit Khajgi Krushi Utpann Bajar Samati-Abhona-Kalwan,Onion,2026-03-25,Other,1247.42,400.0,1401.0,1275.0
Maharashtra,"Shree Sairaj Krushi Market, Dist Ahilyanagar",Onion,2026-03-25,Local,74.3,200.0,1300.0,800.0
Maharashtra,Sinner APMC,Onion,2026-03-25,Red,243.0,300.0,1160.0,1000.0
Maharashtra,Vadgaonpeth APMC,Onion,2026-03-25,Local,26.0,1000.0,2100.0,1800.0
Maharashtra,Vaduj APMC,Onion,2026-03-25,Local,10.0,500.0,1300.0,800.0
Maharashtra,Vaijpur APMC,Onion,2026-03-25,Other,272.7,200.0,1170.0,800.0
Maharashtra,Vaijpur APMC,Onion,2026-03-25,Red,1009.9,200.0,1111.0,800.0
Maharashtra,Yeola APMC,Onion,2026-03-25,Red,1700.0,150.0,990.0,725.0
Maharashtra,Ahilyanagar APMC,Onion,2026-03-26,Red,1919.5,150.0,1300.0,700.0
Maharashtra,Akole APMC,Onion,2026-03-26,Other,293.4,250.0,1401.0,1175.0
Maharashtra,Bhusaval APMC,Onion,2026-03-26,Red,4.4,500.0,1000.0,800.0
Maharashtra,Chattrapati Sambhajinagar APMC,Onion,2026-03-26,Other,573.1,600.0,1200.0,900.0
Maharashtra,Islampur APMC,Onion,2026-03-26,Local,41.0,400.0,1300.0,800.0
Maharashtra,Junnar(Otur) APMC,Onion,2026-03-26,Other,1055.1,900.0,1400.0,1000.0
Maharashtra,Kalyan APMC,Onion,2026-03-26,1st Sort,0.3,1000.0,1500.0,1250.0
Maharashtra,Karjat APMC,Onion,2026-03-26,Local,38.0,300.0,900.0,600.0
Maharashtra,Khed(Chakan) APMC,Onion,2026-03-26,Other,25.0,1000.0,1300.0,1200.0
Maharashtra,Kolhapur APMC,Onion,2026-03-26,Other,439.4,500.0,1300.0,1000.0
Maharashtra,Kurdwadi(Modnimb) APMC,Onion,2026-03-26,Red,58.5,200.0,1100.0,700.0
Maharashtra,Lasalgaon(Niphad) APMC,Onion,2026-03-26,Other,7.5,452.0,1029.0,940.0
Maharashtra,Lasalgaon(Niphad) APMC,Onion,2026-03-26,Red,156.0,460.0,883.0,825.0
Maharashtra,Mumbai-Onion & Potato Market APMC,Onion,2026-03-26,Other,1359.1,700.0,1300.0,1000.0
Maharashtra,Nasik APMC,Onion,2026-03-26,Pole,229.0,250.0,1251.0,750.0
Maharashtra,Pune APMC,Onion,2026-03-26,Local,1112.6,450.0,1250.0,850.0
Maharashtra,Pune(Khadiki) APMC,Onion,2026-03-26,Local,1.4,700.0,1300.0,1000.0
Maharashtra,Pune(Moshi) APMC,Onion,2026-03-26,Local,134.7,600.0,1000.0,800.0
Maharashtra,Pune(Pimpri) APMC,Onion,2026-03-26,Local,0.1,1000.0,1000.0,1000.0
Maharashtra,Rahuri(Vambori) APMC,Onion,2026-03-26,Other,79.3,100.0,1300.0,900.0
Maharashtra,"Sangli(Phale, Bhajipala Market) APMC",Onion,2026-03-26,Local,447.2,500.0,1400.0,950.0
Maharashtra,Shevgaon APMC,Onion,2026-03-26,1st Sort,120.0,800.0,1200.0,1050.0
Maharashtra,Shevgaon APMC,Onion,2026-03-26,2nd Sort,80.0,500.0,700.0,600.0
Maharashtra,Shevgaon APMC,Onion,2026-03-26,Other,58.0,100.0,400.0,275.0
Maharashtra,Shrigonda APMC,Onion,2026-03-26,Other,20.7,200.0,951.0,700.0
Maharashtra,AGRICULTURE PRODUCE MARKET COMITEE CHANDWAD,Onion,2026-03-27,Other,593.1,600.0,1400.0,1190.0
Maharashtra,AGRICULTURE PRODUCE MARKET COMITEE CHANDWAD,Onion,2026-03-27,Red,1200.3,100.0,1270.0,910.0
Maharashtra,Akluj APMC,Onion,2026-03-27,Other,19.5,300.0,1300.0,900.0
Maharashtra,Akola APMC,Onion,2026-03-27,Other,69.7,400.0,1200.0,900.0
Maharashtra,Amrawati(Frui & Veg. Market) APMC,Onion,2026-03-27,Red,36.8,400.0,1600.0,1000.0
Maharashtra,Bhusaval APMC,Onion,2026-03-27,Other,2.8,500.0,1000.0,800.0
Maharashtra,Chandrapur(Ganjwad) APMC,Onion,2026-03-27,Other,207.0,1000.0,1500.0,1300.0
Maharashtra,Devala APMC,Onion,2026-03-27,Other,550.0,300.0,1160.0,975.0
Maharashtra,Devala APMC,Onion,2026-03-27,Red,215.1,350.0,1100.0,1000.0
Maharashtra,Dharashiv APMC,Onion,2026-03-27,Red,2.8,200.0,1200.0,700.0
Maharashtra,Dhule APMC,Onion,2026-03-27,Red,151.5,400.0,1250.0,950.0
Maharashtra,HINGNA - APMC,Onion,2026-03-27,Red,2.0,1050.0,1800.0,1350.0
Maharashtra,Islampur APMC,Onion,2026-03-27,Local,13.0,700.0,1300.0,1000.0
Maharashtra,Jalgaon APMC,Onion,2026-03-27,Red,49.8,500.0,1250.0,875.0
Maharashtra,Junnar(Narayangaon) APMC,Onion,2026-03-27,Other,5.0,200.0,1200.0,700.0
Maharashtra,Kalvan APMC,Onion,2026-03-27,Other,780.0,700.0,1350.0,901.0
Maharashtra,Kalvan APMC,Onion,2026-03-27,Red,140.0,300.0,1125.0,800.0
Maharashtra,Kalyan APMC,Onion,2026-03-27,1st Sort,0.3,1400.0,1800.0,1600.0
Maharashtra,Khed(Chakan) APMC,Onion,2026-03-27,Other,20.0,1000.0,1300.0,1200.0
Maharashtra,Kolhapur APMC,Onion,2026-03-27,Other,589.4,500.0,1400.0,1000.0
Maharashtra,Lasalgaon(Niphad) APMC,Onion,2026-03-27,Other,9.0,560.0,911.0,850.0
Maharashtra,Lasalgaon(Niphad) APMC,Onion,2026-03-27,Red,156.0,511.0,911.0,875.0
Maharashtra,Lasalgaon(Vinchur) APMC,Onion,2026-03-27,Other,297.5,600.0,1301.0,1225.0
Maharashtra,Lasalgaon(Vinchur) APMC,Onion,2026-03-27,Red,966.0,400.0,1032.0,900.0
Maharashtra,Lasur Station APMC,Onion,2026-03-27,Other,650.0,375.0,1360.0,800.0
Maharashtra,"Laxmi-Sopan Agriculture Produce Marketing Co Ltd, Barshi, Dist Solapur",Onion,2026-03-27,Other,720.0,400.0,1200.0,800.0
Maharashtra,Mangal Wedha APMC,Onion,2026-03-27,Local,9.8,100.0,1200.0,850.0
Maharashtra,Manmad APMC,Onion,2026-03-27,Red,1402.6,100.0,1100.0,800.0
Maharashtra,Mumbai-Onion & Potato Market APMC,Onion,2026-03-27,Other,1032.8,800.0,1400.0,1100.0
Maharashtra,Nampur APMC,Onion,2026-03-27,Other,271.7,305.0,1210.0,950.0
Maharashtra,Nampur APMC,Onion,2026-03-27,Red,372.2,150.0,985.0,700.0
Maharashtra,"Omchatinya Multi State Agro Purpose Co-Op Society, Dist Ahilyanagar",Onion,2026-03-27,Red,49.27,100.0,1300.0,850.0
Maharashtra,Paithan APMC,Onion,2026-03-27,Other,170.0,200.0,800.0,650.0
Maharashtra,Paranda APMC,Onion,2026-03-27,Red,797.8,100.0,1050.0,650.0
Maharashtra,Parner APMC,Onion,2026-03-27,Other,608.8,200.0,1300.0,875.0
Maharashtra,Pimpalgaon Baswant APMC,Onion,2026-03-27,Other,1372.6,300.0,1401.0,1250.0
Maharashtra,Pimpalgaon Baswant APMC,Onion,2026-03-27,Pole,943.4,300.0,1066.0,900.0
Maharashtra,Pimpalgaon Baswant(Saykheda) APMC,Onion,2026-03-27,Other,41.0,701.0,1181.0,1050.0
Maharashtra,Pimpalgaon Baswant(Saykheda) APMC,Onion,2026-03-27,Red,46.7,400.0,950.0,800.0
Maharashtra,Pune APMC,Onion,2026-03-27,Local,1385.0,400.0,1300.0,850.0
Maharashtra,Pune(Moshi) APMC,Onion,2026-03-27,Local,81.6,400.0,1200.0,800.0
Maharashtra,Pune(Pimpri) APMC,Onion,2026-03-27,Local,0.9,1200.0,1300.0,1250.0
Maharashtra,Rahuri APMC,Onion,2026-03-27,Other,423.7,100.0,1355.0,725.0
Maharashtra,SHRI.SIDDHESHWAR  APMC,Onion,2026-03-27,Red,4143.1,100.0,1430.0,650.0
Maharashtra,"Sangli(Phale, Bhajipala Market) APMC",Onion,2026-03-27,Local,521.0,500.0,1300.0,900.0
Maharashtra,Satana APMC,Onion,2026-03-27,Other,577.5,275.0,1300.0,1105.0
Maharashtra,Satana APMC,Onion,2026-03-27,Red,518.0,240.0,1065.0,840.0
Maharashtra,Vadgaonpeth APMC,Onion,2026-03-27,Local,26.0,900.0,1900.0,1300.0
Maharashtra,AGRICULTURE PRODUCE MARKET COMITEE CHANDWAD,Onion,2026-03-28,Red,1202.0,100.0,1195.0,930.0
Maharashtra,Akola APMC,Onion,2026-03-28,Other,63.0,500.0,1200.0,800.0
Maharashtra,Amrawati(Frui & Veg. Market) APMC,Onion,2026-03-28,Red,40.8,700.0,1800.0,1250.0
Maharashtra,Bhusaval APMC,Onion,2026-03-28,Other,1.9,600.0,1000.0,800.0
Maharashtra,Chattrapati Sambhajinagar APMC,Onion,2026-03-28,Other,412.5,275.0,900.0,588.0
Maharashtra,Dharashiv APMC,Onion,2026-03-28,Red,7.2,200.0,1400.0,800.0
Maharashtra,Dhule APMC,Onion,2026-03-28,Red,303.8,400.0,1250.0,950.0
Maharashtra,Jalgaon APMC,Onion,2026-03-28,Red,124.8,387.0,1152.0,750.0
Maharashtra,Junnar(Narayangaon) APMC,Onion,2026-03-28,Other,2.4,200.0,1200.0,700.0
Maharashtra,Karad APMC,Onion,2026-03-28,Other,24.9,500.0,1200.0,1200.0
Maharashtra,Khed(Chakan) APMC,Onion,2026-03-28,Other,950.0,800.0,1300.0,1100.0
Maharashtra,Kolhapur APMC,Onion,2026-03-28,Other,932.3,500.0,1300.0,1000.0
Maharashtra,Lasalgaon(Niphad) APMC,Onion,2026-03-28,Other,22.5,600.0,1060.0,950.0
Maharashtra,Lasalgaon(Niphad) APMC,Onion,2026-03-28,Red,153.0,521.0,973.0,921.0
Maharashtra,Lasur Station APMC,Onion,2026-03-28,Other,600.0,200.0,1125.0,750.0
Maharashtra,"Laxmi-Sopan Agriculture Produce Marketing Co Ltd, Barshi, Dist Solapur",Onion,2026-03-28,Other,841.5,400.0,1200.0,900.0
Maharashtra,Mangal Wedha APMC,Onion,2026-03-28,Local,0.5,900.0,900.0,900.0
Maharashtra,Manmad APMC,Onion,2026-03-28,Red,600.0,200.0,900.0,750.0
Maharashtra,Mumbai-Onion & Potato Market APMC,Onion,2026-03-28,Other,1198.7,600.0,1200.0,900.0
Maharashtra,Nagpur APMC,Onion,2026-03-28,Red,175.0,800.0,1800.0,1550.0
Maharashtra,Nagpur APMC,Onion,2026-03-28,White,225.0,1000.0,1200.0,1150.0
Maharashtra,Nasik APMC,Onion,2026-03-28,Pole,190.0,350.0,1320.0,811.0
Maharashtra,Pimpalgaon Baswant APMC,Onion,2026-03-28,Other,1380.0,350.0,1400.0,1250.0
Maharashtra,Pimpalgaon Baswant APMC,Onion,2026-03-28,Pole,440.0,300.0,1065.0,900.0
Maharashtra,Pimpalgaon Baswant(Saykheda) APMC,Onion,2026-03-28,Other,104.4,500.0,1251.0,1075.0
Maharashtra,Pimpalgaon Baswant(Saykheda) APMC,Onion,2026-03-28,Red,47.9,500.0,1020.0,825.0
Maharashtra,Pune(Khadiki) APMC,Onion,2026-03-28,Local,0.9,700.0,1100.0,900.0
Maharashtra,Pune(Manjri) APMC,Onion,2026-03-28,Local,6.5,900.0,1500.0,1200.0
Maharashtra,Pune(Moshi) APMC,Onion,2026-03-28,Local,86.4,300.0,1100.0,700.0
Maharashtra,Pune(Pimpri) APMC,Onion,2026-03-28,Local,0.6,1100.0,1200.0,1150.0
Maharashtra,Rahuri(Vambori) APMC,Onion,2026-03-28,Other,81.5,100.0,1300.0,900.0
Maharashtra,SHRI.SIDDHESHWAR  APMC,Onion,2026-03-28,Red,4695.9,100.0,1400.0,600.0
Maharashtra,Sakri APMC,Onion,2026-03-28,Other,197.0,600.0,980.0,850.0
Maharashtra,"Sangli(Phale, Bhajipala Market) APMC",Onion,2026-03-28,Local,624.6,500.0,1450.0,975.0
Maharashtra,Satara APMC,Onion,2026-03-28,Other,31.5,700.0,1300.0,1000.0
Maharashtra,Shirpur APMC,Onion,2026-03-28,Red,38.6,150.0,1425.0,1000.0
Maharashtra,Vadgaonpeth APMC,Onion,2026-03-28,Local,22.0,900.0,2000.0,1400.0
Maharashtra,Vaduj APMC,Onion,2026-03-28,Local,6.0,500.0,1200.0,800.0
Maharashtra,APMC Yawal,Onion,2026-03-29,Red,148.8,720.0,1000.0,840.0
Maharashtra,Akluj APMC,Onion,2026-03-29,Other,44.2,200.0,1300.0,800.0
Maharashtra,Akole APMC,Onion,2026-03-29,Other,325.1,200.0,1351.0,1100.0
Maharashtra,Amrawati(Frui & Veg. Market) APMC,Onion,2026-03-29,Red,37.8,400.0,1600.0,1000.0
Maharashtra,Bhusaval APMC,Onion,2026-03-29,Other,12.3,500.0,1000.0,800.0
Maharashtra,Chattrapati Sambhajinagar APMC,Onion,2026-03-29,Other,549.3,275.0,1000.0,638.0
Maharashtra,Dharashiv APMC,Onion,2026-03-29,Red,18.0,200.0,1400.0,800.0
Maharashtra,Junnar(Alephata) APMC,Onion,2026-03-29,Other,229.4,600.0,1350.0,1150.0
Maharashtra,Junnar(Narayangaon) APMC,Onion,2026-03-29,Other,4.2,200.0,1200.0,700.0
Maharashtra,Kalyan APMC,Onion,2026-03-29,1st Sort,0.3,1200.0,1600.0,1400.0
Maharashtra,Mangal Wedha APMC,Onion,2026-03-29,Local,2.1,600.0,1100.0,1000.0
Maharashtra,Nagpur APMC,Onion,2026-03-29,Red,264.0,800.0,1200.0,1100.0
Maharashtra,Nagpur APMC,Onion,2026-03-29,White,100.0,1000.0,1200.0,1150.0
Maharashtra,"Omchatinya Multi State Agro Purpose Co-Op Society, Dist Ahilyanagar",Onion,2026-03-29,Red,34.44,100.0,1150.0,750.0
Maharashtra,Paranda APMC,Onion,2026-03-29,Red,744.2,100.0,1100.0,650.0
Maharashtra,Parner APMC,Onion,2026-03-29,Other,866.1,200.0,1350.0,900.0
Maharashtra,Pune APMC,Onion,2026-03-29,Local,2034.7,400.0,1300.0,850.0
Maharashtra,Pune(Khadiki) APMC,Onion,2026-03-29,Local,1.3,700.0,1000.0,850.0
Maharashtra,Pune(Manjri) APMC,Onion,2026-03-29,Local,9.8,1000.0,1600.0,1200.0
Maharashtra,Pune(Moshi) APMC,Onion,2026-03-29,Local,80.0,400.0,1200.0,800.0
Maharashtra,Pune(Pimpri) APMC,Onion,2026-03-29,Local,1.8,1150.0,1400.0,1270.0
Maharashtra,Satara APMC,Onion,2026-03-29,Other,28.3,700.0,1300.0,1000.0
Maharashtra,Shrigonda APMC,Onion,2026-03-29,Other,14.5,200.0,1000.0,800.0
Maharashtra,Vadgaonpeth APMC,Onion,2026-03-29,Local,29.0,1200.0,2100.0,1400.0
Maharashtra,Vaduj APMC,Onion,2026-03-29,Local,10.0,500.0,1200.0,800.0
Maharashtra,Vai APMC,Onion,2026-03-29,Local,2.0,800.0,1200.0,1000.0
Maharashtra,AGRICULTURE PRODUCE MARKET COMITEE CHANDWAD,Onion,2026-03-30,Other,459.7,625.0,1275.0,1080.0
Maharashtra,AGRICULTURE PRODUCE MARKET COMITEE CHANDWAD,Onion,2026-03-30,Red,709.9,100.0,1065.0,880.0
Maharashtra,APMC Yawal,Onion,2026-03-30,Red,95.4,710.0,1000.0,840.0
Maharashtra,Akola APMC,Onion,2026-03-30,Other,112.0,400.0,1100.0,800.0
Maharashtra,Amrawati(Frui & Veg. Market) APMC,Onion,2026-03-30,Red,33.9,600.0,1800.0,1200.0
Maharashtra,Chandrapur(Ganjwad) APMC,Onion,2026-03-30,Other,135.0,1000.0,1400.0,1200.0
Maharashtra,Chattrapati Sambhajinagar APMC,Onion,2026-03-30,Other,391.7,250.0,1100.0,675.0
Maharashtra,HINGNA - APMC,Onion,2026-03-30,Red,4.6,1000.0,1600.0,1337.0
Maharashtra,HINGNA - APMC,Onion,2026-03-30,White,0.9,1100.0,1700.0,1433.0
Maharashtra,Jalgaon APMC,Onion,2026-03-30,Red,121.6,200.0,1150.0,927.0
Maharashtra,Kalyan APMC,Onion,2026-03-30,1st Sort,0.3,1200.0,1600.0,1400.0
Maharashtra,Kamthi APMC,Onion,2026-03-30,Local,1.2,2060.0,2560.0,2310.0
Maharashtra,Karad APMC,Onion,2026-03-30,Other,9.9,800.0,1300.0,1300.0
Maharashtra,Kolhapur APMC,Onion,2026-03-30,Other,1183.4,500.0,1300.0,1000.0
Maharashtra,Kurdwadi(Modnimb) APMC,Onion,2026-03-30,Red,58.9,100.0,1100.0,700.0
Maharashtra,Lasur Station APMC,Onion,2026-03-30,Other,650.0,200.0,1158.0,750.0
Maharashtra,"Malharshree Khajgi Krushi Utpann Bajar, Chandanpuri Tal Malegaon, Nashik",Onion,2026-03-30,Red,181.3,368.0,1242.0,952.0
Maharashtra,Mangal Wedha APMC,Onion,2026-03-30,Local,15.1,200.0,1100.0,1000.0
Maharashtra,Mumbai-Onion & Potato Market APMC,Onion,2026-03-30,Other,1363.1,600.0,1300.0,950.0
Maharashtra,Nagpur APMC,Onion,2026-03-30,Red,208.0,1000.0,1400.0,1325.0
Maharashtra,Nagpur APMC,Onion,2026-03-30,White,100.0,1300.0,1400.0,1375.0
Maharashtra,Nasik APMC,Onion,2026-03-30,Pole,242.0,350.0,1300.0,900.0
Maharashtra,Paranda APMC,Onion,2026-03-30,Red,945.3,100.0,900.0,500.0
Maharashtra,Pune APMC,Onion,2026-03-30,Local,1290.3,400.0,1300.0,850.0
Maharashtra,Pune(Khadiki) APMC,Onion,2026-03-30,Local,1.5,700.0,1100.0,900.0
Maharashtra,Pune(Manjri) APMC,Onion,2026-03-30,Local,5.9,900.0,1600.0,1200.0
Maharashtra,Pune(Moshi) APMC,Onion,2026-03-30,Local,75.2,400.0,1000.0,700.0
Maharashtra,Pune(Pimpri) APMC,Onion,2026-03-30,Local,2.7,1130.0,1300.0,1200.0
Maharashtra,Rahuri(Vambori) APMC,Onion,2026-03-30,Other,60.3,100.0,1300.0,900.0
Maharashtra,SHRI.SIDDHESHWAR  APMC,Onion,2026-03-30,Red,4959.5,100.0,1400.0,600.0
Maharashtra,Sakri APMC,Onion,2026-03-30,Other,100.0,300.0,1000.0,650.0
Maharashtra,Sangamner APMC,Onion,2026-03-30,Other,893.5,151.0,1325.0,1025.0
Maharashtra,"Sangli(Phale, Bhajipala Market) APMC",Onion,2026-03-30,Local,584.3,500.0,1400.0,950.0
Maharashtra,Satara APMC,Onion,2026-03-30,Other,43.0,700.0,1300.0,1000.0
Maharashtra,"Shree Sairaj Krushi Market, Dist Ahilyanagar",Onion,2026-03-30,Local,45.8,200.0,1300.0,800.0
Maharashtra,Shrigonda APMC,Onion,2026-03-30,Other,25.8,250.0,1200.0,800.0
Maharashtra,Vaduj APMC,Onion,2026-03-30,Local,10.0,500.0,1200.0,800.0
Maharashtra,Vai APMC,Onion,2026-03-30,Local,2.0,800.0,1300.0,1000.0
Maharashtra,Akole APMC,Onion,2026-03-31,Other,270.3,200.0,1351.0,1051.0
Maharashtra,Amrawati(Frui & Veg. Market) APMC,Onion,2026-03-31,Red,37.0,400.0,1600.0,1000.0
Maharashtra,Bhusaval APMC,Onion,2026-03-31,Other,7.2,500.0,1000.0,800.0
Maharashtra,Chattrapati Sambhajinagar APMC,Onion,2026-03-31,Other,291.0,270.0,1100.0,685.0
Maharashtra,Dharashiv APMC,Onion,2026-03-31,Red,32.3,300.0,1200.0,750.0
Maharashtra,Dindori APMC,Onion,2026-03-31,Other,28.2,1000.0,1300.0,1211.0
Maharashtra,HINGNA - APMC,Onion,2026-03-31,Red,0.2,1600.0,1600.0,1600.0
Maharashtra,HINGNA - APMC,Onion,2026-03-31,White,0.2,1500.0,1800.0,1650.0
Maharashtra,Islampur APMC,Onion,2026-03-31,Local,24.1,900.0,1300.0,1100.0
Maharashtra,Jalgaon APMC,Onion,2026-03-31,Red,71.2,250.0,1100.0,875.0
Maharashtra,Junnar(Alephata) APMC,Onion,2026-03-31,Other,222.0,900.0,1310.0,1100.0
Maharashtra,Kalyan APMC,Onion,2026-03-31,1st Sort,0.3,1000.0,1400.0,1200.0
Maharashtra,Karad APMC,Onion,2026-03-31,Other,24.9,300.0,1500.0,1500.0
Maharashtra,Khed(Chakan) APMC,Onion,2026-03-31,Other,25.0,1000.0,1300.0,1200.0
Maharashtra,Kolhapur APMC,Onion,2026-03-31,Other,529.9,500.0,1200.0,800.0
Maharashtra,Mumbai-Onion & Potato Market APMC,Onion,2026-03-31,Other,698.8,500.0,1200.0,850.0
Maharashtra,Nasik APMC,Onion,2026-03-31,Pole,146.5,300.0,1250.0,800.0
Maharashtra,"Omchatinya Multi State Agro Purpose Co-Op Society, Dist Ahilyanagar",Onion,2026-03-31,Red,27.0,100.0,1150.0,700.0
Maharashtra,Paranda APMC,Onion,2026-03-31,Red,1044.5,100.0,1100.0,900.0
Maharashtra,Pune(Khadiki) APMC,Onion,2026-03-31,Local,1.1,700.0,1100.0,900.0
Maharashtra,Pune(Manjri) APMC,Onion,2026-03-31,Local,5.5,1000.0,1500.0,1200.0
Maharashtra,Pune(Moshi) APMC,Onion,2026-03-31,Local,48.7,700.0,1200.0,950.0
Maharashtra,SHRI.SIDDHESHWAR  APMC,Onion,2026-03-31,Red,3234.5,100.0,1500.0,600.0
Maharashtra,Sangamner APMC,Onion,2026-03-31,Other,556.4,200.0,1351.0,776.0
Maharashtra,Satara APMC,Onion,2026-03-31,Other,20.5,700.0,1300.0,1000.0
Maharashtra,Akola APMC,Onion,2026-04-01,Other,62.5,400.0,1100.0,800.0
Maharashtra,Amrawati(Frui & Veg. Market) APMC,Onion,2026-04-01,Red,40.8,500.0,1700.0,1100.0
Maharashtra,Bhusaval APMC,Onion,2026-04-01,Other,6.7,800.0,1200.0,1000.0
Maharashtra,Chattrapati Sambhajinagar APMC,Onion,2026-04-01,Other,491.1,300.0,1100.0,700.0
Maharashtra,Dharashiv APMC,Onion,2026-04-01,Red,10.1,150.0,1000.0,575.0
Maharashtra,Gevrai APMC,Onion,2026-04-01,Red,27.0,600.0,1250.0,850.0
Maharashtra,HINGNA - APMC,Onion,2026-04-01,Red,0.3,1000.0,1600.0,1300.0
Maharashtra,HINGNA - APMC,Onion,2026-04-01,White,0.1,1600.0,1600.0,1600.0
Maharashtra,Jalgaon APMC,Onion,2026-04-01,Red,118.8,377.0,1125.0,937.0
Maharashtra,Junnar(Narayangaon) APMC,Onion,2026-04-01,Other,5.2,250.0,1250.0,750.0
Maharashtra,Kalyan APMC,Onion,2026-04-01,1st Sort,0.3,1000.0,1400.0,1200.0
Maharashtra,Karad APMC,Onion,2026-04-01,Other,19.8,1000.0,1300.0,1300.0
Maharashtra,Khed(Chakan) APMC,Onion,2026-04-01,Other,700.0,800.0,1400.0,1200.0
Maharashtra,Kolhapur APMC,Onion,2026-04-01,Other,588.0,500.0,1400.0,900.0
Maharashtra,Lasur Station APMC,Onion,2026-04-01,Other,609.0,225.0,1103.0,700.0
Maharashtra,Mangal Wedha APMC,Onion,2026-04-01,Local,16.8,400.0,1100.0,900.0
Maharashtra,Mumbai-Onion & Potato Market APMC,Onion,2026-04-01,Other,873.8,600.0,1200.0,900.0
Maharashtra,Nagpur APMC,Onion,2026-04-01,Red,220.0,1000.0,1300.0,1225.0
Maharashtra,Nagpur APMC,Onion,2026-04-01,White,200.0,1000.0,1200.0,1150.0
Maharashtra,Nasik APMC,Onion,2026-04-01,Pole,170.9,370.0,1320.0,750.0
Maharashtra,Newasa(Ghodegaon) APMC,Onion,2026-04-01,Other,288.0,300.0,1100.0,800.0
Maharashtra,Parner APMC,Onion,2026-04-01,Other,977.3,200.0,1300.0,950.0
Maharashtra,Pune APMC,Onion,2026-04-01,Local,1067.9,500.0,1300.0,900.0
Maharashtra,Pune(Manjri) APMC,Onion,2026-04-01,Local,6.0,900.0,1500.0,1200.0
Maharashtra,Pune(Pimpri) APMC,Onion,2026-04-01,Local,0.6,1200.0,1400.0,1300.0
Maharashtra,SHRI.SIDDHESHWAR  APMC,Onion,2026-04-01,Red,3054.3,100.0,1400.0,600.0
Maharashtra,Sangamner APMC,Onion,2026-04-01,Other,67.2,251.0,1351.0,801.0
Maharashtra,"Sangli(Phale, Bhajipala Market) APMC",Onion,2026-04-01,Local,589.2,500.0,1400.0,950.0
Maharashtra,Satara APMC,Onion,2026-04-01,Other,14.0,1000.0,1300.0,1100.0
Maharashtra,Shirpur APMC,Onion,2026-04-01,Red,62.4,101.0,1275.0,900.0
Maharashtra,"Shree Sairaj Krushi Market, Dist Ahilyanagar",Onion,2026-04-01,Local,43.25,200.0,1350.0,850.0
Maharashtra,Vaduj APMC,Onion,2026-04-01,Local,9.0,500.0,1300.0,800.0
Maharashtra,AGRICULTURE PRODUCE MARKET COMITEE CHANDWAD,Onion,2026-04-02,Red,900.5,300.0,1095.0,990.0
Maharashtra,Akole APMC,Onion,2026-04-02,Other,240.6,200.0,1311.0,1001.0
Maharashtra,Bhusaval APMC,Onion,2026-04-02,Other,1.8,800.0,1200.0,1000.0
Maharashtra,Chandrapur(Ganjwad) APMC,Onion,2026-04-02,Other,127.0,1000.0,1500.0,1300.0
Maharashtra,Chattrapati Sambhajinagar APMC,Onion,2026-04-02,Other,2707.3,400.0,1000.0,700.0
Maharashtra,Dharashiv APMC,Onion,2026-04-02,Red,13.1,150.0,700.0,425.0
Maharashtra,HINGNA - APMC,Onion,2026-04-02,Red,0.3,1600.0,1600.0,1600.0
Maharashtra,HINGNA - APMC,Onion,2026-04-02,White,0.1,1500.0,1500.0,1500.0
Maharashtra,Junnar APMC,Onion,2026-04-02,Other,58.5,500.0,1200.0,800.0
Maharashtra,Junnar(Otur) APMC,Onion,2026-04-02,Other,860.6,700.0,1400.0,1100.0
Maharashtra,Kalvan APMC,Onion,2026-04-02,Other,395.0,400.0,1450.0,950.0
Maharashtra,Karjat APMC,Onion,2026-04-02,Local,28.8,300.0,900.0,600.0
Maharashtra,Khed(Chakan) APMC,Onion,2026-04-02,Other,25.0,700.0,1300.0,1000.0
Maharashtra,Kolhapur APMC,Onion,2026-04-02,Other,363.2,500.0,1200.0,800.0
Maharashtra,Kurdwadi(Modnimb) APMC,Onion,2026-04-02,Red,40.6,125.0,1000.0,600.0
Maharashtra,Lasalgaon APMC,Onion,2026-04-02,Other,615.2,501.0,1400.0,1200.0
Maharashtra,Lasalgaon APMC,Onion,2026-04-02,Red,315.6,300.0,1086.0,925.0
Maharashtra,Lasalgaon(Vinchur) APMC,Onion,2026-04-02,Other,210.0,600.0,1225.0,1100.0
Maharashtra,Lasalgaon(Vinchur) APMC,Onion,2026-04-02,Red,287.0,400.0,1000.0,850.0
Maharashtra,Lasur Station APMC,Onion,2026-04-02,Other,500.0,200.0,1095.0,700.0
Maharashtra,"Laxmi-Sopan Agriculture Produce Marketing Co Ltd, Barshi, Dist Solapur",Onion,2026-04-02,Other,655.5,400.0,1100.0,800.0
Maharashtra,Mangal Wedha APMC,Onion,2026-04-02,Local,3.0,700.0,1000.0,900.0
Maharashtra,Mumbai-Onion & Potato Market APMC,Onion,2026-04-02,Other,758.0,600.0,1300.0,950.0
Maharashtra,Nagpur APMC,Onion,2026-04-02,Red,200.0,1000.0,1300.0,1225.0
Maharashtra,Nagpur APMC,Onion,2026-04-02,White,178.0,1000.0,1200.0,1150.0
Maharashtra,Nasik APMC,Onion,2026-04-02,Pole,203.5,350.0,1300.0,800.0
Maharashtra,Pimpalgaon Baswant APMC,Onion,2026-04-02,Other,1031.7,300.0,1500.0,1250.0
Maharashtra,Pimpalgaon Baswant APMC,Onion,2026-04-02,Pole,495.6,200.0,1000.0,850.0
Maharashtra,Pune APMC,Onion,2026-04-02,Local,815.0,400.0,1300.0,850.0
Maharashtra,Pune(Khadiki) APMC,Onion,2026-04-02,Local,1.6,700.0,1100.0,900.0
Maharashtra,Pune(Manjri) APMC,Onion,2026-04-02,Local,4.0,700.0,1200.0,900.0
Maharashtra,Pune(Moshi) APMC,Onion,2026-04-02,Local,66.2,300.0,1000.0,650.0
Maharashtra,Pune(Pimpri) APMC,Onion,2026-04-02,Local,1.6,1100.0,1550.0,1325.0
Maharashtra,Rahuri(Vambori) APMC,Onion,2026-04-02,Other,65.4,100.0,1275.0,855.0
Maharashtra,SHRI.SIDDHESHWAR  APMC,Onion,2026-04-02,Red,2261.6,100.0,1300.0,600.0
Maharashtra,Sakri APMC,Onion,2026-04-02,Other,150.0,780.0,990.0,850.0
Maharashtra,Sangamner APMC,Onion,2026-04-02,Other,80.1,200.0,1252.0,726.0
Maharashtra,"Sangli(Phale, Bhajipala Market) APMC",Onion,2026-04-02,Local,346.5,500.0,1300.0,850.0
Maharashtra,Satara APMC,Onion,2026-04-02,Other,23.3,700.0,1300.0,1000.0
Maharashtra,Shivsiddha Govind Producer Company Ltd Sanchalit Khajgi Krushi Utpann Bajar Samati-Abhona-Kalwan,Onion,2026-04-02,Other,809.61,400.0,1401.0,1150.0
Maharashtra,Vadgaonpeth APMC,Onion,2026-04-02,Local,31.0,1000.0,2000.0,1400.0
Maharashtra,Vaduj APMC,Onion,2026-04-02,Local,5.0,1000.0,1200.0,1100.0
Maharashtra,Akluj APMC,Onion,2026-04-03,Other,21.1,300.0,1200.0,900.0
Maharashtra,Akola APMC,Onion,2026-04-03,Other,70.5,400.0,900.0,700.0
Maharashtra,Amrawati(Frui & Veg. Market) APMC,Onion,2026-04-03,Local,39.0,400.0,1400.0,900.0
Maharashtra,Bhusaval APMC,Onion,2026-04-03,Other,1.6,1000.0,1500.0,1200.0
Maharashtra,Dharashiv APMC,Onion,2026-04-03,Red,28.5,150.0,1000.0,525.0
Maharashtra,Junnar(Alephata) APMC,Onion,2026-04-03,Other,159.1,900.0,13330.0,1150.0
Maharashtra,Khed(Chakan) APMC,Onion,2026-04-03,Other,20.0,1000.0,1400.0,1200.0
Maharashtra,Kolhapur APMC,Onion,2026-04-03,Other,306.0,500.0,1200.0,800.0
Maharashtra,Lasalgaon APMC,Onion,2026-04-03,Other,469.2,751.0,1472.0,1180.0
Maharashtra,Lasalgaon APMC,Onion,2026-04-03,Red,248.6,500.0,1100.0,1000.0
Maharashtra,Lasalgaon(Vinchur) APMC,Onion,2026-04-03,Other,178.5,500.0,1225.0,1125.0
Maharashtra,Lasalgaon(Vinchur) APMC,Onion,2026-04-03,Red,232.7,400.0,1085.0,1000.0
Maharashtra,"Laxmi-Sopan Agriculture Produce Marketing Co Ltd, Barshi, Dist Solapur",Onion,2026-04-03,Other,554.4,400.0,1000.0,800.0
Maharashtra,Mangal Wedha APMC,Onion,2026-04-03,Local,5.6,400.0,1000.0,900.0
Maharashtra,Mumbai-Onion & Potato Market APMC,Onion,2026-04-03,Other,884.7,600.0,1300.0,950.0
Maharashtra,Nasik APMC,Onion,2026-04-03,Pole,134.0,400.0,1400.0,1100.0
Maharashtra,"Omchatinya Multi State Agro Purpose Co-Op Society, Dist Ahilyanagar",Onion,2026-04-03,Red,37.21,100.0,1200.0,900.0
Maharashtra,Paranda APMC,Onion,2026-04-03,Red,175.0,100.0,950.0,500.0
Maharashtra,Parner APMC,Onion,2026-04-03,Other,520.1,200.0,1300.0,975.0
Maharashtra,Pimpalgaon Baswant APMC,Onion,2026-04-03,Other,1076.0,300.0,1554.0,1350.0
Maharashtra,Pimpalgaon Baswant APMC,Onion,2026-04-03,Pole,178.3,300.0,1072.0,900.0
Maharashtra,Pune APMC,Onion,2026-04-03,Local,915.3,500.0,1300.0,800.0
Maharashtra,Pune(Khadiki) APMC,Onion,2026-04-03,Local,1.0,600.0,1000.0,850.0
Maharashtra,Pune(Manjri) APMC,Onion,2026-04-03,Local,3.1,900.0,1100.0,1000.0
Maharashtra,Pune(Moshi) APMC,Onion,2026-04-03,Local,45.5,400.0,1000.0,700.0
Maharashtra,Pune(Pimpri) APMC,Onion,2026-04-03,Local,0.7,1000.0,1200.0,1100.0
Maharashtra,Rahata APMC,Onion,2026-04-03,Other,61.2,300.0,1275.0,950.0
Maharashtra,SHRI.SIDDHESHWAR  APMC,Onion,2026-04-03,Red,1274.2,100.0,1200.0,600.0
Maharashtra,Sangamner APMC,Onion,2026-04-03,Other,62.0,200.0,1301.0,750.0
Maharashtra,"Sangli(Phale, Bhajipala Market) APMC",Onion,2026-04-03,Local,367.2,400.0,1350.0,875.0
Maharashtra,Vaduj APMC,Onion,2026-04-03,Local,11.0,500.0,1000.0,800.0
Maharashtra,Vai APMC,Onion,2026-04-03,Local,2.5,700.0,1200.0,1000.0
Maharashtra,Yeola APMC,Onion,2026-04-03,Red,322.5,250.0,1076.0,950.0
Maharashtra,AGRICULTURE PRODUCE MARKET COMITEE CHANDWAD,Onion,2026-04-04,Other,1000.0,725.0,1370.0,1060.0
Maharashtra,AGRICULTURE PRODUCE MARKET COMITEE CHANDWAD,Onion,2026-04-04,Red,500.0,300.0,1140.0,920.0
Maharashtra,Ahilyanagar APMC,Onion,2026-04-04,Red,1265.1,150.0,1200.0,700.0
Maharashtra,Bhusaval APMC,Onion,2026-04-04,Other,3.8,800.0,1200.0,1000.0
Maharashtra,Chandrapur(Ganjwad) APMC,Onion,2026-04-04,Other,33.0,1200.0,1500.0,1400.0
Maharashtra,Chattrapati Sambhajinagar APMC,Onion,2026-04-04,Other,261.8,300.0,1000.0,650.0
Maharashtra,Dharashiv APMC,Onion,2026-04-04,Red,4.2,200.0,1000.0,600.0
Maharashtra,HINGNA - APMC,Onion,2026-04-04,Red,0.3,1400.0,1500.0,1433.0
Maharashtra,HINGNA - APMC,Onion,2026-04-04,White,0.3,1400.0,1500.0,1433.0
Maharashtra,Jalgaon APMC,Onion,2026-04-04,Red,92.5,300.0,1312.0,912.0
Maharashtra,Junnar(Narayangaon) APMC,Onion,2026-04-04,Other,5.5,300.0,1200.0,750.0
Maharashtra,Karad APMC,Onion,2026-04-04,Other,9.9,700.0,1500.0,1500.0
Maharashtra,Kolhapur APMC,Onion,2026-04-04,Other,399.3,500.0,1400.0,1000.0
Maharashtra,Kopargaon APMC,Onion,2026-04-04,Other,144.0,600.0,1189.0,1050.0
Maharashtra,Kopargaon APMC,Onion,2026-04-04,Red,12.0,500.0,988.0,850.0
Maharashtra,Lasalgaon APMC,Onion,2026-04-04,Other,548.6,700.0,1455.0,1210.0
Maharashtra,Lasalgaon APMC,Onion,2026-04-04,Red,240.2,400.0,1052.0,910.0
Maharashtra,Lasalgaon(Vinchur) APMC,Onion,2026-04-04,Other,290.5,500.0,1252.0,1125.0
Maharashtra,Lasalgaon(Vinchur) APMC,Onion,2026-04-04,Red,278.2,400.0,1032.0,950.0
Maharashtra,Lasur Station APMC,Onion,2026-04-04,Other,700.0,150.0,1095.0,675.0
Maharashtra,"Laxmi-Sopan Agriculture Produce Marketing Co Ltd, Barshi, Dist Solapur",Onion,2026-04-04,Other,510.0,400.0,1000.0,700.0
Maharashtra,Mangal Wedha APMC,Onion,2026-04-04,Local,2.2,300.0,1000.0,900.0
Maharashtra,Mumbai-Onion & Potato Market APMC,Onion,2026-04-04,Other,1090.0,700.0,1500.0,1100.0
Maharashtra,Nagpur APMC,Onion,2026-04-04,Red,250.0,1000.0,1200.0,1150.0
Maharashtra,Nagpur APMC,Onion,2026-04-04,White,100.0,1000.0,1300.0,1225.0
Maharashtra,Nasik APMC,Onion,2026-04-04,Other,191.0,400.0,1350.0,1150.0
Maharashtra,Newasa(Ghodegaon) APMC,Onion,2026-04-04,Red,244.0,300.0,1200.0,800.0
Maharashtra,Pimpalgaon Baswant APMC,Onion,2026-04-04,Other,1380.0,300.0,1524.0,1275.0
Maharashtra,Pimpalgaon Baswant APMC,Onion,2026-04-04,Pole,220.0,300.0,1061.0,900.0
Maharashtra,Pune(Manjri) APMC,Onion,2026-04-04,Local,4.6,1000.0,1400.0,1200.0
Maharashtra,Pune(Moshi) APMC,Onion,2026-04-04,Local,45.1,400.0,1000.0,700.0
Maharashtra,Pune(Pimpri) APMC,Onion,2026-04-04,Local,1.6,1100.0,1400.0,1250.0
Maharashtra,Rahuri(Vambori) APMC,Onion,2026-04-04,Other,47.3,100.0,1300.0,900.0
Maharashtra,Ramtek APMC,Onion,2026-04-04,Other,1.1,1100.0,1500.0,1300.0
Maharashtra,SHRI.SIDDHESHWAR  APMC,Onion,2026-04-04,Red,1281.6,100.0,1500.0,700.0
Maharashtra,Sakri APMC,Onion,2026-04-04,Other,150.0,750.0,990.0,950.0
Maharashtra,Sangamner APMC,Onion,2026-04-04,Other,97.8,300.0,1300.0,800.0
Maharashtra,"Sangli(Phale, Bhajipala Market) APMC",Onion,2026-04-04,Local,488.0,500.0,1400.0,950.0
Maharashtra,Satara APMC,Onion,2026-04-04,Other,50.0,700.0,1300.0,1000.0
Maharashtra,Shirpur APMC,Onion,2026-04-04,Red,43.1,200.0,1300.0,1111.0
Maharashtra,Shivsiddha Govind Producer Company Ltd Sanchalit Khajgi Krushi Utpann Bajar Samati-Abhona-Kalwan,Onion,2026-04-04,Other,802.99,400.0,1511.0,1250.0
Maharashtra,Vaduj APMC,Onion,2026-04-04,Local,11.0,500.0,1000.0,800.0
Maharashtra,Yeola APMC,Onion,2026-04-04,Red,600.0,150.0,1027.0,850.0
Maharashtra,Akluj APMC,Onion,2026-04-05,Other,32.0,200.0,1200.0,800.0
Maharashtra,Akole APMC,Onion,2026-04-05,Other,464.0,251.0,1351.0,1051.0
Maharashtra,Amrawati(Frui & Veg. Market) APMC,Onion,2026-04-05,Red,40.8,600.0,1600.0,1100.0
Maharashtra,Bhusaval APMC,Onion,2026-04-05,Other,10.4,500.0,1000.0,800.0
Maharashtra,Chattrapati Sambhajinagar APMC,Onion,2026-04-05,Other,391.2,400.0,1000.0,700.0
Maharashtra,Dharashiv APMC,Onion,2026-04-05,Red,10.9,100.0,1000.0,550.0
Maharashtra,Islampur APMC,Onion,2026-04-05,Local,34.1,800.0,1400.0,1100.0
Maharashtra,Junnar(Alephata) APMC,Onion,2026-04-05,Other,129.5,600.0,1300.0,1000.0
Maharashtra,Junnar(Narayangaon) APMC,Onion,2026-04-05,Other,3.0,400.0,1200.0,800.0
Maharashtra,Junnar(Otur) APMC,Onion,2026-04-05,Other,994.6,500.0,1400.0,950.0
Maharashtra,Karad APMC,Onion,2026-04-05,Other,24.9,500.0,1300.0,1300.0
Maharashtra,Khed(Chakan) APMC,Onion,2026-04-05,Other,25.0,1000.0,1400.0,1200.0
Maharashtra,Manchar APMC,Onion,2026-04-05,Other,898.6,900.0,1350.0,1125.0
Maharashtra,Mangal Wedha APMC,Onion,2026-04-05,Local,2.5,200.0,1000.0,900.0
Maharashtra,"Omchatinya Multi State Agro Purpose Co-Op Society, Dist Ahilyanagar",Onion,2026-04-05,Red,28.2,100.0,1250.0,900.0
Maharashtra,Paranda APMC,Onion,2026-04-05,Red,250.0,100.0,1000.0,500.0
Maharashtra,Parner APMC,Onion,2026-04-05,Other,816.8,200.0,1300.0,975.0
Maharashtra,Pathardi APMC,Onion,2026-04-05,Red,62.5,150.0,1150.0,600.0
Maharashtra,Pune APMC,Onion,2026-04-05,Local,1314.7,500.0,1300.0,900.0
Maharashtra,Pune(Khadiki) APMC,Onion,2026-04-05,Local,0.8,700.0,1000.0,850.0
Maharashtra,Pune(Manjri) APMC,Onion,2026-04-05,Local,9.8,900.0,1300.0,1100.0
Maharashtra,Pune(Moshi) APMC,Onion,2026-04-05,Local,50.8,400.0,1000.0,700.0
Maharashtra,Pune(Pimpri) APMC,Onion,2026-04-05,Local,0.9,1100.0,1200.0,1150.0
Maharashtra,Rahuri APMC,Onion,2026-04-05,Other,323.9,100.0,1405.0,750.0
Maharashtra,Ramtek APMC,Onion,2026-04-05,Other,3.6,1100.0,1500.0,1300.0
Maharashtra,Satara APMC,Onion,2026-04-05,Other,37.8,700.0,1300.0,1000.0
Maharashtra,Vadgaonpeth APMC,Onion,2026-04-05,Local,28.0,1000.0,2000.0,1600.0
Maharashtra,Vaduj APMC,Onion,2026-04-05,Local,10.0,500.0,1000.0,800.0
Maharashtra,Vai APMC,Onion,2026-04-05,Local,1.4,800.0,1300.0,1000.0
Maharashtra,AGRICULTURE PRODUCE MARKET COMITEE CHANDWAD,Onion,2026-04-06,Other,1314.6,450.0,1490.0,1030.0
Maharashtra,AGRICULTURE PRODUCE MARKET COMITEE CHANDWAD,Onion,2026-04-06,Red,262.9,100.0,1000.0,870.0
Maharashtra,Ahilyanagar APMC,Onion,2026-04-06,Red,2082.6,150.0,1300.0,750.0
Maharashtra,Akola APMC,Onion,2026-04-06,Other,61.5,400.0,1000.0,800.0
Maharashtra,Amrawati(Frui & Veg. Market) APMC,Onion,2026-04-06,Red,34.8,800.0,1600.0,1200.0
Maharashtra,Chandrapur(Ganjwad) APMC,Onion,2026-04-06,Other,33.0,1200.0,1500.0,1300.0
Maharashtra,Chattrapati Sambhajinagar APMC,Onion,2026-04-06,Other,211.0,400.0,1000.0,700.0
Maharashtra,Devala APMC,Onion,2026-04-06,Other,411.2,400.0,1225.0,1000.0
Maharashtra,Devala APMC,Onion,2026-04-06,Red,300.0,350.0,985.0,800.0
Maharashtra,Dindori APMC,Onion,2026-04-06,Other,108.3,801.0,1407.0,1201.0
Maharashtra,Dindori(Vani) APMC,Onion,2026-04-06,Other,593.4,801.0,1407.0,1201.0
Maharashtra,Gangapur APMC,Onion,2026-04-06,Other,375.7,425.0,1251.0,790.0
Maharashtra,HINGNA - APMC,Onion,2026-04-06,Red,1.7,1100.0,1800.0,1516.0
Maharashtra,HINGNA - APMC,Onion,2026-04-06,White,0.2,1400.0,1400.0,1400.0
Maharashtra,Jalgaon APMC,Onion,2026-04-06,Red,191.6,300.0,1125.0,800.0
Maharashtra,Kalvan APMC,Onion,2026-04-06,Other,860.0,450.0,1450.0,950.0
Maharashtra,Kalvan APMC,Onion,2026-04-06,Red,80.0,500.0,975.0,800.0
Maharashtra,Karad APMC,Onion,2026-04-06,Other,12.3,300.0,1300.0,1300.0
Maharashtra,Kolhapur APMC,Onion,2026-04-06,Other,589.0,500.0,1300.0,1000.0
Maharashtra,Kopargaon APMC,Onion,2026-04-06,Other,174.0,500.0,1200.0,1050.0
Maharashtra,Kopargaon APMC,Onion,2026-04-06,Red,36.0,400.0,1021.0,850.0
Maharashtra,Kurdwadi(Modnimb) APMC,Onion,2026-04-06,Red,41.9,125.0,1000.0,750.0
Maharashtra,Lasalgaon APMC,Onion,2026-04-06,Other,1322.2,600.0,1451.0,1125.0
Maharashtra,Lasalgaon APMC,Onion,2026-04-06,Red,417.0,500.0,1001.0,950.0
Maharashtra,Lasalgaon(Niphad) APMC,Onion,2026-04-06,Other,76.5,651.0,1271.0,1080.0
Maharashtra,Lasalgaon(Niphad) APMC,Onion,2026-04-06,Red,55.5,500.0,876.0,821.0
Maharashtra,Lasalgaon(Vinchur) APMC,Onion,2026-04-06,Other,623.0,500.0,1175.0,1100.0
Maharashtra,Lasalgaon(Vinchur) APMC,Onion,2026-04-06,Red,344.7,400.0,980.0,900.0
Maharashtra,Lasur Station APMC,Onion,2026-04-06,Other,750.0,225.0,1085.0,675.0
Maharashtra,"Laxmi-Sopan Agriculture Produce Marketing Co Ltd, Barshi, Dist Solapur",Onion,2026-04-06,Other,752.5,500.0,1200.0,800.0
Maharashtra,"Malharshree Khajgi Krushi Utpann Bajar, Chandanpuri Tal Malegaon, Nashik",Onion,2026-04-06,Red,155.5,355.0,1110.0,874.0
Maharashtra,Mangal Wedha APMC,Onion,2026-04-06,Local,4.6,300.0,1050.0,900.0
Maharashtra,Manmad APMC,Onion,2026-04-06,Other,398.3,200.0,1204.0,900.0
Maharashtra,Manmad APMC,Onion,2026-04-06,Red,523.9,100.0,970.0,900.0
Maharashtra,Mumbai-Onion & Potato Market APMC,Onion,2026-04-06,Other,1789.9,800.0,1600.0,1200.0
Maharashtra,Nagpur APMC,Onion,2026-04-06,Red,186.0,800.0,1200.0,1150.0
Maharashtra,Nagpur APMC,Onion,2026-04-06,White,150.0,1000.0,1200.0,1150.0
Maharashtra,Nampur APMC,Onion,2026-04-06,Other,650.0,200.0,1115.0,900.0
Maharashtra,Nampur APMC,Onion,2026-04-06,Red,90.0,150.0,835.0,700.0
Maharashtra,Nandgaon APMC,Onion,2026-04-06,Other,706.7,252.0,1100.0,950.0
Maharashtra,Nandgaon APMC,Onion,2026-04-06,Red,325.5,300.0,1015.0,650.0
Maharashtra,Nasik APMC,Onion,2026-04-06,Other,304.7,350.0,1300.0,1050.0
Maharashtra,Paranda APMC,Onion,2026-04-06,Red,375.0,100.0,1100.0,800.0
Maharashtra,Pimpalgaon Baswant APMC,Onion,2026-04-06,Other,2627.5,300.0,1488.0,1200.0
Maharashtra,Pimpalgaon Baswant APMC,Onion,2026-04-06,Pole,122.0,300.0,1070.0,901.0
Maharashtra,Pimpalgaon Baswant(Saykheda) APMC,Onion,2026-04-06,Other,230.4,525.0,1111.0,1000.0
Maharashtra,Pune APMC,Onion,2026-04-06,Local,1041.5,500.0,1400.0,950.0
Maharashtra,Pune(Khadiki) APMC,Onion,2026-04-06,Local,1.0,700.0,1100.0,900.0
Maharashtra,Pune(Manjri) APMC,Onion,2026-04-06,Local,7.1,800.0,1200.0,1100.0
Maharashtra,Pune(Moshi) APMC,Onion,2026-04-06,Local,85.5,500.0,1200.0,850.0
Maharashtra,Pune(Pimpri) APMC,Onion,2026-04-06,Local,0.1,1300.0,1300.0,1300.0
Maharashtra,Rahuri(Vambori) APMC,Onion,2026-04-06,Other,64.6,100.0,1300.0,900.0
Maharashtra,SHRI.SIDDHESHWAR  APMC,Onion,2026-04-06,Red,2697.9,100.0,1500.0,700.0
Maharashtra,Sakri APMC,Onion,2026-04-06,Other,152.0,550.0,970.0,890.0
Maharashtra,Sangamner APMC,Onion,2026-04-06,Other,743.9,200.0,1351.0,776.0
Maharashtra,"Sangli(Phale, Bhajipala Market) APMC",Onion,2026-04-06,Local,472.8,500.0,1400.0,950.0
Maharashtra,Satara APMC,Onion,2026-04-06,Other,39.3,700.0,1300.0,1000.0
Maharashtra,Shevgaon APMC,Onion,2026-04-06,1st Sort,71.2,800.0,1000.0,900.0
Maharashtra,Shevgaon APMC,Onion,2026-04-06,2nd Sort,61.2,400.0,700.0,500.0
Maharashtra,Shivsiddha Govind Producer Company Ltd Sanchalit Khajgi Krushi Utpann Bajar Samati-Abhona-Kalwan,Onion,2026-04-06,Other,1558.84,900.0,1500.0,1350.0
Maharashtra,Sinner APMC,Onion,2026-04-06,Other,208.8,300.0,1214.0,975.0
Maharashtra,Vaduj APMC,Onion,2026-04-06,Local,9.0,500.0,1200.0,800.0
Maharashtra,Vaijpur APMC,Onion,2026-04-06,Other,582.4,200.0,1031.0,800.0
Maharashtra,Vaijpur APMC,Onion,2026-04-06,Red,131.3,200.0,890.0,650.0
Maharashtra,Yeola APMC,Onion,2026-04-06,Other,261.0,270.0,1295.0,1050.0
Maharashtra,Yeola APMC,Onion,2026-04-06,Red,783.0,200.0,1040.0,875.0
Maharashtra,AGRICULTURE PRODUCE MARKET COMITEE CHANDWAD,Onion,2026-04-07,Other,1109.4,605.0,1500.0,1050.0
Maharashtra,AGRICULTURE PRODUCE MARKET COMITEE CHANDWAD,Onion,2026-04-07,Red,282.9,100.0,960.0,860.0
Maharashtra,Akola APMC,Onion,2026-04-07,Other,55.5,400.0,1100.0,800.0
Maharashtra,Akole APMC,Onion,2026-04-07,Other,330.6,250.0,1351.0,1051.0
Maharashtra,Amrawati(Frui & Veg. Market) APMC,Onion,2026-04-07,Red,34.7,600.0,1400.0,1000.0
Maharashtra,Bhusaval APMC,Onion,2026-04-07,Other,9.6,500.0,1000.0,800.0
Maharashtra,Chandrapur(Ganjwad) APMC,Onion,2026-04-07,Other,48.0,1100.0,1400.0,1300.0
Maharashtra,Chattrapati Sambhajinagar APMC,Onion,2026-04-07,Other,271.9,275.0,1075.0,675.0
Maharashtra,Devala APMC,Onion,2026-04-07,Other,377.2,500.0,1500.0,1150.0
Maharashtra,Devala APMC,Onion,2026-04-07,Red,150.0,300.0,1000.0,850.0
Maharashtra,Dharashiv APMC,Onion,2026-04-07,Red,5.4,400.0,1200.0,800.0
Maharashtra,Dindori APMC,Onion,2026-04-07,Other,49.1,1000.0,1311.0,1200.0
Maharashtra,Dindori(Vani) APMC,Onion,2026-04-07,Other,556.6,1000.0,1311.0,1200.0
Maharashtra,Gangapur APMC,Onion,2026-04-07,Other,145.9,490.0,1150.0,880.0
Maharashtra,HINGNA - APMC,Onion,2026-04-07,Red,3.6,1200.0,1600.0,1433.0
Maharashtra,Islampur APMC,Onion,2026-04-07,Local,54.5,500.0,1400.0,850.0
Maharashtra,Jalgaon APMC,Onion,2026-04-07,Red,124.3,375.0,1202.0,875.0
Maharashtra,Junnar(Alephata) APMC,Onion,2026-04-07,Other,196.7,900.0,1410.0,1200.0
Maharashtra,Kalvan APMC,Onion,2026-04-07,Other,580.0,500.0,1475.0,951.0
Maharashtra,Kalvan APMC,Onion,2026-04-07,Red,30.0,500.0,1005.0,850.0
Maharashtra,Kalyan APMC,Onion,2026-04-07,1st Sort,0.3,1000.0,1400.0,1200.0
Maharashtra,Kalyan APMC,Onion,2026-04-07,2nd Sort,0.3,800.0,1000.0,900.0
Maharashtra,Karad APMC,Onion,2026-04-07,Other,19.8,500.0,1400.0,1400.0
Maharashtra,Karjat APMC,Onion,2026-04-07,Local,0.7,600.0,600.0,600.0
Maharashtra,Khed(Chakan) APMC,Onion,2026-04-07,Other,25.0,1000.0,1300.0,1200.0
Maharashtra,Kolhapur APMC,Onion,2026-04-07,Other,458.3,500.0,1400.0,900.0
Maharashtra,Kopargaon APMC,Onion,2026-04-07,Other,266.0,500.0,1244.0,1100.0
Maharashtra,Kopargaon APMC,Onion,2026-04-07,Red,30.0,400.0,1000.0,900.0
Maharashtra,Lasalgaon APMC,Onion,2026-04-07,Other,1062.2,500.0,1451.0,1100.0
Maharashtra,Lasalgaon APMC,Onion,2026-04-07,Red,274.6,300.0,980.0,850.0
Maharashtra,Lasalgaon(Niphad) APMC,Onion,2026-04-07,Other,97.5,521.0,1277.0,1131.0
Maharashtra,Lasalgaon(Niphad) APMC,Onion,2026-04-07,Red,46.5,452.0,870.0,811.0
Maharashtra,Lasalgaon(Vinchur) APMC,Onion,2026-04-07,Other,392.0,500.0,1150.0,1075.0
Maharashtra,Lasalgaon(Vinchur) APMC,Onion,2026-04-07,Red,302.7,400.0,970.0,850.0
Maharashtra,Lasur Station APMC,Onion,2026-04-07,Other,630.0,200.0,1022.0,700.0
Maharashtra,"Laxmi-Sopan Agriculture Produce Marketing Co Ltd, Barshi, Dist Solapur",Onion,2026-04-07,Other,785.0,500.0,1300.0,900.0
Maharashtra,"Malharshree Khajgi Krushi Utpann Bajar, Chandanpuri Tal Malegaon, Nashik",Onion,2026-04-07,Pole,139.5,388.0,1130.0,924.0
Maharashtra,Malkapur APMC,Onion,2026-04-07,Local,322.0,300.0,1050.0,700.0
Maharashtra,Manmad APMC,Onion,2026-04-07,Other,317.3,300.0,1170.0,900.0
Maharashtra,Manmad APMC,Onion,2026-04-07,Red,374.1,100.0,1000.0,700.0
Maharashtra,Mumbai-Onion & Potato Market APMC,Onion,2026-04-07,Other,1503.4,700.0,1500.0,1100.0
Maharashtra,Nagpur APMC,Onion,2026-04-07,Red,276.0,800.0,1200.0,1100.0
Maharashtra,Nagpur APMC,Onion,2026-04-07,White,20.0,1000.0,1200.0,1150.0
Maharashtra,Nandgaon APMC,Onion,2026-04-07,Other,599.3,400.0,1035.0,950.0
Maharashtra,Nandgaon APMC,Onion,2026-04-07,Red,268.3,100.0,975.0,650.0
Maharashtra,Nasik APMC,Onion,2026-04-07,Other,320.9,411.0,1351.0,1100.0
Maharashtra,"Omchatinya Multi State Agro Purpose Co-Op Society, Dist Ahilyanagar",Onion,2026-04-07,Red,52.3,100.0,1300.0,850.0
Maharashtra,Paranda APMC,Onion,2026-04-07,Red,270.0,250.0,1000.0,600.0
Maharashtra,Pimpalgaon Baswant APMC,Onion,2026-04-07,Other,2141.1,300.0,1505.0,1200.0
Maharashtra,Pimpalgaon Baswant APMC,Onion,2026-04-07,Pole,101.8,300.0,1061.0,900.0
Maharashtra,Pimpalgaon Baswant(Saykheda) APMC,Onion,2026-04-07,Other,138.5,500.0,1126.0,970.0
Maharashtra,Pune APMC,Onion,2026-04-07,Local,1153.3,500.0,1300.0,900.0
Maharashtra,Pune(Khadiki) APMC,Onion,2026-04-07,Local,2.5,700.0,1000.0,850.0
Maharashtra,Pune(Manjri) APMC,Onion,2026-04-07,Local,5.3,900.0,1300.0,1100.0
Maharashtra,Pune(Moshi) APMC,Onion,2026-04-07,Local,50.5,500.0,1200.0,850.0
Maharashtra,Pune(Pimpri) APMC,Onion,2026-04-07,Local,0.8,650.0,1400.0,1030.0
Maharashtra,Rahuri APMC,Onion,2026-04-07,Other,517.2,100.0,1350.0,725.0
Maharashtra,SHRI.SIDDHESHWAR  APMC,Onion,2026-04-07,Red,2505.9,100.0,1500.0,700.0
Maharashtra,Sakri APMC,Onion,2026-04-07,Other,148.0,680.0,990.0,870.0
Maharashtra,Sangamner APMC,Onion,2026-04-07,Other,866.7,200.0,1351.0,775.0
Maharashtra,"Sangli(Phale, Bhajipala Market) APMC",Onion,2026-04-07,Local,506.5,400.0,1300.0,850.0
Maharashtra,Satara APMC,Onion,2026-04-07,Other,25.8,500.0,1500.0,1000.0
Maharashtra,Shivsiddha Govind Producer Company Ltd Sanchalit Khajgi Krushi Utpann Bajar Samati-Abhona-Kalwan,Onion,2026-04-07,Other,1080.87,300.0,1501.0,1150.0
Maharashtra,Sinner APMC,Onion,2026-04-07,Other,166.8,300.0,1160.0,1000.0
Maharashtra,Vaduj APMC,Onion,2026-04-07,Local,6.0,500.0,1200.0,800.0
Maharashtra,Vai APMC,Onion,2026-04-07,Local,1.2,500.0,1400.0,1000.0
Maharashtra,Vita APMC,Onion,2026-04-07,Other,2.0,800.0,1200.0,1000.0
Maharashtra,AGRICULTURE PRODUCE MARKET COMITEE CHANDWAD,Onion,2026-04-08,Other,1318.3,770.0,1450.0,1060.0
Maharashtra,AGRICULTURE PRODUCE MARKET COMITEE CHANDWAD,Onion,2026-04-08,Red,241.1,200.0,970.0,850.0
Maharashtra,APMC Yawal,Onion,2026-04-08,Red,73.1,970.0,1200.0,1100.0
Maharashtra,Akluj APMC,Onion,2026-04-08,Other,37.1,200.0,1500.0,1000.0
Maharashtra,Akola APMC,Onion,2026-04-08,Other,37.5,400.0,1000.0,700.0
Maharashtra,Amrawati(Frui & Veg. Market) APMC,Onion,2026-04-08,Red,39.0,700.0,1400.0,1150.0
Maharashtra,Bhusaval APMC,Onion,2026-04-08,Other,3.4,500.0,1000.0,800.0
Maharashtra,Chattrapati Sambhajinagar APMC,Onion,2026-04-08,Other,259.0,600.0,900.0,750.0
Maharashtra,Devala APMC,Onion,2026-04-08,Other,467.4,400.0,1340.0,1100.0
Maharashtra,Devala APMC,Onion,2026-04-08,Red,150.0,350.0,930.0,800.0
Maharashtra,Dharashiv APMC,Onion,2026-04-08,Red,4.4,500.0,1000.0,750.0
Maharashtra,Dhule APMC,Onion,2026-04-08,Red,50.1,300.0,1180.0,900.0
Maharashtra,Dindori(Vani) APMC,Onion,2026-04-08,Other,614.4,811.0,1425.0,1211.0
Maharashtra,HINGNA - APMC,Onion,2026-04-08,Red,5.0,900.0,1600.0,1120.0
Maharashtra,HINGNA - APMC,Onion,2026-04-08,White,0.2,1300.0,1300.0,1300.0
Maharashtra,Jalgaon APMC,Onion,2026-04-08,Red,117.8,500.0,1075.0,875.0
Maharashtra,Junnar(Narayangaon) APMC,Onion,2026-04-08,Other,6.8,300.0,1200.0,850.0
Maharashtra,Kalyan APMC,Onion,2026-04-08,1st Sort,0.3,1000.0,1400.0,1200.0
Maharashtra,Kalyan APMC,Onion,2026-04-08,2nd Sort,0.3,800.0,1000.0,900.0
Maharashtra,Kamthi APMC,Onion,2026-04-08,Local,1.4,1530.0,2030.0,1780.0
Maharashtra,Karad APMC,Onion,2026-04-08,Other,24.9,500.0,1300.0,1300.0
Maharashtra,Khed(Chakan) APMC,Onion,2026-04-08,Other,750.0,800.0,1300.0,1000.0
Maharashtra,Kolhapur APMC,Onion,2026-04-08,Other,702.0,500.0,1300.0,1000.0
Maharashtra,Kopargaon APMC,Onion,2026-04-08,Other,252.0,500.0,1189.0,1025.0
Maharashtra,Kopargaon APMC,Onion,2026-04-08,Red,40.0,500.0,1070.0,925.0
Maharashtra,Lasalgaon APMC,Onion,2026-04-08,Other,931.6,500.0,1500.0,1151.0
Maharashtra,Lasalgaon APMC,Onion,2026-04-08,Red,205.4,300.0,936.0,800.0
Maharashtra,Lasalgaon(Niphad) APMC,Onion,2026-04-08,Other,132.0,518.0,1290.0,1125.0
Maharashtra,Lasalgaon(Niphad) APMC,Onion,2026-04-08,Red,31.5,503.0,864.0,840.0
Maharashtra,Lasalgaon(Vinchur) APMC,Onion,2026-04-08,Other,533.7,500.0,1201.0,1100.0
Maharashtra,Lasalgaon(Vinchur) APMC,Onion,2026-04-08,Red,108.5,400.0,972.0,850.0
Maharashtra,Lasur Station APMC,Onion,2026-04-08,Other,634.0,200.0,1022.0,725.0
Maharashtra,"Laxmi-Sopan Agriculture Produce Marketing Co Ltd, Barshi, Dist Solapur",Onion,2026-04-08,Other,712.5,400.0,1200.0,900.0
Maharashtra,"Malharshree Khajgi Krushi Utpann Bajar, Chandanpuri Tal Malegaon, Nashik",Onion,2026-04-08,Red,119.9,345.0,1053.0,879.0
Maharashtra,Mangal Wedha APMC,Onion,2026-04-08,Local,3.7,400.0,1400.0,900.0
Maharashtra,Manmad APMC,Onion,2026-04-08,Other,296.9,200.0,1080.0,900.0
Maharashtra,Manmad APMC,Onion,2026-04-08,Red,346.4,100.0,995.0,876.0
Maharashtra,Mumbai-Onion & Potato Market APMC,Onion,2026-04-08,Other,1165.4,800.0,1500.0,1150.0
Maharashtra,Nampur APMC,Onion,2026-04-08,Other,490.5,200.0,1140.0,900.0
Maharashtra,Nampur APMC,Onion,2026-04-08,Red,61.5,300.0,845.0,700.0
Maharashtra,Nandgaon APMC,Onion,2026-04-08,Other,1453.9,201.0,1130.0,950.0
Maharashtra,Nandgaon APMC,Onion,2026-04-08,Red,597.3,250.0,941.0,650.0
Maharashtra,Nasik APMC,Onion,2026-04-08,Other,289.8,350.0,1300.0,1000.0
Maharashtra,Newasa(Ghodegaon) APMC,Onion,2026-04-08,Red,277.6,300.0,1200.0,800.0
Maharashtra,Paranda APMC,Onion,2026-04-08,Red,375.0,250.0,1100.0,600.0
Maharashtra,Parner APMC,Onion,2026-04-08,Other,880.7,200.0,1300.0,950.0
Maharashtra,Pathardi APMC,Onion,2026-04-08,Red,87.7,100.0,1200.0,650.0
Maharashtra,Pimpalgaon Baswant APMC,Onion,2026-04-08,Other,2238.6,400.0,1590.0,1200.0
Maharashtra,Pimpalgaon Baswant APMC,Onion,2026-04-08,Pole,75.8,300.0,1052.0,900.0
Maharashtra,Pimpalgaon Baswant(Saykheda) APMC,Onion,2026-04-08,Other,165.4,581.0,1151.0,1000.0
Maharashtra,Pune APMC,Onion,2026-04-08,Local,908.1,500.0,1300.0,900.0
Maharashtra,Pune(Khadiki) APMC,Onion,2026-04-08,Local,1.8,700.0,1000.0,850.0
Maharashtra,Pune(Manjri) APMC,Onion,2026-04-08,Local,3.3,1000.0,1200.0,1100.0
Maharashtra,Pune(Pimpri) APMC,Onion,2026-04-08,Local,1.4,1100.0,1400.0,1250.0
Maharashtra,Ramtek APMC,Onion,2026-04-08,Other,0.6,1100.0,1500.0,1300.0
Maharashtra,SHRI.SIDDHESHWAR  APMC,Onion,2026-04-08,Red,2899.0,100.0,1350.0,600.0
Maharashtra,Sakri APMC,Onion,2026-04-08,Other,142.0,305.0,945.0,700.0
Maharashtra,Sangamner APMC,Onion,2026-04-08,Other,795.3,200.0,1335.0,768.0
Maharashtra,"Sangli(Phale, Bhajipala Market) APMC",Onion,2026-04-08,Local,529.6,400.0,1300.0,850.0
Maharashtra,Satara APMC,Onion,2026-04-08,Other,25.4,700.0,1300.0,1000.0
Maharashtra,Shirpur APMC,Onion,2026-04-08,Red,48.6,175.0,1275.0,1000.0
Maharashtra,Shivsiddha Govind Producer Company Ltd Sanchalit Khajgi Krushi Utpann Bajar Samati-Abhona-Kalwan,Onion,2026-04-08,Other,974.79,350.0,1500.0,1220.0
Maharashtra,Sinner APMC,Onion,2026-04-08,Other,177.4,300.0,1140.0,1000.0
Maharashtra,Vadgaonpeth APMC,Onion,2026-04-08,Local,28.0,900.0,1800.0,1300.0
Maharashtra,Vaduj APMC,Onion,2026-04-08,Local,5.0,500.0,1200.0,800.0
Maharashtra,Vaijpur APMC,Onion,2026-04-08,Other,719.1,200.0,1011.0,800.0
Maharashtra,Vaijpur APMC,Onion,2026-04-08,Red,158.5,200.0,830.0,650.0
Maharashtra,Yeola APMC,Onion,2026-04-08,Other,423.4,240.0,1250.0,1050.0
Maharashtra,Yeola APMC,Onion,2026-04-08,Red,423.5,171.0,1050.0,850.0
Maharashtra,AGRICULTURE PRODUCE MARKET COMITEE CHANDWAD,Onion,2026-04-09,Other,1370.0,735.0,1500.0,1050.0
Maharashtra,AGRICULTURE PRODUCE MARKET COMITEE CHANDWAD,Onion,2026-04-09,Red,156.6,100.0,995.0,860.0
Maharashtra,APMC Yawal,Onion,2026-04-09,Red,142.4,980.0,1190.0,1110.0
Maharashtra,Ahilyanagar APMC,Onion,2026-04-09,Red,2602.3,150.0,1300.0,750.0
Maharashtra,Akola APMC,Onion,2026-04-09,Other,62.0,400.0,1200.0,800.0
Maharashtra,Akole APMC,Onion,2026-04-09,Other,417.5,200.0,1351.0,1100.0
Maharashtra,Bhusaval APMC,Onion,2026-04-09,Other,4.2,500.0,1000.0,800.0
Maharashtra,Chattrapati Sambhajinagar APMC,Onion,2026-04-09,Other,419.3,300.0,950.0,625.0
Maharashtra,Devala APMC,Onion,2026-04-09,Other,665.2,500.0,1600.0,1250.0
Maharashtra,Devala APMC,Onion,2026-04-09,Red,160.0,350.0,1030.0,900.0
Maharashtra,Dharashiv APMC,Onion,2026-04-09,Red,2.9,600.0,1200.0,900.0
Maharashtra,Dhule APMC,Onion,2026-04-09,Red,150.2,400.0,1100.0,900.0
Maharashtra,Dindori(Vani) APMC,Onion,2026-04-09,Other,599.2,801.0,1410.0,1225.0
Maharashtra,Gangapur APMC,Onion,2026-04-09,Other,236.5,350.0,957.0,765.0
Maharashtra,HINGNA - APMC,Onion,2026-04-09,Red,0.4,1500.0,1600.0,1533.0
Maharashtra,Jalgaon APMC,Onion,2026-04-09,Red,120.3,300.0,1137.0,800.0
Maharashtra,Jamkhed APMC,Onion,2026-04-09,Local,549.7,100.0,1100.0,600.0
Maharashtra,Junnar APMC,Onion,2026-04-09,Other,104.0,400.0,1400.0,900.0
Maharashtra,Junnar(Narayangaon) APMC,Onion,2026-04-09,Other,5.2,200.0,1300.0,750.0
Maharashtra,Junnar(Otur) APMC,Onion,2026-04-09,Other,960.6,700.0,1400.0,1200.0
Maharashtra,Kalvan APMC,Onion,2026-04-09,Other,550.0,700.0,1475.0,1000.0
Maharashtra,Kalvan APMC,Onion,2026-04-09,Red,35.0,400.0,1000.0,800.0
Maharashtra,Kalyan APMC,Onion,2026-04-09,1st Sort,0.3,1000.0,1400.0,1200.0
Maharashtra,Kalyan APMC,Onion,2026-04-09,2nd Sort,0.3,800.0,1000.0,900.0
Maharashtra,Kamthi APMC,Onion,2026-04-09,Local,3.3,1520.0,2020.0,1770.0
Maharashtra,Karad APMC,Onion,2026-04-09,Other,24.9,500.0,1300.0,1300.0
Maharashtra,Khed(Chakan) APMC,Onion,2026-04-09,Other,20.0,900.0,1300.0,1100.0
Maharashtra,Kolhapur APMC,Onion,2026-04-09,Other,427.7,500.0,1300.0,900.0
Maharashtra,Kopargaon APMC,Onion,2026-04-09,Other,308.0,500.0,1226.0,1050.0
Maharashtra,Kopargaon APMC,Onion,2026-04-09,Red,30.0,400.0,981.0,875.0
Maharashtra,Kurdwadi(Modnimb) APMC,Onion,2026-04-09,Red,44.1,150.0,1000.0,700.0
Maharashtra,Lasalgaon APMC,Onion,2026-04-09,Other,936.6,400.0,1505.0,1125.0
Maharashtra,Lasalgaon APMC,Onion,2026-04-09,Red,138.4,300.0,972.0,800.0
Maharashtra,Lasalgaon(Niphad) APMC,Onion,2026-04-09,Other,166.0,450.0,1400.0,1275.0
Maharashtra,Lasalgaon(Niphad) APMC,Onion,2026-04-09,Red,30.0,421.0,898.0,800.0
Maharashtra,Lasalgaon(Vinchur) APMC,Onion,2026-04-09,Other,511.0,500.0,1252.0,1100.0
Maharashtra,Lasalgaon(Vinchur) APMC,Onion,2026-04-09,Red,92.7,400.0,946.0,800.0
Maharashtra,Lasur Station APMC,Onion,2026-04-09,Other,680.0,200.0,1025.0,700.0
Maharashtra,"Laxmi-Sopan Agriculture Produce Marketing Co Ltd, Barshi, Dist Solapur",Onion,2026-04-09,Other,726.0,400.0,1200.0,800.0
Maharashtra,Lonand APMC,Onion,2026-04-09,Other,450.0,400.0,1150.0,950.0
Maharashtra,"Malharshree Khajgi Krushi Utpann Bajar, Chandanpuri Tal Malegaon, Nashik",Onion,2026-04-09,Red,117.4,411.0,1083.0,952.0
Maharashtra,Manchar APMC,Onion,2026-04-09,Other,844.5,1000.0,1510.0,1260.0
Maharashtra,Mangal Wedha APMC,Onion,2026-04-09,Local,1.3,300.0,600.0,450.0
Maharashtra,Manmad APMC,Onion,2026-04-09,Other,110.0,400.0,1132.0,1000.0
Maharashtra,Manmad APMC,Onion,2026-04-09,Red,105.0,300.0,940.0,850.0
Maharashtra,Mumbai-Onion & Potato Market APMC,Onion,2026-04-09,Other,1008.0,700.0,1400.0,1050.0
Maharashtra,Nagpur APMC,Onion,2026-04-09,Red,248.0,1000.0,1400.0,1300.0
Maharashtra,Nagpur APMC,Onion,2026-04-09,White,200.0,1000.0,1400.0,1300.0
Maharashtra,Nampur APMC,Onion,2026-04-09,Other,235.3,300.0,1225.0,1000.0
Maharashtra,Nandgaon APMC,Onion,2026-04-09,Other,1571.5,100.0,1141.0,950.0
Maharashtra,Nandgaon APMC,Onion,2026-04-09,Red,372.0,150.0,951.0,650.0
Maharashtra,Nasik APMC,Onion,2026-04-09,Other,244.2,300.0,1250.0,950.0
Maharashtra,Pandharpur APMC,Onion,2026-04-09,Red,38.2,100.0,1320.0,700.0
Maharashtra,Paranda APMC,Onion,2026-04-09,Red,277.5,250.0,1100.0,550.0
Maharashtra,Pimpalgaon Baswant APMC,Onion,2026-04-09,Other,2240.7,400.0,1660.0,1250.0
Maharashtra,Pimpalgaon Baswant APMC,Onion,2026-04-09,Pole,46.9,300.0,1060.0,925.0
Maharashtra,Pimpalgaon Baswant(Saykheda) APMC,Onion,2026-04-09,Other,70.5,700.0,1151.0,980.0
Maharashtra,Pune APMC,Onion,2026-04-09,Local,1106.0,500.0,1300.0,900.0
Maharashtra,Pune(Khadiki) APMC,Onion,2026-04-09,Local,1.2,700.0,1100.0,900.0
Maharashtra,Pune(Manjri) APMC,Onion,2026-04-09,Local,4.6,700.0,1200.0,900.0
Maharashtra,Pune(Moshi) APMC,Onion,2026-04-09,Local,97.2,300.0,1000.0,650.0
Maharashtra,Pune(Pimpri) APMC,Onion,2026-04-09,Local,0.8,700.0,1400.0,1050.0
Maharashtra,Rahuri(Vambori) APMC,Onion,2026-04-09,Other,69.8,100.0,1300.0,800.0
Maharashtra,Ramtek APMC,Onion,2026-04-09,Other,2.3,1100.0,1500.0,1300.0
Maharashtra,SHRI.SIDDHESHWAR  APMC,Onion,2026-04-09,Red,3022.2,100.0,1300.0,600.0
Maharashtra,Sakri APMC,Onion,2026-04-09,Other,90.0,200.0,875.0,600.0
Maharashtra,Sangamner APMC,Onion,2026-04-09,Other,909.4,200.0,1351.0,775.0
Maharashtra,"Sangli(Phale, Bhajipala Market) APMC",Onion,2026-04-09,Local,401.4,400.0,1300.0,850.0
Maharashtra,Satara APMC,Onion,2026-04-09,Other,68.0,1000.0,1300.0,1100.0
Maharashtra,Shevgaon APMC,Onion,2026-04-09,1st Sort,73.0,900.0,1200.0,1050.0
Maharashtra,Shevgaon APMC,Onion,2026-04-09,2nd Sort,81.2,500.0,800.0,700.0
Maharashtra,Shivsiddha Govind Producer Company Ltd Sanchalit Khajgi Krushi Utpann Bajar Samati-Abhona-Kalwan,Onion,2026-04-09,Other,1188.23,400.0,1500.0,1175.0
Maharashtra,Sinner APMC,Onion,2026-04-09,Other,169.3,500.0,1151.0,1050.0
Maharashtra,Umrane APMC,Onion,2026-04-09,Red,1850.0,500.0,1316.0,950.0
Maharashtra,Vadgaonpeth APMC,Onion,2026-04-09,Local,27.0,900.0,1500.0,1200.0
Maharashtra,Vaduj APMC,Onion,2026-04-09,Local,5.0,500.0,1100.0,800.0
Maharashtra,Vaijpur APMC,Onion,2026-04-09,Other,642.1,200.0,980.0,800.0
Maharashtra,Vaijpur APMC,Onion,2026-04-09,Red,132.7,200.0,830.0,650.0
Maharashtra,Vita APMC,Onion,2026-04-09,Other,5.0,800.0,1200.0,1000.0
Maharashtra,Yeola APMC,Onion,2026-04-09,Other,400.1,200.0,1220.0,1000.0
Maharashtra,Yeola APMC,Onion,2026-04-09,Red,266.8,175.0,971.0,800.0
Maharashtra,AGRICULTURE PRODUCE MARKET COMITEE CHANDWAD,Onion,2026-04-10,Other,1390.9,600.0,1460.0,1050.0
Maharashtra,AGRICULTURE PRODUCE MARKET COMITEE CHANDWAD,Onion,2026-04-10,Red,165.9,100.0,1075.0,870.0
Maharashtra,APMC Yawal,Onion,2026-04-10,Red,223.0,1270.0,1690.0,1520.0
Maharashtra,Akola APMC,Onion,2026-04-10,Other,73.0,400.0,1100.0,800.0
Maharashtra,Amrawati(Frui & Veg. Market) APMC,Onion,2026-04-10,Red,40.8,300.0,1600.0,950.0
Maharashtra,Bhusaval APMC,Onion,2026-04-10,Other,6.0,500.0,1000.0,800.0
Maharashtra,Devala APMC,Onion,2026-04-10,Other,505.3,400.0,1410.0,1100.0
Maharashtra,Devala APMC,Onion,2026-04-10,Red,90.0,350.0,870.0,800.0
Maharashtra,Dharashiv APMC,Onion,2026-04-10,Red,5.0,500.0,1200.0,850.0
Maharashtra,Dhule APMC,Onion,2026-04-10,Red,122.8,500.0,1050.0,950.0
Maharashtra,Gangapur APMC,Onion,2026-04-10,Other,234.0,206.0,1101.0,815.0
Maharashtra,HINGNA - APMC,Onion,2026-04-10,Red,0.8,1200.0,1200.0,1200.0
Maharashtra,Islampur APMC,Onion,2026-04-10,Local,32.3,900.0,1300.0,1100.0
Maharashtra,Jalgaon APMC,Onion,2026-04-10,Red,250.8,150.0,1250.0,875.0
Maharashtra,Junnar(Alephata) APMC,Onion,2026-04-10,Other,286.7,900.0,1400.0,1150.0
Maharashtra,Junnar(Narayangaon) APMC,Onion,2026-04-10,Other,5.2,300.0,1300.0,800.0
Maharashtra,Kalvan APMC,Onion,2026-04-10,Other,450.0,500.0,1430.0,1050.0
Maharashtra,Kalvan APMC,Onion,2026-04-10,Red,20.0,750.0,1000.0,900.0
Maharashtra,Kamthi APMC,Onion,2026-04-10,Local,3.2,1520.0,2020.0,1770.0
Maharashtra,Khed(Chakan) APMC,Onion,2026-04-10,Other,20.0,900.0,1300.0,1100.0
Maharashtra,Kolhapur APMC,Onion,2026-04-10,Other,510.6,500.0,1300.0,900.0
Maharashtra,Kopargaon APMC,Onion,2026-04-10,Other,342.0,500.0,1226.0,1000.0
Maharashtra,Kopargaon APMC,Onion,2026-04-10,Red,30.0,300.0,950.0,750.0
Maharashtra,Lasalgaon APMC,Onion,2026-04-10,Other,1187.6,500.0,1500.0,1120.0
Maharashtra,Lasalgaon APMC,Onion,2026-04-10,Red,128.6,300.0,1060.0,810.0
Maharashtra,Lasalgaon(Niphad) APMC,Onion,2026-04-10,Other,220.0,625.0,1361.0,1230.0
Maharashtra,Lasalgaon(Niphad) APMC,Onion,2026-04-10,Red,22.5,500.0,882.0,800.0
Maharashtra,Lasalgaon(Vinchur) APMC,Onion,2026-04-10,Other,433.9,500.0,1201.0,1100.0
Maharashtra,Lasalgaon(Vinchur) APMC,Onion,2026-04-10,Red,42.0,300.0,960.0,800.0
Maharashtra,Lasur Station APMC,Onion,2026-04-10,Other,629.3,205.0,1051.0,700.0
Maharashtra,"Laxmi-Sopan Agriculture Produce Marketing Co Ltd, Barshi, Dist Solapur",Onion,2026-04-10,Other,760.0,500.0,1200.0,800.0
Maharashtra,"Malharshree Khajgi Krushi Utpann Bajar, Chandanpuri Tal Malegaon, Nashik",Onion,2026-04-10,Red,130.7,250.0,1131.0,964.0
Maharashtra,Mangal Wedha APMC,Onion,2026-04-10,Local,1.4,900.0,1150.0,1100.0
Maharashtra,Manmad APMC,Onion,2026-04-10,Other,100.0,300.0,1107.0,850.0
Maharashtra,Manmad APMC,Onion,2026-04-10,Red,251.3,100.0,980.0,870.0
Maharashtra,Mumbai-Onion & Potato Market APMC,Onion,2026-04-10,Other,1260.8,700.0,1400.0,1050.0
Maharashtra,Nampur APMC,Onion,2026-04-10,Other,523.2,255.0,1225.0,1000.0
Maharashtra,Nampur APMC,Onion,2026-04-10,Red,42.0,400.0,860.0,700.0
Maharashtra,Nasik APMC,Onion,2026-04-10,Other,237.7,320.0,1311.0,900.0
Maharashtra,"Omchatinya Multi State Agro Purpose Co-Op Society, Dist Ahilyanagar",Onion,2026-04-10,Other,38.82,100.0,1300.0,800.0
Maharashtra,Parner APMC,Onion,2026-04-10,Other,671.0,200.0,1300.0,950.0
Maharashtra,Pimpalgaon Baswant APMC,Onion,2026-04-10,Other,2304.5,400.0,1675.0,1225.0
Maharashtra,Pimpalgaon Baswant APMC,Onion,2026-04-10,Pole,66.6,300.0,1015.0,900.0
Maharashtra,Pimpalgaon Baswant(Saykheda) APMC,Onion,2026-04-10,Other,132.0,411.0,1201.0,1015.0
Maharashtra,Pune APMC,Onion,2026-04-10,Local,1349.7,500.0,1300.0,900.0
Maharashtra,Pune(Khadiki) APMC,Onion,2026-04-10,Local,1.7,600.0,1000.0,800.0
Maharashtra,Pune(Manjri) APMC,Onion,2026-04-10,Local,8.1,1000.0,1200.0,1100.0
Maharashtra,Pune(Moshi) APMC,Onion,2026-04-10,Local,73.7,500.0,1200.0,1100.0
Maharashtra,Pune(Pimpri) APMC,Onion,2026-04-10,Local,2.0,500.0,1400.0,950.0
Maharashtra,Rahata APMC,Onion,2026-04-10,Other,125.7,300.0,1400.0,1050.0
Maharashtra,Rahuri APMC,Onion,2026-04-10,Other,665.8,100.0,1300.0,700.0
Maharashtra,SHRI.SIDDHESHWAR  APMC,Onion,2026-04-10,Red,2918.3,100.0,1500.0,650.0
Maharashtra,Sakri APMC,Onion,2026-04-10,Other,75.0,675.0,985.0,800.0
Maharashtra,Sangamner APMC,Onion,2026-04-10,Other,876.6,200.0,1351.0,776.0
Maharashtra,"Sangli(Phale, Bhajipala Market) APMC",Onion,2026-04-10,Local,350.0,400.0,1300.0,850.0
Maharashtra,Shrirampur APMC,Onion,2026-04-10,Other,45.2,300.0,1100.0,1050.0
Maharashtra,Sinner APMC,Onion,2026-04-10,Other,182.0,500.0,1251.0,1100.0
Maharashtra,Umrane APMC,Onion,2026-04-10,Red,1950.0,500.0,1310.0,950.0
Maharashtra,Vadgaonpeth APMC,Onion,2026-04-10,Local,26.0,800.0,1400.0,1000.0
Maharashtra,Vai APMC,Onion,2026-04-10,Local,1.9,500.0,1400.0,1100.0
Maharashtra,Vaijpur APMC,Onion,2026-04-10,Other,640.8,200.0,1000.0,850.0
Maharashtra,Vaijpur APMC,Onion,2026-04-10,Red,108.0,200.0,830.0,650.0
Maharashtra,Yeola APMC,Onion,2026-04-10,Other,332.8,300.0,1156.0,950.0
Maharashtra,Yeola APMC,Onion,2026-04-10,Red,221.8,140.0,916.0,750.0
Maharashtra,AGRICULTURE PRODUCE MARKET COMITEE CHANDWAD,Onion,2026-04-11,Other,1350.0,500.0,1435.0,990.0
Maharashtra,AGRICULTURE PRODUCE MARKET COMITEE CHANDWAD,Onion,2026-04-11,Red,300.0,100.0,985.0,850.0
Maharashtra,APMC Yawal,Onion,2026-04-11,Red,151.6,970.0,1180.0,1100.0
Maharashtra,Akola APMC,Onion,2026-04-11,Other,63.5,400.0,1100.0,800.0
Maharashtra,Amrawati(Frui & Veg. Market) APMC,Onion,2026-04-11,Red,38.9,400.0,1600.0,1000.0
Maharashtra,Bhusaval APMC,Onion,2026-04-11,Other,5.8,500.0,1000.0,800.0
Maharashtra,Chandrapur(Ganjwad) APMC,Onion,2026-04-11,Other,46.0,1100.0,1400.0,1300.0
Maharashtra,Chattrapati Sambhajinagar APMC,Onion,2026-04-11,Other,275.4,500.0,1000.0,750.0
Maharashtra,Dharashiv APMC,Onion,2026-04-11,Red,0.8,500.0,6000.0,550.0
Maharashtra,Dhule APMC,Onion,2026-04-11,Red,110.1,500.0,1050.0,950.0
Maharashtra,HINGNA - APMC,Onion,2026-04-11,Red,0.3,1000.0,1500.0,1333.0
Maharashtra,Jalgaon APMC,Onion,2026-04-11,Red,192.5,125.0,1025.0,650.0
Maharashtra,Jamkhed APMC,Onion,2026-04-11,Local,92.7,100.0,1100.0,600.0
Maharashtra,Junnar(Narayangaon) APMC,Onion,2026-04-11,Other,5.2,200.0,1200.0,650.0
Maharashtra,Karad APMC,Onion,2026-04-11,Other,24.9,500.0,1300.0,1300.0
Maharashtra,Khed(Chakan) APMC,Onion,2026-04-11,Other,1250.0,700.0,1200.0,900.0
Maharashtra,Kolhapur APMC,Onion,2026-04-11,Other,679.6,500.0,1300.0,1000.0
Maharashtra,Kopargaon APMC,Onion,2026-04-11,Other,334.0,500.0,1159.0,1000.0
Maharashtra,Kopargaon APMC,Onion,2026-04-11,Red,20.0,300.0,975.0,810.0
Maharashtra,Lasalgaon APMC,Onion,2026-04-11,Other,649.4,600.0,1481.0,1100.0
Maharashtra,Lasalgaon APMC,Onion,2026-04-11,Red,62.4,400.0,900.0,775.0
Maharashtra,Lasalgaon(Niphad) APMC,Onion,2026-04-11,Other,290.0,411.0,1322.0,1150.0
Maharashtra,Lasalgaon(Niphad) APMC,Onion,2026-04-11,Red,10.0,480.0,883.0,800.0
Maharashtra,Lasalgaon(Vinchur) APMC,Onion,2026-04-11,Other,292.5,500.0,1322.0,1100.0
Maharashtra,Lasur Station APMC,Onion,2026-04-11,Other,650.0,200.0,1044.0,700.0
Maharashtra,Mangal Wedha APMC,Onion,2026-04-11,Local,1.4,300.0,1200.0,900.0
Maharashtra,Manmad APMC,Onion,2026-04-11,Other,280.5,340.0,1107.0,1000.0
Maharashtra,Mumbai-Onion & Potato Market APMC,Onion,2026-04-11,Other,1099.3,800.0,1500.0,1150.0
Maharashtra,Nagpur APMC,Onion,2026-04-11,Red,172.0,1000.0,1400.0,1300.0
Maharashtra,Nagpur APMC,Onion,2026-04-11,White,200.0,1000.0,1400.0,1300.0
Maharashtra,Newasa(Ghodegaon) APMC,Onion,2026-04-11,Red,370.2,300.0,1200.0,800.0
Maharashtra,Pimpalgaon Baswant APMC,Onion,2026-04-11,Other,2070.0,350.0,1700.0,1250.0
Maharashtra,Pimpalgaon Baswant APMC,Onion,2026-04-11,Pole,75.0,300.0,1000.0,850.0
Maharashtra,Pimpalgaon Baswant(Saykheda) APMC,Onion,2026-04-11,Other,175.0,501.0,1168.0,1000.0
Maharashtra,Pune(Khadiki) APMC,Onion,2026-04-11,Local,1.1,600.0,1000.0,800.0
Maharashtra,Pune(Manjri) APMC,Onion,2026-04-11,Local,4.0,1000.0,1300.0,1200.0
Maharashtra,Pune(Moshi) APMC,Onion,2026-04-11,Local,85.6,400.0,1200.0,800.0
Maharashtra,Pune(Pimpri) APMC,Onion,2026-04-11,Local,1.8,1000.0,1400.0,1200.0
Maharashtra,Rahuri(Vambori) APMC,Onion,2026-04-11,Other,82.1,100.0,1300.0,800.0
Maharashtra,Ramtek APMC,Onion,2026-04-11,Other,0.6,1100.0,1500.0,1300.0
Maharashtra,SHRI.SIDDHESHWAR  APMC,Onion,2026-04-11,Red,3285.3,100.0,1425.0,650.0
Maharashtra,"Sangli(Phale, Bhajipala Market) APMC",Onion,2026-04-11,Local,431.0,400.0,1300.0,850.0
Maharashtra,Satara APMC,Onion,2026-04-11,Other,44.5,1000.0,1500.0,1250.0
Maharashtra,Shevgaon APMC,Onion,2026-04-11,1st Sort,53.0,900.0,1200.0,1050.0
Maharashtra,Shevgaon APMC,Onion,2026-04-11,2nd Sort,54.0,500.0,800.0,650.0
Maharashtra,Shirpur APMC,Onion,2026-04-11,Red,85.0,100.0,1175.0,900.0
Maharashtra,Shivsiddha Govind Producer Company Ltd Sanchalit Khajgi Krushi Utpann Bajar Samati-Abhona-Kalwan,Onion,2026-04-11,Other,822.26,300.0,1600.0,1350.0
Maharashtra,Vaduj APMC,Onion,2026-04-11,Local,10.0,500.0,1400.0,900.0
Maharashtra,Vai APMC,Onion,2026-04-11,Local,2.5,700.0,1200.0,1000.0
Maharashtra,Vita APMC,Onion,2026-04-11,Other,3.0,800.0,1100.0,1000.0
Maharashtra,Yeola APMC,Onion,2026-04-11,Other,350.0,312.0,1187.0,1000.0
Maharashtra,Yeola APMC,Onion,2026-04-11,Red,150.0,140.0,900.0,700.0
Maharashtra,APMC Yawal,Onion,2026-04-12,Red,233.6,950.0,1190.0,1100.0
Maharashtra,Akluj APMC,Onion,2026-04-12,Other,52.2,200.0,1300.0,700.0
Maharashtra,Akole APMC,Onion,2026-04-12,Other,394.8,251.0,1311.0,1011.0
Maharashtra,Amrawati(Frui & Veg. Market) APMC,Onion,2026-04-12,Red,27.0,400.0,1700.0,1050.0
Maharashtra,Bhusaval APMC,Onion,2026-04-12,Other,10.8,500.0,1000.0,800.0
Maharashtra,Chattrapati Sambhajinagar APMC,Onion,2026-04-12,Other,641.0,550.0,1050.0,800.0
Maharashtra,Dharashiv APMC,Onion,2026-04-12,Red,10.4,280.0,1200.0,740.0
Maharashtra,Islampur APMC,Onion,2026-04-12,Local,20.8,900.0,1300.0,1150.0
Maharashtra,Junnar APMC,Onion,2026-04-12,Other,76.5,300.0,1300.0,900.0
Maharashtra,Junnar(Narayangaon) APMC,Onion,2026-04-12,Other,2.0,200.0,1250.0,700.0
Maharashtra,Junnar(Otur) APMC,Onion,2026-04-12,Other,798.8,500.0,1350.0,1200.0
Maharashtra,Kamthi APMC,Onion,2026-04-12,Local,2.8,1520.0,2020.0,1770.0
Maharashtra,Karad APMC,Onion,2026-04-12,Other,22.5,500.0,1400.0,1400.0
Maharashtra,Khed(Chakan) APMC,Onion,2026-04-12,Other,30.0,1000.0,1300.0,1200.0
Maharashtra,"Omchatinya Multi State Agro Purpose Co-Op Society, Dist Ahilyanagar",Onion,2026-04-12,Red,41.0,100.0,1200.0,700.0
Maharashtra,Paithan APMC,Onion,2026-04-12,Other,77.7,150.0,1100.0,800.0
Maharashtra,Paranda APMC,Onion,2026-04-12,Red,150.0,250.0,1000.0,600.0
Maharashtra,Parner APMC,Onion,2026-04-12,Other,812.6,200.0,1300.0,950.0
Maharashtra,Pathardi APMC,Onion,2026-04-12,Red,69.4,100.0,1100.0,600.0
Maharashtra,Pune APMC,Onion,2026-04-12,Local,1494.2,500.0,1300.0,900.0
Maharashtra,Pune(Manjri) APMC,Onion,2026-04-12,Local,5.7,1000.0,1300.0,1200.0
Maharashtra,Pune(Moshi) APMC,Onion,2026-04-12,Local,76.2,500.0,1200.0,850.0
Maharashtra,Pune(Pimpri) APMC,Onion,2026-04-12,Local,3.2,700.0,1400.0,1050.0
Maharashtra,Rahata APMC,Onion,2026-04-12,Other,132.1,300.0,1400.0,1000.0
Maharashtra,Rahuri APMC,Onion,2026-04-12,Other,407.0,100.0,1300.0,700.0
Maharashtra,Ramtek APMC,Onion,2026-04-12,Other,6.1,1100.0,1500.0,1300.0
Maharashtra,Satara APMC,Onion,2026-04-12,Other,40.0,1000.0,1300.0,1100.0
Maharashtra,Vadgaonpeth APMC,Onion,2026-04-12,Local,26.0,900.0,1500.0,1200.0
Maharashtra,Vai APMC,Onion,2026-04-12,Local,1.2,1000.0,1500.0,1200.0
Maharashtra,AGRICULTURE PRODUCE MARKET COMITEE CHANDWAD,Onion,2026-04-13,Other,1202.0,500.0,1545.0,910.0
Maharashtra,AGRICULTURE PRODUCE MARKET COMITEE CHANDWAD,Onion,2026-04-13,Red,102.0,300.0,990.0,730.0
Maharashtra,APMC Yawal,Onion,2026-04-13,Red,130.0,960.0,1200.0,1100.0
Maharashtra,Ahilyanagar APMC,Onion,2026-04-13,Red,2128.8,150.0,1200.0,750.0
Maharashtra,Amrawati(Frui & Veg. Market) APMC,Onion,2026-04-13,Red,30.9,400.0,1600.0,1000.0
Maharashtra,Chandrapur(Ganjwad) APMC,Onion,2026-04-13,Other,52.0,1200.0,1400.0,1300.0
Maharashtra,Chattrapati Sambhajinagar APMC,Onion,2026-04-13,Other,361.0,400.0,950.0,675.0
Maharashtra,Devala APMC,Onion,2026-04-13,Other,470.0,400.0,1425.0,1100.0
Maharashtra,Devala APMC,Onion,2026-04-13,Red,84.0,250.0,845.0,750.0
Maharashtra,Dhule APMC,Onion,2026-04-13,Red,7.6,300.0,1020.0,800.0
Maharashtra,Dindori APMC,Onion,2026-04-13,Other,76.9,911.0,1637.0,1401.0
Maharashtra,HINGNA - APMC,Onion,2026-04-13,Red,0.7,1100.0,1600.0,1433.0
Maharashtra,Jalgaon APMC,Onion,2026-04-13,Red,22.4,312.0,1002.0,687.0
Maharashtra,Junnar(Narayangaon) APMC,Onion,2026-04-13,Other,3.8,200.0,1250.0,700.0
Maharashtra,Kalvan APMC,Onion,2026-04-13,Other,625.0,700.0,1505.0,1100.0
Maharashtra,Kamthi APMC,Onion,2026-04-13,Local,0.7,1520.0,2020.0,1770.0
Maharashtra,Karad APMC,Onion,2026-04-13,Other,24.9,500.0,1200.0,1200.0
Maharashtra,Kolhapur APMC,Onion,2026-04-13,Other,710.2,500.0,1400.0,1000.0
Maharashtra,Kopargaon APMC,Onion,2026-04-13,Other,308.0,500.0,1226.0,1050.0
Maharashtra,Kopargaon APMC,Onion,2026-04-13,Red,30.0,400.0,981.0,875.0
Maharashtra,Kurdwadi(Modnimb) APMC,Onion,2026-04-13,Red,92.5,160.0,970.0,700.0
Maharashtra,Lasalgaon APMC,Onion,2026-04-13,Other,1433.6,500.0,1515.0,1150.0
Maharashtra,Lasalgaon APMC,Onion,2026-04-13,Red,119.8,300.0,861.0,750.0
Maharashtra,Lasalgaon(Niphad) APMC,Onion,2026-04-13,Other,432.0,525.0,1163.0,1050.0
Maharashtra,Lasalgaon(Niphad) APMC,Onion,2026-04-13,Red,15.0,300.0,797.0,771.0
Maharashtra,Lasalgaon(Vinchur) APMC,Onion,2026-04-13,Other,700.2,500.0,1600.0,1150.0
Maharashtra,Lasalgaon(Vinchur) APMC,Onion,2026-04-13,Red,32.2,300.0,911.0,800.0
Maharashtra,Lasur Station APMC,Onion,2026-04-13,Other,749.0,200.0,1060.0,675.0
Maharashtra,"Laxmi-Sopan Agriculture Produce Marketing Co Ltd, Barshi, Dist Solapur",Onion,2026-04-13,Other,1022.2,300.0,1100.0,700.0
Maharashtra,Mangal Wedha APMC,Onion,2026-04-13,Local,21.8,200.0,1200.0,1000.0
Maharashtra,Manmad APMC,Onion,2026-04-13,Other,60.0,500.0,1250.0,950.0
Maharashtra,Manmad APMC,Onion,2026-04-13,Red,50.0,300.0,950.0,500.0
Maharashtra,Mumbai-Onion & Potato Market APMC,Onion,2026-04-13,Other,1203.0,600.0,1200.0,900.0
Maharashtra,Nagpur APMC,Onion,2026-04-13,Red,248.0,1000.0,1200.0,1150.0
Maharashtra,Nagpur APMC,Onion,2026-04-13,White,200.0,1000.0,1200.0,1150.0
Maharashtra,Nampur APMC,Onion,2026-04-13,Other,260.5,200.0,1275.0,1000.0
Maharashtra,Nasik APMC,Onion,2026-04-13,Other,318.1,350.0,1300.0,811.0
Maharashtra,Newasa(Ghodegaon) APMC,Onion,2026-04-13,Red,308.7,300.0,1200.0,900.0
Maharashtra,Paithan APMC,Onion,2026-04-13,Other,5.6,500.0,840.0,700.0
Maharashtra,Paranda APMC,Onion,2026-04-13,Red,150.0,100.0,1100.0,600.0
Maharashtra,Pimpalgaon Baswant APMC,Onion,2026-04-13,Other,3419.9,400.0,1825.0,1400.0
Maharashtra,Pimpalgaon Baswant APMC,Onion,2026-04-13,Pole,12.1,300.0,991.0,900.0
Maharashtra,Pimpalgaon Baswant(Saykheda) APMC,Onion,2026-04-13,Other,293.2,550.0,1191.0,1015.0
Maharashtra,Pune APMC,Onion,2026-04-13,Local,1121.7,400.0,1300.0,900.0
Maharashtra,Pune(Khadiki) APMC,Onion,2026-04-13,Local,2.0,600.0,1100.0,850.0
Maharashtra,Pune(Manjri) APMC,Onion,2026-04-13,Local,5.3,1000.0,1400.0,1200.0
Maharashtra,Pune(Moshi) APMC,Onion,2026-04-13,Local,71.2,500.0,1200.0,850.0
Maharashtra,Pune(Pimpri) APMC,Onion,2026-04-13,Local,1.3,700.0,1400.0,1050.0
Maharashtra,Rahuri(Vambori) APMC,Onion,2026-04-13,Other,75.2,100.0,1300.0,900.0
Maharashtra,SHRI.SIDDHESHWAR  APMC,Onion,2026-04-13,Red,4105.1,100.0,1520.0,600.0
Maharashtra,Sakri APMC,Onion,2026-04-13,Other,200.0,400.0,1105.0,900.0
Maharashtra,Sangamner APMC,Onion,2026-04-13,Other,962.1,200.0,1400.0,800.0
Maharashtra,"Sangli(Phale, Bhajipala Market) APMC",Onion,2026-04-13,Local,285.6,400.0,1400.0,900.0
Maharashtra,Satara APMC,Onion,2026-04-13,Other,13.2,1000.0,1400.0,1200.0
Maharashtra,Shevgaon APMC,Onion,2026-04-13,1st Sort,52.4,800.0,1000.0,900.0
Maharashtra,Shevgaon APMC,Onion,2026-04-13,2nd Sort,43.0,400.0,700.0,600.0
Maharashtra,Shivsiddha Govind Producer Company Ltd Sanchalit Khajgi Krushi Utpann Bajar Samati-Abhona-Kalwan,Onion,2026-04-13,Other,1477.4,400.0,1725.0,1350.0
Maharashtra,Sinner APMC,Onion,2026-04-13,Other,259.5,300.0,1256.0,1000.0
Maharashtra,Vaduj APMC,Onion,2026-04-13,Local,8.0,700.0,1400.0,1000.0
Maharashtra,Vai APMC,Onion,2026-04-13,Local,1.2,700.0,1300.0,1000.0
Maharashtra,Vita APMC,Onion,2026-04-13,Other,4.0,800.0,1200.0,1000.0
Maharashtra,Yeola APMC,Onion,2026-04-13,Other,720.0,200.0,1238.0,900.0
Maharashtra,Yeola APMC,Onion,2026-04-13,Red,180.0,150.0,950.0,700.0
Maharashtra,APMC Yawal,Onion,2026-04-14,Red,130.0,960.0,1220.0,1100.0
Maharashtra,Akole APMC,Onion,2026-04-14,Other,321.4,250.0,1301.0,1061.0
Maharashtra,Amrawati(Frui & Veg. Market) APMC,Onion,2026-04-14,Red,34.8,400.0,1700.0,1050.0
Maharashtra,Dharashiv APMC,Onion,2026-04-14,Red,10.4,100.0,1300.0,700.0
Maharashtra,Gangapur APMC,Onion,2026-04-14,Other,237.5,305.0,1030.0,750.0
Maharashtra,HINGNA - APMC,Onion,2026-04-14,Red,4.2,1500.0,1600.0,1533.0
Maharashtra,HINGNA - APMC,Onion,2026-04-14,White,0.1,1500.0,1500.0,1500.0
Maharashtra,Islampur APMC,Onion,2026-04-14,Local,21.7,900.0,1300.0,1100.0
Maharashtra,Jamkhed APMC,Onion,2026-04-14,Local,172.4,100.0,1100.0,600.0
Maharashtra,Kamthi APMC,Onion,2026-04-14,Local,0.8,1520.0,2020.0,1770.0
Maharashtra,Karad APMC,Onion,2026-04-14,Other,24.9,1000.0,1300.0,1300.0
Maharashtra,Khed(Chakan) APMC,Onion,2026-04-14,Other,25.0,900.0,1300.0,1100.0
Maharashtra,Kolhapur APMC,Onion,2026-04-14,Other,512.0,500.0,1200.0,900.0
Maharashtra,Lasalgaon APMC,Onion,2026-04-14,Other,563.2,500.0,1500.0,1150.0
Maharashtra,Lasalgaon APMC,Onion,2026-04-14,Red,40.4,300.0,970.0,800.0
Maharashtra,Lasalgaon(Vinchur) APMC,Onion,2026-04-14,Other,327.7,500.0,1500.0,1125.0
Maharashtra,Manchar APMC,Onion,2026-04-14,Other,935.5,900.0,1300.0,1120.0
Maharashtra,Mumbai-Onion & Potato Market APMC,Onion,2026-04-14,Other,975.9,700.0,1300.0,1000.0
Maharashtra,"Omchatinya Multi State Agro Purpose Co-Op Society, Dist Ahilyanagar",Onion,2026-04-14,Red,22.63,100.0,1200.0,800.0
Maharashtra,Paranda APMC,Onion,2026-04-14,Red,362.0,100.0,1100.0,650.0
Maharashtra,Phaltan APMC,Onion,2026-04-14,Hybrid,394.7,300.0,1050.0,700.0
Maharashtra,Pimpalgaon Baswant APMC,Onion,2026-04-14,Other,1981.2,400.0,1781.0,1350.0
Maharashtra,Pimpalgaon Baswant APMC,Onion,2026-04-14,Pole,9.1,300.0,900.0,875.0
Maharashtra,Pune APMC,Onion,2026-04-14,Local,1136.8,400.0,1200.0,800.0
Maharashtra,Pune(Khadiki) APMC,Onion,2026-04-14,Local,1.9,600.0,1100.0,850.0
Maharashtra,Pune(Manjri) APMC,Onion,2026-04-14,Local,4.0,700.0,1100.0,900.0
Maharashtra,Pune(Moshi) APMC,Onion,2026-04-14,Local,77.1,500.0,1200.0,850.0
Maharashtra,Pune(Pimpri) APMC,Onion,2026-04-14,Local,0.5,1100.0,1100.0,1100.0
Maharashtra,Rahata APMC,Onion,2026-04-14,Other,186.4,300.0,1300.0,1000.0
Maharashtra,Rahuri APMC,Onion,2026-04-14,Other,657.9,100.0,1200.0,650.0
Maharashtra,Ramtek APMC,Onion,2026-04-14,Other,1.4,1100.0,1500.0,1300.0
Maharashtra,Sangamner APMC,Onion,2026-04-14,Other,826.3,200.0,1356.0,778.0
Maharashtra,"Sangli(Phale, Bhajipala Market) APMC",Onion,2026-04-14,Local,344.9,400.0,1300.0,850.0
Maharashtra,Satara APMC,Onion,2026-04-14,Other,21.7,700.0,1300.0,1000.0
Maharashtra,Vaduj APMC,Onion,2026-04-14,Local,6.0,500.0,1200.0,1000.0
Maharashtra,Vai APMC,Onion,2026-04-14,Local,1.2,700.0,1300.0,1000.0
Maharashtra,AGRICULTURE PRODUCE MARKET COMITEE CHANDWAD,Onion,2026-04-15,Other,2137.4,110.0,1500.0,870.0
Maharashtra,AGRICULTURE PRODUCE MARKET COMITEE CHANDWAD,Onion,2026-04-15,Red,117.5,270.0,780.0,600.0
Maharashtra,APMC Yawal,Onion,2026-04-15,Red,307.5,950.0,1250.0,1110.0
Maharashtra,Akola APMC,Onion,2026-04-15,Other,63.5,400.0,1100.0,800.0
Maharashtra,Amrawati(Frui & Veg. Market) APMC,Onion,2026-04-15,Red,40.7,400.0,1600.0,1000.0
Maharashtra,Bhusaval APMC,Onion,2026-04-15,Other,10.3,500.0,1000.0,800.0
Maharashtra,Chandrapur(Ganjwad) APMC,Onion,2026-04-15,Other,53.0,1200.0,1400.0,1300.0
Maharashtra,Chattrapati Sambhajinagar APMC,Onion,2026-04-15,Other,272.1,500.0,900.0,700.0
Maharashtra,Devala APMC,Onion,2026-04-15,Other,700.7,400.0,1405.0,1100.0
Maharashtra,Devala APMC,Onion,2026-04-15,Red,70.0,300.0,800.0,700.0
Maharashtra,Dharashiv APMC,Onion,2026-04-15,Red,2.3,300.0,700.0,500.0
Maharashtra,Dhule APMC,Onion,2026-04-15,Red,150.6,300.0,920.0,800.0
Maharashtra,Dindori(Vani) APMC,Onion,2026-04-15,Other,737.0,900.0,1605.0,1325.0
Maharashtra,Gangapur APMC,Onion,2026-04-15,Other,439.6,300.0,900.0,700.0
Maharashtra,HINGNA - APMC,Onion,2026-04-15,Red,0.9,1200.0,1600.0,1400.0
Maharashtra,Junnar(Narayangaon) APMC,Onion,2026-04-15,Other,8.4,100.0,1300.0,700.0
Maharashtra,Kalvan APMC,Onion,2026-04-15,Other,580.0,700.0,1550.0,1101.0
Maharashtra,Kalyan APMC,Onion,2026-04-15,1st Sort,0.3,1300.0,1400.0,1350.0
Maharashtra,Kalyan APMC,Onion,2026-04-15,2nd Sort,0.3,900.0,1000.0,950.0
Maharashtra,Karad APMC,Onion,2026-04-15,Other,19.8,500.0,1400.0,1400.0
Maharashtra,Kolhapur APMC,Onion,2026-04-15,Other,686.4,500.0,1300.0,900.0
Maharashtra,Kopargaon APMC,Onion,2026-04-15,Other,462.0,500.0,1163.0,975.0
Maharashtra,Kopargaon APMC,Onion,2026-04-15,Red,20.0,300.0,950.0,725.0
Maharashtra,Lasalgaon APMC,Onion,2026-04-15,Other,1622.6,500.0,1500.0,1100.0
Maharashtra,Lasalgaon APMC,Onion,2026-04-15,Red,55.2,301.0,791.0,651.0
Maharashtra,Lasalgaon(Niphad) APMC,Onion,2026-04-15,Other,510.0,500.0,1200.0,1051.0
Maharashtra,Lasalgaon(Niphad) APMC,Onion,2026-04-15,Red,10.5,587.0,872.0,761.0
Maharashtra,Lasalgaon(Vinchur) APMC,Onion,2026-04-15,Other,1058.7,500.0,1360.0,1075.0
Maharashtra,Lasalgaon(Vinchur) APMC,Onion,2026-04-15,Red,29.4,400.0,820.0,700.0
Maharashtra,Lasur Station APMC,Onion,2026-04-15,Other,960.0,225.0,955.0,650.0
Maharashtra,"Laxmi-Sopan Agriculture Produce Marketing Co Ltd, Barshi, Dist Solapur",Onion,2026-04-15,Other,1050.0,300.0,1000.0,700.0
Maharashtra,Mangal Wedha APMC,Onion,2026-04-15,Local,17.4,300.0,1100.0,800.0
Maharashtra,Manmad APMC,Onion,2026-04-15,Other,725.6,400.0,1250.0,1000.0
Maharashtra,Manmad APMC,Onion,2026-04-15,Red,84.1,200.0,785.0,650.0
Maharashtra,Mumbai-Onion & Potato Market APMC,Onion,2026-04-15,Other,823.5,800.0,1400.0,1100.0
Maharashtra,Nagpur APMC,Onion,2026-04-15,Red,200.0,1000.0,1200.0,1150.0
Maharashtra,Nagpur APMC,Onion,2026-04-15,White,164.0,1000.0,1200.0,1150.0
Maharashtra,Nampur APMC,Onion,2026-04-15,Other,985.9,200.0,1080.0,750.0
Maharashtra,Nampur APMC,Onion,2026-04-15,Red,35.9,300.0,800.0,650.0
Maharashtra,Nandgaon APMC,Onion,2026-04-15,Other,87.5,120.0,855.0,550.0
Maharashtra,Nandgaon APMC,Onion,2026-04-15,Red,1538.6,121.0,1052.0,750.0
Maharashtra,Nasik APMC,Onion,2026-04-15,Other,408.9,300.0,1250.0,800.0
Maharashtra,Newasa(Ghodegaon) APMC,Onion,2026-04-15,Other,432.8,300.0,1300.0,900.0
Maharashtra,Paithan APMC,Onion,2026-04-15,Other,156.7,100.0,1025.0,800.0
Maharashtra,Paranda APMC,Onion,2026-04-15,Red,225.0,100.0,1100.0,600.0
Maharashtra,Parner APMC,Onion,2026-04-15,Other,1001.7,200.0,1200.0,850.0
Maharashtra,Pathardi APMC,Onion,2026-04-15,Red,129.2,100.0,1300.0,700.0
Maharashtra,Pimpalgaon Baswant APMC,Onion,2026-04-15,Other,4739.0,400.0,1765.0,1250.0
Maharashtra,Pimpalgaon Baswant(Saykheda) APMC,Onion,2026-04-15,Other,404.6,600.0,1201.0,950.0
Maharashtra,Pune APMC,Onion,2026-04-15,Local,1118.6,400.0,1200.0,800.0
Maharashtra,Pune(Manjri) APMC,Onion,2026-04-15,Local,6.0,1000.0,1300.0,1100.0
Maharashtra,Pune(Pimpri) APMC,Onion,2026-04-15,Local,1.6,1000.0,1100.0,1050.0
Maharashtra,Ramtek APMC,Onion,2026-04-15,Other,0.8,1100.0,1500.0,1300.0
Maharashtra,SHRI.SIDDHESHWAR  APMC,Onion,2026-04-15,Red,3411.9,100.0,1600.0,600.0
Maharashtra,Sakri APMC,Onion,2026-04-15,Other,174.0,655.0,1100.0,985.0
Maharashtra,Sangamner APMC,Onion,2026-04-15,Other,810.8,200.0,1331.0,766.0
Maharashtra,"Sangli(Phale, Bhajipala Market) APMC",Onion,2026-04-15,Local,447.6,400.0,1400.0,900.0
Maharashtra,Satara APMC,Onion,2026-04-15,Other,21.7,700.0,1300.0,1000.0
Maharashtra,Shivsiddha Govind Producer Company Ltd Sanchalit Khajgi Krushi Utpann Bajar Samati-Abhona-Kalwan,Onion,2026-04-15,Other,1575.22,350.0,1505.0,1220.0
Maharashtra,Shrirampur APMC,Onion,2026-04-15,Other,151.2,450.0,1300.0,1000.0
Maharashtra,Sinner APMC,Onion,2026-04-15,Other,365.9,300.0,1256.0,900.0
Maharashtra,Vadgaonpeth APMC,Onion,2026-04-15,Local,26.0,1000.0,1400.0,1200.0
Maharashtra,Vaduj APMC,Onion,2026-04-15,Local,9.0,300.0,1200.0,800.0
Maharashtra,Vaijpur APMC,Onion,2026-04-15,Other,920.9,200.0,961.0,800.0
Maharashtra,Vaijpur APMC,Onion,2026-04-15,Red,12.8,200.0,575.0,400.0
Maharashtra,Yeola APMC,Onion,2026-04-15,Other,687.6,200.0,1170.0,850.0
Maharashtra,Yeola APMC,Onion,2026-04-15,Red,76.4,125.0,891.0,550.0
Maharashtra,AGRICULTURE PRODUCE MARKET COMITEE CHANDWAD,Onion,2026-04-16,Other,1723.8,100.0,1585.0,800.0
Maharashtra,AGRICULTURE PRODUCE MARKET COMITEE CHANDWAD,Onion,2026-04-16,Red,55.1,100.0,815.0,530.0
Maharashtra,APMC Yawal,Onion,2026-04-16,Red,141.4,950.0,1250.0,1120.0
Maharashtra,Ahilyanagar APMC,Onion,2026-04-16,Red,2438.6,150.0,1100.0,650.0
Maharashtra,Akola APMC,Onion,2026-04-16,Other,36.5,400.0,1200.0,800.0
Maharashtra,Akole APMC,Onion,2026-04-16,Other,408.8,200.0,1351.0,1061.0
Maharashtra,Bhusaval APMC,Onion,2026-04-16,Other,12.7,500.0,1000.0,800.0
Maharashtra,Chandrapur(Ganjwad) APMC,Onion,2026-04-16,Other,45.0,1100.0,1500.0,1300.0
Maharashtra,Chattrapati Sambhajinagar APMC,Onion,2026-04-16,Other,714.0,400.0,800.0,600.0
Maharashtra,Devala APMC,Onion,2026-04-16,Other,580.9,350.0,1300.0,1000.0
Maharashtra,Devala APMC,Onion,2026-04-16,Red,70.0,250.0,725.0,650.0
Maharashtra,Dharashiv APMC,Onion,2026-04-16,Red,1.0,400.0,1000.0,700.0
Maharashtra,Dhule APMC,Onion,2026-04-16,Red,105.1,400.0,940.0,780.0
Maharashtra,Dindori APMC,Onion,2026-04-16,Other,163.8,1000.0,1300.0,1200.0
Maharashtra,Dindori(Vani) APMC,Onion,2026-04-16,Other,1124.0,801.0,1571.0,1271.0
Maharashtra,Gangapur APMC,Onion,2026-04-16,Other,343.0,150.0,850.0,600.0
Maharashtra,HINGNA - APMC,Onion,2026-04-16,Red,2.5,1000.0,2000.0,1600.0
Maharashtra,Islampur APMC,Onion,2026-04-16,Local,26.8,700.0,1400.0,1000.0
Maharashtra,Jalgaon APMC,Onion,2026-04-16,Red,185.2,375.0,850.0,625.0
Maharashtra,Jamkhed APMC,Onion,2026-04-16,Local,124.1,100.0,1000.0,550.0
Maharashtra,Junnar APMC,Onion,2026-04-16,Other,128.2,600.0,1200.0,900.0
Maharashtra,Junnar(Narayangaon) APMC,Onion,2026-04-16,Other,3.4,300.0,1300.0,750.0
Maharashtra,Junnar(Otur) APMC,Onion,2026-04-16,Other,1029.4,600.0,1360.0,1000.0
Maharashtra,Kalvan APMC,Onion,2026-04-16,Other,1205.0,400.0,1520.0,1001.0
Maharashtra,Kalyan APMC,Onion,2026-04-16,1st Sort,0.3,1000.0,1100.0,1050.0
Maharashtra,Kalyan APMC,Onion,2026-04-16,2nd Sort,0.3,800.0,1000.0,900.0
Maharashtra,Karad APMC,Onion,2026-04-16,Other,15.0,500.0,1000.0,1000.0
Maharashtra,Khed(Chakan) APMC,Onion,2026-04-16,Other,20.0,900.0,1300.0,1100.0
Maharashtra,Kolhapur APMC,Onion,2026-04-16,Other,377.1,500.0,1100.0,800.0
Maharashtra,Kopargaon APMC,Onion,2026-04-16,Other,490.0,500.0,1215.0,900.0
Maharashtra,Kopargaon APMC,Onion,2026-04-16,Red,18.0,300.0,950.0,750.0
Maharashtra,Kurdwadi(Modnimb) APMC,Onion,2026-04-16,Red,113.0,100.0,860.0,650.0
Maharashtra,Lasalgaon APMC,Onion,2026-04-16,Other,1382.4,500.0,1501.0,1080.0
Maharashtra,Lasalgaon APMC,Onion,2026-04-16,Red,61.0,300.0,811.0,650.0
Maharashtra,Lasalgaon(Niphad) APMC,Onion,2026-04-16,Other,474.0,500.0,1100.0,900.0
Maharashtra,Lasalgaon(Vinchur) APMC,Onion,2026-04-16,Other,839.2,500.0,1552.0,1075.0
Maharashtra,Lasalgaon(Vinchur) APMC,Onion,2026-04-16,Red,21.0,400.0,831.0,700.0
Maharashtra,Lasur Station APMC,Onion,2026-04-16,Other,650.0,200.0,970.0,600.0
Maharashtra,"Laxmi-Sopan Agriculture Produce Marketing Co Ltd, Barshi, Dist Solapur",Onion,2026-04-16,Other,1202.5,400.0,1100.0,800.0
Maharashtra,Lonand APMC,Onion,2026-04-16,Other,400.0,400.0,1050.0,750.0
Maharashtra,"Malharshree Khajgi Krushi Utpann Bajar, Chandanpuri Tal Malegaon, Nashik",Onion,2026-04-16,Other,283.3,314.0,895.0,805.0
Maharashtra,Malkapur APMC,Onion,2026-04-16,Local,540.0,400.0,700.0,600.0
Maharashtra,Mangal Wedha APMC,Onion,2026-04-16,Local,1.1,500.0,1000.0,900.0
Maharashtra,Manmad APMC,Onion,2026-04-16,Other,759.9,400.0,1300.0,1000.0
Maharashtra,Manmad APMC,Onion,2026-04-16,Red,50.3,200.0,800.0,650.0
Maharashtra,Mumbai-Onion & Potato Market APMC,Onion,2026-04-16,Other,927.7,700.0,1300.0,1000.0
Maharashtra,Nagpur APMC,Onion,2026-04-16,Red,315.0,1000.0,1200.0,1150.0
Maharashtra,Nagpur APMC,Onion,2026-04-16,White,200.0,1000.0,1200.0,1150.0
Maharashtra,Nampur APMC,Onion,2026-04-16,Other,976.3,100.0,1200.0,1000.0
Maharashtra,Nandgaon APMC,Onion,2026-04-16,Other,1536.4,150.0,1069.0,750.0
Maharashtra,Nandgaon APMC,Onion,2026-04-16,Red,92.2,150.0,750.0,450.0
Maharashtra,Nasik APMC,Onion,2026-04-16,Other,301.5,280.0,1200.0,775.0
Maharashtra,Paithan APMC,Onion,2026-04-16,Other,17.8,390.0,815.0,605.0
Maharashtra,Paranda APMC,Onion,2026-04-16,Red,162.5,200.0,1100.0,600.0
Maharashtra,Pimpalgaon Baswant APMC,Onion,2026-04-16,Other,4405.9,300.0,1717.0,1200.0
Maharashtra,Pimpalgaon Baswant(Saykheda) APMC,Onion,2026-04-16,Other,247.9,400.0,1167.0,760.0
Maharashtra,Pune(Khadiki) APMC,Onion,2026-04-16,Local,1.7,600.0,1000.0,800.0
Maharashtra,Pune(Moshi) APMC,Onion,2026-04-16,Local,121.1,300.0,1000.0,650.0
Maharashtra,Pune(Pimpri) APMC,Onion,2026-04-16,Local,1.8,500.0,1200.0,850.0
Maharashtra,Rahuri(Vambori) APMC,Onion,2026-04-16,Other,181.1,100.0,1200.0,800.0
Maharashtra,SHRI.SIDDHESHWAR  APMC,Onion,2026-04-16,Red,3281.4,100.0,1300.0,600.0
Maharashtra,Sakri APMC,Onion,2026-04-16,Other,437.5,400.0,915.0,700.0
Maharashtra,Sangamner APMC,Onion,2026-04-16,Other,937.7,200.0,1301.0,750.0
Maharashtra,"Sangli(Phale, Bhajipala Market) APMC",Onion,2026-04-16,Local,377.0,400.0,1400.0,900.0
Maharashtra,Satara APMC,Onion,2026-04-16,Other,43.0,700.0,1300.0,1000.0
Maharashtra,Shevgaon APMC,Onion,2026-04-16,1st Sort,80.0,700.0,1000.0,900.0
Maharashtra,Shevgaon APMC,Onion,2026-04-16,2nd Sort,76.0,400.0,600.0,475.0
Maharashtra,Shivsiddha Govind Producer Company Ltd Sanchalit Khajgi Krushi Utpann Bajar Samati-Abhona-Kalwan,Onion,2026-04-16,Other,1413.28,750.0,1601.0,1225.0
Maharashtra,"Shri Rameshwar Krushi Market, M.Nagar, Tal Deola, Dist Nashik",Onion,2026-04-16,Other,1212.4,112.0,1275.0,679.55
Maharashtra,"Shri Rameshwar Krushi Market, M.Nagar, Tal Deola, Dist Nashik",Onion,2026-04-16,Red,89.91,250.0,603.0,389.52
Maharashtra,Shrigonda APMC,Onion,2026-04-16,Other,21.3,300.0,1000.0,700.0
Maharashtra,Sinner APMC,Onion,2026-04-16,Other,253.6,200.0,1191.0,900.0
Maharashtra,Vaduj APMC,Onion,2026-04-16,Local,8.0,200.0,1000.0,600.0
Maharashtra,Vaijpur APMC,Onion,2026-04-16,Other,602.2,200.0,878.0,750.0
Maharashtra,Vaijpur APMC,Onion,2026-04-16,Red,4.1,100.0,554.0,350.0
Maharashtra,Yeola APMC,Onion,2026-04-16,Other,581.9,150.0,1199.0,800.0
Maharashtra,Yeola APMC,Onion,2026-04-16,Red,36.4,150.0,740.0,500.0
Maharashtra,APMC Yawal,Onion,2026-04-17,Red,9.0,950.0,1250.0,1160.0
Maharashtra,Akola APMC,Onion,2026-04-17,Other,90.0,400.0,1200.0,800.0
Maharashtra,Amrawati(Frui & Veg. Market) APMC,Onion,2026-04-17,Red,36.9,400.0,1600.0,1000.0
Maharashtra,Bhusaval APMC,Onion,2026-04-17,Other,10.2,500.0,1000.0,800.0
Maharashtra,Chandrapur(Ganjwad) APMC,Onion,2026-04-17,Other,47.0,1100.0,1500.0,1300.0
Maharashtra,Devala APMC,Onion,2026-04-17,Other,456.3,300.0,1300.0,1000.0
Maharashtra,Devala APMC,Onion,2026-04-17,Red,60.0,250.0,765.0,600.0
Maharashtra,Dhule APMC,Onion,2026-04-17,Red,60.0,300.0,930.0,820.0
Maharashtra,Jalgaon APMC,Onion,2026-04-17,Red,144.9,100.0,900.0,500.0
Maharashtra,Kalvan APMC,Onion,2026-04-17,Other,750.0,350.0,1310.0,950.0
Maharashtra,Kalyan APMC,Onion,2026-04-17,1st Sort,0.3,1200.0,1400.0,1300.0
Maharashtra,Kamthi APMC,Onion,2026-04-17,Local,6.4,1530.0,2030.0,1780.0
Maharashtra,Khed(Chakan) APMC,Onion,2026-04-17,Other,20.0,900.0,1300.0,1100.0
Maharashtra,Kolhapur APMC,Onion,2026-04-17,Other,632.6,500.0,1200.0,800.0
Maharashtra,Kopargaon APMC,Onion,2026-04-17,Other,520.0,300.0,1151.0,750.0
Maharashtra,Kopargaon APMC,Onion,2026-04-17,Red,12.0,200.0,850.0,700.0
Maharashtra,Lasalgaon APMC,Onion,2026-04-17,Other,1619.2,400.0,1456.0,1000.0
Maharashtra,Lasalgaon(Niphad) APMC,Onion,2026-04-17,Other,526.0,500.0,953.0,825.0
Maharashtra,Lasalgaon(Vinchur) APMC,Onion,2026-04-17,Other,912.2,500.0,1215.0,950.0
Maharashtra,Lasalgaon(Vinchur) APMC,Onion,2026-04-17,Red,22.4,300.0,792.0,600.0
Maharashtra,Mangal Wedha APMC,Onion,2026-04-17,Local,23.0,200.0,1000.0,800.0
Maharashtra,Manmad APMC,Onion,2026-04-17,Other,797.2,100.0,1200.0,700.0
Maharashtra,Mumbai-Onion & Potato Market APMC,Onion,2026-04-17,Other,1163.8,600.0,1200.0,900.0
Maharashtra,Nandgaon APMC,Onion,2026-04-17,Other,774.2,100.0,1137.0,650.0
Maharashtra,Nandgaon APMC,Onion,2026-04-17,Red,34.5,100.0,680.0,550.0
Maharashtra,Nasik APMC,Onion,2026-04-17,Other,316.3,300.0,1211.0,780.0
Maharashtra,"Omchatinya Multi State Agro Purpose Co-Op Society, Dist Ahilyanagar",Onion,2026-04-17,Red,46.06,100.0,1300.0,750.0
Maharashtra,Paranda APMC,Onion,2026-04-17,Red,226.0,200.0,1100.0,600.0
Maharashtra,Parner APMC,Onion,2026-04-17,Other,821.1,200.0,1200.0,825.0
Maharashtra,Pimpalgaon Baswant APMC,Onion,2026-04-17,Other,4679.2,300.0,1700.0,1150.0
Maharashtra,Pune APMC,Onion,2026-04-17,Local,1247.2,400.0,1200.0,800.0
Maharashtra,Pune(Khadiki) APMC,Onion,2026-04-17,Local,1.4,600.0,1100.0,850.0
Maharashtra,Pune(Manjri) APMC,Onion,2026-04-17,Local,10.7,500.0,1100.0,700.0
Maharashtra,Pune(Moshi) APMC,Onion,2026-04-17,Local,81.8,400.0,1000.0,700.0
Maharashtra,Pune(Pimpri) APMC,Onion,2026-04-17,Local,1.9,500.0,1200.0,850.0
Maharashtra,SHRI.SIDDHESHWAR  APMC,Onion,2026-04-17,Red,2993.9,100.0,1350.0,500.0
Maharashtra,Sangamner APMC,Onion,2026-04-17,Other,1086.9,200.0,1251.0,725.0
Maharashtra,"Sangli(Phale, Bhajipala Market) APMC",Onion,2026-04-17,Local,434.8,400.0,1400.0,900.0
Maharashtra,Shrirampur APMC,Onion,2026-04-17,Other,151.2,500.0,1300.0,1000.0
Maharashtra,Vadgaonpeth APMC,Onion,2026-04-17,Local,33.0,900.0,1400.0,1000.0
Maharashtra,Vai APMC,Onion,2026-04-17,Local,1.5,500.0,1200.0,800.0
Maharashtra,Vaijpur APMC,Onion,2026-04-17,Other,638.9,208.0,905.0,750.0
Maharashtra,Yeola APMC,Onion,2026-04-17,Other,619.5,250.0,1225.0,750.0
Maharashtra,Yeola APMC,Onion,2026-04-17,Red,19.1,100.0,712.0,425.0
Maharashtra,AGRICULTURE PRODUCE MARKET COMITEE CHANDWAD,Onion,2026-04-18,Other,1504.0,200.0,1560.0,780.0
Maharashtra,AGRICULTURE PRODUCE MARKET COMITEE CHANDWAD,Onion,2026-04-18,Red,102.0,200.0,650.0,480.0
Maharashtra,APMC Yawal,Onion,2026-04-18,Red,122.1,950.0,1250.0,1160.0
Maharashtra,Ahilyanagar APMC,Onion,2026-04-18,Red,2507.4,150.0,1000.0,600.0
Maharashtra,Akola APMC,Onion,2026-04-18,Other,79.5,400.0,1100.0,800.0
Maharashtra,Amrawati(Frui & Veg. Market) APMC,Onion,2026-04-18,Red,40.8,400.0,1500.0,950.0
Maharashtra,Bhusaval APMC,Onion,2026-04-18,Other,11.0,500.0,1000.0,800.0
Maharashtra,Chandrapur(Ganjwad) APMC,Onion,2026-04-18,Other,48.0,1000.0,1400.0,1200.0
Maharashtra,Chattrapati Sambhajinagar APMC,Onion,2026-04-18,Other,351.6,450.0,975.0,713.0
Maharashtra,Dhule APMC,Onion,2026-04-18,Red,182.2,300.0,930.0,820.0
Maharashtra,HINGNA - APMC,Onion,2026-04-18,Red,0.1,1600.0,1600.0,1600.0
Maharashtra,HINGNA - APMC,Onion,2026-04-18,White,0.1,1000.0,1000.0,1000.0
Maharashtra,Jalgaon APMC,Onion,2026-04-18,Red,218.0,325.0,762.0,537.0
Maharashtra,Jamkhed APMC,Onion,2026-04-18,Local,165.0,100.0,1100.0,600.0
Maharashtra,Junnar(Narayangaon) APMC,Onion,2026-04-18,Other,4.6,200.0,1300.0,750.0
Maharashtra,Karad APMC,Onion,2026-04-18,Other,15.0,500.0,1000.0,1000.0
Maharashtra,Khed(Chakan) APMC,Onion,2026-04-18,Other,900.0,500.0,1200.0,800.0
Maharashtra,Kolhapur APMC,Onion,2026-04-18,Other,857.1,500.0,1300.0,900.0
Maharashtra,Kopargaon APMC,Onion,2026-04-18,Other,480.0,200.0,950.0,720.0
Maharashtra,Kopargaon APMC,Onion,2026-04-18,Red,10.0,100.0,750.0,700.0
Maharashtra,"Laxmi-Sopan Agriculture Produce Marketing Co Ltd, Barshi, Dist Solapur",Onion,2026-04-18,Other,720.0,100.0,800.0,500.0
Maharashtra,Mangal Wedha APMC,Onion,2026-04-18,Local,3.9,600.0,1100.0,700.0
Maharashtra,Manmad APMC,Onion,2026-04-18,Other,400.0,300.0,1170.0,950.0
Maharashtra,Manmad APMC,Onion,2026-04-18,Red,50.0,100.0,600.0,500.0
Maharashtra,Mumbai-Onion & Potato Market APMC,Onion,2026-04-18,Other,1468.3,700.0,1300.0,1000.0
Maharashtra,Nagpur APMC,Onion,2026-04-18,Red,318.0,800.0,1200.0,1100.0
Maharashtra,Nagpur APMC,Onion,2026-04-18,White,300.0,900.0,1100.0,1050.0
Maharashtra,Nasik APMC,Onion,2026-04-18,Other,413.5,250.0,1151.0,750.0
Maharashtra,Newasa(Ghodegaon) APMC,Onion,2026-04-18,Other,854.0,200.0,1100.0,800.0
Maharashtra,Paithan APMC,Onion,2026-04-18,Other,43.5,200.0,750.0,505.0
Maharashtra,Pimpalgaon Baswant APMC,Onion,2026-04-18,Other,4320.0,300.0,1761.0,1025.0
Maharashtra,Pimpalgaon Baswant(Saykheda) APMC,Onion,2026-04-18,Other,286.2,300.0,1140.0,750.0
Maharashtra,Pune(Khadiki) APMC,Onion,2026-04-18,Local,1.6,600.0,1100.0,850.0
Maharashtra,Pune(Manjri) APMC,Onion,2026-04-18,Local,10.5,500.0,900.0,800.0
Maharashtra,Pune(Moshi) APMC,Onion,2026-04-18,Local,81.7,400.0,1000.0,700.0
Maharashtra,Pune(Pimpri) APMC,Onion,2026-04-18,Local,2.0,1000.0,1400.0,1200.0
Maharashtra,Rahuri(Vambori) APMC,Onion,2026-04-18,Other,226.1,100.0,1300.0,900.0
Maharashtra,SHRI.SIDDHESHWAR  APMC,Onion,2026-04-18,Red,3218.8,100.0,1160.0,500.0
Maharashtra,"Sangli(Phale, Bhajipala Market) APMC",Onion,2026-04-18,Local,666.4,400.0,1400.0,900.0
Maharashtra,Satara APMC,Onion,2026-04-18,Other,77.9,700.0,1300.0,1000.0
Maharashtra,Shevgaon APMC,Onion,2026-04-18,1st Sort,170.4,800.0,1000.0,900.0
Maharashtra,Shevgaon APMC,Onion,2026-04-18,2nd Sort,108.2,400.0,700.0,500.0
Maharashtra,Vadgaonpeth APMC,Onion,2026-04-18,Local,30.0,900.0,1400.0,1100.0
Maharashtra,Vaduj APMC,Onion,2026-04-18,Local,12.0,500.0,1000.0,800.0
Maharashtra,Vita APMC,Onion,2026-04-18,Other,5.0,800.0,1200.0,1000.0
Maharashtra,Yeola APMC,Onion,2026-04-18,Other,600.0,151.0,1100.0,700.0
Maharashtra,Akluj APMC,Onion,2026-04-19,Red,73.5,200.0,1150.0,600.0
Maharashtra,Amrawati(Frui & Veg. Market) APMC,Onion,2026-04-19,Red,39.0,400.0,1400.0,900.0
Maharashtra,Bhusaval APMC,Onion,2026-04-19,Other,11.3,500.0,1000.0,800.0
Maharashtra,Chattrapati Sambhajinagar APMC,Onion,2026-04-19,Other,691.3,200.0,825.0,513.0
Maharashtra,Dharashiv APMC,Onion,2026-04-19,Red,15.7,200.0,1200.0,700.0
Maharashtra,Islampur APMC,Onion,2026-04-19,Local,22.4,500.0,1200.0,850.0
Maharashtra,Junnar APMC,Onion,2026-04-19,Other,177.0,300.0,1200.0,750.0
Maharashtra,Junnar(Alephata) APMC,Onion,2026-04-19,Other,435.6,700.0,1300.0,1100.0
Maharashtra,Junnar(Narayangaon) APMC,Onion,2026-04-19,Other,3.5,300.0,1200.0,750.0
Maharashtra,Junnar(Otur) APMC,Onion,2026-04-19,Other,927.7,600.0,1360.0,1200.0
Maharashtra,Kalyan APMC,Onion,2026-04-19,1st Sort,0.3,1000.0,1500.0,1250.0
Maharashtra,Kamthi APMC,Onion,2026-04-19,Local,2.3,1520.0,2020.0,1770.0
Maharashtra,Karad APMC,Onion,2026-04-19,Other,24.9,1000.0,1300.0,1300.0
Maharashtra,Khed(Chakan) APMC,Onion,2026-04-19,Other,25.0,900.0,1300.0,1100.0
Maharashtra,Manchar APMC,Onion,2026-04-19,Other,1496.3,750.0,1150.0,950.0
Maharashtra,Mangal Wedha APMC,Onion,2026-04-19,Local,1.3,400.0,1000.0,1000.0
Maharashtra,"Omchatinya Multi State Agro Purpose Co-Op Society, Dist Ahilyanagar",Onion,2026-04-19,Red,63.22,100.0,1250.0,700.0
Maharashtra,Paithan APMC,Onion,2026-04-19,Other,473.6,100.0,900.0,700.0
Maharashtra,Paranda APMC,Onion,2026-04-19,Red,175.0,200.0,1050.0,600.0
Maharashtra,Parner APMC,Onion,2026-04-19,Other,1152.6,200.0,1200.0,750.0
Maharashtra,Pathardi APMC,Onion,2026-04-19,Red,127.1,100.0,875.0,525.0
Maharashtra,Pune APMC,Onion,2026-04-19,Local,1992.5,400.0,1200.0,800.0
Maharashtra,Pune(Khadiki) APMC,Onion,2026-04-19,Local,1.8,700.0,1000.0,900.0
Maharashtra,Pune(Manjri) APMC,Onion,2026-04-19,Local,8.2,400.0,900.0,800.0
Maharashtra,Pune(Moshi) APMC,Onion,2026-04-19,Local,64.1,400.0,1000.0,700.0
Maharashtra,Pune(Pimpri) APMC,Onion,2026-04-19,Local,4.8,800.0,1000.0,900.0
Maharashtra,Rahuri APMC,Onion,2026-04-19,Other,666.5,100.0,1050.0,575.0
Maharashtra,Satara APMC,Onion,2026-04-19,Other,30.0,700.0,1300.0,1000.0
Maharashtra,Vaduj APMC,Onion,2026-04-19,Local,9.0,200.0,1200.0,800.0
Maharashtra,Vai APMC,Onion,2026-04-19,Local,2.2,500.0,1200.0,900.0
Maharashtra,Vita APMC,Onion,2026-04-19,Other,12.0,500.0,1100.0,950.0
Maharashtra,AGRICULTURE PRODUCE MARKET COMITEE CHANDWAD,Onion,2026-04-20,Other,700.4,400.0,1615.0,950.0
Maharashtra,APMC Yawal,Onion,2026-04-20,Red,35.4,940.0,1250.0,1170.0
Maharashtra,Akola APMC,Onion,2026-04-20,Other,112.5,400.0,1000.0,700.0
Maharashtra,Amrawati(Frui & Veg. Market) APMC,Onion,2026-04-20,Red,34.7,500.0,1500.0,1000.0
Maharashtra,Chattrapati Sambhajinagar APMC,Onion,2026-04-20,Other,259.0,300.0,700.0,500.0
Maharashtra,Dhule APMC,Onion,2026-04-20,Red,60.9,330.0,900.0,750.0
Maharashtra,Dindori APMC,Onion,2026-04-20,Other,164.9,1000.0,1380.0,1225.0
Maharashtra,Dindori(Vani) APMC,Onion,2026-04-20,Other,1448.0,651.0,1471.0,1071.0
Maharashtra,Gangapur APMC,Onion,2026-04-20,Other,180.0,200.0,901.0,600.0
Maharashtra,HINGNA - APMC,Onion,2026-04-20,Red,0.9,1100.0,1700.0,1500.0
Maharashtra,HINGNA - APMC,Onion,2026-04-20,White,1.4,900.0,1200.0,1033.0
Maharashtra,Junnar(Narayangaon) APMC,Onion,2026-04-20,Other,5.2,200.0,1200.0,700.0
Maharashtra,Kalvan APMC,Onion,2026-04-20,Other,715.0,250.0,1255.0,800.0
Maharashtra,Kalyan APMC,Onion,2026-04-20,1st Sort,0.3,1200.0,1500.0,1250.0
Maharashtra,Kamthi APMC,Onion,2026-04-20,Local,0.4,1530.0,2030.0,1780.0
Maharashtra,Karad APMC,Onion,2026-04-20,Other,19.8,800.0,1300.0,1300.0
Maharashtra,Kopargaon APMC,Onion,2026-04-20,Other,152.0,300.0,976.0,750.0
Maharashtra,Kurdwadi(Modnimb) APMC,Onion,2026-04-20,Red,38.1,50.0,700.0,450.0
Maharashtra,Lasalgaon APMC,Onion,2026-04-20,Other,989.6,400.0,1560.0,1051.0
Maharashtra,Lasalgaon(Niphad) APMC,Onion,2026-04-20,Other,358.0,400.0,1130.0,850.0
Maharashtra,Lasalgaon(Vinchur) APMC,Onion,2026-04-20,Other,594.7,500.0,1460.0,950.0
Maharashtra,Lasur Station APMC,Onion,2026-04-20,Other,409.0,150.0,944.0,580.0
Maharashtra,"Laxmi-Sopan Agriculture Produce Marketing Co Ltd, Barshi, Dist Solapur",Onion,2026-04-20,Other,467.6,300.0,800.0,500.0
Maharashtra,Lonand APMC,Onion,2026-04-20,Other,400.0,400.0,1050.0,850.0
Maharashtra,"Malharshree Khajgi Krushi Utpann Bajar, Chandanpuri Tal Malegaon, Nashik",Onion,2026-04-20,Red,204.5,210.0,985.0,701.0
Maharashtra,Mangal Wedha APMC,Onion,2026-04-20,Local,33.7,100.0,1100.0,700.0
Maharashtra,Manmad APMC,Onion,2026-04-20,Other,428.8,300.0,1241.0,900.0
Maharashtra,Manmad APMC,Onion,2026-04-20,Red,41.7,200.0,560.0,500.0
Maharashtra,Mumbai-Onion & Potato Market APMC,Onion,2026-04-20,Other,1939.3,600.0,1200.0,900.0
Maharashtra,Nampur APMC,Onion,2026-04-20,Other,403.6,100.0,1100.0,600.0
Maharashtra,Nandgaon APMC,Onion,2026-04-20,Other,1207.2,100.0,1100.0,750.0
Maharashtra,Nandgaon APMC,Onion,2026-04-20,Red,51.5,100.0,760.0,450.0
Maharashtra,Nasik APMC,Onion,2026-04-20,Other,274.0,350.0,1200.0,750.0
Maharashtra,Newasa(Ghodegaon) APMC,Onion,2026-04-20,Other,115.0,200.0,1100.0,700.0
Maharashtra,Pimpalgaon Baswant APMC,Onion,2026-04-20,Other,3199.6,200.0,1781.0,1050.0
Maharashtra,Pimpalgaon Baswant(Saykheda) APMC,Onion,2026-04-20,Other,190.9,451.0,1190.0,801.0
Maharashtra,Pune APMC,Onion,2026-04-20,Local,922.5,400.0,1100.0,750.0
Maharashtra,Pune(Khadiki) APMC,Onion,2026-04-20,Local,2.2,600.0,1100.0,850.0
Maharashtra,Pune(Manjri) APMC,Onion,2026-04-20,Local,9.3,400.0,900.0,700.0
Maharashtra,Pune(Moshi) APMC,Onion,2026-04-20,Local,41.5,900.0,1000.0,950.0
Maharashtra,Pune(Pimpri) APMC,Onion,2026-04-20,Local,1.9,600.0,900.0,750.0
Maharashtra,Rahuri(Vambori) APMC,Onion,2026-04-20,Other,288.4,100.0,1200.0,750.0
Maharashtra,SHRI.SIDDHESHWAR  APMC,Onion,2026-04-20,Red,1570.4,100.0,1210.0,500.0
Maharashtra,Sangamner APMC,Onion,2026-04-20,Other,1026.3,200.0,1251.0,726.0
Maharashtra,"Sangli(Phale, Bhajipala Market) APMC",Onion,2026-04-20,Local,498.8,400.0,1400.0,900.0
Maharashtra,Satara APMC,Onion,2026-04-20,Other,49.3,700.0,1300.0,1000.0
Maharashtra,Shevgaon APMC,Onion,2026-04-20,1st Sort,103.2,600.0,900.0,800.0
Maharashtra,Shevgaon APMC,Onion,2026-04-20,2nd Sort,135.0,300.0,500.0,425.0
Maharashtra,Shivsiddha Govind Producer Company Ltd Sanchalit Khajgi Krushi Utpann Bajar Samati-Abhona-Kalwan,Onion,2026-04-20,Other,1356.24,550.0,1560.0,1115.0
Maharashtra,"Shree Sairaj Krushi Market, Dist Ahilyanagar",Onion,2026-04-20,Local,114.11,200.0,1100.0,650.0
Maharashtra,Shrirampur APMC,Onion,2026-04-20,Other,388.2,400.0,1100.0,850.0
Maharashtra,Sinner APMC,Onion,2026-04-20,Other,197.9,300.0,1155.0,800.0
Maharashtra,Umrane APMC,Onion,2026-04-20,Other,1850.0,500.0,1299.0,950.0
Maharashtra,Vaduj APMC,Onion,2026-04-20,Local,6.0,200.0,1000.0,600.0
Maharashtra,Yeola APMC,Onion,2026-04-20,Other,393.4,150.0,1270.0,775.0
Maharashtra,AGRICULTURE PRODUCE MARKET COMITEE CHANDWAD,Onion,2026-04-21,Other,1597.5,170.0,1610.0,1030.0
Maharashtra,APMC Yawal,Onion,2026-04-21,Red,536.5,910.0,1280.0,1180.0
Maharashtra,Akola APMC,Onion,2026-04-21,Other,67.0,400.0,900.0,600.0
Maharashtra,Amrawati(Frui & Veg. Market) APMC,Onion,2026-04-21,Red,40.8,400.0,1400.0,900.0
Maharashtra,Bhusaval APMC,Onion,2026-04-21,Other,7.5,500.0,1000.0,800.0
Maharashtra,Chattrapati Sambhajinagar APMC,Onion,2026-04-21,Other,319.2,250.0,650.0,450.0
Maharashtra,Dharashiv APMC,Onion,2026-04-21,Red,34.2,200.0,800.0,500.0
Maharashtra,Dhule APMC,Onion,2026-04-21,Red,27.8,300.0,900.0,750.0
Maharashtra,Dindori APMC,Onion,2026-04-21,Other,185.7,1000.0,1461.0,1250.0
Maharashtra,Dindori(Vani) APMC,Onion,2026-04-21,Other,1283.1,801.0,1641.0,1221.0
Maharashtra,Gangapur APMC,Onion,2026-04-21,Other,201.0,100.0,860.0,500.0
Maharashtra,Gevrai APMC,Onion,2026-04-21,Red,17.5,600.0,875.0,700.0
Maharashtra,HINGNA - APMC,Onion,2026-04-21,Red,0.8,1100.0,1500.0,1266.0
Maharashtra,HINGNA - APMC,Onion,2026-04-21,White,0.8,1000.0,1200.0,1100.0
Maharashtra,Islampur APMC,Onion,2026-04-21,Local,11.8,900.0,1300.0,1100.0
Maharashtra,Jalgaon APMC,Onion,2026-04-21,Red,81.6,337.0,850.0,600.0
Maharashtra,Jamkhed APMC,Onion,2026-04-21,Local,232.7,100.0,1000.0,550.0
Maharashtra,Junnar(Alephata) APMC,Onion,2026-04-21,Other,334.1,700.0,1200.0,1000.0
Maharashtra,Kalvan APMC,Onion,2026-04-21,Other,890.0,250.0,1790.0,950.0
Maharashtra,Kalyan APMC,Onion,2026-04-21,1st Sort,0.3,1000.0,1300.0,1150.0
Maharashtra,Karad APMC,Onion,2026-04-21,Other,24.9,200.0,1200.0,1200.0
Maharashtra,Khed(Chakan) APMC,Onion,2026-04-21,Other,20.0,900.0,1300.0,1100.0
Maharashtra,Kolhapur APMC,Onion,2026-04-21,Other,405.4,500.0,1200.0,800.0
Maharashtra,Kopargaon APMC,Onion,2026-04-21,Other,180.0,300.0,1035.0,700.0
Maharashtra,Lasalgaon APMC,Onion,2026-04-21,Other,797.4,400.0,1600.0,1000.0
Maharashtra,Lasalgaon(Niphad) APMC,Onion,2026-04-21,Other,284.0,400.0,1300.0,955.0
Maharashtra,Lasalgaon(Vinchur) APMC,Onion,2026-04-21,Other,507.0,500.0,1600.0,1000.0
Maharashtra,Lasur Station APMC,Onion,2026-04-21,Other,300.0,175.0,951.0,600.0
Maharashtra,"Malharshree Khajgi Krushi Utpann Bajar, Chandanpuri Tal Malegaon, Nashik",Onion,2026-04-21,Other,85.7,210.0,980.0,741.0
Maharashtra,Manchar APMC,Onion,2026-04-21,Other,566.1,800.0,1210.0,1005.0
Maharashtra,Manmad APMC,Onion,2026-04-21,Other,307.8,300.0,1231.0,900.0
Maharashtra,Manmad APMC,Onion,2026-04-21,Red,21.6,275.0,504.0,400.0
Maharashtra,Mumbai-Onion & Potato Market APMC,Onion,2026-04-21,Other,1076.1,700.0,1300.0,1000.0
Maharashtra,Nandgaon APMC,Onion,2026-04-21,Other,656.7,100.0,1002.0,650.0
Maharashtra,Nandgaon APMC,Onion,2026-04-21,Red,31.3,200.0,680.0,450.0
Maharashtra,Nasik APMC,Onion,2026-04-21,Other,212.5,300.0,1201.0,720.0
Maharashtra,"Omchatinya Multi State Agro Purpose Co-Op Society, Dist Ahilyanagar",Onion,2026-04-21,Other,89.96,100.0,1250.0,750.0
Maharashtra,Paranda APMC,Onion,2026-04-21,Red,260.0,200.0,1000.0,550.0
Maharashtra,Pimpalgaon Baswant APMC,Onion,2026-04-21,Other,2514.7,300.0,1799.0,1075.0
Maharashtra,Pimpalgaon Baswant(Saykheda) APMC,Onion,2026-04-21,Other,91.5,450.0,1052.0,775.0
Maharashtra,Pune APMC,Onion,2026-04-21,Local,1065.9,400.0,1100.0,700.0
Maharashtra,Pune(Manjri) APMC,Onion,2026-04-21,Local,10.0,500.0,900.0,700.0
Maharashtra,Pune(Moshi) APMC,Onion,2026-04-21,Local,58.3,500.0,1000.0,750.0
Maharashtra,Pune(Pimpri) APMC,Onion,2026-04-21,Local,0.3,500.0,1000.0,750.0
Maharashtra,Rahuri APMC,Onion,2026-04-21,Other,638.2,100.0,1100.0,600.0
Maharashtra,SHRI.SIDDHESHWAR  APMC,Onion,2026-04-21,Red,1024.1,100.0,1400.0,500.0
Maharashtra,Sakri APMC,Onion,2026-04-21,Other,1080.0,600.0,1000.0,900.0
Maharashtra,Sangamner APMC,Onion,2026-04-21,Other,640.5,200.0,1251.0,725.0
Maharashtra,Satara APMC,Onion,2026-04-21,Other,28.9,700.0,1300.0,1000.0
Maharashtra,Shivsiddha Govind Producer Company Ltd Sanchalit Khajgi Krushi Utpann Bajar Samati-Abhona-Kalwan,Onion,2026-04-21,Other,863.6,300.0,1901.0,1325.0
Maharashtra,Sinner APMC,Onion,2026-04-21,Other,107.4,400.0,1131.0,700.0
Maharashtra,Umrane APMC,Onion,2026-04-21,Other,1450.0,500.0,1376.0,950.0
Maharashtra,Vaduj APMC,Onion,2026-04-21,Local,10.0,100.0,800.0,600.0
Maharashtra,AGRICULTURE PRODUCE MARKET COMITEE CHANDWAD,Onion,2026-04-22,Other,994.2,151.0,1690.0,1050.0
Maharashtra,Akola APMC,Onion,2026-04-22,Other,65.0,400.0,1000.0,700.0
Maharashtra,Amrawati(Frui & Veg. Market) APMC,Onion,2026-04-22,Red,39.0,400.0,1500.0,950.0
Maharashtra,Bhusaval APMC,Onion,2026-04-22,Other,6.3,500.0,1000.0,800.0
Maharashtra,Chandrapur(Ganjwad) APMC,Onion,2026-04-22,Other,45.0,1000.0,1400.0,1200.0
Maharashtra,Chattrapati Sambhajinagar APMC,Onion,2026-04-22,Other,315.7,300.0,600.0,450.0
Maharashtra,Devala APMC,Onion,2026-04-22,Other,369.3,350.0,1200.0,1000.0
Maharashtra,Dharashiv APMC,Onion,2026-04-22,Red,8.7,200.0,700.0,450.0
Maharashtra,Dindori APMC,Onion,2026-04-22,Other,133.7,1000.0,1570.0,1261.0
Maharashtra,Gangapur APMC,Onion,2026-04-22,Other,150.0,125.0,910.0,650.0
Maharashtra,HINGNA - APMC,Onion,2026-04-22,Red,3.3,1200.0,1500.0,1433.0
Maharashtra,HINGNA - APMC,Onion,2026-04-22,White,1.1,500.0,1200.0,850.0
Maharashtra,Jalgaon APMC,Onion,2026-04-22,Red,128.2,275.0,887.0,587.0
Maharashtra,Junnar(Narayangaon) APMC,Onion,2026-04-22,Other,6.5,250.0,1100.0,650.0
Maharashtra,Kada APMC,Onion,2026-04-22,Other,637.7,100.0,1100.0,900.0
Maharashtra,Kalvan APMC,Onion,2026-04-22,Other,650.0,250.0,1921.0,1000.0
Maharashtra,Kalyan APMC,Onion,2026-04-22,1st Sort,0.3,1000.0,1300.0,1200.0
Maharashtra,Kamthi APMC,Onion,2026-04-22,Local,0.3,1520.0,2020.0,1770.0
Maharashtra,Khed(Chakan) APMC,Onion,2026-04-22,Other,550.0,500.0,1150.0,700.0
Maharashtra,Kolhapur APMC,Onion,2026-04-22,Other,441.2,500.0,1300.0,1000.0
Maharashtra,Kopargaon APMC,Onion,2026-04-22,Other,194.0,300.0,1100.0,725.0
Maharashtra,Lasalgaon APMC,Onion,2026-04-22,Other,394.8,400.0,1600.0,1051.0
Maharashtra,Lasalgaon(Niphad) APMC,Onion,2026-04-22,Other,225.0,400.0,1314.0,925.0
Maharashtra,Lasalgaon(Vinchur) APMC,Onion,2026-04-22,Other,674.2,500.0,1601.0,1000.0
Maharashtra,Lasur Station APMC,Onion,2026-04-22,Other,400.0,200.0,1055.0,600.0
Maharashtra,Mangal Wedha APMC,Onion,2026-04-22,Local,11.5,300.0,910.0,900.0
Maharashtra,Manmad APMC,Onion,2026-04-22,Other,330.7,400.0,1300.0,1000.0
Maharashtra,Manmad APMC,Onion,2026-04-22,Red,14.4,200.0,700.0,600.0
Maharashtra,Mumbai-Onion & Potato Market APMC,Onion,2026-04-22,Other,866.2,700.0,1400.0,1050.0
Maharashtra,Nagpur APMC,Onion,2026-04-22,Red,152.0,800.0,1200.0,1100.0
Maharashtra,Nagpur APMC,Onion,2026-04-22,White,100.0,800.0,1000.0,950.0
Maharashtra,Nampur APMC,Onion,2026-04-22,Other,500.0,100.0,950.0,600.0
Maharashtra,Nasik APMC,Onion,2026-04-22,Other,156.0,250.0,1150.0,700.0
Maharashtra,Newasa(Ghodegaon) APMC,Onion,2026-04-22,Other,93.3,200.0,1100.0,700.0
Maharashtra,Parner APMC,Onion,2026-04-22,Other,825.8,150.0,1200.0,750.0
Maharashtra,Pathardi APMC,Onion,2026-04-22,Red,84.2,100.0,900.0,500.0
Maharashtra,Pimpalgaon Baswant APMC,Onion,2026-04-22,Other,2637.7,300.0,1891.0,1175.0
Maharashtra,Pimpalgaon Baswant(Saykheda) APMC,Onion,2026-04-22,Other,98.1,500.0,1100.0,850.0
Maharashtra,Pune APMC,Onion,2026-04-22,Local,626.9,400.0,11000.0,750.0
Maharashtra,Pune(Khadiki) APMC,Onion,2026-04-22,Local,1.4,700.0,1000.0,850.0
Maharashtra,Pune(Manjri) APMC,Onion,2026-04-22,Local,7.0,500.0,900.0,700.0
Maharashtra,Pune(Pimpri) APMC,Onion,2026-04-22,Local,2.2,500.0,1200.0,850.0
Maharashtra,Ramtek APMC,Onion,2026-04-22,Other,1.0,1100.0,1500.0,1300.0
Maharashtra,SHRI.SIDDHESHWAR  APMC,Onion,2026-04-22,Red,801.5,100.0,1600.0,600.0
Maharashtra,Sangamner APMC,Onion,2026-04-22,Other,432.5,151.0,1301.0,726.0
Maharashtra,"Sangli(Phale, Bhajipala Market) APMC",Onion,2026-04-22,Local,433.7,400.0,1400.0,900.0
Maharashtra,Satara APMC,Onion,2026-04-22,Other,6.5,700.0,1300.0,1000.0
Maharashtra,Shirpur APMC,Onion,2026-04-22,Red,57.9,200.0,975.0,700.0
Maharashtra,Shivsiddha Govind Producer Company Ltd Sanchalit Khajgi Krushi Utpann Bajar Samati-Abhona-Kalwan,Onion,2026-04-22,Other,967.42,200.0,1751.0,1275.0
Maharashtra,Sinner APMC,Onion,2026-04-22,Other,80.8,200.0,961.0,700.0
Maharashtra,Umrane APMC,Onion,2026-04-22,Other,1250.0,500.0,1311.0,900.0
Maharashtra,Vadgaonpeth APMC,Onion,2026-04-22,Local,33.0,900.0,1400.0,1100.0
Maharashtra,Vaduj APMC,Onion,2026-04-22,Local,3.5,100.0,900.0,500.0
Maharashtra,Vai APMC,Onion,2026-04-22,Local,2.5,500.0,1200.0,900.0
Maharashtra,Vaijpur APMC,Onion,2026-04-22,Other,315.5,150.0,860.0,600.0
Maharashtra,Yeola APMC,Onion,2026-04-22,Other,339.0,150.0,1076.0,800.0
Maharashtra,AGRICULTURE PRODUCE MARKET COMITEE CHANDWAD,Onion,2026-04-23,Other,1339.4,100.0,1640.0,810.0
Maharashtra,Akola APMC,Onion,2026-04-23,Other,49.0,400.0,1000.0,700.0
Maharashtra,Akole APMC,Onion,2026-04-23,Other,182.8,150.0,1051.0,911.0
Maharashtra,Barshi APMC,Onion,2026-04-23,Other,91.0,150.0,750.0,500.0
Maharashtra,Bhusaval APMC,Onion,2026-04-23,Other,11.7,500.0,1000.0,800.0
Maharashtra,Chattrapati Sambhajinagar APMC,Onion,2026-04-23,Other,576.4,150.0,550.0,350.0
Maharashtra,Devala APMC,Onion,2026-04-23,Other,319.7,150.0,1255.0,1000.0
Maharashtra,Dharashiv APMC,Onion,2026-04-23,Red,6.7,400.0,800.0,600.0
Maharashtra,Dhule APMC,Onion,2026-04-23,Red,67.0,590.0,920.0,610.0
Maharashtra,Gangapur APMC,Onion,2026-04-23,Other,195.1,100.0,910.0,600.0
Maharashtra,Gevrai APMC,Onion,2026-04-23,Red,25.0,500.0,850.0,725.0
Maharashtra,HINGNA - APMC,Onion,2026-04-23,Red,0.8,1200.0,1200.0,1200.0
Maharashtra,HINGNA - APMC,Onion,2026-04-23,White,0.7,900.0,1000.0,950.0
Maharashtra,Islampur APMC,Onion,2026-04-23,Local,22.9,700.0,1000.0,850.0
Maharashtra,Junnar APMC,Onion,2026-04-23,Other,113.7,400.0,1200.0,700.0
Maharashtra,Junnar(Narayangaon) APMC,Onion,2026-04-23,Other,4.6,200.0,1200.0,700.0
Maharashtra,Junnar(Otur) APMC,Onion,2026-04-23,Other,955.4,600.0,1300.0,1000.0
Maharashtra,Kalyan APMC,Onion,2026-04-23,1st Sort,0.3,1000.0,1300.0,1150.0
Maharashtra,Kamthi APMC,Onion,2026-04-23,Local,1.8,1520.0,2020.0,1770.0
Maharashtra,Karad APMC,Onion,2026-04-23,Other,9.9,500.0,1400.0,1400.0
Maharashtra,Khed(Chakan) APMC,Onion,2026-04-23,Other,20.0,900.0,1300.0,1100.0
Maharashtra,Kolhapur APMC,Onion,2026-04-23,Other,320.1,500.0,1300.0,900.0
Maharashtra,Kopargaon APMC,Onion,2026-04-23,Other,192.0,100.0,1061.0,750.0
Maharashtra,Lasalgaon APMC,Onion,2026-04-23,Other,1003.6,400.0,1501.0,1025.0
Maharashtra,Lasalgaon(Niphad) APMC,Onion,2026-04-23,Other,362.0,411.0,1188.0,951.0
Maharashtra,Lasalgaon(Vinchur) APMC,Onion,2026-04-23,Other,900.5,500.0,1612.0,1000.0
Maharashtra,Lasur Station APMC,Onion,2026-04-23,Other,520.0,300.0,1000.0,575.0
Maharashtra,"Laxmi-Sopan Agriculture Produce Marketing Co Ltd, Barshi, Dist Solapur",Onion,2026-04-23,Other,301.5,200.0,800.0,600.0
Maharashtra,Lonand APMC,Onion,2026-04-23,Other,307.5,250.0,900.0,650.0
Maharashtra,"Malharshree Khajgi Krushi Utpann Bajar, Chandanpuri Tal Malegaon, Nashik",Onion,2026-04-23,Other,124.9,210.0,941.0,751.0
Maharashtra,Manchar APMC,Onion,2026-04-23,Other,501.0,1000.0,1200.0,1150.0
Maharashtra,Mangal Wedha APMC,Onion,2026-04-23,Local,4.5,200.0,950.0,700.0
Maharashtra,Manmad APMC,Onion,2026-04-23,Other,513.4,400.0,1269.0,950.0
Maharashtra,Manmad APMC,Onion,2026-04-23,Red,17.9,325.0,760.0,570.0
Maharashtra,Mumbai-Onion & Potato Market APMC,Onion,2026-04-23,Other,867.3,600.0,1300.0,950.0
Maharashtra,Nagpur APMC,Onion,2026-04-23,Red,200.0,800.0,1200.0,1100.0
Maharashtra,Nagpur APMC,Onion,2026-04-23,White,136.0,800.0,1000.0,950.0
Maharashtra,Nandgaon APMC,Onion,2026-04-23,Other,1380.7,100.0,1168.0,850.0
Maharashtra,Nasik APMC,Onion,2026-04-23,Other,150.5,230.0,1100.0,700.0
Maharashtra,Paranda APMC,Onion,2026-04-23,Red,225.0,100.0,800.0,500.0
Maharashtra,Pimpalgaon Baswant APMC,Onion,2026-04-23,Other,3232.8,200.0,1921.0,1200.0
Maharashtra,Pimpalgaon Baswant(Saykheda) APMC,Onion,2026-04-23,Other,69.6,500.0,1158.0,900.0
Maharashtra,Pune APMC,Onion,2026-04-23,Local,647.8,400.0,1100.0,750.0
Maharashtra,Pune(Khadiki) APMC,Onion,2026-04-23,Local,1.3,600.0,1100.0,850.0
Maharashtra,Pune(Manjri) APMC,Onion,2026-04-23,Local,6.5,400.0,1000.0,800.0
Maharashtra,Pune(Moshi) APMC,Onion,2026-04-23,Local,69.7,300.0,1000.0,650.0
Maharashtra,Pune(Pimpri) APMC,Onion,2026-04-23,Local,2.1,500.0,1000.0,750.0
Maharashtra,Ramtek APMC,Onion,2026-04-23,Other,2.8,1100.0,1500.0,1300.0
Maharashtra,SHRI.SIDDHESHWAR  APMC,Onion,2026-04-23,Red,968.3,100.0,1550.0,600.0
Maharashtra,Sangamner APMC,Onion,2026-04-23,Other,447.2,200.0,1280.0,740.0
Maharashtra,"Sangli(Phale, Bhajipala Market) APMC",Onion,2026-04-23,Local,279.9,300.0,1200.0,750.0
Maharashtra,Satana APMC,Onion,2026-04-23,Other,965.0,100.0,1500.0,950.0
Maharashtra,Satara APMC,Onion,2026-04-23,Other,34.3,700.0,1300.0,1000.0
Maharashtra,Shevgaon APMC,Onion,2026-04-23,1st Sort,63.0,600.0,900.0,750.0
Maharashtra,Shevgaon APMC,Onion,2026-04-23,2nd Sort,71.2,300.0,500.0,400.0
Maharashtra,Shivsiddha Govind Producer Company Ltd Sanchalit Khajgi Krushi Utpann Bajar Samati-Abhona-Kalwan,Onion,2026-04-23,Other,1451.03,250.0,1900.0,1140.0
Maharashtra,"Shri Rameshwar Krushi Market, M.Nagar, Tal Deola, Dist Nashik",Onion,2026-04-23,Other,793.08,151.0,1201.0,664.41
Maharashtra,"Shri Rameshwar Krushi Market, M.Nagar, Tal Deola, Dist Nashik",Onion,2026-04-23,Red,8.01,225.0,381.0,308.32
Maharashtra,Shrigonda APMC,Onion,2026-04-23,Other,11.7,200.0,800.0,500.0
Maharashtra,Sinner APMC,Onion,2026-04-23,Other,98.6,200.0,1165.0,800.0
Maharashtra,Vaduj APMC,Onion,2026-04-23,Local,10.0,100.0,1000.0,500.0
Maharashtra,Vaijpur APMC,Onion,2026-04-23,Other,319.9,100.0,850.0,550.0
Maharashtra,Vita APMC,Onion,2026-04-23,Other,5.0,1000.0,1200.0,1150.0
Maharashtra,Yeola APMC,Onion,2026-04-23,Other,339.1,200.0,1126.0,800.0
Maharashtra,AGRICULTURE PRODUCE MARKET COMITEE CHANDWAD,Onion,2026-04-24,Other,1313.7,100.0,1590.0,930.0
Maharashtra,Akluj APMC,Onion,2026-04-24,Other,24.8,200.0,1000.0,700.0
Maharashtra,Akola APMC,Onion,2026-04-24,Other,42.4,400.0,1000.0,700.0
Maharashtra,Amrawati(Frui & Veg. Market) APMC,Onion,2026-04-24,Red,40.8,400.0,1600.0,1000.0
Maharashtra,Bhusaval APMC,Onion,2026-04-24,Other,8.7,500.0,1000.0,800.0
Maharashtra,Chandrapur(Ganjwad) APMC,Onion,2026-04-24,Other,46.0,1000.0,1300.0,1200.0
Maharashtra,Devala APMC,Onion,2026-04-24,Other,397.2,350.0,1705.0,1150.0
Maharashtra,Dindori APMC,Onion,2026-04-24,Other,157.0,1000.0,1470.0,1250.0
Maharashtra,Gangapur APMC,Onion,2026-04-24,Other,246.1,100.0,925.0,625.0
Maharashtra,Jalgaon APMC,Onion,2026-04-24,Red,145.0,300.0,975.0,625.0
Maharashtra,Junnar(Narayangaon) APMC,Onion,2026-04-24,Other,3.2,200.0,1100.0,600.0
Maharashtra,Kalvan APMC,Onion,2026-04-24,Other,420.0,250.0,1520.0,1001.0
Maharashtra,Kalyan APMC,Onion,2026-04-24,1st Sort,0.3,1000.0,1300.0,1150.0
Maharashtra,Kamthi APMC,Onion,2026-04-24,Local,1.4,1520.0,2020.0,1770.0
Maharashtra,Khed(Chakan) APMC,Onion,2026-04-24,Other,11.5,500.0,900.0,750.0
Maharashtra,Kolhapur APMC,Onion,2026-04-24,Other,387.3,500.0,1300.0,900.0
Maharashtra,Kopargaon APMC,Onion,2026-04-24,Other,222.0,300.0,1151.0,775.0
Maharashtra,Lasalgaon APMC,Onion,2026-04-24,Other,1130.6,400.0,1501.0,1000.0
Maharashtra,Lasalgaon(Niphad) APMC,Onion,2026-04-24,Other,360.0,400.0,1200.0,775.0
Maharashtra,Lasalgaon(Vinchur) APMC,Onion,2026-04-24,Other,979.2,500.0,1600.0,1000.0
Maharashtra,Lasur Station APMC,Onion,2026-04-24,Other,580.0,100.0,970.0,500.0
Maharashtra,"Laxmi-Sopan Agriculture Produce Marketing Co Ltd, Barshi, Dist Solapur",Onion,2026-04-24,Other,330.0,100.0,900.0,700.0
Maharashtra,"Malharshree Khajgi Krushi Utpann Bajar, Chandanpuri Tal Malegaon, Nashik",Onion,2026-04-24,Other,121.2,208.0,1025.0,861.0
Maharashtra,Mangal Wedha APMC,Onion,2026-04-24,Local,16.3,100.0,1000.0,900.0
Maharashtra,Manmad APMC,Onion,2026-04-24,Other,685.8,321.0,1263.0,950.0
Maharashtra,Manmad APMC,Onion,2026-04-24,Red,1.3,600.0,730.0,641.0
Maharashtra,Mumbai-Onion & Potato Market APMC,Onion,2026-04-24,Other,770.9,600.0,1300.0,950.0
Maharashtra,Nampur APMC,Onion,2026-04-24,Other,108.0,100.0,1155.0,600.0
Maharashtra,Nasik APMC,Onion,2026-04-24,Other,174.0,300.0,1201.0,750.0
Maharashtra,"Omchatinya Multi State Agro Purpose Co-Op Society, Dist Ahilyanagar",Onion,2026-04-24,Other,78.6,100.0,1100.0,600.0
Maharashtra,Parner APMC,Onion,2026-04-24,Other,686.2,150.0,1200.0,775.0
Maharashtra,Pimpalgaon Baswant APMC,Onion,2026-04-24,Other,3045.1,300.0,1912.0,1200.0
Maharashtra,Pimpalgaon Baswant(Saykheda) APMC,Onion,2026-04-24,Other,121.5,430.0,1010.0,800.0
Maharashtra,Pune(Manjri) APMC,Onion,2026-04-24,Local,7.3,600.0,1100.0,800.0
Maharashtra,Pune(Moshi) APMC,Onion,2026-04-24,Local,48.4,500.0,1000.0,750.0
Maharashtra,Pune(Pimpri) APMC,Onion,2026-04-24,Local,1.1,500.0,1100.0,800.0
Maharashtra,Rahata APMC,Onion,2026-04-24,Other,269.6,300.0,1300.0,800.0
Maharashtra,Rahuri APMC,Onion,2026-04-24,Other,550.4,100.0,1150.0,625.0
Maharashtra,SHRI.SIDDHESHWAR  APMC,Onion,2026-04-24,Red,1213.8,100.0,1500.0,600.0
Maharashtra,Sangamner APMC,Onion,2026-04-24,Other,483.0,151.0,1311.0,731.0
Maharashtra,"Sangli(Phale, Bhajipala Market) APMC",Onion,2026-04-24,Local,254.8,300.0,1150.0,725.0
Maharashtra,Satana APMC,Onion,2026-04-24,Other,845.5,100.0,1625.0,950.0
Maharashtra,Shrirampur APMC,Onion,2026-04-24,Other,293.7,500.0,1150.0,900.0
Maharashtra,Sinner APMC,Onion,2026-04-24,Other,127.0,200.0,1226.0,800.0
Maharashtra,Vadgaonpeth APMC,Onion,2026-04-24,Local,31.0,900.0,1400.0,1200.0
Maharashtra,Vai APMC,Onion,2026-04-24,Local,2.0,500.0,1100.0,800.0
Maharashtra,Yeola APMC,Onion,2026-04-24,Other,390.4,100.0,1176.0,750.0
Maharashtra,AGRICULTURE PRODUCE MARKET COMITEE CHANDWAD,Onion,2026-04-25,Other,1102.5,100.0,1495.0,900.0
Maharashtra,APMC Yawal,Onion,2026-04-25,Red,69.2,940.0,1290.0,1160.0
Maharashtra,Amrawati(Frui & Veg. Market) APMC,Onion,2026-04-25,Red,40.8,400.0,1500.0,950.0
Maharashtra,Bhusaval APMC,Onion,2026-04-25,Other,7.4,500.0,1000.0,800.0
Maharashtra,Chandrapur(Ganjwad) APMC,Onion,2026-04-25,Other,47.0,1100.0,1300.0,1200.0
Maharashtra,Chattrapati Sambhajinagar APMC,Onion,2026-04-25,Other,286.5,300.0,700.0,500.0
Maharashtra,Dharashiv APMC,Onion,2026-04-25,Red,1.8,500.0,900.0,700.0
Maharashtra,Dhule APMC,Onion,2026-04-25,Red,67.0,450.0,910.0,700.0
Maharashtra,Gevrai APMC,Onion,2026-04-25,Red,19.5,500.0,800.0,650.0
Maharashtra,HINGNA - APMC,Onion,2026-04-25,Red,0.2,1500.0,1500.0,1500.0
Maharashtra,HINGNA - APMC,Onion,2026-04-25,White,6.9,600.0,1200.0,886.0
Maharashtra,Jalgaon APMC,Onion,2026-04-25,Red,148.9,375.0,1000.0,800.0
Maharashtra,Junnar(Narayangaon) APMC,Onion,2026-04-25,Other,5.8,200.0,1050.0,600.0
Maharashtra,Karad APMC,Onion,2026-04-25,Other,19.8,300.0,1400.0,1400.0
Maharashtra,Khed(Chakan) APMC,Onion,2026-04-25,Other,425.0,500.0,1000.0,800.0
Maharashtra,Kolhapur APMC,Onion,2026-04-25,Other,608.3,500.0,1500.0,1000.0
Maharashtra,Kopargaon APMC,Onion,2026-04-25,Other,312.0,300.0,1100.0,750.0
Maharashtra,Lasalgaon APMC,Onion,2026-04-25,Other,676.6,500.0,1500.0,1100.0
Maharashtra,Lasalgaon(Niphad) APMC,Onion,2026-04-25,Other,258.0,400.0,1100.0,800.0
Maharashtra,Lasalgaon(Vinchur) APMC,Onion,2026-04-25,Other,522.0,500.0,1601.0,1000.0
Maharashtra,"Laxmi-Sopan Agriculture Produce Marketing Co Ltd, Barshi, Dist Solapur",Onion,2026-04-25,Other,338.4,400.0,1200.0,800.0
Maharashtra,Mangal Wedha APMC,Onion,2026-04-25,Local,3.9,300.0,700.0,600.0
Maharashtra,Manmad APMC,Onion,2026-04-25,Other,200.0,400.0,1241.0,950.0
Maharashtra,Manmad APMC,Onion,2026-04-25,Red,8.0,331.0,531.0,406.0
Maharashtra,Mumbai-Onion & Potato Market APMC,Onion,2026-04-25,Other,959.2,600.0,1200.0,900.0
Maharashtra,Nagpur APMC,Onion,2026-04-25,Red,210.0,800.0,1200.0,1025.0
Maharashtra,Nagpur APMC,Onion,2026-04-25,White,210.0,800.0,1100.0,1025.0
Maharashtra,Nasik APMC,Onion,2026-04-25,Other,226.8,260.0,1151.0,730.0
Maharashtra,Newasa(Ghodegaon) APMC,Onion,2026-04-25,Other,97.8,200.0,1100.0,700.0
Maharashtra,Paithan APMC,Onion,2026-04-25,Other,15.2,100.0,755.0,650.0
Maharashtra,Pimpalgaon Baswant APMC,Onion,2026-04-25,Other,2880.0,300.0,1931.0,1150.0
Maharashtra,Pimpalgaon Baswant(Saykheda) APMC,Onion,2026-04-25,Other,285.0,400.0,1100.0,825.0
Maharashtra,Pune(Khadiki) APMC,Onion,2026-04-25,Local,1.0,600.0,1100.0,850.0
Maharashtra,Pune(Manjri) APMC,Onion,2026-04-25,Local,9.0,500.0,900.0,700.0
Maharashtra,Pune(Pimpri) APMC,Onion,2026-04-25,Local,1.9,1000.0,1200.0,1100.0
Maharashtra,Rahuri(Vambori) APMC,Onion,2026-04-25,Other,387.6,100.0,1200.0,700.0
Maharashtra,Ramtek APMC,Onion,2026-04-25,Other,1.7,1100.0,1300.0,1200.0
Maharashtra,SHRI.SIDDHESHWAR  APMC,Onion,2026-04-25,Red,1561.6,100.0,1300.0,600.0
Maharashtra,"Sangli(Phale, Bhajipala Market) APMC",Onion,2026-04-25,Local,267.4,300.0,1200.0,750.0
Maharashtra,Satara APMC,Onion,2026-04-25,Other,31.5,1000.0,1300.0,1150.0
Maharashtra,Shevgaon APMC,Onion,2026-04-25,1st Sort,63.0,400.0,800.0,600.0
Maharashtra,Shivsiddha Govind Producer Company Ltd Sanchalit Khajgi Krushi Utpann Bajar Samati-Abhona-Kalwan,Onion,2026-04-25,Other,1334.91,305.0,1800.0,1210.0
Maharashtra,Vadgaonpeth APMC,Onion,2026-04-25,Local,31.0,900.0,1200.0,1000.0
Maharashtra,Vaduj APMC,Onion,2026-04-25,Local,7.0,400.0,1100.0,800.0
Maharashtra,Vai APMC,Onion,2026-04-25,Local,2.0,700.0,1200.0,900.0
Maharashtra,Vaijpur APMC,Onion,2026-04-25,Other,4.9,350.0,800.0,600.0
Maharashtra,Yeola APMC,Onion,2026-04-25,Other,400.0,100.0,1261.0,750.0
Maharashtra,Akluj APMC,Onion,2026-04-26,Other,25.4,200.0,800.0,600.0
Maharashtra,Akole APMC,Onion,2026-04-26,Other,119.0,200.0,1101.0,950.0
Maharashtra,Amrawati(Frui & Veg. Market) APMC,Onion,2026-04-26,Red,44.8,400.0,1400.0,900.0
Maharashtra,Bhusaval APMC,Onion,2026-04-26,Other,8.8,500.0,1000.0,800.0
Maharashtra,Chattrapati Sambhajinagar APMC,Onion,2026-04-26,Other,274.1,200.0,750.0,475.0
Maharashtra,Dharashiv APMC,Onion,2026-04-26,Red,6.5,400.0,800.0,600.0
Maharashtra,Junnar(Alephata) APMC,Onion,2026-04-26,Other,293.5,600.0,1300.0,1000.0
Maharashtra,Junnar(Narayangaon) APMC,Onion,2026-04-26,Other,0.8,300.0,1100.0,700.0
Maharashtra,Junnar(Otur) APMC,Onion,2026-04-26,Other,637.4,700.0,1350.0,1000.0
Maharashtra,Kalyan APMC,Onion,2026-04-26,1st Sort,0.3,1000.0,1200.0,1100.0
Maharashtra,Kalyan APMC,Onion,2026-04-26,2nd Sort,0.3,700.0,800.0,750.0
Maharashtra,Kamthi APMC,Onion,2026-04-26,Local,3.8,1520.0,2020.0,1770.0
Maharashtra,Karad APMC,Onion,2026-04-26,Other,19.8,500.0,1300.0,1300.0
Maharashtra,Khed(Chakan) APMC,Onion,2026-04-26,Other,12.5,500.0,1000.0,800.0
Maharashtra,Manchar APMC,Onion,2026-04-26,Other,682.4,900.0,1310.0,1115.0
Maharashtra,Mangal Wedha APMC,Onion,2026-04-26,Local,1.4,700.0,700.0,700.0
Maharashtra,"Omchatinya Multi State Agro Purpose Co-Op Society, Dist Ahilyanagar",Onion,2026-04-26,Red,70.15,100.0,1200.0,700.0
Maharashtra,Paithan APMC,Onion,2026-04-26,Other,175.1,100.0,950.0,700.0
Maharashtra,Paranda APMC,Onion,2026-04-26,Red,325.0,100.0,1050.0,650.0
Maharashtra,Parner APMC,Onion,2026-04-26,Other,758.1,150.0,1300.0,825.0
Maharashtra,Pathardi APMC,Onion,2026-04-26,Red,40.7,100.0,800.0,400.0
Maharashtra,Pune APMC,Onion,2026-04-26,Local,1235.7,400.0,1200.0,800.0
Maharashtra,Pune(Khadiki) APMC,Onion,2026-04-26,Local,2.3,600.0,1000.0,800.0
Maharashtra,Pune(Manjri) APMC,Onion,2026-04-26,Local,10.2,400.0,1000.0,700.0
Maharashtra,Pune(Moshi) APMC,Onion,2026-04-26,Local,46.3,400.0,1000.0,700.0
Maharashtra,Pune(Pimpri) APMC,Onion,2026-04-26,Local,1.5,1100.0,1200.0,1150.0
Maharashtra,Rahata APMC,Onion,2026-04-26,Other,175.7,300.0,1300.0,600.0
Maharashtra,Ramtek APMC,Onion,2026-04-26,Other,7.0,1100.0,1500.0,1300.0
Maharashtra,Satara APMC,Onion,2026-04-26,Other,12.6,1000.0,1300.0,1150.0
Maharashtra,Vaduj APMC,Onion,2026-04-26,Local,9.0,100.0,800.0,500.0
Maharashtra,AGRICULTURE PRODUCE MARKET COMITEE CHANDWAD,Onion,2026-04-27,Other,884.7,100.0,1750.0,940.0
Maharashtra,APMC Yawal,Onion,2026-04-27,Red,56.8,950.0,1290.0,1160.0
Maharashtra,Akola APMC,Onion,2026-04-27,Other,72.5,300.0,1000.0,700.0
Maharashtra,Amrawati(Frui & Veg. Market) APMC,Onion,2026-04-27,Red,40.8,500.0,1500.0,1000.0
Maharashtra,Chandrapur(Ganjwad) APMC,Onion,2026-04-27,Other,46.0,1700.0,2700.0,2000.0
Maharashtra,Chattrapati Sambhajinagar APMC,Onion,2026-04-27,Other,296.5,300.0,700.0,500.0
Maharashtra,Devala APMC,Onion,2026-04-27,Other,605.1,350.0,1380.0,1050.0
Maharashtra,Dhule APMC,Onion,2026-04-27,Red,37.7,200.0,880.0,690.0
Maharashtra,Dindori APMC,Onion,2026-04-27,Other,229.5,900.0,1445.0,1150.0
Maharashtra,Dindori(Vani) APMC,Onion,2026-04-27,Other,511.2,651.0,1831.0,1325.0
Maharashtra,Gangapur APMC,Onion,2026-04-27,Other,348.7,100.0,1000.0,650.0
Maharashtra,Gevrai APMC,Onion,2026-04-27,Red,16.5,500.0,900.0,725.0
Maharashtra,HINGNA - APMC,Onion,2026-04-27,Red,1.8,1000.0,1600.0,1367.0
Maharashtra,HINGNA - APMC,Onion,2026-04-27,White,3.0,700.0,1200.0,950.0
Maharashtra,Indapur APMC,Onion,2026-04-27,Red,37.2,150.0,1200.0,450.0
Maharashtra,Jalgaon APMC,Onion,2026-04-27,Red,149.0,350.0,1052.0,725.0
Maharashtra,Kalvan APMC,Onion,2026-04-27,Other,1100.0,250.0,1850.0,1050.0
Maharashtra,Karad APMC,Onion,2026-04-27,Other,7.5,500.0,1300.0,1300.0
Maharashtra,Kolhapur APMC,Onion,2026-04-27,Other,570.3,500.0,1400.0,1000.0
Maharashtra,Kopargaon APMC,Onion,2026-04-27,Other,210.0,350.0,1101.0,800.0
Maharashtra,Kurdwadi(Modnimb) APMC,Onion,2026-04-27,Red,11.0,50.0,700.0,400.0
Maharashtra,Lasalgaon APMC,Onion,2026-04-27,Other,1149.6,500.0,1540.0,1100.0
Maharashtra,Lasalgaon(Niphad) APMC,Onion,2026-04-27,Other,259.5,400.0,1100.0,800.0
Maharashtra,Lasalgaon(Vinchur) APMC,Onion,2026-04-27,Other,892.8,500.0,1601.0,1000.0
Maharashtra,Lasur Station APMC,Onion,2026-04-27,Other,399.0,150.0,1040.0,600.0
Maharashtra,"Laxmi-Sopan Agriculture Produce Marketing Co Ltd, Barshi, Dist Solapur",Onion,2026-04-27,Other,520.0,300.0,1000.0,700.0
Maharashtra,Lonand APMC,Onion,2026-04-27,Other,150.0,350.0,1075.0,800.0
Maharashtra,Mangal Wedha APMC,Onion,2026-04-27,Local,8.6,300.0,900.0,800.0
Maharashtra,Manmad APMC,Onion,2026-04-27,Other,751.3,400.0,1350.0,970.0
Maharashtra,Manmad APMC,Onion,2026-04-27,Red,0.4,301.0,391.0,350.0
Maharashtra,Mumbai-Onion & Potato Market APMC,Onion,2026-04-27,Other,1442.6,600.0,1300.0,950.0
Maharashtra,Nagpur APMC,Onion,2026-04-27,Red,140.0,1000.0,1200.0,1100.0
Maharashtra,Nagpur APMC,Onion,2026-04-27,White,140.0,1000.0,1200.0,1100.0
Maharashtra,Nampur APMC,Onion,2026-04-27,Other,530.0,100.0,1230.0,800.0
Maharashtra,Nandgaon APMC,Onion,2026-04-27,Other,1637.4,100.0,1230.0,850.0
Maharashtra,Nandgaon APMC,Onion,2026-04-27,Red,10.1,280.0,402.0,280.0
Maharashtra,Nasik APMC,Onion,2026-04-27,Other,255.0,275.0,1201.0,750.0
Maharashtra,Paranda APMC,Onion,2026-04-27,Red,240.0,100.0,1050.0,500.0
Maharashtra,Pimpalgaon Baswant APMC,Onion,2026-04-27,Other,2892.4,300.0,2004.0,1150.0
Maharashtra,Pimpalgaon Baswant(Saykheda) APMC,Onion,2026-04-27,Other,220.1,500.0,1100.0,850.0
Maharashtra,Pune APMC,Onion,2026-04-27,Local,745.0,400.0,1200.0,800.0
Maharashtra,Pune(Khadiki) APMC,Onion,2026-04-27,Local,1.7,600.0,1100.0,850.0
Maharashtra,Pune(Manjri) APMC,Onion,2026-04-27,Local,9.1,400.0,1000.0,700.0
Maharashtra,Pune(Moshi) APMC,Onion,2026-04-27,Local,56.0,400.0,1000.0,700.0
Maharashtra,Pune(Pimpri) APMC,Onion,2026-04-27,Local,0.4,600.0,800.0,700.0
Maharashtra,Rahuri(Vambori) APMC,Onion,2026-04-27,Other,274.1,100.0,1200.0,700.0
Maharashtra,SHRI.SIDDHESHWAR  APMC,Onion,2026-04-27,Red,1856.0,100.0,1600.0,600.0
Maharashtra,Sangamner APMC,Onion,2026-04-27,Other,578.1,200.0,1376.0,788.0
Maharashtra,"Sangli(Phale, Bhajipala Market) APMC",Onion,2026-04-27,Local,312.7,300.0,1300.0,800.0
Maharashtra,Satana APMC,Onion,2026-04-27,Other,667.5,100.0,1635.0,935.0
Maharashtra,Satara APMC,Onion,2026-04-27,Other,33.5,700.0,1300.0,1000.0
Maharashtra,Shivsiddha Govind Producer Company Ltd Sanchalit Khajgi Krushi Utpann Bajar Samati-Abhona-Kalwan,Onion,2026-04-27,Other,1622.4,250.0,1805.0,1150.0
Maharashtra,Sinner APMC,Onion,2026-04-27,Other,165.7,200.0,1267.0,900.0
Maharashtra,Umrane APMC,Onion,2026-04-27,Other,2050.0,500.0,1490.0,950.0
Maharashtra,Vaduj APMC,Onion,2026-04-27,Local,3.0,100.0,900.0,500.0
Maharashtra,Vaijpur APMC,Onion,2026-04-27,Other,604.1,120.0,890.0,600.0
Maharashtra,Vita APMC,Onion,2026-04-27,Other,5.0,800.0,1200.0,1000.0
Maharashtra,Yeola APMC,Onion,2026-04-27,Other,558.8,100.0,1169.0,775.0
Maharashtra,AGRICULTURE PRODUCE MARKET COMITEE CHANDWAD,Onion,2026-04-28,Other,1273.1,100.0,1620.0,1000.0
Maharashtra,APMC Yawal,Onion,2026-04-28,Red,50.0,950.0,1290.0,1180.0
Maharashtra,Akola APMC,Onion,2026-04-28,Other,49.5,300.0,1000.0,700.0
Maharashtra,Akole APMC,Onion,2026-04-28,Other,116.1,250.0,1255.0,1011.0
Maharashtra,Amrawati(Frui & Veg. Market) APMC,Onion,2026-04-28,Red,44.8,400.0,1600.0,1000.0
Maharashtra,Bhusaval APMC,Onion,2026-04-28,Other,14.9,500.0,1000.0,800.0
Maharashtra,Chandrapur(Ganjwad) APMC,Onion,2026-04-28,Other,82.0,1100.0,1400.0,1200.0
Maharashtra,Chattrapati Sambhajinagar APMC,Onion,2026-04-28,Other,314.7,100.0,500.0,300.0
Maharashtra,Devala APMC,Onion,2026-04-28,Other,541.1,350.0,1605.0,1100.0
Maharashtra,Dharashiv APMC,Onion,2026-04-28,Red,5.0,300.0,1000.0,650.0
Maharashtra,Dhule APMC,Onion,2026-04-28,Red,86.1,200.0,880.0,690.0
Maharashtra,Gangapur APMC,Onion,2026-04-28,Other,316.3,125.0,1060.0,725.0
Maharashtra,HINGNA - APMC,Onion,2026-04-28,Red,3.0,1100.0,1500.0,1233.0
Maharashtra,HINGNA - APMC,Onion,2026-04-28,White,3.0,700.0,1200.0,950.0
Maharashtra,Indapur APMC,Onion,2026-04-28,Red,30.0,150.0,1200.0,500.0
Maharashtra,Jalgaon APMC,Onion,2026-04-28,Red,56.5,375.0,1000.0,700.0
Maharashtra,Jamkhed APMC,Onion,2026-04-28,Local,123.1,100.0,1000.0,550.0
Maharashtra,Junnar(Alephata) APMC,Onion,2026-04-28,Other,298.7,700.0,1310.0,1000.0
Maharashtra,Kalvan APMC,Onion,2026-04-28,Other,1130.0,250.0,1725.0,1000.0
Maharashtra,Kalyan APMC,Onion,2026-04-28,1st Sort,0.3,1000.0,1200.0,1100.0
Maharashtra,Kalyan APMC,Onion,2026-04-28,2nd Sort,0.3,500.0,800.0,650.0
Maharashtra,Kamthi APMC,Onion,2026-04-28,Local,3.0,1520.0,2020.0,1770.0
Maharashtra,Karad APMC,Onion,2026-04-28,Other,9.9,500.0,1300.0,1300.0
Maharashtra,Khed(Chakan) APMC,Onion,2026-04-28,Other,10.0,500.0,1000.0,800.0
Maharashtra,Kolhapur APMC,Onion,2026-04-28,Other,462.3,500.0,1400.0,1000.0
Maharashtra,Kopargaon APMC,Onion,2026-04-28,Other,332.0,300.0,1131.0,850.0
Maharashtra,Lasalgaon APMC,Onion,2026-04-28,Other,964.2,400.0,1500.0,1051.0
Maharashtra,Lasalgaon(Niphad) APMC,Onion,2026-04-28,Other,195.0,400.0,1301.0,1000.0
Maharashtra,Lasalgaon(Vinchur) APMC,Onion,2026-04-28,Other,750.3,500.0,1450.0,1000.0
Maharashtra,Lasur Station APMC,Onion,2026-04-28,Other,450.0,120.0,1000.0,575.0
Maharashtra,"Malharshree Khajgi Krushi Utpann Bajar, Chandanpuri Tal Malegaon, Nashik",Onion,2026-04-28,Other,109.1,295.0,1083.0,863.0
Maharashtra,Manchar APMC,Onion,2026-04-28,Other,624.8,900.0,1360.0,1140.0
Maharashtra,Manmad APMC,Onion,2026-04-28,Other,625.6,400.0,1251.0,1000.0
Maharashtra,Mumbai-Onion & Potato Market APMC,Onion,2026-04-28,Other,914.4,700.0,1400.0,1050.0
Maharashtra,Nagpur APMC,Onion,2026-04-28,Red,204.0,1000.0,1200.0,1150.0
Maharashtra,Nagpur APMC,Onion,2026-04-28,White,104.0,1000.0,1200.0,1150.0
Maharashtra,Nampur APMC,Onion,2026-04-28,Other,366.2,150.0,1160.0,800.0
Maharashtra,Nandgaon APMC,Onion,2026-04-28,Other,1586.5,110.0,1225.0,850.0
Maharashtra,Nandgaon APMC,Onion,2026-04-28,Red,5.7,100.0,471.0,450.0
Maharashtra,Nasik APMC,Onion,2026-04-28,Other,188.5,300.0,1250.0,800.0
Maharashtra,"Omchatinya Multi State Agro Purpose Co-Op Society, Dist Ahilyanagar",Onion,2026-04-28,Red,84.38,100.0,1200.0,700.0
Maharashtra,Paranda APMC,Onion,2026-04-28,Red,175.0,100.0,1100.0,600.0
Maharashtra,Pimpalgaon Baswant APMC,Onion,2026-04-28,Other,3057.1,300.0,2041.0,1200.0
Maharashtra,Pimpalgaon Baswant(Saykheda) APMC,Onion,2026-04-28,Other,243.6,500.0,1211.0,875.0
Maharashtra,Pune APMC,Onion,2026-04-28,Local,891.7,400.0,1300.0,850.0
Maharashtra,Pune(Khadiki) APMC,Onion,2026-04-28,Local,2.2,600.0,1100.0,850.0
Maharashtra,Pune(Manjri) APMC,Onion,2026-04-28,Local,8.7,500.0,1000.0,700.0
Maharashtra,Pune(Moshi) APMC,Onion,2026-04-28,Local,33.6,400.0,1000.0,700.0
Maharashtra,Pune(Pimpri) APMC,Onion,2026-04-28,Local,0.2,800.0,800.0,800.0
Maharashtra,Rahuri APMC,Onion,2026-04-28,Other,810.7,100.0,1300.0,700.0
Maharashtra,Ramtek APMC,Onion,2026-04-28,Other,2.1,1100.0,1500.0,1300.0
Maharashtra,SHRI.SIDDHESHWAR  APMC,Onion,2026-04-28,Red,1515.3,100.0,1400.0,600.0
Maharashtra,Sakri APMC,Onion,2026-04-28,Other,261.0,400.0,1000.0,900.0
Maharashtra,Sangamner APMC,Onion,2026-04-28,Other,506.1,200.0,1411.0,805.0
Maharashtra,"Sangli(Phale, Bhajipala Market) APMC",Onion,2026-04-28,Local,240.1,300.0,1550.0,925.0
Maharashtra,Satana APMC,Onion,2026-04-28,Other,893.5,125.0,1650.0,1000.0
Maharashtra,Satara APMC,Onion,2026-04-28,Other,17.7,700.0,1300.0,1000.0
Maharashtra,Shivsiddha Govind Producer Company Ltd Sanchalit Khajgi Krushi Utpann Bajar Samati-Abhona-Kalwan,Onion,2026-04-28,Other,1370.13,200.0,1810.0,1175.0
Maharashtra,Shrigonda APMC,Onion,2026-04-28,Other,16.8,150.0,1000.0,800.0
Maharashtra,Sinner APMC,Onion,2026-04-28,Other,143.2,200.0,1100.0,850.0
Maharashtra,Vadgaonpeth APMC,Onion,2026-04-28,Local,90.0,900.0,1300.0,1100.0
Maharashtra,Vaduj APMC,Onion,2026-04-28,Local,6.0,100.0,1000.0,500.0
Maharashtra,Vaijpur APMC,Onion,2026-04-28,Other,562.4,140.0,1025.0,800.0
Maharashtra,Vita APMC,Onion,2026-04-28,Other,4.0,800.0,1100.0,1000.0
Maharashtra,AGRICULTURE PRODUCE MARKET COMITEE CHANDWAD,Onion,2026-04-29,Other,1428.1,200.0,1600.0,1200.0
Maharashtra,Akluj APMC,Onion,2026-04-29,Other,32.1,200.0,900.0,700.0
Maharashtra,Akola APMC,Onion,2026-04-29,Other,13.0,400.0,1100.0,700.0
Maharashtra,Amrawati(Frui & Veg. Market) APMC,Onion,2026-04-29,Red,39.0,500.0,1600.0,1050.0
Maharashtra,Barshi APMC,Onion,2026-04-29,Other,152.3,100.0,500.0,350.0
Maharashtra,Bhusaval APMC,Onion,2026-04-29,Other,4.7,500.0,1000.0,800.0
Maharashtra,Chandrapur(Ganjwad) APMC,Onion,2026-04-29,Other,33.0,1200.0,1500.0,1300.0
Maharashtra,Chattrapati Sambhajinagar APMC,Onion,2026-04-29,Other,351.0,250.0,550.0,400.0
Maharashtra,Devala APMC,Onion,2026-04-29,Other,374.0,400.0,1600.0,1150.0
Maharashtra,Dharashiv APMC,Onion,2026-04-29,Red,0.9,600.0,800.0,700.0
Maharashtra,Dhule APMC,Onion,2026-04-29,Red,1.6,300.0,1050.0,880.0
Maharashtra,Gangapur APMC,Onion,2026-04-29,Other,429.0,100.0,1225.0,825.0
Maharashtra,HINGNA - APMC,Onion,2026-04-29,Red,3.0,1100.0,1500.0,1233.0
Maharashtra,Jalgaon APMC,Onion,2026-04-29,Red,114.6,375.0,1000.0,700.0
Maharashtra,Junnar(Narayangaon) APMC,Onion,2026-04-29,Other,4.2,200.0,1200.0,650.0
Maharashtra,Kalvan APMC,Onion,2026-04-29,Other,665.0,300.0,2000.0,1050.0
Maharashtra,Kalyan APMC,Onion,2026-04-29,1st Sort,0.3,1000.0,1200.0,1100.0
Maharashtra,Kalyan APMC,Onion,2026-04-29,2nd Sort,0.3,500.0,800.0,650.0
Maharashtra,Karad APMC,Onion,2026-04-29,Other,15.0,200.0,1000.0,1000.0
Maharashtra,Khed(Chakan) APMC,Onion,2026-04-29,Other,250.0,600.0,1200.0,900.0
Maharashtra,Kolhapur APMC,Onion,2026-04-29,Other,595.2,500.0,1400.0,1000.0
Maharashtra,Kopargaon APMC,Onion,2026-04-29,Other,352.0,300.0,1151.0,850.0
Maharashtra,Lasalgaon APMC,Onion,2026-04-29,Other,1073.2,500.0,1571.0,1100.0
Maharashtra,Lasalgaon(Niphad) APMC,Onion,2026-04-29,Other,223.5,500.0,1225.0,1000.0
Maharashtra,Lasalgaon(Vinchur) APMC,Onion,2026-04-29,Other,745.5,500.0,1552.0,1000.0
Maharashtra,Mangal Wedha APMC,Onion,2026-04-29,Local,6.9,420.0,900.0,800.0
Maharashtra,Manmad APMC,Onion,2026-04-29,Other,566.1,350.0,1301.0,1050.0
Maharashtra,Manmad APMC,Onion,2026-04-29,Red,200.0,400.0,1250.0,950.0
Maharashtra,Mumbai-Onion & Potato Market APMC,Onion,2026-04-29,Other,873.1,600.0,1300.0,950.0
Maharashtra,Nagpur APMC,Onion,2026-04-29,Red,140.0,1000.0,1200.0,1150.0
Maharashtra,Nagpur APMC,Onion,2026-04-29,White,240.0,1000.0,1200.0,1150.0
Maharashtra,Nampur APMC,Onion,2026-04-29,Other,124.8,100.0,950.0,550.0
Maharashtra,Nandgaon APMC,Onion,2026-04-29,Other,1836.0,120.0,1271.0,850.0
Maharashtra,Nandgaon APMC,Onion,2026-04-29,Red,2.9,100.0,605.0,605.0
Maharashtra,Nasik APMC,Onion,2026-04-29,Other,193.0,250.0,1150.0,750.0
Maharashtra,Newasa(Ghodegaon) APMC,Onion,2026-04-29,Other,81.0,200.0,1100.0,700.0
Maharashtra,Paithan APMC,Onion,2026-04-29,Other,181.5,100.0,900.0,600.0
Maharashtra,Paranda APMC,Onion,2026-04-29,Red,185.0,100.0,1100.0,600.0
Maharashtra,Parner APMC,Onion,2026-04-29,Other,818.5,200.0,1400.0,950.0
Maharashtra,Pathardi APMC,Onion,2026-04-29,Red,14.3,100.0,750.0,450.0
Maharashtra,Pimpalgaon Baswant APMC,Onion,2026-04-29,Other,3210.7,300.0,2030.0,1230.0
Maharashtra,Pimpalgaon Baswant(Saykheda) APMC,Onion,2026-04-29,Other,218.2,550.0,1047.0,881.0
Maharashtra,Pune APMC,Onion,2026-04-29,Local,859.7,400.0,1200.0,800.0
Maharashtra,Pune(Khadiki) APMC,Onion,2026-04-29,Local,1.9,600.0,1100.0,850.0
Maharashtra,Pune(Manjri) APMC,Onion,2026-04-29,Local,6.1,400.0,1000.0,700.0
Maharashtra,Pune(Pimpri) APMC,Onion,2026-04-29,Local,0.9,700.0,900.0,800.0
Maharashtra,Ramtek APMC,Onion,2026-04-29,Other,1.2,1000.0,1200.0,1100.0
Maharashtra,SHRI.SIDDHESHWAR  APMC,Onion,2026-04-29,Red,1867.8,100.0,1500.0,600.0
Maharashtra,Sakri APMC,Onion,2026-04-29,Other,306.0,700.0,1230.0,900.0
Maharashtra,Sangamner APMC,Onion,2026-04-29,Other,491.9,200.0,1460.0,830.0
Maharashtra,"Sangli(Phale, Bhajipala Market) APMC",Onion,2026-04-29,Local,416.4,400.0,1600.0,1000.0
Maharashtra,Satara APMC,Onion,2026-04-29,Other,14.5,700.0,1300.0,1000.0
Maharashtra,Shirpur APMC,Onion,2026-04-29,Red,40.3,101.0,1275.0,950.0
Maharashtra,"Shree Sairaj Krushi Market, Dist Ahilyanagar",Onion,2026-04-29,Local,49.9,200.0,1400.0,800.0
Maharashtra,"Shri Rameshwar Krushi Market, M.Nagar, Tal Deola, Dist Nashik",Onion,2026-04-29,Other,872.5,201.0,1501.0,872.19
Maharashtra,Shrigonda APMC,Onion,2026-04-29,Other,13.0,300.0,1000.0,700.0
Maharashtra,Shrirampur APMC,Onion,2026-04-29,Other,276.9,500.0,1050.0,900.0
Maharashtra,Sinner APMC,Onion,2026-04-29,Other,159.0,200.0,1301.0,900.0
Maharashtra,Vaduj APMC,Onion,2026-04-29,Local,10.0,100.0,1200.0,800.0
Maharashtra,Vai APMC,Onion,2026-04-29,Local,1.2,500.0,1200.0,800.0
Maharashtra,Vaijpur APMC,Onion,2026-04-29,Other,739.0,150.0,1126.0,850.0
Maharashtra,Yeola APMC,Onion,2026-04-29,Other,475.3,150.0,1322.0,900.0
Maharashtra,AGRICULTURE PRODUCE MARKET COMITEE CHANDWAD,Onion,2026-04-30,Other,1202.0,220.0,1625.0,1180.0
Maharashtra,Ahilyanagar APMC,Onion,2026-04-30,Other,1394.7,200.0,1200.0,750.0
Maharashtra,Akola APMC,Onion,2026-04-30,Other,22.0,300.0,1100.0,700.0
Maharashtra,Akole APMC,Onion,2026-04-30,Other,156.0,200.0,1311.0,1011.0
Maharashtra,Bhusaval APMC,Onion,2026-04-30,Other,6.0,500.0,1000.0,800.0
Maharashtra,Chandrapur(Ganjwad) APMC,Onion,2026-04-30,Other,56.0,1200.0,1500.0,1300.0
Maharashtra,Chattrapati Sambhajinagar APMC,Onion,2026-04-30,Other,337.3,300.0,1100.0,700.0
Maharashtra,Dharashiv APMC,Onion,2026-04-30,Red,1.1,500.0,900.0,700.0
Maharashtra,Dhule APMC,Onion,2026-04-30,Red,63.0,340.0,1050.0,880.0
Maharashtra,Gevrai APMC,Onion,2026-04-30,Red,15.0,400.0,1000.0,750.0
Maharashtra,HINGNA - APMC,Onion,2026-04-30,Red,0.3,1500.0,1500.0,1500.0
Maharashtra,Jalgaon APMC,Onion,2026-04-30,Red,146.5,387.0,1000.0,625.0
Maharashtra,Junnar(Narayangaon) APMC,Onion,2026-04-30,Other,3.2,200.0,1000.0,600.0
Maharashtra,Junnar(Otur) APMC,Onion,2026-04-30,Other,681.4,600.0,1400.0,1000.0
Maharashtra,Kalvan APMC,Onion,2026-04-30,Other,1240.0,300.0,1750.0,1000.0
Maharashtra,Kalyan APMC,Onion,2026-04-30,1st Sort,0.3,1000.0,1200.0,1100.0
Maharashtra,Kalyan APMC,Onion,2026-04-30,2nd Sort,0.3,500.0,800.0,650.0
Maharashtra,Karjat APMC,Onion,2026-04-30,Local,12.1,300.0,900.0,600.0
Maharashtra,Khed(Chakan) APMC,Onion,2026-04-30,Other,12.5,500.0,1100.0,800.0
Maharashtra,Kolhapur APMC,Onion,2026-04-30,Other,476.4,500.0,1500.0,1000.0
Maharashtra,Kopargaon APMC,Onion,2026-04-30,Other,452.0,300.0,1042.0,825.0
Maharashtra,Lasalgaon APMC,Onion,2026-04-30,Other,1174.0,500.0,1600.0,1180.0
Maharashtra,Lasalgaon(Niphad) APMC,Onion,2026-04-30,Other,210.0,500.0,1200.0,1075.0
Maharashtra,Lasalgaon(Vinchur) APMC,Onion,2026-04-30,Other,907.3,500.0,1553.0,1050.0
Maharashtra,Lasur Station APMC,Onion,2026-04-30,Other,700.0,100.0,1103.0,675.0
Maharashtra,Mangal Wedha APMC,Onion,2026-04-30,Local,0.5,400.0,400.0,400.0
Maharashtra,Manmad APMC,Onion,2026-04-30,Red,300.0,500.0,1375.0,1100.0
Maharashtra,Mumbai-Onion & Potato Market APMC,Onion,2026-04-30,Other,1057.2,700.0,1300.0,1000.0
Maharashtra,Nagpur APMC,Onion,2026-04-30,Red,112.0,1100.0,1300.0,1250.0
Maharashtra,Nagpur APMC,Onion,2026-04-30,White,112.0,1100.0,1300.0,1250.0
Maharashtra,Nampur APMC,Onion,2026-04-30,Other,113.0,100.0,995.0,600.0
Maharashtra,Nasik APMC,Onion,2026-04-30,Other,198.3,270.0,1200.0,775.0
Maharashtra,Paithan APMC,Onion,2026-04-30,Other,64.0,555.0,820.0,695.0
Maharashtra,Pimpalgaon Baswant APMC,Onion,2026-04-30,Other,3120.0,300.0,2102.0,1250.0
Maharashtra,Pimpalgaon Baswant(Saykheda) APMC,Onion,2026-04-30,Other,118.0,600.0,1056.0,850.0
Maharashtra,Pune(Manjri) APMC,Onion,2026-04-30,Local,7.4,400.0,1000.0,800.0
Maharashtra,Pune(Moshi) APMC,Onion,2026-04-30,Local,88.7,400.0,1000.0,1000.0
Maharashtra,Pune(Pimpri) APMC,Onion,2026-04-30,Local,2.0,900.0,1400.0,1150.0
Maharashtra,Rahuri(Vambori) APMC,Onion,2026-04-30,Other,281.1,100.0,1300.0,800.0
Maharashtra,SHRI.SIDDHESHWAR  APMC,Onion,2026-04-30,Red,1862.7,100.0,1700.0,700.0
Maharashtra,Sangamner APMC,Onion,2026-04-30,Other,615.3,200.0,1511.0,855.0
Maharashtra,"Sangli(Phale, Bhajipala Market) APMC",Onion,2026-04-30,Local,387.7,400.0,1500.0,950.0
Maharashtra,Satara APMC,Onion,2026-04-30,Other,25.7,700.0,1300.0,1000.0
Maharashtra,Sinner APMC,Onion,2026-04-30,Other,206.5,200.0,1200.0,800.0
Maharashtra,Vadgaonpeth APMC,Onion,2026-04-30,Local,32.0,900.0,1500.0,1100.0
Maharashtra,Vaduj APMC,Onion,2026-04-30,Local,3.5,100.0,900.0,500.0
Maharashtra,Vai APMC,Onion,2026-04-30,Local,3.8,500.0,1300.0,950.0
Maharashtra,Vaijpur APMC,Onion,2026-04-30,Other,967.1,150.0,1101.0,800.0
Maharashtra,Yeola APMC,Onion,2026-04-30,Other,500.0,180.0,1305.0,875.0
Maharashtra,APMC Yawal,Onion,2026-05-01,Red,31.1,970.0,1310.0,1170.0
Maharashtra,Amrawati(Frui & Veg. Market) APMC,Onion,2026-05-01,Red,35.9,400.0,1500.0,950.0
Maharashtra,Bhusaval APMC,Onion,2026-05-01,Other,9.1,500.0,1000.0,800.0
Maharashtra,Dharashiv APMC,Onion,2026-05-01,Red,2.1,600.0,1000.0,800.0
Maharashtra,Jalana APMC,Onion,2026-05-01,Other,156.0,100.0,1350.0,800.0
Maharashtra,Junnar(Narayangaon) APMC,Onion,2026-05-01,Other,2.4,200.0,1200.0,650.0
Maharashtra,Kamthi APMC,Onion,2026-05-01,Local,4.4,1510.0,2010.0,1760.0
Maharashtra,Mangal Wedha APMC,Onion,2026-05-01,Local,2.3,400.0,900.0,800.0
Maharashtra,Navapur APMC,Onion,2026-05-01,Other,12.6,400.0,1000.0,833.0
Maharashtra,"Omchatinya Multi State Agro Purpose Co-Op Society, Dist Ahilyanagar",Onion,2026-05-01,Red,72.6,100.0,1300.0,750.0
Maharashtra,Paithan APMC,Onion,2026-05-01,Other,149.1,100.0,1000.0,750.0
Maharashtra,Paranda APMC,Onion,2026-05-01,Red,275.0,200.0,1100.0,550.0
Maharashtra,Pune(Pimpri) APMC,Onion,2026-05-01,Local,1.0,800.0,900.0,850.0
Maharashtra,Shrirampur APMC,Onion,2026-05-01,Other,149.1,450.0,1050.0,800.0
Maharashtra,Vadgaonpeth APMC,Onion,2026-05-01,Local,31.0,900.0,1500.0,1200.0
Maharashtra,Vai APMC,Onion,2026-05-01,Local,9.0,700.0,1200.0,1000.0
Maharashtra,AGRICULTURE PRODUCE MARKET COMITEE CHANDWAD,Onion,2026-05-02,Other,1403.0,160.0,1675.0,1110.0
Maharashtra,APMC Yawal,Onion,2026-05-02,Red,4.8,960.0,1310.0,1150.0
Maharashtra,Ahilyanagar APMC,Onion,2026-05-02,Other,1518.1,200.0,1300.0,800.0
Maharashtra,Amrawati(Frui & Veg. Market) APMC,Onion,2026-05-02,Red,34.7,500.0,1500.0,1000.0
Maharashtra,Bhusaval APMC,Onion,2026-05-02,Other,5.6,500.0,1000.0,800.0
Maharashtra,Chandrapur(Ganjwad) APMC,Onion,2026-05-02,Other,58.0,1300.0,1500.0,1400.0
Maharashtra,Chattrapati Sambhajinagar APMC,Onion,2026-05-02,Other,328.8,200.0,600.0,400.0
Maharashtra,Dharashiv APMC,Onion,2026-05-02,Red,2.8,500.0,1000.0,750.0
Maharashtra,Dindori APMC,Onion,2026-05-02,Other,142.7,800.0,1650.0,1300.0
Maharashtra,Gevrai APMC,Onion,2026-05-02,Red,15.0,600.0,925.0,800.0
Maharashtra,HINGNA - APMC,Onion,2026-05-02,Red,28.7,650.0,1500.0,1015.0
Maharashtra,HINGNA - APMC,Onion,2026-05-02,White,0.3,1000.0,1200.0,1100.0
Maharashtra,Jalgaon APMC,Onion,2026-05-02,Red,129.9,375.0,1125.0,750.0
Maharashtra,Junnar(Narayangaon) APMC,Onion,2026-05-02,Other,4.4,300.0,1300.0,800.0
Maharashtra,Kalvan APMC,Onion,2026-05-02,Other,790.0,350.0,1900.0,1001.0
Maharashtra,Karad APMC,Onion,2026-05-02,Other,9.9,500.0,1300.0,1300.0
Maharashtra,Kolhapur APMC,Onion,2026-05-02,Other,883.5,500.0,1600.0,1000.0
Maharashtra,Kopargaon APMC,Onion,2026-05-02,Other,644.0,300.0,1101.0,850.0
Maharashtra,Lasalgaon APMC,Onion,2026-05-02,Other,1117.0,400.0,1625.0,1130.0
Maharashtra,Lasalgaon(Niphad) APMC,Onion,2026-05-02,Other,350.0,400.0,1131.0,950.0
Maharashtra,Lasalgaon(Vinchur) APMC,Onion,2026-05-02,Other,1179.5,500.0,1580.0,1100.0
Maharashtra,Lasur Station APMC,Onion,2026-05-02,Other,975.0,100.0,1160.0,750.0
Maharashtra,Mangal Wedha APMC,Onion,2026-05-02,Local,3.8,250.0,1200.0,810.0
Maharashtra,Manmad APMC,Onion,2026-05-02,Other,300.0,300.0,1210.0,900.0
Maharashtra,Mumbai-Onion & Potato Market APMC,Onion,2026-05-02,Other,1704.8,800.0,1400.0,1100.0
Maharashtra,Nagpur APMC,Onion,2026-05-02,Red,175.0,1200.0,1400.0,1350.0
Maharashtra,Nagpur APMC,Onion,2026-05-02,White,175.0,1200.0,1400.0,1350.0
Maharashtra,Nasik APMC,Onion,2026-05-02,Other,360.5,300.0,1221.0,800.0
Maharashtra,Newasa(Ghodegaon) APMC,Onion,2026-05-02,Other,337.2,200.0,1100.0,700.0
Maharashtra,Pimpalgaon Baswant APMC,Onion,2026-05-02,Other,4080.0,300.0,2102.0,1250.0
Maharashtra,Pimpalgaon Baswant(Saykheda) APMC,Onion,2026-05-02,Other,258.0,550.0,1151.0,900.0
Maharashtra,Pune(Manjri) APMC,Onion,2026-05-02,Local,19.3,800.0,1300.0,1000.0
Maharashtra,Pune(Moshi) APMC,Onion,2026-05-02,Local,74.5,400.0,1000.0,700.0
Maharashtra,Pune(Pimpri) APMC,Onion,2026-05-02,Local,2.6,800.0,1100.0,950.0
Maharashtra,Rahuri(Vambori) APMC,Onion,2026-05-02,Other,221.5,100.0,1300.0,800.0
Maharashtra,Ramtek APMC,Onion,2026-05-02,Other,2.9,800.0,1000.0,900.0
Maharashtra,SHRI.SIDDHESHWAR  APMC,Onion,2026-05-02,Red,2770.7,100.0,1600.0,750.0
Maharashtra,Sakri APMC,Onion,2026-05-02,Other,306.0,500.0,1250.0,1000.0
Maharashtra,Sangamner APMC,Onion,2026-05-02,Other,368.6,200.0,1400.0,800.0
Maharashtra,Satara APMC,Onion,2026-05-02,Other,39.1,700.0,1300.0,1000.0
Maharashtra,Shivsiddha Govind Producer Company Ltd Sanchalit Khajgi Krushi Utpann Bajar Samati-Abhona-Kalwan,Onion,2026-05-02,Other,1583.27,200.0,2000.0,1380.0
Maharashtra,Vadgaonpeth APMC,Onion,2026-05-02,Local,33.0,800.0,1500.0,1200.0
Maharashtra,Vaduj APMC,Onion,2026-05-02,Local,7.0,100.0,900.0,500.0
Maharashtra,Vai APMC,Onion,2026-05-02,Local,9.0,500.0,1100.0,850.0
Maharashtra,Vaijpur APMC,Onion,2026-05-02,Other,1137.0,200.0,1100.0,850.0
Maharashtra,Vita APMC,Onion,2026-05-02,Other,3.0,500.0,1100.0,850.0
Maharashtra,Yeola APMC,Onion,2026-05-02,Other,600.0,200.0,1340.0,900.0
Maharashtra,APMC Yawal,Onion,2026-05-03,Red,33.1,980.0,1320.0,1160.0
Maharashtra,Akluj APMC,Onion,2026-05-03,Other,28.2,200.0,1300.0,700.0
Maharashtra,Akole APMC,Onion,2026-05-03,Other,165.2,200.0,1301.0,1051.0
Maharashtra,Amrawati(Frui & Veg. Market) APMC,Onion,2026-05-03,Red,37.7,400.0,1500.0,950.0
Maharashtra,Bhusaval APMC,Onion,2026-05-03,Other,12.9,500.0,1000.0,800.0
Maharashtra,Chattrapati Sambhajinagar APMC,Onion,2026-05-03,Other,419.0,300.0,800.0,550.0
Maharashtra,Dharashiv APMC,Onion,2026-05-03,Red,6.6,300.0,1000.0,650.0
Maharashtra,Junnar(Alephata) APMC,Onion,2026-05-03,Other,341.0,700.0,1500.0,1100.0
Maharashtra,Junnar(Narayangaon) APMC,Onion,2026-05-03,Other,3.5,200.0,1300.0,750.0
Maharashtra,Junnar(Otur) APMC,Onion,2026-05-03,Other,554.4,800.0,1600.0,1200.0
Maharashtra,Kamthi APMC,Onion,2026-05-03,Local,0.4,1520.0,2020.0,1770.0
Maharashtra,Karad APMC,Onion,2026-05-03,Other,24.9,500.0,1200.0,1200.0
Maharashtra,Manchar APMC,Onion,2026-05-03,Other,1227.5,1000.0,1450.0,1230.0
Maharashtra,Mangal Wedha APMC,Onion,2026-05-03,Local,1.0,250.0,1200.0,1000.0
Maharashtra,Navapur APMC,Onion,2026-05-03,Other,8.0,400.0,700.0,638.0
Maharashtra,"Omchatinya Multi State Agro Purpose Co-Op Society, Dist Ahilyanagar",Onion,2026-05-03,Red,99.49,200.0,1400.0,800.0
Maharashtra,Paithan APMC,Onion,2026-05-03,Other,222.2,100.0,1000.0,800.0
Maharashtra,Paranda APMC,Onion,2026-05-03,Red,240.0,200.0,1000.0,600.0
Maharashtra,Parner APMC,Onion,2026-05-03,Other,1284.9,200.0,1600.0,975.0
Maharashtra,Pathardi APMC,Onion,2026-05-03,Red,42.2,100.0,900.0,500.0
Maharashtra,Pune APMC,Onion,2026-05-03,Local,1573.6,500.0,1400.0,950.0
Maharashtra,Pune(Khadiki) APMC,Onion,2026-05-03,Local,1.6,600.0,1100.0,850.0
Maharashtra,Pune(Manjri) APMC,Onion,2026-05-03,Local,13.6,700.0,1200.0,1000.0
Maharashtra,Pune(Moshi) APMC,Onion,2026-05-03,Local,77.0,400.0,900.0,650.0
Maharashtra,Pune(Pimpri) APMC,Onion,2026-05-03,Local,2.6,500.0,1200.0,850.0
Maharashtra,Rahata APMC,Onion,2026-05-03,Other,228.0,300.0,1500.0,1000.0
Maharashtra,Rahuri APMC,Onion,2026-05-03,Other,1192.5,100.0,1505.0,800.0
Maharashtra,Ramtek APMC,Onion,2026-05-03,Other,6.0,800.0,1000.0,900.0
Maharashtra,Satara APMC,Onion,2026-05-03,Other,30.9,700.0,1300.0,1000.0
Maharashtra,Vadgaonpeth APMC,Onion,2026-05-03,Local,33.0,900.0,1400.0,1200.0
Maharashtra,Vai APMC,Onion,2026-05-03,Local,2.5,500.0,1100.0,850.0
Maharashtra,AGRICULTURE PRODUCE MARKET COMITEE CHANDWAD,Onion,2026-05-04,Other,1602.1,150.0,1700.0,1050.0
Maharashtra,Ahilyanagar APMC,Onion,2026-05-04,Other,2567.3,200.0,1350.0,850.0
Maharashtra,Akola APMC,Onion,2026-05-04,Other,112.5,400.0,1200.0,800.0
Maharashtra,Amrawati(Frui & Veg. Market) APMC,Onion,2026-05-04,Red,38.9,500.0,1600.0,1050.0
Maharashtra,Chandrapur(Ganjwad) APMC,Onion,2026-05-04,Other,38.0,1200.0,1500.0,1300.0
Maharashtra,Chattrapati Sambhajinagar APMC,Onion,2026-05-04,Other,319.0,200.0,1000.0,600.0
Maharashtra,Devala APMC,Onion,2026-05-04,Other,1028.5,450.0,1710.0,1250.0
Maharashtra,Dhule APMC,Onion,2026-05-04,Red,2.9,400.0,1300.0,850.0
Maharashtra,Dindori APMC,Onion,2026-05-04,Other,261.8,1100.0,1651.0,1350.0
Maharashtra,Dindori(Vani) APMC,Onion,2026-05-04,Other,985.5,701.0,2076.0,1351.0
Maharashtra,Gangapur APMC,Onion,2026-05-04,Other,1156.4,100.0,1051.0,750.0
Maharashtra,Gevrai APMC,Onion,2026-05-04,Red,29.0,400.0,900.0,700.0
Maharashtra,HINGNA - APMC,Onion,2026-05-04,Red,2.5,1000.0,1400.0,1175.0
Maharashtra,Jalgaon APMC,Onion,2026-05-04,Red,206.4,375.0,1137.0,800.0
Maharashtra,Kalvan APMC,Onion,2026-05-04,Other,1510.0,350.0,1851.0,1050.0
Maharashtra,Karad APMC,Onion,2026-05-04,Other,24.9,500.0,1200.0,1200.0
Maharashtra,Kolhapur APMC,Onion,2026-05-04,Other,678.7,500.0,1500.0,1000.0
Maharashtra,Kopargaon APMC,Onion,2026-05-04,Other,346.0,300.0,1116.0,850.0
Maharashtra,Lasalgaon APMC,Onion,2026-05-04,Other,1728.6,500.0,1611.0,1151.0
Maharashtra,Lasalgaon(Niphad) APMC,Onion,2026-05-04,Other,327.0,500.0,1261.0,1050.0
Maharashtra,Lasalgaon(Vinchur) APMC,Onion,2026-05-04,Other,1312.5,500.0,1550.0,1100.0
Maharashtra,Lasur Station APMC,Onion,2026-05-04,Other,1119.0,150.0,1150.0,680.0
Maharashtra,Lonand APMC,Onion,2026-05-04,Red,97.5,400.0,1350.0,1000.0
Maharashtra,"Malharshree Khajgi Krushi Utpann Bajar, Chandanpuri Tal Malegaon, Nashik",Onion,2026-05-04,Other,254.0,395.0,1285.0,944.0
Maharashtra,Mangal Wedha APMC,Onion,2026-05-04,Local,15.0,240.0,1130.0,1000.0
Maharashtra,Manmad APMC,Onion,2026-05-04,Other,1090.7,400.0,1300.0,1050.0
Maharashtra,Mumbai-Onion & Potato Market APMC,Onion,2026-05-04,Other,1539.2,800.0,1500.0,1150.0
Maharashtra,Nagpur APMC,Onion,2026-05-04,Red,236.0,1000.0,1400.0,1300.0
Maharashtra,Nagpur APMC,Onion,2026-05-04,White,240.0,1000.0,1400.0,1300.0
Maharashtra,Nampur APMC,Onion,2026-05-04,Other,10086.0,150.0,1555.0,800.0
Maharashtra,Nandgaon APMC,Onion,2026-05-04,Other,2250.7,100.0,1225.0,850.0
Maharashtra,Nasik APMC,Onion,2026-05-04,Other,375.5,400.0,1611.0,1100.0
Maharashtra,Newasa(Ghodegaon) APMC,Onion,2026-05-04,Other,513.5,300.0,1300.0,900.0
Maharashtra,Paithan APMC,Onion,2026-05-04,Other,84.5,260.0,895.0,755.0
Maharashtra,Paranda APMC,Onion,2026-05-04,Red,325.0,200.0,1100.0,650.0
Maharashtra,Pimpalgaon Baswant APMC,Onion,2026-05-04,Other,3995.9,400.0,2226.0,1300.0
Maharashtra,Pimpalgaon Baswant(Saykheda) APMC,Onion,2026-05-04,Other,372.7,600.0,1451.0,975.0
Maharashtra,Pune APMC,Onion,2026-05-04,Local,1175.5,500.0,1300.0,900.0
Maharashtra,Pune(Manjri) APMC,Onion,2026-05-04,Local,15.3,900.0,1300.0,1100.0
Maharashtra,Pune(Moshi) APMC,Onion,2026-05-04,Local,90.1,500.0,900.0,700.0
Maharashtra,Pune(Pimpri) APMC,Onion,2026-05-04,Local,0.6,1000.0,1100.0,1050.0
Maharashtra,Rahuri(Vambori) APMC,Onion,2026-05-04,Other,285.5,100.0,1300.0,800.0
Maharashtra,SHRI.SIDDHESHWAR  APMC,Onion,2026-05-04,Red,2712.3,100.0,1600.0,800.0
Maharashtra,Sangamner APMC,Onion,2026-05-04,Other,1420.0,200.0,1600.0,900.0
Maharashtra,"Sangli(Phale, Bhajipala Market) APMC",Onion,2026-05-04,Local,477.6,400.0,1350.0,875.0
Maharashtra,Satana APMC,Onion,2026-05-04,Other,1335.5,250.0,1760.0,1060.0
Maharashtra,Satara APMC,Onion,2026-05-04,Other,19.8,700.0,1300.0,1000.0
Maharashtra,Shevgaon APMC,Onion,2026-05-04,1st Sort,40.6,700.0,900.0,775.0
Maharashtra,Shevgaon APMC,Onion,2026-05-04,2nd Sort,71.2,300.0,600.0,475.0
Maharashtra,Shivsiddha Govind Producer Company Ltd Sanchalit Khajgi Krushi Utpann Bajar Samati-Abhona-Kalwan,Onion,2026-05-04,Other,1853.82,300.0,2200.0,1480.0
Maharashtra,"Shree Sairaj Krushi Market, Dist Ahilyanagar",Onion,2026-05-04,Local,103.2,150.0,1450.0,800.0
Maharashtra,Shrirampur APMC,Onion,2026-05-04,Other,280.7,500.0,1300.0,950.0
Maharashtra,Sinner APMC,Onion,2026-05-04,Other,278.5,200.0,1234.0,975.0
Maharashtra,Umrane APMC,Onion,2026-05-04,Other,2350.0,700.0,1780.0,1250.0
Maharashtra,Vaduj APMC,Onion,2026-05-04,Local,4.5,500.0,1300.0,900.0
Maharashtra,Vai APMC,Onion,2026-05-04,Local,17.0,700.0,1200.0,950.0
Maharashtra,Vaijpur APMC,Onion,2026-05-04,Other,1350.8,200.0,1111.0,800.0
Maharashtra,Vita APMC,Onion,2026-05-04,Other,5.0,500.0,1200.0,1000.0
Maharashtra,Yeola APMC,Onion,2026-05-04,Other,1156.6,150.0,1361.0,1025.0
Maharashtra,AGRICULTURE PRODUCE MARKET COMITEE CHANDWAD,Onion,2026-05-05,Other,1502.0,100.0,1675.0,1050.0
Maharashtra,AGRICULTURE PRODUCE MARKET COMITEE CHANDWAD,Onion,2026-05-05,Unhali,2057.7,100.0,1675.0,1030.0
Maharashtra,APMC Yawal,Onion,2026-05-05,Red,33.5,980.0,1320.0,1110.0
Maharashtra,Akola APMC,Onion,2026-05-05,Other,41.5,400.0,1200.0,800.0
Maharashtra,Akole APMC,Onion,2026-05-05,Other,229.6,250.0,1501.0,1100.0
Maharashtra,Akole APMC,Onion,2026-05-05,Unhali,229.6,250.0,1501.0,1100.0
Maharashtra,Amrawati(Frui & Veg. Market) APMC,Onion,2026-05-05,Red,40.7,400.0,1500.0,950.0
Maharashtra,Barshi APMC,Onion,2026-05-05,Other,90.8,300.0,1100.0,900.0
Maharashtra,Bhusaval APMC,Onion,2026-05-05,Other,11.6,500.0,1000.0,800.0
Maharashtra,Bhusaval APMC,Onion,2026-05-05,Unhali,11.6,500.0,1000.0,800.0
Maharashtra,Chandrapur(Ganjwad) APMC,Onion,2026-05-05,Other,105.0,1300.0,1500.0,1400.0
Maharashtra,Chattrapati Sambhajinagar APMC,Onion,2026-05-05,Other,317.0,200.0,900.0,550.0
Maharashtra,Devala APMC,Onion,2026-05-05,Other,1049.9,400.0,1505.0,1150.0
Maharashtra,Devala APMC,Onion,2026-05-05,Unhali,1049.9,400.0,1505.0,1150.0
Maharashtra,Dharashiv APMC,Onion,2026-05-05,Red,2.2,600.0,1060.0,830.0
Maharashtra,Dhule APMC,Onion,2026-05-05,Red,88.8,400.0,1300.0,850.0
Maharashtra,Dindori APMC,Onion,2026-05-05,Other,421.0,900.0,1600.0,1250.0
Maharashtra,Dindori APMC,Onion,2026-05-05,Unhali,421.0,900.0,1600.0,1250.0
Maharashtra,Dindori(Vani) APMC,Onion,2026-05-05,Other,1216.7,801.0,2041.0,1551.0
Maharashtra,Dindori(Vani) APMC,Onion,2026-05-05,Unhali,1216.7,801.0,2041.0,1551.0
Maharashtra,Gangapur APMC,Onion,2026-05-05,Unhali,948.0,100.0,1050.0,650.0
Maharashtra,HINGNA - APMC,Onion,2026-05-05,Red,0.2,1200.0,1200.0,1200.0
Maharashtra,Indapur APMC,Onion,2026-05-05,Red,81.6,100.0,1400.0,600.0
Maharashtra,Jalgaon APMC,Onion,2026-05-05,Red,166.8,375.0,1175.0,775.0
Maharashtra,Junnar(Alephata) APMC,Onion,2026-05-05,Chinchwad,564.0,700.0,1510.0,1200.0
Maharashtra,Junnar(Alephata) APMC,Onion,2026-05-05,Other,564.0,700.0,1510.0,1200.0
Maharashtra,Kalvan APMC,Onion,2026-05-05,Other,1210.0,350.0,1890.0,1051.0
Maharashtra,Kalvan APMC,Onion,2026-05-05,Unhali,1210.0,350.0,1890.0,1051.0
Maharashtra,Kamthi APMC,Onion,2026-05-05,Local,3.0,1510.0,2010.0,1760.0
Maharashtra,Karad APMC,Onion,2026-05-05,Halva,9.9,500.0,1300.0,1300.0
Maharashtra,Karad APMC,Onion,2026-05-05,Other,9.9,500.0,1300.0,1300.0
Maharashtra,Karjat APMC,Onion,2026-05-05,Local,7.7,300.0,1000.0,800.0
Maharashtra,Khed(Chakan) APMC,Onion,2026-05-05,Other,17.5,700.0,1300.0,1000.0
Maharashtra,Kolhapur APMC,Onion,2026-05-05,Other,581.6,500.0,1500.0,1000.0
Maharashtra,Kopargaon APMC,Onion,2026-05-05,Other,660.0,300.0,1116.0,850.0
Maharashtra,Kopargaon APMC,Onion,2026-05-05,Unhali,660.0,300.0,1116.0,850.0
Maharashtra,Lasalgaon APMC,Onion,2026-05-05,Other,1840.8,500.0,1500.0,1150.0
Maharashtra,Lasalgaon APMC,Onion,2026-05-05,Unhali,1840.8,500.0,1500.0,1150.0
Maharashtra,Lasalgaon(Niphad) APMC,Onion,2026-05-05,Other,420.0,500.0,1252.0,1100.0
Maharashtra,Lasalgaon(Niphad) APMC,Onion,2026-05-05,Unhali,420.0,500.0,1252.0,1100.0
Maharashtra,Lasalgaon(Vinchur) APMC,Onion,2026-05-05,Other,1419.0,500.0,1490.0,1100.0
Maharashtra,Lasalgaon(Vinchur) APMC,Onion,2026-05-05,Unhali,1419.0,500.0,1490.0,1100.0
Maharashtra,Lasur Station APMC,Onion,2026-05-05,Other,1010.0,100.0,1100.0,575.0
Maharashtra,"Malharshree Khajgi Krushi Utpann Bajar, Chandanpuri Tal Malegaon, Nashik",Onion,2026-05-05,Other,257.6,310.0,1110.0,982.0
Maharashtra,Malkapur APMC,Onion,2026-05-05,Local,22.5,600.0,1140.0,800.0
Maharashtra,Manmad APMC,Onion,2026-05-05,Other,1103.9,350.0,1270.0,1050.0
Maharashtra,Manmad APMC,Onion,2026-05-05,Unhali,1103.9,350.0,1270.0,1050.0
Maharashtra,Mumbai-Onion & Potato Market APMC,Onion,2026-05-05,Other,1131.0,700.0,1400.0,1050.0
Maharashtra,Nagpur APMC,Onion,2026-05-05,Red,196.0,1000.0,1400.0,1300.0
Maharashtra,Nagpur APMC,Onion,2026-05-05,White,200.0,1000.0,1400.0,1300.0
Maharashtra,Nampur APMC,Onion,2026-05-05,Other,92.2,150.0,1200.0,900.0
Maharashtra,Nampur APMC,Onion,2026-05-05,Unhali,92.2,150.0,1200.0,900.0
Maharashtra,Nandgaon APMC,Onion,2026-05-05,Unhali,2396.1,100.0,1212.0,850.0
Maharashtra,Nasik APMC,Onion,2026-05-05,Other,435.6,350.0,1451.0,1050.0
Maharashtra,Nasik APMC,Onion,2026-05-05,Unhali,435.6,350.0,1451.0,1050.0
Maharashtra,Navapur APMC,Onion,2026-05-05,Other,13.6,400.0,1000.0,632.0
Maharashtra,"Omchatinya Multi State Agro Purpose Co-Op Society, Dist Ahilyanagar",Onion,2026-05-05,Red,103.54,100.0,1300.0,600.0
Maharashtra,Paranda APMC,Onion,2026-05-05,Red,157.5,200.0,1000.0,500.0
Maharashtra,Phaltan APMC,Onion,2026-05-05,Hybrid,219.7,300.0,1500.0,900.0
Maharashtra,Pimpalgaon Baswant APMC,Onion,2026-05-05,Other,4609.5,400.0,2030.0,1200.0
Maharashtra,Pimpalgaon Baswant APMC,Onion,2026-05-05,Unhali,4609.5,400.0,2030.0,1200.0
Maharashtra,Pimpalgaon Baswant(Saykheda) APMC,Onion,2026-05-05,Other,352.5,650.0,1252.0,980.0
Maharashtra,Pimpalgaon Baswant(Saykheda) APMC,Onion,2026-05-05,Unhali,457.2,650.0,1252.0,980.0
Maharashtra,Pune APMC,Onion,2026-05-05,Local,1408.2,500.0,1300.0,900.0
Maharashtra,Pune(Manjri) APMC,Onion,2026-05-05,Local,13.8,500.0,1100.0,800.0
Maharashtra,Pune(Pimpri) APMC,Onion,2026-05-05,Local,0.9,800.0,1000.0,900.0
Maharashtra,Rahuri APMC,Onion,2026-05-05,Other,1727.6,100.0,1475.0,785.0
Maharashtra,Ramtek APMC,Onion,2026-05-05,Other,1.3,1100.0,1500.0,1300.0
Maharashtra,Ramtek APMC,Onion,2026-05-05,Unhali,1.3,1100.0,1500.0,1300.0
Maharashtra,SHRI.SIDDHESHWAR  APMC,Onion,2026-05-05,Red,3277.4,100.0,1600.0,800.0
Maharashtra,Sakri APMC,Onion,2026-05-05,Other,383.0,800.0,1350.0,1000.0
Maharashtra,Sakri APMC,Onion,2026-05-05,Unhali,383.0,800.0,1350.0,1000.0
Maharashtra,Sangamner APMC,Onion,2026-05-05,Other,1136.4,200.0,1476.0,838.0
Maharashtra,Sangamner APMC,Onion,2026-05-05,Unhali,1136.4,200.0,1476.0,838.0
Maharashtra,"Sangli(Phale, Bhajipala Market) APMC",Onion,2026-05-05,Local,428.2,400.0,1300.0,850.0
Maharashtra,Satana APMC,Onion,2026-05-05,Unhali,1129.2,150.0,1720.0,1065.0
Maharashtra,Satara APMC,Onion,2026-05-05,Other,20.5,700.0,1300.0,1000.0
Maharashtra,Shivsiddha Govind Producer Company Ltd Sanchalit Khajgi Krushi Utpann Bajar Samati-Abhona-Kalwan,Onion,2026-05-05,Other,1869.4,200.0,2000.0,1300.0
Maharashtra,Sinner APMC,Onion,2026-05-05,Other,269.1,200.0,1225.0,900.0
Maharashtra,Sinner APMC,Onion,2026-05-05,Unhali,269.1,200.0,1225.0,900.0
Maharashtra,Vadgaonpeth APMC,Onion,2026-05-05,Local,35.0,1000.0,1400.0,1100.0
Maharashtra,Vaduj APMC,Onion,2026-05-05,Local,9.0,800.0,1200.0,1000.0
Maharashtra,Vai APMC,Onion,2026-05-05,Local,1.5,700.0,1200.0,900.0
Maharashtra,Vaijpur APMC,Onion,2026-05-05,Other,1177.1,200.0,1100.0,800.0
Maharashtra,Vaijpur APMC,Onion,2026-05-05,Unhali,1177.1,200.0,1100.0,800.0
Maharashtra,AGRICULTURE PRODUCE MARKET COMITEE CHANDWAD,Onion,2026-05-06,Unhali,2250.0,200.0,1570.0,1080.0
Maharashtra,Akola APMC,Onion,2026-05-06,Other,67.5,500.0,1200.0,800.0
Maharashtra,Amrawati(Frui & Veg. Market) APMC,Onion,2026-05-06,Red,36.9,500.0,1600.0,1050.0
Maharashtra,Bhusaval APMC,Onion,2026-05-06,Other,6.1,500.0,1000.0,800.0
Maharashtra,Bhusaval APMC,Onion,2026-05-06,Unhali,6.1,500.0,1000.0,800.0
Maharashtra,Chattrapati Sambhajinagar APMC,Onion,2026-05-06,Other,337.0,150.0,700.0,425.0
Maharashtra,Devala APMC,Onion,2026-05-06,Unhali,924.1,400.0,1430.0,1150.0
Maharashtra,Dharashiv APMC,Onion,2026-05-06,Red,9.1,575.0,1100.0,835.0
Maharashtra,Dhule APMC,Onion,2026-05-06,Red,23.2,350.0,1100.0,600.0
Maharashtra,Dindori(Vani) APMC,Onion,2026-05-06,Unhali,1294.5,851.0,1851.0,1451.0
Maharashtra,HINGNA - APMC,Onion,2026-05-06,Red,0.1,1200.0,1500.0,1350.0
Maharashtra,Indapur APMC,Onion,2026-05-06,Red,104.8,200.0,1500.0,600.0
Maharashtra,Jalgaon APMC,Onion,2026-05-06,Red,155.4,375.0,1162.0,762.0
Maharashtra,Junnar(Narayangaon) APMC,Onion,2026-05-06,Chinchwad,6.2,200.0,1300.0,750.0
Maharashtra,Kada APMC,Onion,2026-05-06,Unhali,1170.0,100.0,1500.0,1200.0
Maharashtra,Kalyan APMC,Onion,2026-05-06,1st Sort,0.3,1100.0,1300.0,1250.0
Maharashtra,Kalyan APMC,Onion,2026-05-06,2nd Sort,0.3,600.0,1000.0,800.0
Maharashtra,Karad APMC,Onion,2026-05-06,Halva,9.9,500.0,1300.0,1300.0
Maharashtra,Khed(Chakan) APMC,Onion,2026-05-06,Other,550.0,800.0,1300.0,1000.0
Maharashtra,Kolhapur APMC,Onion,2026-05-06,Other,782.3,500.0,1400.0,1000.0
Maharashtra,Kopargaon APMC,Onion,2026-05-06,Unhali,654.0,300.0,1151.0,850.0
Maharashtra,Lasalgaon APMC,Onion,2026-05-06,Unhali,1695.6,400.0,1600.0,1100.0
Maharashtra,Lasalgaon(Niphad) APMC,Onion,2026-05-06,Unhali,319.5,500.0,1100.0,951.0
Maharashtra,Lasalgaon(Vinchur) APMC,Onion,2026-05-06,Unhali,1225.2,500.0,1552.0,1050.0
Maharashtra,"Malharshree Khajgi Krushi Utpann Bajar, Chandanpuri Tal Malegaon, Nashik",Onion,2026-05-06,Other,188.7,305.0,1102.0,891.0
Maharashtra,Mangal Wedha APMC,Onion,2026-05-06,Local,6.1,200.0,1000.0,900.0
Maharashtra,Manmad APMC,Onion,2026-05-06,Other,700.0,300.0,1151.0,1000.0
Maharashtra,Manmad APMC,Onion,2026-05-06,Unhali,1004.6,300.0,1225.0,1000.0
Maharashtra,Mumbai-Onion & Potato Market APMC,Onion,2026-05-06,Other,1281.5,700.0,1400.0,1050.0
Maharashtra,Nagpur APMC,Onion,2026-05-06,Red,240.0,1000.0,1400.0,1300.0
Maharashtra,Nagpur APMC,Onion,2026-05-06,White,236.0,1000.0,1400.0,1300.0
Maharashtra,Nampur APMC,Onion,2026-05-06,Unhali,882.7,150.0,1195.0,1000.0
Maharashtra,Nandgaon APMC,Onion,2026-05-06,Unhali,2184.0,100.0,1101.0,850.0
Maharashtra,Nasik APMC,Onion,2026-05-06,Unhali,393.5,400.0,1400.0,1000.0
Maharashtra,Newasa(Ghodegaon) APMC,Onion,2026-05-06,Unhali,905.0,300.0,1200.0,900.0
Maharashtra,Parner APMC,Onion,2026-05-06,Unhali,18493.0,200.0,1525.0,950.0
Maharashtra,Pathardi APMC,Onion,2026-05-06,Red,65.0,10.0,1400.0,800.0
Maharashtra,Pimpalgaon Baswant APMC,Onion,2026-05-06,Unhali,4758.8,400.0,2063.0,1150.0
Maharashtra,Pimpalgaon Baswant(Saykheda) APMC,Onion,2026-05-06,Unhali,412.1,425.0,1150.0,850.0
Maharashtra,Pune(Manjri) APMC,Onion,2026-05-06,Local,11.2,700.0,1000.0,900.0
Maharashtra,Pune(Pimpri) APMC,Onion,2026-05-06,Local,0.8,800.0,1300.0,1050.0
Maharashtra,Ramtek APMC,Onion,2026-05-06,Unhali,0.6,1000.0,1500.0,1300.0
Maharashtra,SHRI.SIDDHESHWAR  APMC,Onion,2026-05-06,Red,3589.2,100.0,1600.0,700.0
Maharashtra,Sangamner APMC,Onion,2026-05-06,Unhali,743.6,200.0,1351.0,776.0
Maharashtra,"Sangli(Phale, Bhajipala Market) APMC",Onion,2026-05-06,Local,519.6,400.0,1400.0,900.0
Maharashtra,Satana APMC,Onion,2026-05-06,Unhali,1165.0,150.0,1690.0,1050.0
Maharashtra,Satara APMC,Onion,2026-05-06,Other,35.0,700.0,1300.0,1000.0
Maharashtra,Shirpur APMC,Onion,2026-05-06,Red,61.9,200.0,1350.0,950.0
Maharashtra,Shivsiddha Govind Producer Company Ltd Sanchalit Khajgi Krushi Utpann Bajar Samati-Abhona-Kalwan,Onion,2026-05-06,Other,1584.0,300.0,2000.0,1360.0
Maharashtra,Shrirampur APMC,Onion,2026-05-06,Unhali,270.5,400.0,1200.0,900.0
Maharashtra,Sinner APMC,Onion,2026-05-06,Unhali,309.1,200.0,1076.0,800.0
Maharashtra,Umrane APMC,Onion,2026-05-06,Unhali,2840.0,800.0,1685.0,1250.0
Maharashtra,Vadgaonpeth APMC,Onion,2026-05-06,Local,26.0,900.0,1400.0,1000.0
Maharashtra,Vaduj APMC,Onion,2026-05-06,Local,2.5,500.0,1300.0,800.0
Maharashtra,Vai APMC,Onion,2026-05-06,Local,1.7,500.0,1000.0,800.0
Maharashtra,Vaijpur APMC,Onion,2026-05-06,Unhali,995.0,100.0,951.0,750.0
Maharashtra,Yeola APMC,Onion,2026-05-06,Unhali,1264.0,200.0,1311.0,975.0
Maharashtra,AGRICULTURE PRODUCE MARKET COMITEE CHANDWAD,Onion,2026-05-07,Unhali,2016.3,100.0,1590.0,990.0
Maharashtra,Ahilyanagar APMC,Onion,2026-05-07,Unhali,4827.8,150.0,1250.0,750.0
Maharashtra,Akola APMC,Onion,2026-05-07,Other,67.3,400.0,1300.0,900.0
Maharashtra,Bhusaval APMC,Onion,2026-05-07,Unhali,9.1,500.0,1000.0,800.0
Maharashtra,Chandrapur(Ganjwad) APMC,Onion,2026-05-07,Other,48.0,1300.0,1750.0,1500.0
Maharashtra,Chattrapati Sambhajinagar APMC,Onion,2026-05-07,Other,527.6,170.0,1000.0,585.0
Maharashtra,Devala APMC,Onion,2026-05-07,Unhali,722.0,350.0,1450.0,1150.0
Maharashtra,Dharashiv APMC,Onion,2026-05-07,Red,3.3,800.0,900.0,850.0
Maharashtra,Dhule APMC,Onion,2026-05-07,Red,143.1,450.0,1250.0,1000.0
Maharashtra,Dindori APMC,Onion,2026-05-07,Unhali,366.6,800.0,1350.0,1050.0
Maharashtra,Dindori(Vani) APMC,Onion,2026-05-07,Unhali,1356.1,801.0,1781.0,1351.0
Maharashtra,Gangapur APMC,Onion,2026-05-07,Unhali,840.3,105.0,1000.0,600.0
Maharashtra,Gevrai APMC,Onion,2026-05-07,Red,30.0,450.0,1000.0,725.0
Maharashtra,HINGNA - APMC,Onion,2026-05-07,Red,2.5,1000.0,1000.0,1000.0
Maharashtra,Jalgaon APMC,Onion,2026-05-07,Red,141.0,350.0,1187.0,775.0
Maharashtra,Jamkhed APMC,Onion,2026-05-07,Local,177.6,100.0,1200.0,650.0
Maharashtra,Junnar(Narayangaon) APMC,Onion,2026-05-07,Chinchwad,5.2,200.0,1200.0,650.0
Maharashtra,Junnar(Otur) APMC,Onion,2026-05-07,Chinchwad,885.6,800.0,1550.0,1200.0
Maharashtra,Kalvan APMC,Onion,2026-05-07,Unhali,865.0,300.0,1705.0,1050.0
Maharashtra,Kalyan APMC,Onion,2026-05-07,1st Sort,0.3,1000.0,1200.0,1100.0
Maharashtra,Kalyan APMC,Onion,2026-05-07,2nd Sort,0.3,600.0,800.0,700.0
Maharashtra,Karad APMC,Onion,2026-05-07,Halva,19.8,500.0,1300.0,1300.0
Maharashtra,Khed(Chakan) APMC,Onion,2026-05-07,Other,20.0,800.0,1300.0,1000.0
Maharashtra,Kolhapur APMC,Onion,2026-05-07,Other,457.5,500.0,1200.0,900.0
Maharashtra,Kopargaon APMC,Onion,2026-05-07,Unhali,714.0,300.0,1125.0,830.0
Maharashtra,Kurdwadi(Modnimb) APMC,Onion,2026-05-07,Red,25.2,151.0,1000.0,651.0
Maharashtra,Lasalgaon APMC,Onion,2026-05-07,Unhali,1536.0,500.0,1599.0,1125.0
Maharashtra,Lasalgaon(Niphad) APMC,Onion,2026-05-07,Unhali,499.5,400.0,1070.0,900.0
Maharashtra,Lasalgaon(Vinchur) APMC,Onion,2026-05-07,Unhali,1095.8,500.0,1351.0,1050.0
Maharashtra,Lonand APMC,Onion,2026-05-07,Unhali,253.5,400.0,1200.0,950.0
Maharashtra,"Malharshree Khajgi Krushi Utpann Bajar, Chandanpuri Tal Malegaon, Nashik",Onion,2026-05-07,Other,192.1,321.0,1126.0,847.0
Maharashtra,Malkapur APMC,Onion,2026-05-07,Local,70.0,650.0,1100.0,850.0
Maharashtra,Manchar APMC,Onion,2026-05-07,Other,1645.3,1100.0,1400.0,1250.0
Maharashtra,Mangal Wedha APMC,Onion,2026-05-07,Local,4.1,200.0,800.0,700.0
Maharashtra,Manmad APMC,Onion,2026-05-07,Unhali,847.7,400.0,1380.0,1100.0
Maharashtra,Mumbai-Onion & Potato Market APMC,Onion,2026-05-07,Other,1052.8,800.0,1500.0,1150.0
Maharashtra,Nagpur APMC,Onion,2026-05-07,Red,404.0,1000.0,1200.0,1150.0
Maharashtra,Nampur APMC,Onion,2026-05-07,Unhali,528.8,150.0,1385.0,800.0
Maharashtra,Nasik APMC,Onion,2026-05-07,Unhali,343.5,350.0,1350.0,900.0
Maharashtra,Paranda APMC,Onion,2026-05-07,Red,225.0,200.0,800.0,600.0
Maharashtra,Pimpalgaon Baswant APMC,Onion,2026-05-07,Unhali,4276.7,300.0,2099.0,1100.0
Maharashtra,Pimpalgaon Baswant(Saykheda) APMC,Onion,2026-05-07,Unhali,214.8,450.0,1100.0,825.0
Maharashtra,Pune(Khadiki) APMC,Onion,2026-05-07,Local,1.4,600.0,1000.0,800.0
Maharashtra,Pune(Manjri) APMC,Onion,2026-05-07,Local,8.0,600.0,1000.0,800.0
Maharashtra,Pune(Pimpri) APMC,Onion,2026-05-07,Local,0.7,500.0,1000.0,750.0
Maharashtra,Rahuri(Vambori) APMC,Onion,2026-05-07,Unhali,508.0,100.0,1300.0,700.0
Maharashtra,Ramtek APMC,Onion,2026-05-07,Unhali,2.3,1100.0,1500.0,1300.0
Maharashtra,SHRI.SIDDHESHWAR  APMC,Onion,2026-05-07,Red,33.7,100.0,1600.0,650.0
Maharashtra,Sakri APMC,Onion,2026-05-07,Unhali,119.0,425.0,950.0,800.0
Maharashtra,Sangamner APMC,Onion,2026-05-07,Unhali,1252.0,200.0,1600.0,900.0
Maharashtra,"Sangli(Phale, Bhajipala Market) APMC",Onion,2026-05-07,Local,443.3,400.0,1350.0,875.0
Maharashtra,Satara APMC,Onion,2026-05-07,Other,31.7,700.0,1300.0,1000.0
Maharashtra,Shevgaon APMC,Onion,2026-05-07,1st Sort,146.0,700.0,1000.0,900.0
Maharashtra,Shevgaon APMC,Onion,2026-05-07,2nd Sort,144.0,400.0,600.0,500.0
Maharashtra,Shivsiddha Govind Producer Company Ltd Sanchalit Khajgi Krushi Utpann Bajar Samati-Abhona-Kalwan,Onion,2026-05-07,Other,1838.49,300.0,2001.0,1290.0
Maharashtra,"Shri Rameshwar Krushi Market, M.Nagar, Tal Deola, Dist Nashik",Onion,2026-05-07,Other,1151.9,125.0,1700.0,746.56
Maharashtra,Shrigonda APMC,Onion,2026-05-07,Other,14.8,200.0,1000.0,700.0
Maharashtra,Umrane APMC,Onion,2026-05-07,Unhali,1950.0,800.0,1587.0,1200.0
Maharashtra,Vadgaonpeth APMC,Onion,2026-05-07,Local,50.0,1000.0,1400.0,1100.0
Maharashtra,Vaduj APMC,Onion,2026-05-07,Local,2.5,500.0,1300.0,900.0
Maharashtra,Vaijpur APMC,Onion,2026-05-07,Unhali,811.0,200.0,1105.0,800.0
Maharashtra,Vita APMC,Onion,2026-05-07,Other,5.0,700.0,1200.0,1000.0
Maharashtra,Yeola APMC,Onion,2026-05-07,Unhali,868.0,350.0,1280.0,900.0
Maharashtra,AGRICULTURE PRODUCE MARKET COMITEE CHANDWAD,Onion,2026-05-08,Unhali,1557.5,155.0,1580.0,930.0
Maharashtra,Akluj APMC,Onion,2026-05-08,Other,65.6,200.0,1100.0,700.0
Maharashtra,Akola APMC,Onion,2026-05-08,Other,72.4,400.0,1200.0,800.0
Maharashtra,Amrawati(Frui & Veg. Market) APMC,Onion,2026-05-08,Red,40.7,300.0,1600.0,950.0
Maharashtra,Bhusaval APMC,Onion,2026-05-08,Unhali,8.3,500.0,1000.0,800.0
Maharashtra,Chandrapur(Ganjwad) APMC,Onion,2026-05-08,Other,48.0,1300.0,1600.0,1500.0
Maharashtra,Devala APMC,Onion,2026-05-08,Unhali,650.3,350.0,1415.0,1100.0
Maharashtra,Dharashiv APMC,Onion,2026-05-08,Red,0.4,650.0,900.0,775.0
Maharashtra,Dhule APMC,Onion,2026-05-08,Red,82.5,500.0,1050.0,800.0
Maharashtra,Dindori(Vani) APMC,Onion,2026-05-08,Unhali,1377.5,801.0,1881.0,1281.0
Maharashtra,Gangapur APMC,Onion,2026-05-08,Unhali,49.0,105.0,900.0,560.0
Maharashtra,HINGNA - APMC,Onion,2026-05-08,Red,0.5,700.0,1000.0,850.0
Maharashtra,Junnar(Alephata) APMC,Onion,2026-05-08,Chinchwad,798.1,850.0,1450.0,1150.0
Maharashtra,Junnar(Narayangaon) APMC,Onion,2026-05-08,Chinchwad,6.0,200.0,1250.0,650.0
Maharashtra,Kalvan APMC,Onion,2026-05-08,Unhali,560.0,550.0,1585.0,1001.0
Maharashtra,Kalyan APMC,Onion,2026-05-08,1st Sort,0.3,1000.0,1200.0,1100.0
Maharashtra,Kalyan APMC,Onion,2026-05-08,2nd Sort,0.3,500.0,800.0,650.0
Maharashtra,Kamthi APMC,Onion,2026-05-08,Local,2.5,1520.0,2020.0,1770.0
Maharashtra,Khed(Chakan) APMC,Onion,2026-05-08,Other,25.0,800.0,1300.0,1200.0
Maharashtra,Kolhapur APMC,Onion,2026-05-08,Other,661.1,500.0,1400.0,1000.0
Maharashtra,Kopargaon APMC,Onion,2026-05-08,Unhali,718.0,300.0,1225.0,810.0
Maharashtra,Lasalgaon APMC,Onion,2026-05-08,Unhali,1559.2,400.0,1595.0,1001.0
Maharashtra,Lasalgaon(Niphad) APMC,Onion,2026-05-08,Unhali,430.5,400.0,1031.0,900.0
Maharashtra,Lasalgaon(Vinchur) APMC,Onion,2026-05-08,Unhali,1220.9,500.0,1516.0,1000.0
Maharashtra,"Laxmi-Sopan Agriculture Produce Marketing Co Ltd, Barshi, Dist Solapur",Onion,2026-05-08,Other,291.6,300.0,1000.0,700.0
Maharashtra,Mangal Wedha APMC,Onion,2026-05-08,Local,4.8,150.0,1100.0,700.0
Maharashtra,Manmad APMC,Onion,2026-05-08,Unhali,697.7,300.0,1237.0,1000.0
Maharashtra,Mumbai-Onion & Potato Market APMC,Onion,2026-05-08,Other,1147.9,700.0,1400.0,1050.0
Maharashtra,Nasik APMC,Onion,2026-05-08,Unhali,424.0,300.0,1300.0,850.0
Maharashtra,"Omchatinya Multi State Agro Purpose Co-Op Society, Dist Ahilyanagar",Onion,2026-05-08,Red,156.77,200.0,1300.0,700.0
Maharashtra,Parner APMC,Onion,2026-05-08,Unhali,1565.0,200.0,1400.0,925.0
Maharashtra,Pimpalgaon Baswant APMC,Onion,2026-05-08,Unhali,3605.7,300.0,2299.0,1200.0
Maharashtra,Pimpalgaon Baswant(Saykheda) APMC,Onion,2026-05-08,Unhali,489.8,350.0,1085.0,830.0
Maharashtra,Pune(Khadiki) APMC,Onion,2026-05-08,Local,1.0,600.0,1000.0,800.0
Maharashtra,Pune(Manjri) APMC,Onion,2026-05-08,Local,9.5,700.0,1100.0,900.0
Maharashtra,Pune(Moshi) APMC,Onion,2026-05-08,Local,78.0,400.0,1000.0,700.0
Maharashtra,Pune(Pimpri) APMC,Onion,2026-05-08,Local,0.8,650.0,1400.0,1020.0
Maharashtra,Rahata APMC,Onion,2026-05-08,Unhali,477.4,400.0,1400.0,975.0
Maharashtra,Rahuri APMC,Onion,2026-05-08,Other,2274.0,100.0,1400.0,750.0
Maharashtra,SHRI.SIDDHESHWAR  APMC,Onion,2026-05-08,Red,2437.6,100.0,1450.0,600.0
Maharashtra,Sangamner APMC,Onion,2026-05-08,Unhali,1119.1,200.0,1325.0,763.0
Maharashtra,"Sangli(Phale, Bhajipala Market) APMC",Onion,2026-05-08,Local,523.7,400.0,1250.0,825.0
Maharashtra,Satana APMC,Onion,2026-05-08,Unhali,1195.0,100.0,1460.0,950.0
Maharashtra,Sinner APMC,Onion,2026-05-08,Unhali,371.5,200.0,1215.0,800.0
Maharashtra,Vaijpur APMC,Onion,2026-05-08,Unhali,701.9,100.0,1125.0,800.0
Maharashtra,Yeola APMC,Onion,2026-05-08,Unhali,845.8,100.0,1124.0,800.0
Maharashtra,AGRICULTURE PRODUCE MARKET COMITEE CHANDWAD,Onion,2026-05-09,Unhali,1504.5,100.0,1575.0,870.0
Maharashtra,Akola APMC,Onion,2026-05-09,Other,89.0,500.0,1300.0,900.0
Maharashtra,Amrawati(Frui & Veg. Market) APMC,Onion,2026-05-09,Red,45.0,400.0,1600.0,1000.0
Maharashtra,Bhusaval APMC,Onion,2026-05-09,Unhali,8.2,500.0,1000.0,800.0
Maharashtra,Chandrapur(Ganjwad) APMC,Onion,2026-05-09,Other,58.0,1300.0,1800.0,1500.0
Maharashtra,Chattrapati Sambhajinagar APMC,Onion,2026-05-09,Other,388.4,250.0,800.0,525.0
Maharashtra,Gevrai APMC,Onion,2026-05-09,Red,60.8,400.0,1025.0,725.0
Maharashtra,HINGNA - APMC,Onion,2026-05-09,Red,13.5,600.0,1000.0,825.0
Maharashtra,Jalgaon APMC,Onion,2026-05-09,Red,177.2,350.0,1200.0,775.0
Maharashtra,Junnar(Narayangaon) APMC,Onion,2026-05-09,Chinchwad,5.8,200.0,1300.0,750.0
Maharashtra,Karad APMC,Onion,2026-05-09,Halva,12.3,200.0,1100.0,1100.0
Maharashtra,Khed(Chakan) APMC,Onion,2026-05-09,Other,650.0,600.0,1300.0,1000.0
Maharashtra,Kolhapur APMC,Onion,2026-05-09,Other,844.5,500.0,1700.0,1000.0
Maharashtra,Kopargaon APMC,Onion,2026-05-09,Unhali,658.0,300.0,1178.0,825.0
Maharashtra,Lasalgaon APMC,Onion,2026-05-09,Unhali,760.0,500.0,1660.0,1000.0
Maharashtra,Lasalgaon(Vinchur) APMC,Onion,2026-05-09,Unhali,644.0,500.0,1500.0,1000.0
Maharashtra,"Laxmi-Sopan Agriculture Produce Marketing Co Ltd, Barshi, Dist Solapur",Onion,2026-05-09,Other,301.2,400.0,1000.0,700.0
Maharashtra,Mangal Wedha APMC,Onion,2026-05-09,Local,7.9,340.0,1100.0,950.0
Maharashtra,Manmad APMC,Onion,2026-05-09,Unhali,400.0,300.0,1213.0,1000.0
Maharashtra,Mumbai-Onion & Potato Market APMC,Onion,2026-05-09,Other,1396.7,700.0,1400.0,1050.0
Maharashtra,Nagpur APMC,Onion,2026-05-09,Red,110.0,1000.0,1400.0,1300.0
Maharashtra,Nagpur APMC,Onion,2026-05-09,White,740.0,1000.0,1400.0,1300.0
Maharashtra,Nasik APMC,Onion,2026-05-09,Unhali,368.5,270.0,1251.0,800.0
Maharashtra,Newasa(Ghodegaon) APMC,Onion,2026-05-09,Unhali,1613.4,300.0,1100.0,800.0
Maharashtra,Paithan APMC,Onion,2026-05-09,Unhali,148.6,250.0,850.0,650.0
Maharashtra,Pimpalgaon Baswant APMC,Onion,2026-05-09,Unhali,3360.0,300.0,2106.0,1150.0
Maharashtra,Pune(Manjri) APMC,Onion,2026-05-09,Local,14.1,400.0,1300.0,900.0
Maharashtra,Pune(Moshi) APMC,Onion,2026-05-09,Local,69.3,400.0,1000.0,700.0
Maharashtra,Pune(Pimpri) APMC,Onion,2026-05-09,Local,1.6,700.0,1400.0,1050.0
Maharashtra,Rahuri(Vambori) APMC,Onion,2026-05-09,Unhali,398.9,100.0,1300.0,700.0
Maharashtra,Ramtek APMC,Onion,2026-05-09,Unhali,1.5,800.0,1000.0,900.0
Maharashtra,SHRI.SIDDHESHWAR  APMC,Onion,2026-05-09,Red,2495.3,100.0,1400.0,600.0
Maharashtra,"Sangli(Phale, Bhajipala Market) APMC",Onion,2026-05-09,Local,417.2,400.0,1400.0,900.0
Maharashtra,Satara APMC,Onion,2026-05-09,Other,50.5,700.0,1300.0,1000.0
Maharashtra,Shevgaon APMC,Onion,2026-05-09,1st Sort,173.0,700.0,1100.0,950.0
Maharashtra,Shevgaon APMC,Onion,2026-05-09,2nd Sort,145.0,400.0,600.0,475.0
Maharashtra,Shivsiddha Govind Producer Company Ltd Sanchalit Khajgi Krushi Utpann Bajar Samati-Abhona-Kalwan,Onion,2026-05-09,Other,1517.04,200.0,2000.0,1380.0
Maharashtra,"Shree Sairaj Krushi Market, Dist Ahilyanagar",Onion,2026-05-09,Local,181.91,200.0,1400.0,800.0
Maharashtra,Vadgaonpeth APMC,Onion,2026-05-09,Local,45.0,1000.0,1400.0,1200.0
Maharashtra,Vai APMC,Onion,2026-05-09,Local,2.0,700.0,1200.0,900.0
Maharashtra,Yeola APMC,Onion,2026-05-09,Unhali,700.0,100.0,1080.0,700.0
Maharashtra,Akluj APMC,Onion,2026-05-10,Other,63.1,200.0,900.0,500.0
Maharashtra,Akole APMC,Onion,2026-05-10,Unhali,376.7,200.0,1211.0,1011.0
Maharashtra,Amrawati(Frui & Veg. Market) APMC,Onion,2026-05-10,Local,51.0,400.0,1700.0,1050.0
Maharashtra,Bhusaval APMC,Onion,2026-05-10,Unhali,15.8,500.0,1000.0,800.0
Maharashtra,Chattrapati Sambhajinagar APMC,Onion,2026-05-10,Other,421.2,250.0,900.0,575.0
Maharashtra,Junnar(Alephata) APMC,Onion,2026-05-10,Chinchwad,592.1,600.0,1400.0,1000.0
Maharashtra,Junnar(Otur) APMC,Onion,2026-05-10,Unhali,641.4,700.0,1600.0,1250.0
Maharashtra,Kalyan APMC,Onion,2026-05-10,1st Sort,0.3,1000.0,1200.0,1100.0
Maharashtra,Kalyan APMC,Onion,2026-05-10,2nd Sort,0.3,500.0,800.0,600.0
Maharashtra,Kamthi APMC,Onion,2026-05-10,Local,3.3,1520.0,2020.0,1770.0
Maharashtra,Karad APMC,Onion,2026-05-10,Halva,7.5,500.0,1200.0,1200.0
Maharashtra,Manchar APMC,Onion,2026-05-10,Other,1469.7,800.0,1300.0,1055.0
Maharashtra,Mangal Wedha APMC,Onion,2026-05-10,Local,1.1,400.0,8500.0,700.0
Maharashtra,"Omchatinya Multi State Agro Purpose Co-Op Society, Dist Ahilyanagar",Onion,2026-05-10,Red,170.52,100.0,1250.0,650.0
Maharashtra,Paithan APMC,Onion,2026-05-10,Unhali,409.0,100.0,1000.0,700.0
Maharashtra,Paranda APMC,Onion,2026-05-10,Other,320.0,200.0,1000.0,700.0
Maharashtra,Paranda APMC,Onion,2026-05-10,Red,320.0,200.0,1000.0,700.0
Maharashtra,Parner APMC,Onion,2026-05-10,Unhali,1475.7,200.0,1300.0,875.0
Maharashtra,Pathardi APMC,Onion,2026-05-10,Red,137.0,100.0,1100.0,750.0
Maharashtra,Pune APMC,Onion,2026-05-10,Local,1424.8,400.0,1300.0,850.0
Maharashtra,Pune(Manjri) APMC,Onion,2026-05-10,Local,11.3,700.0,1300.0,1000.0
Maharashtra,Pune(Moshi) APMC,Onion,2026-05-10,Local,60.8,500.0,1000.0,750.0
Maharashtra,Pune(Pimpri) APMC,Onion,2026-05-10,Local,1.4,600.0,1400.0,1000.0
Maharashtra,Rahata APMC,Onion,2026-05-10,Other,493.0,400.0,1400.0,600.0
Maharashtra,Rahuri APMC,Onion,2026-05-10,Other,1336.2,100.0,1300.0,700.0
Maharashtra,Ramtek APMC,Onion,2026-05-10,Unhali,5.4,1000.0,1500.0,1300.0
Maharashtra,Satara APMC,Onion,2026-05-10,Other,20.8,1000.0,1300.0,1100.0
Maharashtra,Shrigonda APMC,Onion,2026-05-10,Other,56.0,200.0,1000.0,700.0
Maharashtra,Vai APMC,Onion,2026-05-10,Local,3.0,600.0,1200.0,900.0
Maharashtra,AGRICULTURE PRODUCE MARKET COMITEE CHANDWAD,Onion,2026-05-11,Unhali,1242.3,100.0,1685.0,890.0
Maharashtra,Ahilyanagar APMC,Onion,2026-05-11,Unhali,2929.9,150.0,1100.0,650.0
Maharashtra,Akola APMC,Onion,2026-05-11,Other,59.5,300.0,1300.0,800.0
Maharashtra,Akole APMC,Onion,2026-05-11,Other,672.7,200.0,1211.0,1011.0
Maharashtra,Akole APMC,Onion,2026-05-11,Unhali,672.7,200.0,1211.0,1011.0
Maharashtra,Amrawati(Frui & Veg. Market) APMC,Onion,2026-05-11,Local,45.0,600.0,1600.0,1100.0
Maharashtra,Chattrapati Sambhajinagar APMC,Onion,2026-05-11,Other,305.2,250.0,700.0,475.0
Maharashtra,Devala APMC,Onion,2026-05-11,Unhali,853.7,350.0,1550.0,1150.0
Maharashtra,Dhule APMC,Onion,2026-05-11,Red,28.3,300.0,900.0,680.0
Maharashtra,Dindori(Vani) APMC,Onion,2026-05-11,Unhali,1346.1,851.0,1901.0,1351.0
Maharashtra,Gevrai APMC,Onion,2026-05-11,Red,20.8,400.0,925.0,600.0
Maharashtra,HINGNA - APMC,Onion,2026-05-11,Red,0.3,1200.0,1500.0,1333.0
Maharashtra,Indapur APMC,Onion,2026-05-11,Red,140.5,200.0,1200.0,500.0
Maharashtra,Jalgaon APMC,Onion,2026-05-11,Red,174.6,350.0,900.0,625.0
Maharashtra,Junnar(Narayangaon) APMC,Onion,2026-05-11,Chinchwad,5.8,200.0,1100.0,650.0
Maharashtra,Kalvan APMC,Onion,2026-05-11,Unhali,1380.0,300.0,1851.0,1050.0
Maharashtra,Karad APMC,Onion,2026-05-11,Halva,9.9,500.0,1300.0,1300.0
Maharashtra,Kolhapur APMC,Onion,2026-05-11,Other,619.1,500.0,1500.0,1000.0
Maharashtra,Kopargaon APMC,Onion,2026-05-11,Unhali,366.0,300.0,1172.0,810.0
Maharashtra,Kurdwadi(Modnimb) APMC,Onion,2026-05-11,Red,17.3,100.0,811.0,550.0
Maharashtra,Lasalgaon APMC,Onion,2026-05-11,Unhali,1262.6,500.0,1651.0,1100.0
Maharashtra,Lasalgaon(Niphad) APMC,Onion,2026-05-11,Unhali,412.5,400.0,985.0,850.0
Maharashtra,Lasalgaon(Vinchur) APMC,Onion,2026-05-11,Unhali,1140.0,500.0,1440.0,1000.0
Maharashtra,Lasur Station APMC,Onion,2026-05-11,Other,610.0,100.0,1128.0,600.0
Maharashtra,Lonand APMC,Onion,2026-05-11,Unhali,140.0,400.0,1050.0,800.0
Maharashtra,"Malharshree Khajgi Krushi Utpann Bajar, Chandanpuri Tal Malegaon, Nashik",Onion,2026-05-11,Other,198.3,207.0,1110.0,745.0
Maharashtra,Mangal Wedha APMC,Onion,2026-05-11,Local,12.5,150.0,1200.0,850.0
Maharashtra,Manmad APMC,Onion,2026-05-11,Unhali,768.3,300.0,1371.0,1050.0
Maharashtra,Mumbai-Onion & Potato Market APMC,Onion,2026-05-11,Other,1573.6,800.0,1500.0,1150.0
Maharashtra,Nagpur APMC,Onion,2026-05-11,Red,240.0,1200.0,1400.0,1350.0
Maharashtra,Nagpur APMC,Onion,2026-05-11,White,236.0,1200.0,1400.0,1350.0
Maharashtra,Nampur APMC,Onion,2026-05-11,Unhali,1022.9,150.0,1355.0,900.0
Maharashtra,Nandgaon APMC,Onion,2026-05-11,Unhali,1927.5,100.0,1152.0,750.0
Maharashtra,Nasik APMC,Onion,2026-05-11,Unhali,457.0,350.0,1300.0,850.0
Maharashtra,Newasa(Ghodegaon) APMC,Onion,2026-05-11,Unhali,1297.7,200.0,1100.0,800.0
Maharashtra,Paithan APMC,Onion,2026-05-11,Unhali,22.7,490.0,775.0,650.0
Maharashtra,Paranda APMC,Onion,2026-05-11,Red,225.0,250.0,1100.0,600.0
Maharashtra,Pimpalgaon Baswant APMC,Onion,2026-05-11,Unhali,3481.7,300.0,2301.0,1100.0
Maharashtra,Pimpalgaon Baswant(Saykheda) APMC,Onion,2026-05-11,Unhali,336.1,500.0,1044.0,815.0
Maharashtra,Pune APMC,Onion,2026-05-11,Local,923.1,400.0,1300.0,850.0
Maharashtra,Pune(Manjri) APMC,Onion,2026-05-11,Local,10.8,700.0,1100.0,900.0
Maharashtra,Pune(Moshi) APMC,Onion,2026-05-11,Local,56.6,500.0,1000.0,750.0
Maharashtra,Pune(Pimpri) APMC,Onion,2026-05-11,Local,2.2,600.0,1200.0,900.0
Maharashtra,Rahuri(Vambori) APMC,Onion,2026-05-11,Unhali,387.5,100.0,1300.0,700.0
Maharashtra,SHRI.SIDDHESHWAR  APMC,Onion,2026-05-11,Red,1595.3,100.0,1600.0,600.0
Maharashtra,Sakri APMC,Onion,2026-05-11,Unhali,358.0,400.0,1200.0,900.0
Maharashtra,Sangamner APMC,Onion,2026-05-11,Unhali,1013.2,200.0,1325.0,762.0
Maharashtra,"Sangli(Phale, Bhajipala Market) APMC",Onion,2026-05-11,Local,409.6,400.0,1300.0,850.0
Maharashtra,Satana APMC,Onion,2026-05-11,Unhali,1387.5,100.0,1570.0,885.0
Maharashtra,Satara APMC,Onion,2026-05-11,Other,10.0,700.0,1300.0,1000.0
Maharashtra,Shevgaon APMC,Onion,2026-05-11,1st Sort,160.0,700.0,1100.0,850.0
Maharashtra,Shevgaon APMC,Onion,2026-05-11,2nd Sort,157.0,400.0,600.0,550.0
Maharashtra,Shivsiddha Govind Producer Company Ltd Sanchalit Khajgi Krushi Utpann Bajar Samati-Abhona-Kalwan,Onion,2026-05-11,Other,1794.75,200.0,2000.0,1230.0
Maharashtra,"Shree Sairaj Krushi Market, Dist Ahilyanagar",Onion,2026-05-11,Local,102.16,200.0,1300.0,750.0
Maharashtra,Shrirampur APMC,Onion,2026-05-11,Unhali,372.1,350.0,1200.0,850.0
Maharashtra,Sinner APMC,Onion,2026-05-11,Unhali,262.7,200.0,1061.0,800.0
Maharashtra,Umrane APMC,Onion,2026-05-11,Unhali,2860.0,800.0,1626.0,1100.0
Maharashtra,Vaijpur APMC,Onion,2026-05-11,Unhali,615.1,100.0,1001.0,750.0
Maharashtra,Yeola APMC,Onion,2026-05-11,Unhali,870.8,100.0,1169.0,800.0
Maharashtra,AGRICULTURE PRODUCE MARKET COMITEE CHANDWAD,Onion,2026-05-12,Unhali,1274.8,50.0,1755.0,850.0
Maharashtra,Akola APMC,Onion,2026-05-12,Other,60.0,300.0,1300.0,800.0
Maharashtra,Akole APMC,Onion,2026-05-12,Unhali,308.0,200.0,1311.0,1011.0
Maharashtra,Amrawati(Frui & Veg. Market) APMC,Onion,2026-05-12,Local,37.9,400.0,1700.0,1050.0
Maharashtra,Bhusaval APMC,Onion,2026-05-12,Unhali,6.1,500.0,1000.0,800.0
Maharashtra,Chattrapati Sambhajinagar APMC,Onion,2026-05-12,Other,430.6,300.0,600.0,450.0
Maharashtra,Devala APMC,Onion,2026-05-12,Unhali,531.1,400.0,1450.0,1150.0
Maharashtra,Dharashiv APMC,Onion,2026-05-12,Red,4.3,400.0,1000.0,700.0
Maharashtra,Dhule APMC,Onion,2026-05-12,Red,82.3,300.0,900.0,680.0
Maharashtra,Dindori(Vani) APMC,Onion,2026-05-12,Unhali,1296.3,721.0,1951.0,1275.0
Maharashtra,Gangapur APMC,Onion,2026-05-12,Unhali,650.0,100.0,875.0,500.0
Maharashtra,HINGNA - APMC,Onion,2026-05-12,Red,0.2,1500.0,1500.0,1500.0
Maharashtra,Indapur APMC,Onion,2026-05-12,Red,87.2,200.0,1200.0,500.0
Maharashtra,Jalgaon APMC,Onion,2026-05-12,Red,107.9,350.0,900.0,650.0
Maharashtra,Jamkhed APMC,Onion,2026-05-12,Local,323.0,100.0,1000.0,550.0
Maharashtra,Junnar(Alephata) APMC,Onion,2026-05-12,Chinchwad,626.7,700.0,1400.0,1100.0
Maharashtra,Kalvan APMC,Onion,2026-05-12,Unhali,1320.0,350.0,1830.0,1025.0
Maharashtra,Kalyan APMC,Onion,2026-05-12,1st Sort,1.3,1000.0,1300.0,1150.0
Maharashtra,Kalyan APMC,Onion,2026-05-12,2nd Sort,0.3,700.0,900.0,800.0
Maharashtra,Kamthi APMC,Onion,2026-05-12,Local,0.8,1520.0,2020.0,1770.0
Maharashtra,Karad APMC,Onion,2026-05-12,Halva,9.9,500.0,1200.0,1200.0
Maharashtra,Khed(Chakan) APMC,Onion,2026-05-12,Other,15.0,800.0,1200.0,1000.0
Maharashtra,Kolhapur APMC,Onion,2026-05-12,Other,417.3,500.0,1300.0,1000.0
Maharashtra,Kopargaon APMC,Onion,2026-05-12,Unhali,534.0,300.0,1100.0,805.0
Maharashtra,Lasalgaon APMC,Onion,2026-05-12,Unhali,986.8,500.0,1701.0,1100.0
Maharashtra,Lasalgaon(Niphad) APMC,Onion,2026-05-12,Unhali,351.0,400.0,1060.0,920.0
Maharashtra,Lasalgaon(Vinchur) APMC,Onion,2026-05-12,Unhali,1027.4,500.0,1601.0,1100.0
Maharashtra,Lasur Station APMC,Onion,2026-05-12,Other,780.0,100.0,1154.0,550.0
Maharashtra,"Laxmi-Sopan Agriculture Produce Marketing Co Ltd, Barshi, Dist Solapur",Onion,2026-05-12,Other,200.2,200.0,900.0,700.0
Maharashtra,Malkapur APMC,Onion,2026-05-12,Local,170.0,300.0,900.0,450.0
Maharashtra,Manchar APMC,Onion,2026-05-12,Other,910.5,900.0,1300.0,1150.0
Maharashtra,Manmad APMC,Onion,2026-05-12,Unhali,706.8,300.0,1400.0,1000.0
Maharashtra,Mumbai-Onion & Potato Market APMC,Onion,2026-05-12,Other,1054.6,800.0,1600.0,1200.0
Maharashtra,Nagpur APMC,Onion,2026-05-12,Red,184.0,800.0,1400.0,1250.0
Maharashtra,Nagpur APMC,Onion,2026-05-12,White,180.0,800.0,1400.0,1250.0
Maharashtra,Nampur APMC,Onion,2026-05-12,Unhali,609.3,150.0,1140.0,900.0
Maharashtra,Nandgaon APMC,Onion,2026-05-12,Unhali,1482.8,100.0,1175.0,750.0
Maharashtra,Nasik APMC,Onion,2026-05-12,Unhali,442.0,300.0,1251.0,800.0
Maharashtra,"Omchatinya Multi State Agro Purpose Co-Op Society, Dist Ahilyanagar",Onion,2026-05-12,Red,140.55,100.0,1250.0,650.0
Maharashtra,Paranda APMC,Onion,2026-05-12,Red,135.2,250.0,1000.0,600.0
Maharashtra,Phaltan APMC,Onion,2026-05-12,Hybrid,268.7,200.0,1200.0,700.0
Maharashtra,Pimpalgaon Baswant APMC,Onion,2026-05-12,Unhali,3660.4,300.0,2353.0,1150.0
Maharashtra,Pimpalgaon Baswant(Saykheda) APMC,Onion,2026-05-12,Unhali,268.2,450.0,1051.0,831.0
Maharashtra,Pune APMC,Onion,2026-05-12,Local,954.9,400.0,1300.0,850.0
Maharashtra,Pune(Manjri) APMC,Onion,2026-05-12,Local,11.0,700.0,1100.0,900.0
Maharashtra,Pune(Moshi) APMC,Onion,2026-05-12,Local,51.7,500.0,1000.0,750.0
Maharashtra,Pune(Pimpri) APMC,Onion,2026-05-12,Local,1.0,800.0,1200.0,1000.0
Maharashtra,Rahuri APMC,Onion,2026-05-12,Other,1409.2,100.0,1300.0,700.0
Maharashtra,Ramtek APMC,Onion,2026-05-12,Unhali,1.3,1000.0,1400.0,1200.0
Maharashtra,SHRI.SIDDHESHWAR  APMC,Onion,2026-05-12,Red,1289.8,100.0,1600.0,600.0
Maharashtra,Sakri APMC,Onion,2026-05-12,Unhali,1260.0,200.0,1200.0,650.0
Maharashtra,Sangamner APMC,Onion,2026-05-12,Unhali,758.5,200.0,1376.0,788.0
Maharashtra,"Sangli(Phale, Bhajipala Market) APMC",Onion,2026-05-12,Local,261.9,400.0,1400.0,900.0
Maharashtra,Satana APMC,Onion,2026-05-12,Unhali,1352.0,100.0,1500.0,865.0
Maharashtra,Satara APMC,Onion,2026-05-12,Other,10.0,700.0,1300.0,1000.0
Maharashtra,Shivsiddha Govind Producer Company Ltd Sanchalit Khajgi Krushi Utpann Bajar Samati-Abhona-Kalwan,Onion,2026-05-12,Other,1346.49,300.0,2000.0,1320.0
Maharashtra,Umrane APMC,Onion,2026-05-12,Unhali,2550.0,800.0,1640.0,1100.0
Maharashtra,Vaijpur APMC,Onion,2026-05-12,Unhali,690.6,100.0,950.0,700.0
Maharashtra,Vita APMC,Onion,2026-05-12,Other,2.0,800.0,1200.0,1000.0
Maharashtra,AGRICULTURE PRODUCE MARKET COMITEE CHANDWAD,Onion,2026-05-13,Unhali,1199.8,100.0,1825.0,1120.0
Maharashtra,Akluj APMC,Onion,2026-05-13,Other,48.5,200.0,800.0,500.0
Maharashtra,Amrawati(Frui & Veg. Market) APMC,Onion,2026-05-13,Local,33.9,400.0,1600.0,1000.0
Maharashtra,Bhusaval APMC,Onion,2026-05-13,Unhali,16.7,500.0,1000.0,800.0
Maharashtra,Chandrapur(Ganjwad) APMC,Onion,2026-05-13,Other,58.2,1300.0,1800.0,1500.0
Maharashtra,Chattrapati Sambhajinagar APMC,Onion,2026-05-13,Other,371.1,200.0,700.0,450.0
Maharashtra,Devala APMC,Onion,2026-05-13,Unhali,490.9,400.0,1450.0,1100.0
Maharashtra,Dharashiv APMC,Onion,2026-05-13,Red,1.2,925.0,1100.0,1010.0
Maharashtra,Dhule APMC,Onion,2026-05-13,Red,3.1,250.0,920.0,650.0
Maharashtra,Dindori(Vani) APMC,Onion,2026-05-13,Unhali,1220.7,701.0,1971.0,1351.0
Maharashtra,Gangapur APMC,Onion,2026-05-13,Unhali,510.0,100.0,970.0,550.0
Maharashtra,HINGNA - APMC,Onion,2026-05-13,Red,0.2,1400.0,1400.0,1400.0
Maharashtra,Indapur APMC,Onion,2026-05-13,Red,73.1,200.0,1300.0,500.0
Maharashtra,Jalgaon APMC,Onion,2026-05-13,Red,134.6,325.0,700.0,500.0
Maharashtra,Junnar(Narayangaon) APMC,Onion,2026-05-13,Chinchwad,9.4,200.0,1150.0,650.0
Maharashtra,Kalyan APMC,Onion,2026-05-13,1st Sort,0.3,1100.0,1300.0,1200.0
Maharashtra,Kalyan APMC,Onion,2026-05-13,2nd Sort,0.3,1000.0,1100.0,1050.0
Maharashtra,Kamthi APMC,Onion,2026-05-13,Local,0.8,1520.0,2020.0,1770.0
Maharashtra,Karad APMC,Onion,2026-05-13,Halva,24.9,300.0,1100.0,1100.0
Maharashtra,Karjat APMC,Onion,2026-05-13,Local,2.3,400.0,900.0,600.0
Maharashtra,Khed(Chakan) APMC,Onion,2026-05-13,Other,300.0,700.0,1200.0,1000.0
Maharashtra,Kolhapur APMC,Onion,2026-05-13,Other,501.7,500.0,1700.0,1000.0
Maharashtra,Kopargaon APMC,Onion,2026-05-13,Unhali,474.0,300.0,1060.0,775.0
Maharashtra,Lasalgaon APMC,Onion,2026-05-13,Unhali,911.0,500.0,1652.0,1125.0
Maharashtra,Lasalgaon(Niphad) APMC,Onion,2026-05-13,Unhali,336.0,500.0,1200.0,1050.0
Maharashtra,Lasalgaon(Vinchur) APMC,Onion,2026-05-13,Unhali,886.3,500.0,1620.0,1100.0
Maharashtra,"Laxmi-Sopan Agriculture Produce Marketing Co Ltd, Barshi, Dist Solapur",Onion,2026-05-13,Other,181.7,200.0,1000.0,800.0
Maharashtra,"Malharshree Khajgi Krushi Utpann Bajar, Chandanpuri Tal Malegaon, Nashik",Onion,2026-05-13,Other,104.3,285.0,1140.0,821.0
Maharashtra,Mangal Wedha APMC,Onion,2026-05-13,Local,2.1,200.0,1240.0,1100.0
Maharashtra,Manmad APMC,Onion,2026-05-13,Unhali,568.8,300.0,1412.0,1000.0
Maharashtra,Mumbai-Onion & Potato Market APMC,Onion,2026-05-13,Other,889.2,800.0,1600.0,1200.0
Maharashtra,Nagpur APMC,Onion,2026-05-13,Red,240.0,800.0,1400.0,1250.0
Maharashtra,Nagpur APMC,Onion,2026-05-13,White,208.0,800.0,1400.0,1250.0
Maharashtra,Nampur APMC,Onion,2026-05-13,Unhali,900.0,150.0,1125.0,700.0
Maharashtra,Nasik APMC,Onion,2026-05-13,Unhali,267.5,350.0,1310.0,850.0
Maharashtra,Newasa(Ghodegaon) APMC,Onion,2026-05-13,Unhali,1158.0,300.0,1200.0,800.0
Maharashtra,Paithan APMC,Onion,2026-05-13,Unhali,513.9,100.0,900.0,500.0
Maharashtra,Paranda APMC,Onion,2026-05-13,Red,149.3,200.0,1000.0,700.0
Maharashtra,Parner APMC,Onion,2026-05-13,Unhali,1424.8,150.0,1500.0,800.0
Maharashtra,Pathardi APMC,Onion,2026-05-13,Red,115.6,100.0,1100.0,600.0
Maharashtra,Pimpalgaon Baswant APMC,Onion,2026-05-13,Unhali,3440.1,300.0,2351.0,1151.0
Maharashtra,Pimpalgaon Baswant(Saykheda) APMC,Onion,2026-05-13,Unhali,267.7,450.0,1075.0,800.0
Maharashtra,Pune APMC,Onion,2026-05-13,Local,816.5,400.0,1300.0,850.0
Maharashtra,Pune(Khadiki) APMC,Onion,2026-05-13,Local,1.3,600.0,1000.0,800.0
Maharashtra,Pune(Manjri) APMC,Onion,2026-05-13,Local,12.4,700.0,1100.0,900.0
Maharashtra,Pune(Pimpri) APMC,Onion,2026-05-13,Local,2.4,500.0,1200.0,850.0
Maharashtra,Ramtek APMC,Onion,2026-05-13,Unhali,0.8,1000.0,1300.0,1200.0
Maharashtra,SHRI.SIDDHESHWAR  APMC,Onion,2026-05-13,Red,1475.6,100.0,1700.0,700.0
Maharashtra,Sakri APMC,Onion,2026-05-13,Unhali,467.0,400.0,900.0,700.0
Maharashtra,Sangamner APMC,Onion,2026-05-13,Unhali,785.9,200.0,1501.0,850.0
Maharashtra,"Sangli(Phale, Bhajipala Market) APMC",Onion,2026-05-13,Local,343.5,400.0,1500.0,950.0
Maharashtra,Satana APMC,Onion,2026-05-13,Unhali,1166.0,100.0,1805.0,885.0
Maharashtra,Satara APMC,Onion,2026-05-13,Other,16.5,1000.0,1300.0,1150.0
Maharashtra,Shivsiddha Govind Producer Company Ltd Sanchalit Khajgi Krushi Utpann Bajar Samati-Abhona-Kalwan,Onion,2026-05-13,Other,1044.4,200.0,2100.0,1320.0
Maharashtra,Shrirampur APMC,Onion,2026-05-13,Unhali,298.5,400.0,1300.0,950.0
Maharashtra,Sinner APMC,Onion,2026-05-13,Unhali,286.6,100.0,1075.0,750.0
Maharashtra,Umrane APMC,Onion,2026-05-13,Unhali,1550.0,800.0,1585.0,1100.0
Maharashtra,Vadgaonpeth APMC,Onion,2026-05-13,Local,26.0,1000.0,1300.0,1100.0
Maharashtra,Vaduj APMC,Onion,2026-05-13,Local,7.0,200.0,1200.0,600.0
Maharashtra,Vai APMC,Onion,2026-05-13,Local,3.0,500.0,1100.0,800.0
Maharashtra,Vaijpur APMC,Onion,2026-05-13,Unhali,766.1,100.0,902.0,700.0
Maharashtra,Yeola APMC,Onion,2026-05-13,Unhali,584.2,100.0,1157.0,800.0
Maharashtra,AGRICULTURE PRODUCE MARKET COMITEE CHANDWAD,Onion,2026-05-14,Unhali,916.0,215.0,1815.0,1100.0
Maharashtra,Ahilyanagar APMC,Onion,2026-05-14,Unhali,3041.1,150.0,1100.0,650.0
Maharashtra,Akola APMC,Onion,2026-05-14,Other,68.2,300.0,1300.0,800.0
Maharashtra,Akole APMC,Onion,2026-05-14,Unhali,300.2,200.0,1301.0,1001.0
Maharashtra,Bhusaval APMC,Onion,2026-05-14,Unhali,4.9,500.0,1000.0,800.0
Maharashtra,Chandrapur(Ganjwad) APMC,Onion,2026-05-14,Other,70.2,1300.0,1800.0,1500.0
Maharashtra,Chattrapati Sambhajinagar APMC,Onion,2026-05-14,Other,485.0,200.0,750.0,475.0
Maharashtra,Devala APMC,Onion,2026-05-14,Unhali,462.1,400.0,1500.0,1150.0
Maharashtra,Dharashiv APMC,Onion,2026-05-14,Red,3.3,500.0,1000.0,750.0
Maharashtra,Dindori APMC,Onion,2026-05-14,Unhali,243.3,800.0,1600.0,1100.0
Maharashtra,Dindori(Vani) APMC,Onion,2026-05-14,Unhali,1207.1,701.0,2071.0,1361.0
Maharashtra,Gangapur APMC,Onion,2026-05-14,Unhali,351.3,100.0,1001.0,650.0
Maharashtra,Gevrai APMC,Onion,2026-05-14,Red,55.0,400.0,950.0,700.0
Maharashtra,HINGNA - APMC,Onion,2026-05-14,Red,1.9,500.0,1400.0,887.0
Maharashtra,Jalana APMC,Onion,2026-05-14,Other,197.0,100.0,1200.0,700.0
Maharashtra,Jalgaon APMC,Onion,2026-05-14,Red,106.8,300.0,800.0,550.0
Maharashtra,Jamkhed APMC,Onion,2026-05-14,Local,39.6,100.0,1100.0,600.0
Maharashtra,Junnar(Otur) APMC,Onion,2026-05-14,Unhali,840.0,500.0,1400.0,950.0
Maharashtra,Kalvan APMC,Onion,2026-05-14,Unhali,1275.0,300.0,1875.0,1050.0
Maharashtra,Kalyan APMC,Onion,2026-05-14,1st Sort,0.3,1100.0,1300.0,1200.0
Maharashtra,Kalyan APMC,Onion,2026-05-14,2nd Sort,0.3,1000.0,1300.0,1050.0
Maharashtra,Karad APMC,Onion,2026-05-14,Halva,24.9,300.0,1300.0,1300.0
Maharashtra,Khed(Chakan) APMC,Onion,2026-05-14,Other,20.0,800.0,1200.0,1000.0
Maharashtra,Kolhapur APMC,Onion,2026-05-14,Other,278.0,500.0,1300.0,1000.0
Maharashtra,Kopargaon APMC,Onion,2026-05-14,Unhali,460.0,300.0,1100.0,750.0
Maharashtra,Kurdwadi(Modnimb) APMC,Onion,2026-05-14,Red,8.4,100.0,650.0,350.0
Maharashtra,Lasalgaon APMC,Onion,2026-05-14,Unhali,843.6,500.0,1601.0,1151.0
Maharashtra,Lasalgaon(Niphad) APMC,Onion,2026-05-14,Unhali,384.0,500.0,1300.0,1121.0
Maharashtra,Lasalgaon(Vinchur) APMC,Onion,2026-05-14,Unhali,694.4,500.0,1652.0,1075.0
Maharashtra,Lasur Station APMC,Onion,2026-05-14,Other,550.0,100.0,1111.0,500.0
Maharashtra,Lonand APMC,Onion,2026-05-14,Unhali,130.0,400.0,1150.0,850.0
Maharashtra,Malkapur APMC,Onion,2026-05-14,Local,150.0,340.0,715.0,550.0
Maharashtra,Manchar APMC,Onion,2026-05-14,Other,828.9,950.0,1350.0,1155.0
Maharashtra,Mangal Wedha APMC,Onion,2026-05-14,Local,1.6,200.0,1100.0,550.0
Maharashtra,Manmad APMC,Onion,2026-05-14,Unhali,453.7,300.0,1450.0,1000.0
Maharashtra,Mumbai-Onion & Potato Market APMC,Onion,2026-05-14,Other,1000.0,800.0,1500.0,1150.0
Maharashtra,Nagpur APMC,Onion,2026-05-14,Red,182.0,800.0,1400.0,1250.0
Maharashtra,Nagpur APMC,Onion,2026-05-14,White,182.0,800.0,1400.0,1250.0
Maharashtra,Nampur APMC,Onion,2026-05-14,Unhali,505.6,190.0,1450.0,900.0
Maharashtra,Nandgaon APMC,Onion,2026-05-14,Unhali,1149.1,100.0,1213.0,650.0
Maharashtra,Nasik APMC,Onion,2026-05-14,Unhali,266.1,370.0,1350.0,850.0
Maharashtra,Newasa APMC,Onion,2026-05-14,Unhali,826.0,200.0,1000.0,700.0
Maharashtra,Paithan APMC,Onion,2026-05-14,Unhali,66.1,100.0,755.0,605.0
Maharashtra,Paranda APMC,Onion,2026-05-14,Red,160.0,200.0,1000.0,800.0
Maharashtra,Pimpalgaon Baswant APMC,Onion,2026-05-14,Unhali,3209.9,300.0,2173.0,1150.0
Maharashtra,Pimpalgaon Baswant(Saykheda) APMC,Onion,2026-05-14,Unhali,143.4,400.0,952.0,750.0
Maharashtra,Pune APMC,Onion,2026-05-14,Local,889.1,400.0,1300.0,850.0
Maharashtra,Pune(Khadiki) APMC,Onion,2026-05-14,Local,1.7,600.0,1000.0,800.0
Maharashtra,Pune(Manjri) APMC,Onion,2026-05-14,Local,12.2,600.0,1100.0,900.0
Maharashtra,Pune(Moshi) APMC,Onion,2026-05-14,Local,71.9,400.0,1000.0,700.0
Maharashtra,Pune(Pimpri) APMC,Onion,2026-05-14,Local,0.7,600.0,1000.0,800.0
Maharashtra,Rahuri(Vambori) APMC,Onion,2026-05-14,Unhali,519.5,100.0,1200.0,700.0
Maharashtra,Ramtek APMC,Onion,2026-05-14,Unhali,2.9,1000.0,1400.0,1200.0
Maharashtra,SHRI.SIDDHESHWAR  APMC,Onion,2026-05-14,Red,1477.2,100.0,1700.0,700.0
Maharashtra,Sakri APMC,Onion,2026-05-14,Unhali,421.0,400.0,1100.0,950.0
Maharashtra,Sangamner APMC,Onion,2026-05-14,Unhali,727.1,200.0,1355.0,728.0
Maharashtra,"Sangli(Phale, Bhajipala Market) APMC",Onion,2026-05-14,Local,241.2,400.0,1400.0,900.0
Maharashtra,Satara APMC,Onion,2026-05-14,Other,24.7,700.0,1300.0,1000.0
Maharashtra,Shevgaon APMC,Onion,2026-05-14,1st Sort,240.0,700.0,1000.0,850.0
Maharashtra,Shevgaon APMC,Onion,2026-05-14,2nd Sort,240.0,400.0,600.0,520.0
Maharashtra,Shivsiddha Govind Producer Company Ltd Sanchalit Khajgi Krushi Utpann Bajar Samati-Abhona-Kalwan,Onion,2026-05-14,Other,868.87,200.0,2351.0,1280.0
Maharashtra,Umrane APMC,Onion,2026-05-14,Unhali,1950.0,800.0,1575.0,1150.0
Maharashtra,Vaduj APMC,Onion,2026-05-14,Local,5.0,200.0,1300.0,700.0
Maharashtra,Vaijpur APMC,Onion,2026-05-14,Unhali,548.0,100.0,922.0,650.0
Maharashtra,Yeola APMC,Onion,2026-05-14,Unhali,398.6,150.0,1111.0,825.0
Maharashtra,AGRICULTURE PRODUCE MARKET COMITEE CHANDWAD,Onion,2026-05-15,Unhali,1108.6,100.0,1865.0,900.0
Maharashtra,Akluj APMC,Onion,2026-05-15,Other,9.2,200.0,1000.0,800.0
Maharashtra,Akola APMC,Onion,2026-05-15,Other,62.9,300.0,1200.0,800.0
Maharashtra,Amrawati(Frui & Veg. Market) APMC,Onion,2026-05-15,Local,33.9,400.0,1700.0,1050.0
Maharashtra,Barshi APMC,Onion,2026-05-15,Other,6.8,200.0,750.0,450.0
Maharashtra,Bhusaval APMC,Onion,2026-05-15,Unhali,8.4,500.0,1000.0,800.0
Maharashtra,Chandrapur(Ganjwad) APMC,Onion,2026-05-15,Other,28.8,1300.0,1800.0,1500.0
Maharashtra,Devala APMC,Onion,2026-05-15,Unhali,467.6,450.0,1500.0,1150.0
Maharashtra,Dharashiv APMC,Onion,2026-05-15,Red,0.6,700.0,700.0,700.0
Maharashtra,Dhule APMC,Onion,2026-05-15,Red,3.0,250.0,920.0,650.0
Maharashtra,Dindori(Vani) APMC,Onion,2026-05-15,Unhali,1078.7,701.0,2041.0,1375.0
Maharashtra,HINGNA - APMC,Onion,2026-05-15,Red,0.2,1200.0,1200.0,1200.0
Maharashtra,Jalgaon APMC,Onion,2026-05-15,Red,106.8,300.0,800.0,550.0
Maharashtra,Junnar(Alephata) APMC,Onion,2026-05-15,Chinchwad,703.4,800.0,1400.0,1000.0
Maharashtra,Junnar(Narayangaon) APMC,Onion,2026-05-15,Chinchwad,5.2,200.0,1250.0,650.0
Maharashtra,Kalvan APMC,Onion,2026-05-15,Unhali,580.0,300.0,1655.0,1001.0
Maharashtra,Kalyan APMC,Onion,2026-05-15,1st Sort,0.3,1200.0,1300.0,1250.0
Maharashtra,Kalyan APMC,Onion,2026-05-15,2nd Sort,0.3,1000.0,1100.0,1050.0
Maharashtra,Kamthi APMC,Onion,2026-05-15,Local,3.2,1520.0,2020.0,1770.0
Maharashtra,Karjat APMC,Onion,2026-05-15,Local,0.6,600.0,600.0,600.0
Maharashtra,Khed(Chakan) APMC,Onion,2026-05-15,Other,15.0,800.0,1200.0,1000.0
Maharashtra,Kolhapur APMC,Onion,2026-05-15,Other,454.8,500.0,1400.0,1000.0
Maharashtra,Kopargaon APMC,Onion,2026-05-15,Unhali,444.0,300.0,1254.0,775.0
Maharashtra,Lasalgaon APMC,Onion,2026-05-15,Unhali,1196.2,500.0,1600.0,1150.0
Maharashtra,Lasalgaon(Niphad) APMC,Onion,2026-05-15,Unhali,375.0,500.0,1200.0,1050.0
Maharashtra,Lasalgaon(Vinchur) APMC,Onion,2026-05-15,Unhali,814.8,500.0,1680.0,1100.0
Maharashtra,Lasur Station APMC,Onion,2026-05-15,Other,550.0,100.0,1200.0,550.0
Maharashtra,Mangal Wedha APMC,Onion,2026-05-15,Local,1.7,300.0,900.0,800.0
Maharashtra,Manmad APMC,Onion,2026-05-15,Unhali,200.0,500.0,1151.0,950.0
Maharashtra,Mumbai-Onion & Potato Market APMC,Onion,2026-05-15,Other,684.5,900.0,1700.0,1300.0
Maharashtra,Nampur APMC,Onion,2026-05-15,Unhali,576.8,150.0,1500.0,800.0
Maharashtra,Nasik APMC,Onion,2026-05-15,Unhali,278.0,350.0,1300.0,800.0
Maharashtra,Navapur APMC,Onion,2026-05-15,Other,16.0,300.0,1000.0,975.0
Maharashtra,"Omchatinya Multi State Agro Purpose Co-Op Society, Dist Ahilyanagar",Onion,2026-05-15,Red,163.55,100.0,1300.0,600.0
Maharashtra,Paithan APMC,Onion,2026-05-15,Unhali,458.0,150.0,1000.0,700.0
Maharashtra,Paranda APMC,Onion,2026-05-15,Red,160.0,200.0,1000.0,550.0
Maharashtra,Pimpalgaon Baswant APMC,Onion,2026-05-15,Unhali,3351.2,300.0,2151.0,1125.0
Maharashtra,Pimpalgaon Baswant(Saykheda) APMC,Onion,2026-05-15,Unhali,265.7,400.0,970.0,751.0
Maharashtra,Pune APMC,Onion,2026-05-15,Local,1049.1,500.0,1400.0,950.0
Maharashtra,Pune(Khadiki) APMC,Onion,2026-05-15,Local,1.8,600.0,900.0,750.0
Maharashtra,Pune(Manjri) APMC,Onion,2026-05-15,Local,10.5,400.0,1100.0,800.0
Maharashtra,Pune(Moshi) APMC,Onion,2026-05-15,Local,48.6,400.0,1000.0,700.0
Maharashtra,Pune(Pimpri) APMC,Onion,2026-05-15,Local,2.2,550.0,1400.0,970.0
Maharashtra,Rahata APMC,Onion,2026-05-15,Other,470.6,400.0,1400.0,600.0
Maharashtra,Rahuri APMC,Onion,2026-05-15,Other,1324.1,100.0,1200.0,650.0
Maharashtra,SHRI.SIDDHESHWAR  APMC,Onion,2026-05-15,Red,1723.1,100.0,1700.0,650.0
Maharashtra,Sakri APMC,Onion,2026-05-15,Unhali,169.0,215.0,850.0,800.0
Maharashtra,Sangamner APMC,Onion,2026-05-15,Unhali,765.2,200.0,1351.0,776.0
Maharashtra,"Sangli(Phale, Bhajipala Market) APMC",Onion,2026-05-15,Local,367.8,400.0,1450.0,925.0
Maharashtra,Satana APMC,Onion,2026-05-15,Unhali,777.5,125.0,1475.0,915.0
Maharashtra,Sinner APMC,Onion,2026-05-15,Unhali,60.0,100.0,1051.0,750.0
Maharashtra,Vadgaonpeth APMC,Onion,2026-05-15,Local,26.0,1100.0,1500.0,1200.0
Maharashtra,Vai APMC,Onion,2026-05-15,Local,6.0,500.0,1000.0,800.0
Maharashtra,Vaijpur APMC,Onion,2026-05-15,Unhali,571.5,100.0,1115.0,800.0
Maharashtra,Yeola APMC,Onion,2026-05-15,Unhali,464.3,160.0,1201.0,850.0
Maharashtra,Ahilyanagar APMC,Onion,2026-05-16,Unhali,2458.4,150.0,1150.0,650.0
Maharashtra,Akola APMC,Onion,2026-05-16,Other,58.5,300.0,1200.0,800.0
Maharashtra,Amrawati(Frui & Veg. Market) APMC,Onion,2026-05-16,Local,36.9,400.0,1600.0,1000.0
Maharashtra,Bhusaval APMC,Onion,2026-05-16,Unhali,2.1,500.0,1000.0,800.0
Maharashtra,Chandrapur(Ganjwad) APMC,Onion,2026-05-16,Other,55.7,1300.0,1800.0,1500.0
Maharashtra,Chattrapati Sambhajinagar APMC,Onion,2026-05-16,Other,372.6,250.0,800.0,525.0
Maharashtra,Dharashiv APMC,Onion,2026-05-16,Red,2.9,700.0,900.0,800.0
Maharashtra,Dhule APMC,Onion,2026-05-16,Red,95.3,300.0,820.0,600.0
Maharashtra,HINGNA - APMC,Onion,2026-05-16,Red,0.5,1200.0,1500.0,1400.0
Maharashtra,HINGNA - APMC,Onion,2026-05-16,White,0.1,1600.0,1600.0,1600.0
Maharashtra,Jamkhed APMC,Onion,2026-05-16,Local,73.4,100.0,1100.0,600.0
Maharashtra,Karad APMC,Onion,2026-05-16,Halva,24.9,1000.0,1400.0,1400.0
Maharashtra,Khed(Chakan) APMC,Onion,2026-05-16,Other,325.0,500.0,1200.0,1000.0
Maharashtra,Kolhapur APMC,Onion,2026-05-16,Other,620.5,500.0,1600.0,1000.0
Maharashtra,Kopargaon APMC,Onion,2026-05-16,Unhali,462.0,300.0,1300.0,810.0
Maharashtra,Lasalgaon APMC,Onion,2026-05-16,Unhali,656.6,500.0,1551.0,1080.0
Maharashtra,Lasalgaon(Vinchur) APMC,Onion,2026-05-16,Unhali,635.2,500.0,1601.0,1000.0
Maharashtra,Lasur Station APMC,Onion,2026-05-16,Other,650.0,100.0,1250.0,600.0
Maharashtra,Mangal Wedha APMC,Onion,2026-05-16,Local,17.6,200.0,1210.0,900.0
Maharashtra,Mumbai-Onion & Potato Market APMC,Onion,2026-05-16,Other,1099.6,700.0,1600.0,1150.0
Maharashtra,Nagpur APMC,Onion,2026-05-16,Red,105.0,1000.0,1400.0,1300.0
Maharashtra,Nasik APMC,Onion,2026-05-16,Unhali,377.0,300.0,1251.0,775.0
Maharashtra,Newasa(Ghodegaon) APMC,Onion,2026-05-16,Unhali,835.0,200.0,1000.0,700.0
Maharashtra,Paithan APMC,Onion,2026-05-16,Unhali,98.6,105.0,840.0,655.0
Maharashtra,Pimpalgaon Baswant APMC,Onion,2026-05-16,Unhali,3345.1,300.0,2060.0,1150.0
Maharashtra,Pimpalgaon Baswant(Saykheda) APMC,Onion,2026-05-16,Unhali,217.0,500.0,905.0,800.0
Maharashtra,Pune(Khadiki) APMC,Onion,2026-05-16,Local,2.1,600.0,1000.0,800.0
Maharashtra,Pune(Manjri) APMC,Onion,2026-05-16,Local,12.4,400.0,1100.0,800.0
Maharashtra,Pune(Moshi) APMC,Onion,2026-05-16,Local,64.5,500.0,1000.0,750.0
Maharashtra,Pune(Pimpri) APMC,Onion,2026-05-16,Local,1.4,800.0,1200.0,1000.0
Maharashtra,Rahuri(Vambori) APMC,Onion,2026-05-16,Unhali,445.4,100.0,1200.0,700.0
Maharashtra,Ramtek APMC,Onion,2026-05-16,Unhali,1.1,1100.0,1300.0,1200.0
Maharashtra,SHRI.SIDDHESHWAR  APMC,Onion,2026-05-16,Red,1737.7,100.0,1700.0,700.0
Maharashtra,Sangamner APMC,Onion,2026-05-16,Unhali,747.6,200.0,1361.0,780.0
Maharashtra,"Sangli(Phale, Bhajipala Market) APMC",Onion,2026-05-16,Local,337.3,400.0,1400.0,900.0
Maharashtra,Satara APMC,Onion,2026-05-16,Other,25.0,700.0,1300.0,1000.0
Maharashtra,Shevgaon APMC,Onion,2026-05-16,1st Sort,143.0,600.0,800.0,700.0
Maharashtra,Shevgaon APMC,Onion,2026-05-16,2nd Sort,53.0,300.0,500.0,425.0
Maharashtra,Shivsiddha Govind Producer Company Ltd Sanchalit Khajgi Krushi Utpann Bajar Samati-Abhona-Kalwan,Onion,2026-05-16,Other,1454.05,300.0,2300.0,1290.0
Maharashtra,"Shree Sairaj Krushi Market, Dist Ahilyanagar",Onion,2026-05-16,Local,103.74,100.0,1510.0,700.0
Maharashtra,Vadgaonpeth APMC,Onion,2026-05-16,Local,31.0,900.0,1400.0,1100.0
Maharashtra,Vaduj APMC,Onion,2026-05-16,Local,10.5,200.0,1400.0,800.0
Maharashtra,Vaijpur APMC,Onion,2026-05-16,Unhali,590.6,105.0,865.0,650.0
Maharashtra,Yeola APMC,Onion,2026-05-16,Unhali,400.0,100.0,1251.0,800.0
Maharashtra,Akluj APMC,Onion,2026-05-17,Other,34.5,200.0,1500.0,700.0
Maharashtra,Akole APMC,Onion,2026-05-17,Unhali,277.3,150.0,1201.0,951.0
Maharashtra,Amrawati(Frui & Veg. Market) APMC,Onion,2026-05-17,Local,34.8,500.0,1800.0,1150.0
Maharashtra,Bhusaval APMC,Onion,2026-05-17,Unhali,10.6,500.0,1000.0,800.0
Maharashtra,Chattrapati Sambhajinagar APMC,Onion,2026-05-17,Other,579.1,200.0,850.0,525.0
Maharashtra,Dharashiv APMC,Onion,2026-05-17,Red,3.9,400.0,1000.0,700.0
Maharashtra,Junnar(Alephata) APMC,Onion,2026-05-17,Chinchwad,673.6,700.0,1510.0,1100.0
Maharashtra,Junnar(Narayangaon) APMC,Onion,2026-05-17,Chinchwad,6.4,200.0,1300.0,700.0
Maharashtra,Junnar(Otur) APMC,Onion,2026-05-17,Chinchwad,596.2,700.0,1510.0,1200.0
Maharashtra,Kada APMC,Onion,2026-05-17,Red,1835.0,100.0,1250.0,900.0
Maharashtra,Kamthi APMC,Onion,2026-05-17,Local,1.2,1520.0,2020.0,1770.0
Maharashtra,Karad APMC,Onion,2026-05-17,Halva,19.8,500.0,1300.0,1300.0
Maharashtra,Manchar APMC,Onion,2026-05-17,Other,811.1,900.0,1400.0,1155.0
Maharashtra,Mangal Wedha APMC,Onion,2026-05-17,Local,0.2,500.0,600.0,600.0
Maharashtra,Navapur APMC,Onion,2026-05-17,Other,11.0,500.0,1000.0,645.0
Maharashtra,"Omchatinya Multi State Agro Purpose Co-Op Society, Dist Ahilyanagar",Onion,2026-05-17,Red,111.17,100.0,1400.0,700.0
Maharashtra,Paithan APMC,Onion,2026-05-17,Unhali,398.6,150.0,1000.0,600.0
Maharashtra,Paranda APMC,Onion,2026-05-17,Red,310.0,250.0,1000.0,750.0
Maharashtra,Pune APMC,Onion,2026-05-17,Local,1181.0,400.0,1400.0,900.0
Maharashtra,Pune(Khadiki) APMC,Onion,2026-05-17,Local,1.5,600.0,1000.0,800.0
Maharashtra,Pune(Moshi) APMC,Onion,2026-05-17,Local,58.0,400.0,1000.0,700.0
Maharashtra,Pune(Pimpri) APMC,Onion,2026-05-17,Local,1.7,1000.0,1200.0,1100.0
Maharashtra,Rahata APMC,Onion,2026-05-17,Other,397.3,400.0,1400.0,500.0
Maharashtra,Rahuri APMC,Onion,2026-05-17,Other,1014.2,100.0,1125.0,615.0
Maharashtra,Ramtek APMC,Onion,2026-05-17,Unhali,6.1,1000.0,1500.0,1300.0
Maharashtra,Satara APMC,Onion,2026-05-17,Other,39.3,700.0,1200.0,950.0
Maharashtra,Shrigonda APMC,Onion,2026-05-17,Other,19.9,400.0,1100.0,800.0
Maharashtra,Vaduj APMC,Onion,2026-05-17,Local,3.5,500.0,1000.0,800.0
Maharashtra,Vai APMC,Onion,2026-05-17,Local,2.2,700.0,1100.0,900.0
Maharashtra,AGRICULTURE PRODUCE MARKET COMITEE CHANDWAD,Onion,2026-05-18,Unhali,1278.3,100.0,1840.0,1110.0
Maharashtra,Ahilyanagar APMC,Onion,2026-05-18,Unhali,2471.4,150.0,1200.0,700.0
Maharashtra,Akola APMC,Onion,2026-05-18,Other,48.5,300.0,1300.0,800.0
Maharashtra,Amrawati(Frui & Veg. Market) APMC,Onion,2026-05-18,Local,37.8,400.0,1700.0,1050.0
Maharashtra,Barshi APMC,Onion,2026-05-18,Other,14.0,200.0,850.0,450.0
Maharashtra,Chandrapur(Ganjwad) APMC,Onion,2026-05-18,Other,50.0,1300.0,1800.0,1500.0
Maharashtra,Chattrapati Sambhajinagar APMC,Onion,2026-05-18,Other,305.0,275.0,750.0,512.0
Maharashtra,Devala APMC,Onion,2026-05-18,Unhali,745.5,400.0,1450.0,1100.0
Maharashtra,Dhule APMC,Onion,2026-05-18,Red,58.4,250.0,880.0,650.0
Maharashtra,Dindori(Vani) APMC,Onion,2026-05-18,Unhali,1338.5,721.0,2111.0,1421.0
Maharashtra,Gangapur APMC,Onion,2026-05-18,Unhali,524.4,100.0,1050.0,650.0
Maharashtra,Gevrai APMC,Onion,2026-05-18,Red,50.6,400.0,850.0,600.0
Maharashtra,HINGNA - APMC,Onion,2026-05-18,Red,0.1,1500.0,1500.0,1500.0
Maharashtra,Jalgaon APMC,Onion,2026-05-18,Red,91.6,325.0,1052.0,662.0
Maharashtra,Junnar(Narayangaon) APMC,Onion,2026-05-18,Chinchwad,4.2,200.0,1300.0,750.0
Maharashtra,Kada APMC,Onion,2026-05-18,Unhali,1810.0,100.0,1400.0,900.0
Maharashtra,Kalvan APMC,Onion,2026-05-18,Unhali,1805.0,250.0,1701.0,1001.0
Maharashtra,Kalyan APMC,Onion,2026-05-18,1st Sort,0.3,1300.0,1400.0,1350.0
Maharashtra,Kalyan APMC,Onion,2026-05-18,2nd Sort,0.3,1000.0,1200.0,1100.0
Maharashtra,Kamthi APMC,Onion,2026-05-18,Local,1.2,1530.0,2030.0,1780.0
Maharashtra,Karad APMC,Onion,2026-05-18,Halva,24.9,500.0,1300.0,1300.0
Maharashtra,Kolhapur APMC,Onion,2026-05-18,Other,646.4,500.0,1600.0,1100.0
Maharashtra,Kopargaon APMC,Onion,2026-05-18,Unhali,368.0,250.0,1200.0,850.0
Maharashtra,Kurdwadi(Modnimb) APMC,Onion,2026-05-18,Red,3.0,400.0,750.0,500.0
Maharashtra,Lasalgaon APMC,Onion,2026-05-18,Unhali,1242.8,500.0,1612.0,1125.0
Maharashtra,Lasalgaon(Niphad) APMC,Onion,2026-05-18,Unhali,342.5,400.0,1111.0,900.0
Maharashtra,Lasalgaon(Vinchur) APMC,Onion,2026-05-18,Unhali,971.5,500.0,1611.0,1000.0
Maharashtra,Lasur Station APMC,Onion,2026-05-18,Other,1020.0,100.0,1190.0,575.0
Maharashtra,Lonand APMC,Onion,2026-05-18,Unhali,75.0,400.0,1150.0,800.0
Maharashtra,"Malharshree Khajgi Krushi Utpann Bajar, Chandanpuri Tal Malegaon, Nashik",Onion,2026-05-18,Other,115.6,215.0,1010.0,756.0
Maharashtra,Manchar APMC,Onion,2026-05-18,Other,2.7,500.0,1000.0,755.0
Maharashtra,Mangal Wedha APMC,Onion,2026-05-18,Local,12.6,200.0,1250.0,900.0
Maharashtra,Manmad APMC,Onion,2026-05-18,Unhali,843.7,350.0,1372.0,1000.0
Maharashtra,Mumbai-Onion & Potato Market APMC,Onion,2026-05-18,Other,1532.0,700.0,1500.0,1100.0
Maharashtra,Nagpur APMC,Onion,2026-05-18,Red,184.0,1000.0,1400.0,1300.0
Maharashtra,Nagpur APMC,Onion,2026-05-18,White,180.0,1000.0,1400.0,1300.0
Maharashtra,Nampur APMC,Onion,2026-05-18,Unhali,894.0,220.0,1500.0,1000.0
Maharashtra,Nandgaon APMC,Onion,2026-05-18,Unhali,1514.2,100.0,1200.0,650.0
Maharashtra,Nasik APMC,Onion,2026-05-18,Unhali,549.5,320.0,1301.0,800.0
Maharashtra,Newasa(Ghodegaon) APMC,Onion,2026-05-18,Unhali,553.0,200.0,1100.0,800.0
Maharashtra,Paranda APMC,Onion,2026-05-18,Red,250.0,500.0,1000.0,800.0
Maharashtra,Pimpalgaon Baswant APMC,Onion,2026-05-18,Unhali,3903.2,300.0,2267.0,1150.0
Maharashtra,Pimpalgaon Baswant(Saykheda) APMC,Onion,2026-05-18,Unhali,264.9,450.0,1000.0,850.0
Maharashtra,Pune APMC,Onion,2026-05-18,Local,893.2,500.0,1400.0,950.0
Maharashtra,Pune(Khadiki) APMC,Onion,2026-05-18,Local,1.1,600.0,1000.0,800.0
Maharashtra,Pune(Manjri) APMC,Onion,2026-05-18,Local,12.2,500.0,900.0,700.0
Maharashtra,Pune(Moshi) APMC,Onion,2026-05-18,Local,53.5,400.0,1000.0,700.0
Maharashtra,Pune(Pimpri) APMC,Onion,2026-05-18,Local,0.7,1200.0,1200.0,1200.0
Maharashtra,Rahuri(Vambori) APMC,Onion,2026-05-18,Unhali,425.4,100.0,1100.0,600.0
Maharashtra,SHRI.SIDDHESHWAR  APMC,Onion,2026-05-18,Red,2187.5,100.0,1700.0,700.0
Maharashtra,Sakri APMC,Onion,2026-05-18,Unhali,1150.0,150.0,1325.0,850.0
Maharashtra,Sangamner APMC,Onion,2026-05-18,Unhali,1063.8,200.0,1400.0,800.0
Maharashtra,"Sangli(Phale, Bhajipala Market) APMC",Onion,2026-05-18,Local,473.2,400.0,1500.0,950.0
Maharashtra,Satana APMC,Onion,2026-05-18,Unhali,1225.0,125.0,1565.0,800.0
Maharashtra,Satara APMC,Onion,2026-05-18,Other,39.3,700.0,1200.0,1000.0
Maharashtra,Shevgaon APMC,Onion,2026-05-18,1st Sort,94.2,100.0,800.0,600.0
Maharashtra,Shivsiddha Govind Producer Company Ltd Sanchalit Khajgi Krushi Utpann Bajar Samati-Abhona-Kalwan,Onion,2026-05-18,Other,1686.67,300.0,2100.0,1275.0
Maharashtra,"Shree Sairaj Krushi Market, Dist Ahilyanagar",Onion,2026-05-18,Local,130.9,100.0,1510.0,800.0
Maharashtra,Shrirampur APMC,Onion,2026-05-18,Unhali,304.4,400.0,1200.0,900.0
Maharashtra,Sinner APMC,Onion,2026-05-18,Unhali,200.4,100.0,1171.0,800.0
Maharashtra,Umrane APMC,Onion,2026-05-18,Unhali,1550.0,700.0,1551.0,1000.0
Maharashtra,Vaduj APMC,Onion,2026-05-18,Local,5.0,500.0,1400.0,900.0
Maharashtra,Vai APMC,Onion,2026-05-18,Local,12.0,600.0,1100.0,900.0
Maharashtra,Vaijpur APMC,Onion,2026-05-18,Unhali,684.5,100.0,1001.0,700.0
Maharashtra,Vita APMC,Onion,2026-05-18,Other,2.0,800.0,1200.0,1000.0
Maharashtra,Yeola APMC,Onion,2026-05-18,Unhali,800.4,100.0,1173.0,800.0
Maharashtra,AGRICULTURE PRODUCE MARKET COMITEE CHANDWAD,Onion,2026-05-19,Unhali,1234.7,195.0,1875.0,1150.0
Maharashtra,Akola APMC,Onion,2026-05-19,Other,39.1,400.0,1200.0,800.0
Maharashtra,Akole APMC,Onion,2026-05-19,Unhali,271.9,200.0,1351.0,1011.0
Maharashtra,Amrawati(Frui & Veg. Market) APMC,Onion,2026-05-19,Local,27.9,600.0,1800.0,1200.0
Maharashtra,Bhusaval APMC,Onion,2026-05-19,Unhali,7.3,500.0,1000.0,800.0
Maharashtra,Chandrapur(Ganjwad) APMC,Onion,2026-05-19,Other,109.1,1100.0,2000.0,1500.0
Maharashtra,Chattrapati Sambhajinagar APMC,Onion,2026-05-19,Other,532.0,150.0,900.0,525.0
Maharashtra,Devala APMC,Onion,2026-05-19,Other,500.0,350.0,1300.0,1050.0
Maharashtra,Devala APMC,Onion,2026-05-19,Unhali,486.7,350.0,1300.0,1050.0
Maharashtra,Dhule APMC,Onion,2026-05-19,Red,80.6,250.0,880.0,650.0
Maharashtra,Dindori APMC,Onion,2026-05-19,Unhali,298.4,800.0,1500.0,1150.0
Maharashtra,Dindori(Vani) APMC,Onion,2026-05-19,Unhali,1441.9,701.0,2113.0,1401.0
Maharashtra,Gangapur APMC,Onion,2026-05-19,Unhali,510.8,105.0,1015.0,600.0
Maharashtra,HINGNA - APMC,Onion,2026-05-19,Red,0.4,1200.0,1500.0,1350.0
Maharashtra,Jalgaon APMC,Onion,2026-05-19,Red,39.9,350.0,1250.0,800.0
Maharashtra,Jamkhed APMC,Onion,2026-05-19,Local,255.1,100.0,1100.0,600.0
Maharashtra,Junnar(Alephata) APMC,Onion,2026-05-19,Chinchwad,810.7,800.0,1600.0,1100.0
Maharashtra,Kalvan APMC,Onion,2026-05-19,Unhali,1225.0,350.0,1801.0,1101.0
Maharashtra,Kalyan APMC,Onion,2026-05-19,1st Sort,0.3,1200.0,1300.0,1250.0
Maharashtra,Kalyan APMC,Onion,2026-05-19,2nd Sort,0.3,900.0,1000.0,950.0
Maharashtra,Kamthi APMC,Onion,2026-05-19,Local,1.1,1540.0,2040.0,1790.0
Maharashtra,Karad APMC,Onion,2026-05-19,Halva,24.9,800.0,1400.0,1400.0
Maharashtra,Karjat APMC,Onion,2026-05-19,Local,5.5,300.0,800.0,600.0
Maharashtra,Kolhapur APMC,Onion,2026-05-19,Other,365.9,500.0,1600.0,1000.0
Maharashtra,Kopargaon APMC,Onion,2026-05-19,Unhali,438.0,300.0,1205.0,785.0
Maharashtra,Lasalgaon APMC,Onion,2026-05-19,Unhali,1120.0,500.0,1740.0,1180.0
Maharashtra,Lasalgaon(Niphad) APMC,Onion,2026-05-19,Unhali,387.0,400.0,1171.0,1000.0
Maharashtra,Lasalgaon(Vinchur) APMC,Onion,2026-05-19,Unhali,1007.7,500.0,1650.0,1100.0
Maharashtra,Lasur Station APMC,Onion,2026-05-19,Other,720.0,100.0,1251.0,625.0
Maharashtra,"Laxmi-Sopan Agriculture Produce Marketing Co Ltd, Barshi, Dist Solapur",Onion,2026-05-19,Other,224.3,400.0,1100.0,800.0
Maharashtra,Malkapur APMC,Onion,2026-05-19,Local,110.0,525.0,925.0,810.0
Maharashtra,Manchar APMC,Onion,2026-05-19,Other,539.0,800.0,1510.0,1160.0
Maharashtra,Manmad APMC,Onion,2026-05-19,Unhali,599.6,100.0,1330.0,980.0
Maharashtra,Mumbai-Onion & Potato Market APMC,Onion,2026-05-19,Other,1152.0,800.0,1600.0,1200.0
Maharashtra,Nagpur APMC,Onion,2026-05-19,Red,200.0,1000.0,1400.0,1300.0
Maharashtra,Nagpur APMC,Onion,2026-05-19,White,192.0,1000.0,1400.0,1300.0
Maharashtra,Nampur APMC,Onion,2026-05-19,Red,721.8,200.0,1450.0,900.0
Maharashtra,Nampur APMC,Onion,2026-05-19,Unhali,587.0,265.0,1430.0,900.0
Maharashtra,Nandgaon APMC,Onion,2026-05-19,Unhali,1236.8,100.0,1165.0,750.0
Maharashtra,Nasik APMC,Onion,2026-05-19,Unhali,506.5,270.0,1201.0,750.0
Maharashtra,Newasa APMC,Onion,2026-05-19,Unhali,306.9,300.0,1000.0,800.0
Maharashtra,"Omchatinya Multi State Agro Purpose Co-Op Society, Dist Ahilyanagar",Onion,2026-05-19,Red,113.37,100.0,1500.0,800.0
Maharashtra,Paranda APMC,Onion,2026-05-19,Red,210.0,200.0,1000.0,650.0
Maharashtra,Phaltan APMC,Onion,2026-05-19,Hybrid,207.1,200.0,1251.0,800.0
Maharashtra,Pimpalgaon Baswant APMC,Onion,2026-05-19,Unhali,3166.0,300.0,2000.0,1150.0
Maharashtra,Pimpalgaon Baswant(Saykheda) APMC,Onion,2026-05-19,Unhali,221.2,375.0,970.0,821.0
Maharashtra,Pune APMC,Onion,2026-05-19,Local,1012.6,500.0,1500.0,1000.0
Maharashtra,Pune(Manjri) APMC,Onion,2026-05-19,Local,10.4,500.0,900.0,700.0
Maharashtra,Pune(Moshi) APMC,Onion,2026-05-19,Local,71.3,400.0,1000.0,700.0
Maharashtra,Pune(Pimpri) APMC,Onion,2026-05-19,Local,3.9,1000.0,1200.0,1100.0
Maharashtra,Rahuri APMC,Onion,2026-05-19,Other,1136.2,100.0,1225.0,665.0
Maharashtra,Ramtek APMC,Onion,2026-05-19,Unhali,1.8,1000.0,1500.0,1200.0
Maharashtra,SHRI.SIDDHESHWAR  APMC,Onion,2026-05-19,Red,1889.1,100.0,1600.0,650.0
Maharashtra,Sakri APMC,Onion,2026-05-19,Unhali,400.0,400.0,1000.0,800.0
Maharashtra,Sangamner APMC,Onion,2026-05-19,Unhali,824.1,200.0,1451.0,825.0
Maharashtra,"Sangli(Phale, Bhajipala Market) APMC",Onion,2026-05-19,Local,284.6,400.0,1450.0,925.0
Maharashtra,Satana APMC,Onion,2026-05-19,Unhali,864.5,100.0,1725.0,815.0
Maharashtra,Satara APMC,Onion,2026-05-19,Other,27.9,700.0,1300.0,1000.0
Maharashtra,Shivsiddha Govind Producer Company Ltd Sanchalit Khajgi Krushi Utpann Bajar Samati-Abhona-Kalwan,Onion,2026-05-19,Other,1169.74,200.0,2200.0,1275.0
Maharashtra,Sinner APMC,Onion,2026-05-19,Unhali,129.9,100.0,1229.0,800.0
Maharashtra,Vadgaonpeth APMC,Onion,2026-05-19,Local,26.0,800.0,1400.0,1000.0
Maharashtra,Vaduj APMC,Onion,2026-05-19,Local,4.5,500.0,1350.0,850.0
Maharashtra,Vai APMC,Onion,2026-05-19,Local,2.0,700.0,1100.0,900.0
Maharashtra,Vaijpur APMC,Onion,2026-05-19,Unhali,561.9,167.0,986.0,700.0
Maharashtra,Vita APMC,Onion,2026-05-19,Other,3.0,800.0,1300.0,1100.0
Maharashtra,AGRICULTURE PRODUCE MARKET COMITEE CHANDWAD,Onion,2026-05-20,Unhali,1500.0,100.0,1785.0,1060.0
Maharashtra,Akola APMC,Onion,2026-05-20,Other,48.0,300.0,1100.0,600.0
Maharashtra,Amrawati(Frui & Veg. Market) APMC,Onion,2026-05-20,Local,36.9,500.0,1300.0,900.0
Maharashtra,Barshi APMC,Onion,2026-05-20,Other,12.0,200.0,850.0,600.0
Maharashtra,Bhusaval APMC,Onion,2026-05-20,Unhali,8.7,500.0,1000.0,800.0
Maharashtra,Chandrapur(Ganjwad) APMC,Onion,2026-05-20,Other,69.0,1500.0,2000.0,1800.0
Maharashtra,Chattrapati Sambhajinagar APMC,Onion,2026-05-20,Other,520.4,100.0,800.0,450.0
Maharashtra,Devala APMC,Onion,2026-05-20,Unhali,347.6,400.0,1350.0,1100.0
Maharashtra,Dharashiv APMC,Onion,2026-05-20,Red,0.4,400.0,700.0,550.0
Maharashtra,Dhule APMC,Onion,2026-05-20,Red,10.0,300.0,900.0,650.0
Maharashtra,Dindori APMC,Onion,2026-05-20,Unhali,272.5,721.0,1450.0,1150.0
Maharashtra,Dindori(Vani) APMC,Onion,2026-05-20,Unhali,1000.0,701.0,2226.0,1375.0
Maharashtra,Gangapur APMC,Onion,2026-05-20,Unhali,443.0,110.0,1115.0,650.0
Maharashtra,HINGNA - APMC,Onion,2026-05-20,Red,2.2,1200.0,1500.0,1350.0
Maharashtra,Jalgaon APMC,Onion,2026-05-20,Red,55.4,350.0,1100.0,725.0
Maharashtra,Kamthi APMC,Onion,2026-05-20,Local,2.8,1530.0,2030.0,1780.0
Maharashtra,Karad APMC,Onion,2026-05-20,Halva,9.9,300.0,1500.0,1500.0
Maharashtra,Karjat APMC,Onion,2026-05-20,Local,2.2,300.0,800.0,600.0
Maharashtra,Kolhapur APMC,Onion,2026-05-20,Other,577.9,500.0,1500.0,1000.0
Maharashtra,Kopargaon APMC,Onion,2026-05-20,Unhali,412.0,300.0,1245.0,825.0
Maharashtra,Lasalgaon APMC,Onion,2026-05-20,Unhali,1141.2,500.0,1670.0,1200.0
Maharashtra,Lasalgaon(Niphad) APMC,Onion,2026-05-20,Unhali,411.0,400.0,1100.0,1000.0
Maharashtra,Lasalgaon(Vinchur) APMC,Onion,2026-05-20,Unhali,849.1,500.0,1660.0,1125.0
Maharashtra,Lasur Station APMC,Onion,2026-05-20,Other,850.0,100.0,1255.0,600.0
Maharashtra,"Malharshree Khajgi Krushi Utpann Bajar, Chandanpuri Tal Malegaon, Nashik",Onion,2026-05-20,Other,75.4,255.0,1145.0,899.0
Maharashtra,Manchar APMC,Onion,2026-05-20,Other,1.3,600.0,1300.0,955.0
Maharashtra,Mangal Wedha APMC,Onion,2026-05-20,Local,4.3,200.0,1320.0,800.0
Maharashtra,Manmad APMC,Onion,2026-05-20,Unhali,552.6,100.0,1333.0,980.0
Maharashtra,Mumbai-Onion & Potato Market APMC,Onion,2026-05-20,Other,1066.2,800.0,1600.0,1200.0
Maharashtra,Nagpur APMC,Onion,2026-05-20,Red,140.0,1000.0,1400.0,1300.0
Maharashtra,Nagpur APMC,Onion,2026-05-20,White,140.0,1000.0,1400.0,1300.0
Maharashtra,Nampur APMC,Onion,2026-05-20,Unhali,785.7,155.0,1210.0,900.0
Maharashtra,Nandgaon APMC,Onion,2026-05-20,Unhali,1255.6,100.0,1300.0,750.0
Maharashtra,Nasik APMC,Onion,2026-05-20,Unhali,520.0,350.0,1400.0,850.0
Maharashtra,Newasa(Ghodegaon) APMC,Onion,2026-05-20,Unhali,597.4,200.0,1100.0,700.0
Maharashtra,Paithan APMC,Onion,2026-05-20,Unhali,369.5,100.0,1000.0,700.0
Maharashtra,Paranda APMC,Onion,2026-05-20,Red,175.0,250.0,1100.0,700.0
Maharashtra,Parner APMC,Onion,2026-05-20,Unhali,878.4,200.0,1600.0,1000.0
Maharashtra,Pimpalgaon Baswant APMC,Onion,2026-05-20,Unhali,3230.2,300.0,2099.0,1150.0
Maharashtra,Pimpalgaon Baswant(Saykheda) APMC,Onion,2026-05-20,Unhali,186.5,500.0,1101.0,875.0
Maharashtra,Pune APMC,Onion,2026-05-20,Local,1022.6,500.0,1400.0,950.0
Maharashtra,Pune(Manjri) APMC,Onion,2026-05-20,Local,9.2,500.0,1000.0,800.0
Maharashtra,Pune(Pimpri) APMC,Onion,2026-05-20,Local,3.9,800.0,1200.0,1000.0
Maharashtra,Ramtek APMC,Onion,2026-05-20,Unhali,1.1,1100.0,1300.0,1200.0
Maharashtra,SHRI.SIDDHESHWAR  APMC,Onion,2026-05-20,Red,1604.4,100.0,1600.0,650.0
Maharashtra,Sangamner APMC,Onion,2026-05-20,Unhali,862.4,200.0,1361.0,781.0
Maharashtra,"Sangli(Phale, Bhajipala Market) APMC",Onion,2026-05-20,Local,462.5,400.0,1550.0,975.0
Maharashtra,Satana APMC,Onion,2026-05-20,Unhali,815.0,100.0,1800.0,950.0
Maharashtra,Satara APMC,Onion,2026-05-20,Other,22.8,700.0,1300.0,1000.0
Maharashtra,Shirpur APMC,Onion,2026-05-20,Red,42.6,101.0,1550.0,1100.0
Maharashtra,Shivsiddha Govind Producer Company Ltd Sanchalit Khajgi Krushi Utpann Bajar Samati-Abhona-Kalwan,Onion,2026-05-20,Other,1202.62,200.0,2100.0,1290.0
Maharashtra,Shrirampur APMC,Onion,2026-05-20,Unhali,219.3,400.0,1200.0,850.0
Maharashtra,Sinner APMC,Onion,2026-05-20,Unhali,198.3,100.0,1200.0,850.0
Maharashtra,Umrane APMC,Onion,2026-05-20,Unhali,1250.0,700.0,1516.0,1100.0
Maharashtra,Vadgaonpeth APMC,Onion,2026-05-20,Local,30.0,1100.0,1500.0,1300.0
Maharashtra,Vaduj APMC,Onion,2026-05-20,Local,5.0,500.0,1200.0,800.0
Maharashtra,Vaijpur APMC,Onion,2026-05-20,Unhali,580.6,200.0,1080.0,750.0
Maharashtra,Yeola APMC,Onion,2026-05-20,Unhali,592.6,100.0,1232.0,750.0
Maharashtra,AGRICULTURE PRODUCE MARKET COMITEE CHANDWAD,Onion,2026-05-21,Unhali,917.7,100.0,1805.0,1080.0
Maharashtra,Ahilyanagar APMC,Onion,2026-05-21,Unhali,2574.3,150.0,1200.0,650.0
Maharashtra,Akola APMC,Onion,2026-05-21,Other,36.5,400.0,1200.0,800.0
Maharashtra,Barshi APMC,Onion,2026-05-21,Other,14.3,250.0,850.0,650.0
Maharashtra,Bhusaval APMC,Onion,2026-05-21,Unhali,5.3,500.0,1000.0,800.0
Maharashtra,Chandrapur(Ganjwad) APMC,Onion,2026-05-21,Other,44.6,1500.0,2000.0,1800.0
Maharashtra,Chattrapati Sambhajinagar APMC,Onion,2026-05-21,Other,562.5,150.0,850.0,500.0
Maharashtra,Devala APMC,Onion,2026-05-21,Unhali,378.8,400.0,1305.0,1100.0
Maharashtra,Dhule APMC,Onion,2026-05-21,Red,94.8,300.0,820.0,650.0
Maharashtra,Dindori APMC,Onion,2026-05-21,Unhali,244.5,800.0,1500.0,1175.0
Maharashtra,Dindori(Vani) APMC,Onion,2026-05-21,Unhali,1094.3,721.0,2226.0,1425.0
Maharashtra,Gangapur APMC,Onion,2026-05-21,Unhali,402.5,115.0,1200.0,750.0
Maharashtra,Gevrai APMC,Onion,2026-05-21,Red,25.3,400.0,900.0,700.0
Maharashtra,HINGNA - APMC,Onion,2026-05-21,Red,0.4,1400.0,1400.0,1400.0
Maharashtra,Jalana APMC,Onion,2026-05-21,Other,217.0,100.0,1100.0,700.0
Maharashtra,Jalgaon APMC,Onion,2026-05-21,Red,67.0,350.0,1025.0,700.0
Maharashtra,Jamkhed APMC,Onion,2026-05-21,Local,160.8,100.0,1250.0,675.0
Maharashtra,Junnar APMC,Onion,2026-05-21,Chinchwad,298.6,300.0,1610.0,800.0
Maharashtra,Junnar(Narayangaon) APMC,Onion,2026-05-21,Chinchwad,2.8,300.0,1200.0,750.0
Maharashtra,Kalvan APMC,Onion,2026-05-21,Unhali,1475.0,250.0,1901.0,1000.0
Maharashtra,Kalyan APMC,Onion,2026-05-21,1st Sort,0.3,1300.0,1600.0,1450.0
Maharashtra,Kamthi APMC,Onion,2026-05-21,Local,1.2,1530.0,2030.0,1780.0
Maharashtra,Khed(Chakan) APMC,Onion,2026-05-21,Other,12.5,500.0,1200.0,800.0
Maharashtra,Kolhapur APMC,Onion,2026-05-21,Other,405.0,500.0,1600.0,1000.0
Maharashtra,Kopargaon APMC,Onion,2026-05-21,Unhali,304.0,100.0,1176.0,800.0
Maharashtra,Lasalgaon APMC,Onion,2026-05-21,Unhali,1006.0,500.0,1651.0,1180.0
Maharashtra,Lasalgaon(Niphad) APMC,Onion,2026-05-21,Unhali,339.0,400.0,1111.0,1000.0
Maharashtra,Lasalgaon(Vinchur) APMC,Onion,2026-05-21,Unhali,742.5,500.0,1670.0,1125.0
Maharashtra,Lasur Station APMC,Onion,2026-05-21,Other,750.0,100.0,1175.0,575.0
Maharashtra,"Laxmi-Sopan Agriculture Produce Marketing Co Ltd, Barshi, Dist Solapur",Onion,2026-05-21,Other,213.5,400.0,1200.0,900.0
Maharashtra,Lonand APMC,Onion,2026-05-21,Unhali,118.0,400.0,1160.0,850.0
Maharashtra,"Malharshree Khajgi Krushi Utpann Bajar, Chandanpuri Tal Malegaon, Nashik",Onion,2026-05-21,Other,86.2,255.0,1044.0,899.0
Maharashtra,Malkapur APMC,Onion,2026-05-21,Local,140.0,650.0,1105.0,880.0
Maharashtra,Manchar APMC,Onion,2026-05-21,Other,682.5,1000.0,1540.0,1280.0
Maharashtra,Mangal Wedha APMC,Onion,2026-05-21,Local,1.2,280.0,1200.0,900.0
Maharashtra,Manmad APMC,Onion,2026-05-21,Unhali,467.6,180.0,1313.0,980.0
Maharashtra,Mumbai-Onion & Potato Market APMC,Onion,2026-05-21,Other,1223.6,700.0,1500.0,1100.0
Maharashtra,Nagpur APMC,Onion,2026-05-21,Red,203.0,1000.0,1400.0,1300.0
Maharashtra,Nagpur APMC,Onion,2026-05-21,White,203.0,1000.0,1400.0,1300.0
Maharashtra,Nampur APMC,Onion,2026-05-21,Unhali,628.8,155.0,1325.0,900.0
Maharashtra,Nandgaon APMC,Onion,2026-05-21,Unhali,332.8,100.0,1300.0,750.0
Maharashtra,Nasik APMC,Onion,2026-05-21,Unhali,465.5,300.0,1301.0,830.0
Maharashtra,Newasa APMC,Onion,2026-05-21,Unhali,253.4,300.0,1000.0,800.0
Maharashtra,Paithan APMC,Onion,2026-05-21,Unhali,50.8,100.0,950.0,625.0
Maharashtra,Paranda APMC,Onion,2026-05-21,Red,256.0,250.0,1100.0,700.0
Maharashtra,Pimpalgaon Baswant APMC,Onion,2026-05-21,Unhali,3103.4,300.0,2299.0,1175.0
Maharashtra,Pimpalgaon Baswant(Saykheda) APMC,Onion,2026-05-21,Unhali,70.8,500.0,1100.0,920.0
Maharashtra,Pune APMC,Onion,2026-05-21,Local,1071.3,400.0,1400.0,900.0
Maharashtra,Pune(Manjri) APMC,Onion,2026-05-21,Local,14.2,600.0,1100.0,900.0
Maharashtra,Pune(Moshi) APMC,Onion,2026-05-21,Local,96.3,400.0,1000.0,700.0
Maharashtra,Pune(Pimpri) APMC,Onion,2026-05-21,Local,5.3,800.0,1200.0,1000.0
Maharashtra,Rahuri(Vambori) APMC,Onion,2026-05-21,Unhali,382.7,100.0,1200.0,600.0
Maharashtra,Ramtek APMC,Onion,2026-05-21,Unhali,2.6,1000.0,1500.0,1200.0
Maharashtra,SHRI.SIDDHESHWAR  APMC,Onion,2026-05-21,Red,1929.1,100.0,1800.0,700.0
Maharashtra,Sakri APMC,Onion,2026-05-21,Unhali,1036.0,150.0,1360.0,750.0
Maharashtra,Sangamner APMC,Onion,2026-05-21,Unhali,778.3,200.0,1401.0,800.0
Maharashtra,"Sangli(Phale, Bhajipala Market) APMC",Onion,2026-05-21,Local,344.6,400.0,1300.0,850.0
Maharashtra,Satana APMC,Onion,2026-05-21,Unhali,721.5,100.0,2000.0,1005.0
Maharashtra,Satara APMC,Onion,2026-05-21,Other,26.4,700.0,1300.0,1000.0
Maharashtra,Shivsiddha Govind Producer Company Ltd Sanchalit Khajgi Krushi Utpann Bajar Samati-Abhona-Kalwan,Onion,2026-05-21,Other,1225.01,300.0,2065.0,1310.0
Maharashtra,Sinner APMC,Onion,2026-05-21,Unhali,125.8,200.0,1350.0,900.0
Maharashtra,Umrane APMC,Onion,2026-05-21,Unhali,1150.0,700.0,1500.0,1100.0
Maharashtra,Vadgaonpeth APMC,Onion,2026-05-21,Local,27.0,900.0,1400.0,1100.0
Maharashtra,Vaduj APMC,Onion,2026-05-21,Local,4.0,200.0,1200.0,800.0
Maharashtra,Vai APMC,Onion,2026-05-21,Local,2.5,500.0,1100.0,900.0
Maharashtra,Vaijpur APMC,Onion,2026-05-21,Unhali,584.9,200.0,1041.0,700.0
Maharashtra,Vita APMC,Onion,2026-05-21,Other,5.0,1000.0,1300.0,1100.0
Maharashtra,Yeola APMC,Onion,2026-05-21,Unhali,334.9,100.0,1225.0,800.0
Maharashtra,AGRICULTURE PRODUCE MARKET COMITEE CHANDWAD,Onion,2026-05-22,Unhali,884.1,130.0,1700.0,1000.0
Maharashtra,Akola APMC,Onion,2026-05-22,Other,37.0,400.0,1200.0,800.0
Maharashtra,Amrawati(Frui & Veg. Market) APMC,Onion,2026-05-22,Local,34.7,600.0,1800.0,1200.0
Maharashtra,Bhusaval APMC,Onion,2026-05-22,Unhali,3.8,500.0,1000.0,800.0
Maharashtra,Chandrapur(Ganjwad) APMC,Onion,2026-05-22,Other,51.0,1300.0,1750.0,1500.0
Maharashtra,Devala APMC,Onion,2026-05-22,Unhali,378.2,400.0,1530.0,1150.0
Maharashtra,Dhule APMC,Onion,2026-05-22,Red,63.8,300.0,970.0,650.0
Maharashtra,Dindori(Vani) APMC,Onion,2026-05-22,Unhali,1125.2,711.0,2190.0,1401.0
Maharashtra,Gangapur APMC,Onion,2026-05-22,Unhali,577.0,150.0,1200.0,750.0
Maharashtra,HINGNA - APMC,Onion,2026-05-22,Red,0.6,1100.0,1100.0,1100.0
Maharashtra,Junnar(Alephata) APMC,Onion,2026-05-22,Chinchwad,774.0,900.0,1600.0,1250.0
Maharashtra,Junnar(Narayangaon) APMC,Onion,2026-05-22,Chinchwad,5.2,200.0,1200.0,650.0
Maharashtra,Kalyan APMC,Onion,2026-05-22,1st Sort,0.3,1300.0,1600.0,1450.0
Maharashtra,Kamthi APMC,Onion,2026-05-22,Local,4.8,1520.0,2020.0,1770.0
Maharashtra,Karjat APMC,Onion,2026-05-22,Local,6.0,300.0,800.0,600.0
Maharashtra,Khed(Chakan) APMC,Onion,2026-05-22,Other,12.5,500.0,1200.0,800.0
Maharashtra,Kolhapur APMC,Onion,2026-05-22,Other,549.0,500.0,1700.0,1000.0
Maharashtra,Kopargaon APMC,Onion,2026-05-22,Unhali,356.0,100.0,1249.0,875.0
Maharashtra,Lasalgaon APMC,Onion,2026-05-22,Unhali,1201.8,500.0,1710.0,1250.0
Maharashtra,Lasalgaon(Niphad) APMC,Onion,2026-05-22,Unhali,316.5,400.0,1231.0,1100.0
Maharashtra,Lasalgaon(Vinchur) APMC,Onion,2026-05-22,Unhali,861.3,500.0,1812.0,1200.0
Maharashtra,Lasur Station APMC,Onion,2026-05-22,Other,750.0,100.0,1175.0,550.0
Maharashtra,Mangal Wedha APMC,Onion,2026-05-22,Local,10.3,250.0,1200.0,800.0
Maharashtra,Manmad APMC,Onion,2026-05-22,Unhali,457.7,180.0,1401.0,1000.0
Maharashtra,Mumbai-Onion & Potato Market APMC,Onion,2026-05-22,Other,1195.8,600.0,1600.0,1100.0
Maharashtra,Nampur APMC,Onion,2026-05-22,Unhali,622.6,165.0,1315.0,900.0
Maharashtra,Nasik APMC,Onion,2026-05-22,Unhali,440.0,280.0,1251.0,800.0
Maharashtra,"Omchatinya Multi State Agro Purpose Co-Op Society, Dist Ahilyanagar",Onion,2026-05-22,Red,138.72,100.0,1525.0,700.0
Maharashtra,Paithan APMC,Onion,2026-05-22,Unhali,219.7,100.0,1000.0,750.0
Maharashtra,Pimpalgaon Baswant APMC,Onion,2026-05-22,Unhali,2103.8,300.0,2121.0,1175.0
Maharashtra,Pimpalgaon Baswant(Saykheda) APMC,Onion,2026-05-22,Unhali,166.1,450.0,1300.0,950.0
Maharashtra,Pune APMC,Onion,2026-05-22,Local,1136.1,400.0,1400.0,900.0
Maharashtra,Pune(Manjri) APMC,Onion,2026-05-22,Local,5.1,400.0,900.0,700.0
Maharashtra,Pune(Moshi) APMC,Onion,2026-05-22,Local,73.2,400.0,1000.0,700.0
Maharashtra,Pune(Pimpri) APMC,Onion,2026-05-22,Local,1.3,800.0,1300.0,1050.0
Maharashtra,Rahata APMC,Onion,2026-05-22,Unhali,366.9,300.0,1300.0,950.0
Maharashtra,Rahuri APMC,Onion,2026-05-22,Other,990.1,100.0,1304.0,750.0
Maharashtra,SHRI.SIDDHESHWAR  APMC,Onion,2026-05-22,Red,1515.0,100.0,1700.0,700.0
Maharashtra,Sangamner APMC,Onion,2026-05-22,Unhali,900.7,200.0,1400.0,800.0
Maharashtra,"Sangli(Phale, Bhajipala Market) APMC",Onion,2026-05-22,Local,274.6,400.0,1450.0,925.0
Maharashtra,Satana APMC,Onion,2026-05-22,Unhali,852.5,100.0,1760.0,970.0
Maharashtra,Shrirampur APMC,Onion,2026-05-22,Unhali,266.4,300.0,1200.0,900.0
Maharashtra,Sinner APMC,Onion,2026-05-22,Unhali,218.0,200.0,1130.0,900.0
Maharashtra,Vadgaonpeth APMC,Onion,2026-05-22,Local,26.0,1100.0,1400.0,1300.0
Maharashtra,Vai APMC,Onion,2026-05-22,Local,2.8,500.0,1100.0,800.0
Maharashtra,Vaijpur APMC,Onion,2026-05-22,Unhali,663.6,200.0,1053.0,700.0
Maharashtra,Yeola APMC,Onion,2026-05-22,Unhali,363.3,109.0,1230.0,800.0
Maharashtra,AGRICULTURE PRODUCE MARKET COMITEE CHANDWAD,Onion,2026-05-23,Unhali,803.0,100.0,1800.0,1000.0
Maharashtra,Ahilyanagar APMC,Onion,2026-05-23,Unhali,2155.6,150.0,1300.0,700.0
Maharashtra,Akola APMC,Onion,2026-05-23,Other,26.2,300.0,1100.0,600.0
Maharashtra,Amrawati(Frui & Veg. Market) APMC,Onion,2026-05-23,Local,28.8,700.0,2000.0,1350.0
Maharashtra,Bhusaval APMC,Onion,2026-05-23,Unhali,3.3,500.0,1000.0,800.0
Maharashtra,Chandrapur(Ganjwad) APMC,Onion,2026-05-23,Other,51.0,1300.0,1750.0,1500.0
Maharashtra,Chattrapati Sambhajinagar APMC,Onion,2026-05-23,Other,532.0,150.0,800.0,475.0
Maharashtra,Dharashiv APMC,Onion,2026-05-23,Red,1.3,1000.0,1000.0,1000.0
Maharashtra,Gevrai APMC,Onion,2026-05-23,Red,22.5,500.0,950.0,725.0
Maharashtra,Jalgaon APMC,Onion,2026-05-23,Red,71.5,300.0,1212.0,700.0
Maharashtra,Jamkhed APMC,Onion,2026-05-23,Local,308.8,100.0,1100.0,600.0
Maharashtra,Junnar(Narayangaon) APMC,Onion,2026-05-23,Chinchwad,2.4,200.0,1100.0,600.0
Maharashtra,Kamthi APMC,Onion,2026-05-23,Local,0.4,1520.0,2020.0,1770.0
Maharashtra,Karad APMC,Onion,2026-05-23,Halva,9.9,1500.0,2200.0,2200.0
Maharashtra,Khed(Chakan) APMC,Onion,2026-05-23,Other,100.0,700.0,1300.0,1100.0
Maharashtra,Kolhapur APMC,Onion,2026-05-23,Other,649.0,500.0,1700.0,1100.0
Maharashtra,Kopargaon APMC,Onion,2026-05-23,Unhali,410.0,100.0,1228.0,850.0
Maharashtra,Lasalgaon(Niphad) APMC,Onion,2026-05-23,Unhali,349.5,400.0,1201.0,1000.0
Maharashtra,Lasalgaon(Vinchur) APMC,Onion,2026-05-23,Unhali,500.4,500.0,1911.0,1225.0
Maharashtra,Lasur Station APMC,Onion,2026-05-23,Other,920.0,100.0,1161.0,525.0
Maharashtra,"Laxmi-Sopan Agriculture Produce Marketing Co Ltd, Barshi, Dist Solapur",Onion,2026-05-23,Other,211.4,400.0,1100.0,800.0
Maharashtra,Mangal Wedha APMC,Onion,2026-05-23,Local,3.2,300.0,1200.0,900.0
Maharashtra,Manmad APMC,Onion,2026-05-23,Unhali,300.0,304.0,1162.0,1000.0
Maharashtra,Mumbai-Onion & Potato Market APMC,Onion,2026-05-23,Other,1282.4,700.0,1700.0,1200.0
Maharashtra,Nagpur APMC,Onion,2026-05-23,Red,91.0,1000.0,1400.0,1300.0
Maharashtra,Nagpur APMC,Onion,2026-05-23,White,91.0,1000.0,1400.0,1300.0
Maharashtra,Nasik APMC,Onion,2026-05-23,Unhali,427.0,300.0,1351.0,820.0
Maharashtra,Newasa(Ghodegaon) APMC,Onion,2026-05-23,Unhali,647.2,300.0,1200.0,800.0
Maharashtra,Paithan APMC,Onion,2026-05-23,Unhali,39.0,355.0,900.0,720.0
Maharashtra,Pimpalgaon Baswant APMC,Onion,2026-05-23,Unhali,3080.0,300.0,2104.0,1150.0
Maharashtra,Pimpalgaon Baswant(Saykheda) APMC,Onion,2026-05-23,Unhali,175.1,500.0,1300.0,975.0
Maharashtra,Pune(Khadiki) APMC,Onion,2026-05-23,Local,1.3,600.0,1000.0,800.0
Maharashtra,Pune(Manjri) APMC,Onion,2026-05-23,Local,9.4,600.0,1100.0,800.0
Maharashtra,Pune(Moshi) APMC,Onion,2026-05-23,Local,65.0,400.0,1000.0,700.0
Maharashtra,Pune(Pimpri) APMC,Onion,2026-05-23,Local,2.9,600.0,1200.0,900.0
Maharashtra,Rahuri(Vambori) APMC,Onion,2026-05-23,Unhali,276.9,100.0,1100.0,600.0
Maharashtra,Ramtek APMC,Onion,2026-05-23,Unhali,1.3,1000.0,1300.0,1200.0
Maharashtra,SHRI.SIDDHESHWAR  APMC,Onion,2026-05-23,Red,1589.0,100.0,1800.0,800.0
Maharashtra,Sakri APMC,Onion,2026-05-23,Unhali,417.0,400.0,1000.0,800.0
Maharashtra,"Sangli(Phale, Bhajipala Market) APMC",Onion,2026-05-23,Local,362.7,400.0,1550.0,975.0
Maharashtra,Satara APMC,Onion,2026-05-23,Other,28.4,700.0,1300.0,1000.0
Maharashtra,Shivsiddha Govind Producer Company Ltd Sanchalit Khajgi Krushi Utpann Bajar Samati-Abhona-Kalwan,Onion,2026-05-23,Other,1476.99,200.0,2300.0,1310.0
Maharashtra,"Shree Sairaj Krushi Market, Dist Ahilyanagar",Onion,2026-05-23,Local,165.58,100.0,1610.0,900.0
Maharashtra,Vadgaonpeth APMC,Onion,2026-05-23,Local,26.0,900.0,1400.0,1200.0
Maharashtra,Vaduj APMC,Onion,2026-05-23,Local,10.0,200.0,1500.0,800.0
Maharashtra,Vai APMC,Onion,2026-05-23,Local,2.0,700.0,1100.0,950.0
Maharashtra,Yeola APMC,Onion,2026-05-23,Unhali,400.0,115.0,1290.0,800.0
Maharashtra,Akluj APMC,Onion,2026-05-24,Red,46.1,200.0,1200.0,700.0
Maharashtra,Akole APMC,Onion,2026-05-24,Unhali,334.9,151.0,1311.0,1001.0
Maharashtra,Amrawati(Frui & Veg. Market) APMC,Onion,2026-05-24,Local,31.0,800.0,2000.0,1400.0
Maharashtra,Bhusaval APMC,Onion,2026-05-24,Unhali,10.6,500.0,1000.0,800.0
Maharashtra,Chattrapati Sambhajinagar APMC,Onion,2026-05-24,Other,585.0,150.0,900.0,525.0
Maharashtra,Dharashiv APMC,Onion,2026-05-24,Red,6.2,250.0,1200.0,725.0
Maharashtra,Junnar APMC,Onion,2026-05-24,Chinchwad,341.0,300.0,1610.0,900.0
Maharashtra,Junnar(Alephata) APMC,Onion,2026-05-24,Chinchwad,686.7,900.0,1610.0,1250.0
Maharashtra,Junnar(Narayangaon) APMC,Onion,2026-05-24,Chinchwad,3.2,200.0,1200.0,700.0
Maharashtra,Junnar(Otur) APMC,Onion,2026-05-24,Unhali,682.9,700.0,1650.0,1300.0
Maharashtra,Kada APMC,Onion,2026-05-24,Unhali,1375.0,100.0,1200.0,950.0
Maharashtra,Kamthi APMC,Onion,2026-05-24,Local,0.4,1520.0,2020.0,1770.0
Maharashtra,Khed(Chakan) APMC,Onion,2026-05-24,Other,20.0,800.0,1300.0,1000.0
Maharashtra,Mangal Wedha APMC,Onion,2026-05-24,Local,0.2,1120.0,1300.0,1120.0
Maharashtra,"Omchatinya Multi State Agro Purpose Co-Op Society, Dist Ahilyanagar",Onion,2026-05-24,Other,76.13,100.0,1500.0,750.0
Maharashtra,Paithan APMC,Onion,2026-05-24,Unhali,164.5,100.0,1000.0,800.0
Maharashtra,Paranda APMC,Onion,2026-05-24,Red,155.0,200.0,1100.0,650.0
Maharashtra,Parner APMC,Onion,2026-05-24,Unhali,736.8,200.0,1600.0,950.0
Maharashtra,Pune APMC,Onion,2026-05-24,Local,1365.3,500.0,1400.0,950.0
Maharashtra,Pune(Khadiki) APMC,Onion,2026-05-24,Local,1.8,600.0,1000.0,800.0
Maharashtra,Pune(Manjri) APMC,Onion,2026-05-24,Local,12.5,500.0,1000.0,800.0
Maharashtra,Pune(Moshi) APMC,Onion,2026-05-24,Local,82.1,400.0,1000.0,700.0
Maharashtra,Pune(Pimpri) APMC,Onion,2026-05-24,Local,4.2,900.0,1200.0,1050.0
Maharashtra,Rahata APMC,Onion,2026-05-24,Other,268.2,400.0,1400.0,1000.0
Maharashtra,Rahuri APMC,Onion,2026-05-24,Other,627.6,100.0,1500.0,800.0
Maharashtra,Ramtek APMC,Onion,2026-05-24,Unhali,5.7,1000.0,1500.0,1200.0
Maharashtra,Satara APMC,Onion,2026-05-24,Other,21.0,700.0,1200.0,1000.0
Maharashtra,Shrigonda APMC,Onion,2026-05-24,Other,7.3,300.0,1000.0,800.0
Maharashtra,Vadgaonpeth APMC,Onion,2026-05-24,Local,26.0,900.0,1400.0,1100.0
Maharashtra,Vaduj APMC,Onion,2026-05-24,Local,6.0,200.0,1500.0,800.0
Maharashtra,Vai APMC,Onion,2026-05-24,Local,2.5,700.0,1100.0,950.0
Maharashtra,AGRICULTURE PRODUCE MARKET COMITEE CHANDWAD,Onion,2026-05-25,Unhali,947.4,100.0,1780.0,1090.0
Maharashtra,Ahilyanagar APMC,Onion,2026-05-25,Unhali,2470.7,150.0,1250.0,700.0
Maharashtra,Amrawati(Frui & Veg. Market) APMC,Onion,2026-05-25,Local,40.8,600.0,1200.0,900.0
Maharashtra,Barshi APMC,Onion,2026-05-25,Other,32.6,50.0,800.0,500.0
Maharashtra,Chattrapati Sambhajinagar APMC,Onion,2026-05-25,Other,324.0,100.0,800.0,450.0
Maharashtra,Devala APMC,Onion,2026-05-25,Unhali,443.5,350.0,1330.0,1100.0
Maharashtra,Dindori APMC,Onion,2026-05-25,Unhali,197.0,800.0,1575.0,1200.0
Maharashtra,Dindori(Vani) APMC,Onion,2026-05-25,Unhali,815.5,725.0,2151.0,1325.0
Maharashtra,Gevrai APMC,Onion,2026-05-25,Red,26.7,400.0,1000.0,700.0
Maharashtra,HINGNA - APMC,Onion,2026-05-25,Red,2.3,1200.0,1500.0,1400.0
Maharashtra,Jalgaon APMC,Onion,2026-05-25,Red,82.2,312.0,1125.0,750.0
Maharashtra,Kalvan APMC,Onion,2026-05-25,Unhali,1590.0,300.0,1851.0,1051.0
Maharashtra,Kalyan APMC,Onion,2026-05-25,1st Sort,0.3,1400.0,1600.0,1500.0
Maharashtra,Karad APMC,Onion,2026-05-25,Halva,12.3,500.0,1000.0,1000.0
Maharashtra,Kolhapur APMC,Onion,2026-05-25,Other,847.2,500.0,1800.0,1100.0
Maharashtra,Kopargaon APMC,Onion,2026-05-25,Unhali,256.0,250.0,1201.0,875.0
Maharashtra,Kurdwadi(Modnimb) APMC,Onion,2026-05-25,Red,3.6,150.0,800.0,550.0
Maharashtra,Lasalgaon APMC,Onion,2026-05-25,Unhali,824.0,500.0,1812.0,1350.0
Maharashtra,Lasalgaon(Niphad) APMC,Onion,2026-05-25,Unhali,330.0,500.0,1331.0,1100.0
Maharashtra,Lasalgaon(Vinchur) APMC,Onion,2026-05-25,Unhali,601.9,500.0,1601.0,1250.0
Maharashtra,Lasur Station APMC,Onion,2026-05-25,Other,630.0,100.0,1175.0,550.0
Maharashtra,"Laxmi-Sopan Agriculture Produce Marketing Co Ltd, Barshi, Dist Solapur",Onion,2026-05-25,Other,222.0,500.0,1300.0,800.0
Maharashtra,Lonand APMC,Onion,2026-05-25,Unhali,40.0,400.0,1251.0,950.0
Maharashtra,Manchar APMC,Onion,2026-05-25,Other,1.9,600.0,1150.0,880.0
Maharashtra,Mangal Wedha APMC,Onion,2026-05-25,Local,13.0,250.0,1200.0,920.0
Maharashtra,Manmad APMC,Onion,2026-05-25,Unhali,400.0,200.0,1400.0,1150.0
Maharashtra,Mumbai-Onion & Potato Market APMC,Onion,2026-05-25,Other,1745.6,600.0,1700.0,1150.0
Maharashtra,Nagpur APMC,Onion,2026-05-25,Red,192.0,1000.0,1400.0,1300.0
Maharashtra,Nagpur APMC,Onion,2026-05-25,White,200.0,1000.0,1400.0,1300.0
Maharashtra,Nampur APMC,Onion,2026-05-25,Unhali,858.9,135.0,1610.0,1000.0
Maharashtra,Newasa(Ghodegaon) APMC,Onion,2026-05-25,Unhali,518.9,200.0,1200.0,800.0
Maharashtra,Paranda APMC,Onion,2026-05-25,Red,175.0,250.0,1100.0,750.0
Maharashtra,Pimpalgaon Baswant APMC,Onion,2026-05-25,Unhali,3074.4,300.0,2325.0,1200.0
Maharashtra,Pimpalgaon Baswant(Saykheda) APMC,Onion,2026-05-25,Unhali,218.0,450.0,1351.0,1001.0
Maharashtra,Pune APMC,Onion,2026-05-25,Local,916.2,500.0,1400.0,950.0
Maharashtra,Pune(Khadiki) APMC,Onion,2026-05-25,Local,1.3,600.0,1000.0,800.0
Maharashtra,Pune(Manjri) APMC,Onion,2026-05-25,Local,9.5,600.0,1100.0,900.0
Maharashtra,Pune(Moshi) APMC,Onion,2026-05-25,Local,68.5,500.0,1000.0,750.0
Maharashtra,Pune(Pimpri) APMC,Onion,2026-05-25,Local,1.1,1000.0,1200.0,1100.0
Maharashtra,Rahuri(Vambori) APMC,Onion,2026-05-25,Unhali,274.0,100.0,1200.0,600.0
Maharashtra,SHRI.SIDDHESHWAR  APMC,Onion,2026-05-25,Red,1727.4,100.0,2000.0,900.0
Maharashtra,Sakri APMC,Onion,2026-05-25,Unhali,414.0,400.0,1000.0,800.0
Maharashtra,Sangamner APMC,Onion,2026-05-25,Unhali,872.1,200.0,1500.0,850.0
Maharashtra,"Sangli(Phale, Bhajipala Market) APMC",Onion,2026-05-25,Local,314.5,400.0,1400.0,900.0
Maharashtra,Satana APMC,Onion,2026-05-25,Unhali,743.0,100.0,1900.0,1050.0
Maharashtra,Satara APMC,Onion,2026-05-25,Other,9.0,500.0,1200.0,850.0
Maharashtra,Shivsiddha Govind Producer Company Ltd Sanchalit Khajgi Krushi Utpann Bajar Samati-Abhona-Kalwan,Onion,2026-05-25,Other,1484.03,300.0,2155.0,1380.0
Maharashtra,"Shree Sairaj Krushi Market, Dist Ahilyanagar",Onion,2026-05-25,Local,142.8,150.0,1600.0,900.0
Maharashtra,Sinner APMC,Onion,2026-05-25,Unhali,249.7,300.0,1300.0,1000.0
Maharashtra,Umrane APMC,Onion,2026-05-25,Unhali,1650.0,800.0,1701.0,1300.0
Maharashtra,Vaduj APMC,Onion,2026-05-25,Local,6.0,200.0,1500.0,800.0
Maharashtra,Vita APMC,Onion,2026-05-25,Other,2.0,1000.0,1400.0,1200.0
Maharashtra,Yeola APMC,Onion,2026-05-25,Unhali,412.2,125.0,1262.0,800.0
Maharashtra,AGRICULTURE PRODUCE MARKET COMITEE CHANDWAD,Onion,2026-05-26,Unhali,829.9,200.0,1830.0,1280.0
Maharashtra,Akola APMC,Onion,2026-05-26,Other,19.5,400.0,1200.0,700.0
Maharashtra,Akole APMC,Onion,2026-05-26,Unhali,144.2,200.0,1551.0,1151.0
Maharashtra,Amrawati(Frui & Veg. Market) APMC,Onion,2026-05-26,Local,51.0,700.0,1400.0,1050.0
Maharashtra,Barshi APMC,Onion,2026-05-26,Other,36.0,100.0,900.0,550.0
Maharashtra,Bhusaval APMC,Onion,2026-05-26,Unhali,4.3,500.0,1000.0,800.0
Maharashtra,Chattrapati Sambhajinagar APMC,Onion,2026-05-26,Other,315.0,100.0,750.0,425.0
Maharashtra,Devala APMC,Onion,2026-05-26,Unhali,450.2,400.0,1550.0,1200.0
Maharashtra,Dharashiv APMC,Onion,2026-05-26,Red,6.2,600.0,1300.0,950.0
Maharashtra,Dhule APMC,Onion,2026-05-26,Red,64.8,400.0,1040.0,800.0
Maharashtra,Dindori APMC,Onion,2026-05-26,Unhali,175.0,900.0,1600.0,1300.0
Maharashtra,Dindori(Vani) APMC,Onion,2026-05-26,Unhali,886.1,751.0,2171.0,1451.0
Maharashtra,Gangapur APMC,Onion,2026-05-26,Unhali,535.5,200.0,1421.0,800.0
Maharashtra,HINGNA - APMC,Onion,2026-05-26,Red,4.5,1100.0,1500.0,1266.0
Maharashtra,Jalgaon APMC,Onion,2026-05-26,Red,21.7,350.0,1175.0,762.0
Maharashtra,Jamkhed APMC,Onion,2026-05-26,Local,151.4,100.0,1100.0,600.0
Maharashtra,Kalyan APMC,Onion,2026-05-26,1st Sort,0.3,1400.0,1600.0,1500.0
Maharashtra,Karad APMC,Onion,2026-05-26,Halva,24.9,300.0,1200.0,1200.0
Maharashtra,Karjat APMC,Onion,2026-05-26,Local,1.4,300.0,800.0,600.0
Maharashtra,Khed(Chakan) APMC,Onion,2026-05-26,Other,25.0,800.0,1200.0,1000.0
Maharashtra,Kolhapur APMC,Onion,2026-05-26,Other,470.5,500.0,1700.0,1000.0
Maharashtra,Kopargaon APMC,Onion,2026-05-26,Unhali,508.0,300.0,1451.0,1025.0
Maharashtra,Lasalgaon APMC,Onion,2026-05-26,Unhali,1068.6,500.0,1825.0,1400.0
Maharashtra,Lasalgaon(Niphad) APMC,Onion,2026-05-26,Unhali,33.9,500.0,1600.0,1300.0
Maharashtra,Lasalgaon(Vinchur) APMC,Onion,2026-05-26,Unhali,837.0,500.0,1852.0,1350.0
Maharashtra,Lasur Station APMC,Onion,2026-05-26,Other,980.0,100.0,1307.0,650.0
Maharashtra,"Malharshree Khajgi Krushi Utpann Bajar, Chandanpuri Tal Malegaon, Nashik",Onion,2026-05-26,Other,76.3,205.0,1110.0,903.0
Maharashtra,Malkapur APMC,Onion,2026-05-26,Local,140.0,400.0,1000.0,700.0
Maharashtra,Manchar APMC,Onion,2026-05-26,Other,695.8,760.0,1600.0,1185.0
Maharashtra,Manmad APMC,Onion,2026-05-26,Unhali,538.4,200.0,1353.0,1140.0
Maharashtra,Mumbai-Onion & Potato Market APMC,Onion,2026-05-26,Other,1137.8,700.0,1800.0,1250.0
Maharashtra,Nagpur APMC,Onion,2026-05-26,Red,154.0,1000.0,1400.0,1300.0
Maharashtra,Nagpur APMC,Onion,2026-05-26,White,154.0,1100.0,1500.0,1400.0
Maharashtra,Nampur APMC,Onion,2026-05-26,Unhali,638.1,225.0,1515.0,900.0
Maharashtra,Newasa APMC,Onion,2026-05-26,Unhali,276.4,300.0,1200.0,900.0
Maharashtra,"Omchatinya Multi State Agro Purpose Co-Op Society, Dist Ahilyanagar",Onion,2026-05-26,Other,95.37,100.0,1400.0,700.0
Maharashtra,Paranda APMC,Onion,2026-05-26,Red,165.0,250.0,1100.0,700.0
Maharashtra,Phaltan APMC,Onion,2026-05-26,Hybrid,178.8,300.0,1400.0,1000.0
Maharashtra,Pimpalgaon Baswant APMC,Onion,2026-05-26,Unhali,3144.2,300.0,2190.0,1450.0
Maharashtra,Pimpalgaon Baswant(Saykheda) APMC,Onion,2026-05-26,Unhali,179.0,500.0,1414.0,1100.0
Maharashtra,Pune APMC,Onion,2026-05-26,Local,988.6,500.0,1400.0,950.0
Maharashtra,Pune(Manjri) APMC,Onion,2026-05-26,Local,11.4,600.0,1100.0,900.0
Maharashtra,Pune(Moshi) APMC,Onion,2026-05-26,Local,67.2,400.0,1000.0,700.0
Maharashtra,Pune(Pimpri) APMC,Onion,2026-05-26,Local,1.1,600.0,1200.0,900.0
Maharashtra,Ramtek APMC,Onion,2026-05-26,Unhali,1.6,1000.0,1200.0,1100.0
Maharashtra,SHRI.SIDDHESHWAR  APMC,Onion,2026-05-26,Red,1632.1,100.0,2200.0,1000.0
Maharashtra,Sakri APMC,Onion,2026-05-26,Unhali,436.0,400.0,1000.0,800.0
Maharashtra,Sangamner APMC,Onion,2026-05-26,Unhali,577.8,200.0,1652.0,926.0
Maharashtra,"Sangli(Phale, Bhajipala Market) APMC",Onion,2026-05-26,Local,197.2,400.0,1350.0,875.0
Maharashtra,Satana APMC,Onion,2026-05-26,Unhali,879.0,100.0,1905.0,1175.0
Maharashtra,Satara APMC,Onion,2026-05-26,Other,12.5,500.0,1200.0,850.0
Maharashtra,Shivsiddha Govind Producer Company Ltd Sanchalit Khajgi Krushi Utpann Bajar Samati-Abhona-Kalwan,Onion,2026-05-26,Other,1382.63,300.0,2200.0,1460.0
Maharashtra,Shrigonda APMC,Onion,2026-05-26,Other,4.9,100.0,850.0,500.0
Maharashtra,Sinner APMC,Onion,2026-05-26,Unhali,216.0,300.0,1300.0,1000.0
Maharashtra,Umrane APMC,Onion,2026-05-26,Unhali,1450.0,800.0,1777.0,1300.0
Maharashtra,Vadgaonpeth APMC,Onion,2026-05-26,Local,31.0,1000.0,1400.0,1200.0
Maharashtra,Vaduj APMC,Onion,2026-05-26,Local,11.0,200.0,1650.0,850.0
Maharashtra,AGRICULTURE PRODUCE MARKET COMITEE CHANDWAD,Onion,2026-05-27,Unhali,1000.0,285.0,1895.0,1380.0
Maharashtra,Akluj APMC,Onion,2026-05-27,Red,33.8,200.0,1550.0,850.0
Maharashtra,Akola APMC,Onion,2026-05-27,Other,34.0,300.0,1200.0,800.0
Maharashtra,Amrawati(Frui & Veg. Market) APMC,Onion,2026-05-27,Local,49.0,500.0,1300.0,900.0
Maharashtra,Barshi APMC,Onion,2026-05-27,Other,32.0,100.0,950.0,450.0
Maharashtra,Bhusaval APMC,Onion,2026-05-27,Unhali,2.0,500.0,1000.0,800.0
Maharashtra,Chandrapur(Ganjwad) APMC,Onion,2026-05-27,Other,52.0,1500.0,1700.0,1600.0
Maharashtra,Chattrapati Sambhajinagar APMC,Onion,2026-05-27,Other,249.0,300.0,1100.0,700.0
Maharashtra,Devala APMC,Onion,2026-05-27,Unhali,415.0,450.0,1570.0,1250.0
Maharashtra,Dharashiv APMC,Onion,2026-05-27,Red,7.1,500.0,1500.0,1000.0
Maharashtra,Dhule APMC,Onion,2026-05-27,Red,60.0,500.0,1050.0,900.0
Maharashtra,Dindori APMC,Onion,2026-05-27,Unhali,181.0,900.0,1700.0,1400.0
Maharashtra,Dindori(Vani) APMC,Onion,2026-05-27,Unhali,1035.5,811.0,2171.0,1451.0
Maharashtra,HINGNA - APMC,Onion,2026-05-27,Red,2.4,1000.0,1500.0,1200.0
Maharashtra,Jalgaon APMC,Onion,2026-05-27,Red,62.1,350.0,1100.0,725.0
Maharashtra,Junnar(Otur) APMC,Onion,2026-05-27,Unhali,411.2,700.0,1650.0,1400.0
Maharashtra,Kalvan APMC,Onion,2026-05-27,Unhali,540.0,350.0,1901.0,1111.0
Maharashtra,Kalyan APMC,Onion,2026-05-27,1st Sort,0.3,1300.0,1600.0,1450.0
Maharashtra,Kamthi APMC,Onion,2026-05-27,Local,0.8,1520.0,2020.0,1770.0
Maharashtra,Khed(Chakan) APMC,Onion,2026-05-27,Other,175.0,800.0,1300.0,1000.0
Maharashtra,Kolhapur APMC,Onion,2026-05-27,Other,512.5,500.0,1700.0,1100.0
Maharashtra,Lasalgaon APMC,Onion,2026-05-27,Unhali,1068.6,500.0,1825.0,1400.0
Maharashtra,Lasalgaon(Niphad) APMC,Onion,2026-05-27,Unhali,377.5,600.0,1501.0,1325.0
Maharashtra,Lasalgaon(Vinchur) APMC,Onion,2026-05-27,Unhali,959.8,500.0,1800.0,1350.0
Maharashtra,Lasur Station APMC,Onion,2026-05-27,Other,900.0,100.0,1431.0,800.0
Maharashtra,Mangal Wedha APMC,Onion,2026-05-27,Local,5.7,250.0,1350.0,1000.0
Maharashtra,Manmad APMC,Onion,2026-05-27,Unhali,300.0,300.0,1471.0,1175.0
Maharashtra,Mumbai-Onion & Potato Market APMC,Onion,2026-05-27,Other,1197.4,700.0,1800.0,1250.0
Maharashtra,Nagpur APMC,Onion,2026-05-27,Red,105.0,1000.0,1400.0,1300.0
Maharashtra,Nagpur APMC,Onion,2026-05-27,White,105.0,1100.0,1500.0,1400.0
Maharashtra,Nampur APMC,Onion,2026-05-27,Unhali,651.2,260.0,1500.0,1000.0
Maharashtra,Newasa(Ghodegaon) APMC,Onion,2026-05-27,Unhali,624.8,300.0,1500.0,1000.0
Maharashtra,Paithan APMC,Onion,2026-05-27,Unhali,157.3,150.0,1200.0,850.0
Maharashtra,Parner APMC,Onion,2026-05-27,Unhali,808.8,200.0,1800.0,1200.0
Maharashtra,Pathardi APMC,Onion,2026-05-27,Red,47.6,100.0,1300.0,700.0
Maharashtra,Pimpalgaon Baswant APMC,Onion,2026-05-27,Unhali,2633.0,350.0,2213.0,1550.0
Maharashtra,Pimpalgaon Baswant(Saykheda) APMC,Onion,2026-05-27,Unhali,201.8,450.0,1300.0,1050.0
Maharashtra,Pune APMC,Onion,2026-05-27,Local,677.3,600.0,1600.0,1100.0
Maharashtra,Pune(Manjri) APMC,Onion,2026-05-27,Local,9.6,800.0,1500.0,1100.0
Maharashtra,Pune(Pimpri) APMC,Onion,2026-05-27,Local,0.6,1000.0,1200.0,1100.0
Maharashtra,SHRI.SIDDHESHWAR  APMC,Onion,2026-05-27,Red,1587.5,100.0,3000.0,1200.0
Maharashtra,Sakri APMC,Onion,2026-05-27,Unhali,419.0,500.0,1100.0,900.0
Maharashtra,Sangamner APMC,Onion,2026-05-27,Unhali,620.2,200.0,1700.0,950.0
Maharashtra,"Sangli(Phale, Bhajipala Market) APMC",Onion,2026-05-27,Local,253.3,400.0,1800.0,1100.0
Maharashtra,Satana APMC,Onion,2026-05-27,Unhali,1036.5,100.0,1830.0,1170.0
Maharashtra,Satara APMC,Onion,2026-05-27,Other,14.0,700.0,1300.0,1000.0
Maharashtra,Shivsiddha Govind Producer Company Ltd Sanchalit Khajgi Krushi Utpann Bajar Samati-Abhona-Kalwan,Onion,2026-05-27,Other,999.58,300.0,2150.0,1470.0
Maharashtra,Umrane APMC,Onion,2026-05-27,Unhali,1460.0,500.0,1612.0,1100.0
Maharashtra,Vadgaonpeth APMC,Onion,2026-05-27,Local,26.0,900.0,1300.0,1200.0
Maharashtra,Vaduj APMC,Onion,2026-05-27,Local,5.5,200.0,1800.0,800.0
Maharashtra,Yeola APMC,Onion,2026-05-27,Unhali,400.0,200.0,1426.0,901.0
Maharashtra,Ahilyanagar APMC,Onion,2026-05-28,Unhali,2366.3,150.0,1500.0,950.0
Maharashtra,Bhusaval APMC,Onion,2026-05-28,Unhali,4.3,500.0,1000.0,800.0
Maharashtra,Chattrapati Sambhajinagar APMC,Onion,2026-05-28,Other,279.1,400.0,1200.0,800.0
Maharashtra,Dharashiv APMC,Onion,2026-05-28,Red,0.9,700.0,1200.0,950.0
Maharashtra,Dindori(Vani) APMC,Onion,2026-05-28,Unhali,658.9,851.0,2011.0,1475.0
Maharashtra,Jamkhed APMC,Onion,2026-05-28,Local,69.7,100.0,1000.0,550.0
Maharashtra,Kalvan APMC,Onion,2026-05-28,Unhali,1495.0,300.0,1850.0,1101.0
Maharashtra,Kamthi APMC,Onion,2026-05-28,Local,3.8,1520.0,2020.0,1770.0
Maharashtra,Kopargaon APMC,Onion,2026-05-28,Unhali,622.0,200.0,1499.0,1050.0
Maharashtra,Kurdwadi(Modnimb) APMC,Onion,2026-05-28,Red,5.3,150.0,825.0,500.0
Maharashtra,Lasalgaon APMC,Onion,2026-05-28,Unhali,1212.6,700.0,1751.0,1350.0
Maharashtra,Lasalgaon(Niphad) APMC,Onion,2026-05-28,Unhali,457.5,500.0,1500.0,1350.0
Maharashtra,Lasalgaon(Vinchur) APMC,Onion,2026-05-28,Unhali,926.1,500.0,1800.0,1325.0
Maharashtra,"Laxmi-Sopan Agriculture Produce Marketing Co Ltd, Barshi, Dist Solapur",Onion,2026-05-28,Other,84.0,500.0,1200.0,900.0
Maharashtra,Lonand APMC,Onion,2026-05-28,Unhali,85.5,600.0,1751.0,1200.0
Maharashtra,Manchar APMC,Onion,2026-05-28,Other,585.1,1100.0,1850.0,1480.0
Maharashtra,Mangal Wedha APMC,Onion,2026-05-28,Local,0.8,700.0,1050.0,1000.0
Maharashtra,Manmad APMC,Onion,2026-05-28,Unhali,200.0,300.0,1358.0,1000.0
Maharashtra,Nampur APMC,Onion,2026-05-28,Unhali,744.8,150.0,1555.0,900.0
Maharashtra,Nandgaon APMC,Onion,2026-05-28,Unhali,284.4,151.0,1376.0,1050.0
Maharashtra,Nasik APMC,Onion,2026-05-28,Unhali,354.6,350.0,1501.0,900.0
Maharashtra,Newasa APMC,Onion,2026-05-28,Unhali,276.2,300.0,1505.0,1100.0
Maharashtra,Paithan APMC,Onion,2026-05-28,Unhali,28.3,150.0,1080.0,750.0
Maharashtra,Paranda APMC,Onion,2026-05-28,Red,149.0,200.0,1100.0,650.0
Maharashtra,Pimpalgaon Baswant APMC,Onion,2026-05-28,Unhali,2830.9,300.0,2112.0,1450.0
Maharashtra,Pimpalgaon Baswant(Saykheda) APMC,Onion,2026-05-28,Unhali,88.2,600.0,1368.0,1100.0
Maharashtra,Pune APMC,Onion,2026-05-28,Local,715.0,500.0,1600.0,1050.0
Maharashtra,Pune(Khadiki) APMC,Onion,2026-05-28,Local,0.9,700.0,1000.0,850.0
Maharashtra,Pune(Manjri) APMC,Onion,2026-05-28,Local,10.4,900.0,1500.0,1100.0
Maharashtra,Pune(Moshi) APMC,Onion,2026-05-28,Local,96.1,500.0,1200.0,850.0
Maharashtra,Pune(Pimpri) APMC,Onion,2026-05-28,Local,1.1,500.0,1400.0,950.0
Maharashtra,Rahuri(Vambori) APMC,Onion,2026-05-28,Unhali,277.9,100.0,1800.0,900.0
Maharashtra,Sangamner APMC,Onion,2026-05-28,Unhali,590.1,200.0,1700.0,950.0
Maharashtra,Shevgaon APMC,Onion,2026-05-28,1st Sort,130.0,1200.0,1800.0,1400.0
Maharashtra,Shevgaon APMC,Onion,2026-05-28,2nd Sort,140.0,700.0,1100.0,900.0
Maharashtra,Shevgaon APMC,Onion,2026-05-28,Other,159.0,200.0,600.0,450.0
Maharashtra,Shivsiddha Govind Producer Company Ltd Sanchalit Khajgi Krushi Utpann Bajar Samati-Abhona-Kalwan,Onion,2026-05-28,Other,1594.43,300.0,2201.0,1470.0
Maharashtra,Sinner APMC,Onion,2026-05-28,Unhali,186.6,300.0,1280.0,1000.0
Maharashtra,Vadgaonpeth APMC,Onion,2026-05-28,Local,26.0,1000.0,1400.0,1200.0
Maharashtra,Vaduj APMC,Onion,2026-05-28,Local,3.5,200.0,1800.0,900.0
Maharashtra,Vai APMC,Onion,2026-05-28,Local,2.2,700.0,1200.0,900.0
Maharashtra,Vaijpur APMC,Onion,2026-05-28,Unhali,555.9,200.0,1200.0,900.0
Maharashtra,Vita APMC,Onion,2026-05-28,Other,4.0,1000.0,1600.0,1300.0
Maharashtra,AGRICULTURE PRODUCE MARKET COMITEE CHANDWAD,Onion,2026-05-29,Unhali,1363.5,155.0,1845.0,1100.0
Maharashtra,Akola APMC,Onion,2026-05-29,Other,63.9,470.0,1300.0,800.0
Maharashtra,Amrawati(Frui & Veg. Market) APMC,Onion,2026-05-29,Local,46.8,600.0,1300.0,950.0
Maharashtra,Bhusaval APMC,Onion,2026-05-29,Unhali,4.8,500.0,1000.0,800.0
Maharashtra,Devala APMC,Onion,2026-05-29,Unhali,753.9,400.0,1605.0,1200.0
Maharashtra,Dharashiv APMC,Onion,2026-05-29,Red,2.1,550.0,1400.0,975.0
Maharashtra,Dhule APMC,Onion,2026-05-29,Red,39.5,300.0,1300.0,880.0
Maharashtra,Dindori(Vani) APMC,Onion,2026-05-29,Unhali,1058.6,821.0,2076.0,1470.0
Maharashtra,Jalgaon APMC,Onion,2026-05-29,Red,19.6,400.0,1200.0,800.0
Maharashtra,Junnar(Narayangaon) APMC,Onion,2026-05-29,Chinchwad,3.2,200.0,1200.0,700.0
Maharashtra,Kalvan APMC,Onion,2026-05-29,Unhali,1035.0,300.0,1855.0,1111.0
Maharashtra,Kamthi APMC,Onion,2026-05-29,Local,0.2,1530.0,2030.0,1780.0
Maharashtra,Khed(Chakan) APMC,Onion,2026-05-29,Other,15.0,800.0,1500.0,1200.0
Maharashtra,Kolhapur APMC,Onion,2026-05-29,Other,538.8,500.0,2000.0,1200.0
Maharashtra,Kopargaon APMC,Onion,2026-05-29,Unhali,532.0,300.0,1500.0,1125.0
Maharashtra,Lasalgaon APMC,Onion,2026-05-29,Unhali,1436.2,500.0,1792.0,1350.0
Maharashtra,Lasalgaon(Niphad) APMC,Onion,2026-05-29,Unhali,361.5,400.0,1400.0,1225.0
Maharashtra,Lasalgaon(Vinchur) APMC,Onion,2026-05-29,Unhali,1078.5,500.0,1620.0,1300.0
Maharashtra,Lasur Station APMC,Onion,2026-05-29,Other,1249.0,100.0,1381.0,675.0
Maharashtra,"Laxmi-Sopan Agriculture Produce Marketing Co Ltd, Barshi, Dist Solapur",Onion,2026-05-29,Other,95.4,500.0,1400.0,1000.0
Maharashtra,Mangal Wedha APMC,Onion,2026-05-29,Local,6.1,200.0,1410.0,1000.0
Maharashtra,Manmad APMC,Onion,2026-05-29,Unhali,598.7,220.0,1500.0,1250.0
Maharashtra,Mumbai-Onion & Potato Market APMC,Onion,2026-05-29,Other,1351.3,600.0,1700.0,1150.0
Maharashtra,Nampur APMC,Onion,2026-05-29,Unhali,790.4,205.0,1640.0,1000.0
Maharashtra,Nasik APMC,Onion,2026-05-29,Unhali,366.0,320.0,1450.0,851.0
Maharashtra,"Omchatinya Multi State Agro Purpose Co-Op Society, Dist Ahilyanagar",Onion,2026-05-29,Other,94.65,100.0,2100.0,900.0
Maharashtra,Paithan APMC,Onion,2026-05-29,Unhali,87.2,200.0,1500.0,1000.0
Maharashtra,Parner APMC,Onion,2026-05-29,Unhali,652.7,300.0,2000.0,1250.0
Maharashtra,Pimpalgaon Baswant APMC,Onion,2026-05-29,Unhali,2611.7,300.0,2376.0,1400.0
Maharashtra,Pimpalgaon Baswant(Saykheda) APMC,Onion,2026-05-29,Unhali,234.2,500.0,1351.0,1045.0
Maharashtra,Pune APMC,Onion,2026-05-29,Local,796.3,500.0,1700.0,1100.0
Maharashtra,Pune(Manjri) APMC,Onion,2026-05-29,Local,12.2,800.0,1500.0,1100.0
Maharashtra,Pune(Moshi) APMC,Onion,2026-05-29,Local,48.6,600.0,1000.0,800.0
Maharashtra,Pune(Pimpri) APMC,Onion,2026-05-29,Local,1.8,800.0,1400.0,1100.0
Maharashtra,Rahata APMC,Onion,2026-05-29,Unhali,235.1,400.0,1900.0,1200.0
Maharashtra,Rahuri APMC,Onion,2026-05-29,Other,1319.5,100.0,1805.0,952.0
Maharashtra,Sakri APMC,Onion,2026-05-29,Unhali,170.0,500.0,1070.0,900.0
Maharashtra,Sangamner APMC,Onion,2026-05-29,Unhali,719.2,200.0,1700.0,950.0
Maharashtra,"Sangli(Phale, Bhajipala Market) APMC",Onion,2026-05-29,Local,367.2,500.0,1800.0,1150.0
Maharashtra,Shrirampur APMC,Onion,2026-05-29,Red,214.6,350.0,1450.0,1000.0
Maharashtra,Sinner APMC,Onion,2026-05-29,Unhali,186.8,300.0,1270.0,1000.0
Maharashtra,Umrane APMC,Onion,2026-05-29,Unhali,1550.0,800.0,1801.0,1300.0
Maharashtra,Vadgaonpeth APMC,Onion,2026-05-29,Local,32.0,1100.0,1500.0,1300.0
Maharashtra,Vai APMC,Onion,2026-05-29,Local,10.0,700.0,1400.0,1000.0
Maharashtra,Vaijpur APMC,Onion,2026-05-29,Unhali,695.5,300.0,1600.0,1050.0
Maharashtra,Yeola APMC,Onion,2026-05-29,Unhali,600.4,101.0,1360.0,950.0
Maharashtra,AGRICULTURE PRODUCE MARKET COMITEE CHANDWAD,Onion,2026-05-30,Unhali,533.5,100.0,1735.0,1080.0
Maharashtra,Akola APMC,Onion,2026-05-30,Other,18.3,400.0,1300.0,800.0
Maharashtra,Amrawati(Frui & Veg. Market) APMC,Onion,2026-05-30,Local,51.9,400.0,1200.0,800.0
Maharashtra,Bhusaval APMC,Onion,2026-05-30,Unhali,0.7,500.0,1000.0,800.0
Maharashtra,Chattrapati Sambhajinagar APMC,Onion,2026-05-30,Other,514.4,200.0,900.0,550.0
Maharashtra,Dharashiv APMC,Onion,2026-05-30,Red,1.9,1200.0,1300.0,1250.0
Maharashtra,Dhule APMC,Onion,2026-05-30,Red,96.7,300.0,1300.0,880.0
Maharashtra,Jalgaon APMC,Onion,2026-05-30,Red,54.2,400.0,1312.0,850.0
Maharashtra,Jamkhed APMC,Onion,2026-05-30,Local,79.1,100.0,1500.0,800.0
Maharashtra,Junnar(Alephata) APMC,Onion,2026-05-30,Chinchwad,945.0,1000.0,2000.0,1300.0
Maharashtra,Junnar(Narayangaon) APMC,Onion,2026-05-30,Chinchwad,6.8,300.0,1600.0,850.0
Maharashtra,Kolhapur APMC,Onion,2026-05-30,Other,498.0,500.0,2200.0,1200.0
Maharashtra,Kopargaon APMC,Onion,2026-05-30,Unhali,708.0,300.0,1500.0,1150.0
Maharashtra,Lasalgaon(Niphad) APMC,Onion,2026-05-30,Unhali,360.0,400.0,1450.0,1250.0
Maharashtra,Lasalgaon(Vinchur) APMC,Onion,2026-05-30,Unhali,654.0,500.0,1700.0,1300.0
Maharashtra,Lasur Station APMC,Onion,2026-05-30,Other,1303.0,100.0,1500.0,800.0
Maharashtra,Mangal Wedha APMC,Onion,2026-05-30,Local,1.7,750.0,1450.0,1220.0
Maharashtra,Manmad APMC,Onion,2026-05-30,Unhali,200.0,300.0,1501.0,1300.0
Maharashtra,Mumbai-Onion & Potato Market APMC,Onion,2026-05-30,Other,1124.5,700.0,1800.0,1250.0
Maharashtra,Nagpur APMC,Onion,2026-05-30,Red,55.0,1000.0,1500.0,1375.0
Maharashtra,Nagpur APMC,Onion,2026-05-30,White,57.0,1200.0,1600.0,1500.0
Maharashtra,Nasik APMC,Onion,2026-05-30,Unhali,350.5,400.0,1751.0,1250.0
Maharashtra,Newasa(Ghodegaon) APMC,Onion,2026-05-30,Unhali,1328.1,300.0,1700.0,1100.0
Maharashtra,Paithan APMC,Onion,2026-05-30,Unhali,11.3,205.0,820.0,650.0
Maharashtra,Pimpalgaon Baswant APMC,Onion,2026-05-30,Unhali,2100.0,300.0,2141.0,1400.0
Maharashtra,Pimpalgaon Baswant(Saykheda) APMC,Onion,2026-05-30,Unhali,248.0,475.0,1350.0,1100.0
Maharashtra,Pune(Khadiki) APMC,Onion,2026-05-30,Local,1.5,700.0,1100.0,900.0
Maharashtra,Pune(Manjri) APMC,Onion,2026-05-30,Local,9.7,800.0,2000.0,1200.0
Maharashtra,Pune(Moshi) APMC,Onion,2026-05-30,Local,63.8,600.0,1000.0,800.0
Maharashtra,Pune(Pimpri) APMC,Onion,2026-05-30,Local,0.4,1200.0,1200.0,1200.0
Maharashtra,Rahuri(Vambori) APMC,Onion,2026-05-30,Unhali,422.9,100.0,1800.0,1000.0
Maharashtra,Ramtek APMC,Onion,2026-05-30,Unhali,1.9,800.0,1000.0,900.0
Maharashtra,SHRI.SIDDHESHWAR  APMC,Onion,2026-05-30,Red,2686.8,100.0,2900.0,1100.0
Maharashtra,"Sangli(Phale, Bhajipala Market) APMC",Onion,2026-05-30,Local,309.2,500.0,1850.0,1175.0
Maharashtra,Satara APMC,Onion,2026-05-30,Other,15.5,700.0,1300.0,1000.0
Maharashtra,Shevgaon APMC,Onion,2026-05-30,1st Sort,93.0,1400.0,2000.0,1750.0
Maharashtra,Shevgaon APMC,Onion,2026-05-30,2nd Sort,59.0,800.0,1300.0,1100.0
Maharashtra,Shevgaon APMC,Onion,2026-05-30,Other,74.0,200.0,700.0,450.0
Maharashtra,Shivsiddha Govind Producer Company Ltd Sanchalit Khajgi Krushi Utpann Bajar Samati-Abhona-Kalwan,Onion,2026-05-30,Other,1671.64,300.0,2200.0,1490.0
Maharashtra,"Shree Sairaj Krushi Market, Dist Ahilyanagar",Onion,2026-05-30,Local,129.08,200.0,1800.0,1000.0
Maharashtra,Vadgaonpeth APMC,Onion,2026-05-30,Local,25.0,1100.0,1400.0,1200.0
Maharashtra,Vaduj APMC,Onion,2026-05-30,Local,11.0,500.0,1700.0,1100.0
Maharashtra,Vaijpur APMC,Onion,2026-05-30,Unhali,923.7,300.0,1500.0,1050.0
Maharashtra,Vita APMC,Onion,2026-05-30,Other,4.0,1000.0,1800.0,1500.0
Maharashtra,Yeola APMC,Onion,2026-05-30,Unhali,500.0,180.0,1367.0,1000.0
Maharashtra,Akluj APMC,Onion,2026-05-31,Other,31.8,200.0,1500.0,800.0
Maharashtra,Akole APMC,Onion,2026-05-31,Unhali,285.2,200.0,1701.0,1301.0
Maharashtra,Amrawati(Frui & Veg. Market) APMC,Onion,2026-05-31,Local,44.9,500.0,1300.0,900.0
Maharashtra,Chattrapati Sambhajinagar APMC,Onion,2026-05-31,Other,430.7,300.0,1300.0,800.0
Maharashtra,Dharashiv APMC,Onion,2026-05-31,Red,8.8,500.0,1800.0,1150.0
Maharashtra,Junnar APMC,Onion,2026-05-31,Chinchwad,323.1,300.0,2010.0,1300.0
Maharashtra,Junnar(Otur) APMC,Onion,2026-05-31,Unhali,699.0,600.0,2000.0,1300.0
Maharashtra,Kada APMC,Onion,2026-05-31,Unhali,1493.0,200.0,2000.0,1500.0
Maharashtra,Kamthi APMC,Onion,2026-05-31,Local,2.0,1520.0,2020.0,1770.0
Maharashtra,Karad APMC,Onion,2026-05-31,Halva,15.0,200.0,1500.0,1500.0
Maharashtra,Karjat(Rashin) APMC,Onion,2026-05-31,Local,1.1,800.0,800.0,800.0
Maharashtra,Khed(Chakan) APMC,Onion,2026-05-31,Other,20.0,800.0,1600.0,1200.0
Maharashtra,Manchar APMC,Onion,2026-05-31,Other,620.7,700.0,2210.0,1460.0
Maharashtra,Mangal Wedha APMC,Onion,2026-05-31,Local,1.6,1200.0,1600.0,1250.0
Maharashtra,"Omchatinya Multi State Agro Purpose Co-Op Society, Dist Ahilyanagar",Onion,2026-05-31,Red,126.02,150.0,2100.0,1100.0
Maharashtra,Paithan APMC,Onion,2026-05-31,Unhali,164.7,200.0,1900.0,1200.0
Maharashtra,Paranda APMC,Onion,2026-05-31,Red,170.0,250.0,1100.0,800.0
Maharashtra,Parner APMC,Onion,2026-05-31,Unhali,928.3,500.0,2100.0,1300.0
Maharashtra,Pune(Khadiki) APMC,Onion,2026-05-31,Local,1.2,600.0,1100.0,850.0
Maharashtra,Pune(Manjri) APMC,Onion,2026-05-31,Local,9.9,700.0,1500.0,1300.0
Maharashtra,Pune(Moshi) APMC,Onion,2026-05-31,Local,64.8,800.0,1000.0,900.0
Maharashtra,Pune(Pimpri) APMC,Onion,2026-05-31,Local,3.9,700.0,1400.0,1050.0
Maharashtra,Rahata APMC,Onion,2026-05-31,Other,266.0,250.0,2100.0,1200.0
Maharashtra,Rahuri APMC,Onion,2026-05-31,Other,1105.8,100.0,1900.0,1000.0
Maharashtra,Ramtek APMC,Onion,2026-05-31,Unhali,4.2,1000.0,1500.0,1300.0
Maharashtra,Satara APMC,Onion,2026-05-31,Other,26.7,500.0,1900.0,1200.0
Maharashtra,Shrigonda APMC,Onion,2026-05-31,Other,12.7,200.0,800.0,500.0
Maharashtra,Vaduj APMC,Onion,2026-05-31,Local,11.0,500.0,1800.0,1000.0
Maharashtra,Vai APMC,Onion,2026-05-31,Local,2.5,700.0,1400.0,1200.0
Maharashtra,AGRICULTURE PRODUCE MARKET COMITEE CHANDWAD,Onion,2026-06-01,Unhali,1233.0,100.0,2051.0,1460.0
Maharashtra,Ahilyanagar APMC,Onion,2026-06-01,Unhali,3676.0,200.0,1750.0,1050.0
Maharashtra,Akola APMC,Onion,2026-06-01,Other,58.0,400.0,1600.0,1000.0
Maharashtra,Amrawati(Frui & Veg. Market) APMC,Onion,2026-06-01,Local,37.8,400.0,1400.0,900.0
Maharashtra,Bhusaval APMC,Onion,2026-06-01,Unhali,7.4,500.0,1000.0,800.0
Maharashtra,Chandrapur(Ganjwad) APMC,Onion,2026-06-01,Other,66.0,1500.0,2000.0,1800.0
Maharashtra,Chattrapati Sambhajinagar APMC,Onion,2026-06-01,Other,297.5,200.0,1300.0,750.0
Maharashtra,Devala APMC,Onion,2026-06-01,Unhali,865.7,500.0,1810.0,1350.0
Maharashtra,Dhule APMC,Onion,2026-06-01,Red,21.8,400.0,1400.0,900.0
Maharashtra,Dindori APMC,Onion,2026-06-01,Unhali,129.5,951.0,1800.0,1400.0
Maharashtra,Dindori(Vani) APMC,Onion,2026-06-01,Unhali,756.7,901.0,2151.0,1401.0
Maharashtra,Gangapur APMC,Onion,2026-06-01,Unhali,959.8,150.0,1600.0,1000.0
Maharashtra,Gevrai APMC,Onion,2026-06-01,Red,10.3,400.0,1400.0,700.0
Maharashtra,HINGNA - APMC,Onion,2026-06-01,Red,2.8,900.0,1500.0,1220.0
Maharashtra,Jalgaon APMC,Onion,2026-06-01,Red,50.8,400.0,1350.0,875.0
Maharashtra,Junnar(Narayangaon) APMC,Onion,2026-06-01,Chinchwad,3.2,300.0,1300.0,750.0
Maharashtra,Kalvan APMC,Onion,2026-06-01,Unhali,1950.0,400.0,2001.0,1151.0
Maharashtra,Kamthi APMC,Onion,2026-06-01,Local,1.6,1520.0,2020.0,1770.0
Maharashtra,Kolhapur APMC,Onion,2026-06-01,Other,552.1,500.0,2300.0,1200.0
Maharashtra,Kopargaon APMC,Onion,2026-06-01,Unhali,442.0,300.0,1501.0,1125.0
Maharashtra,Kurdwadi(Modnimb) APMC,Onion,2026-06-01,Red,16.8,200.0,1200.0,800.0
Maharashtra,Lasalgaon APMC,Onion,2026-06-01,Unhali,1395.0,700.0,1900.0,1400.0
Maharashtra,Lasalgaon(Niphad) APMC,Onion,2026-06-01,Unhali,436.0,400.0,1556.0,1341.0
Maharashtra,Lasalgaon(Vinchur) APMC,Onion,2026-06-01,Unhali,971.7,500.0,1620.0,1325.0
Maharashtra,Lasur Station APMC,Onion,2026-06-01,Other,1310.0,100.0,1601.0,975.0
Maharashtra,"Laxmi-Sopan Agriculture Produce Marketing Co Ltd, Barshi, Dist Solapur",Onion,2026-06-01,Other,160.0,500.0,1600.0,1100.0
Maharashtra,Lonand APMC,Onion,2026-06-01,Unhali,45.5,500.0,1700.0,1250.0
Maharashtra,"Malharshree Khajgi Krushi Utpann Bajar, Chandanpuri Tal Malegaon, Nashik",Onion,2026-06-01,Other,107.6,312.0,1455.0,1161.0
Maharashtra,Mangal Wedha APMC,Onion,2026-06-01,Local,8.4,400.0,1650.0,1400.0
Maharashtra,Manmad APMC,Onion,2026-06-01,Unhali,574.8,300.0,1700.0,1400.0
Maharashtra,Mumbai-Onion & Potato Market APMC,Onion,2026-06-01,Other,1378.2,600.0,1700.0,1150.0
Maharashtra,Nagpur APMC,Onion,2026-06-01,Red,154.0,1000.0,1500.0,1375.0
Maharashtra,Nagpur APMC,Onion,2026-06-01,White,154.0,1000.0,1800.0,1600.0
Maharashtra,Nampur APMC,Onion,2026-06-01,Unhali,1198.4,250.0,1770.0,1200.0
Maharashtra,Nandgaon APMC,Onion,2026-06-01,Unhali,1646.4,200.0,1651.0,1150.0
Maharashtra,Nasik APMC,Onion,2026-06-01,Unhali,524.5,450.0,2000.0,1400.0
Maharashtra,Newasa(Ghodegaon) APMC,Onion,2026-06-01,Unhali,1938.9,300.0,1700.0,1200.0
Maharashtra,Paranda APMC,Onion,2026-06-01,Red,155.0,500.0,1500.0,1000.0
Maharashtra,Pimpalgaon Baswant APMC,Onion,2026-06-01,Unhali,2693.4,400.0,2599.0,1650.0
Maharashtra,Pimpalgaon Baswant(Saykheda) APMC,Onion,2026-06-01,Unhali,273.9,500.0,1362.0,1050.0
Maharashtra,Pune APMC,Onion,2026-06-01,Local,844.7,600.0,1900.0,1250.0
Maharashtra,Pune(Khadiki) APMC,Onion,2026-06-01,Local,1.1,700.0,1100.0,900.0
Maharashtra,Pune(Manjri) APMC,Onion,2026-06-01,Local,9.5,800.0,2000.0,1500.0
Maharashtra,Pune(Moshi) APMC,Onion,2026-06-01,Local,57.3,600.0,1300.0,950.0
Maharashtra,Pune(Pimpri) APMC,Onion,2026-06-01,Local,1.7,800.0,1500.0,1150.0
Maharashtra,Rahuri(Vambori) APMC,Onion,2026-06-01,Unhali,654.2,100.0,1800.0,1000.0
Maharashtra,SHRI.SIDDHESHWAR  APMC,Onion,2026-06-01,Red,2261.7,100.0,3000.0,1100.0
Maharashtra,Sakri APMC,Onion,2026-06-01,Unhali,1115.0,500.0,1670.0,1100.0
Maharashtra,Sangamner APMC,Onion,2026-06-01,Unhali,819.3,200.0,1951.0,1075.0
Maharashtra,"Sangli(Phale, Bhajipala Market) APMC",Onion,2026-06-01,Local,329.8,500.0,2000.0,1250.0
Maharashtra,Satana APMC,Onion,2026-06-01,Unhali,1170.5,200.0,2200.0,1250.0
Maharashtra,Satara APMC,Onion,2026-06-01,Other,17.9,1000.0,1900.0,1500.0
Maharashtra,Shevgaon APMC,Onion,2026-06-01,1st Sort,153.0,1400.0,2100.0,1700.0
Maharashtra,Shevgaon APMC,Onion,2026-06-01,2nd Sort,153.0,900.0,1300.0,1050.0
Maharashtra,Shevgaon APMC,Onion,2026-06-01,Other,85.6,300.0,800.0,525.0
Maharashtra,Shivsiddha Govind Producer Company Ltd Sanchalit Khajgi Krushi Utpann Bajar Samati-Abhona-Kalwan,Onion,2026-06-01,Other,1878.04,300.0,2325.0,1510.0
Maharashtra,Shrigonda APMC,Onion,2026-06-01,Other,9.5,300.0,1250.0,1000.0
Maharashtra,Sinner APMC,Onion,2026-06-01,Unhali,165.7,300.0,1351.0,1100.0
Maharashtra,Umrane APMC,Onion,2026-06-01,Unhali,1950.0,800.0,1818.0,1400.0
Maharashtra,Vaduj APMC,Onion,2026-06-01,Local,5.0,400.0,2000.0,1500.0
Maharashtra,Vaijpur APMC,Onion,2026-06-01,Unhali,1019.6,300.0,1600.0,1200.0
Maharashtra,Vita APMC,Onion,2026-06-01,Other,4.0,1500.0,1800.0,1600.0
Maharashtra,Yeola APMC,Onion,2026-06-01,Unhali,740.5,227.0,1500.0,1125.0
Maharashtra,AGRICULTURE PRODUCE MARKET COMITEE CHANDWAD,Onion,2026-06-02,Unhali,1310.2,215.0,1870.0,1510.0
Maharashtra,Akola APMC,Onion,2026-06-02,Other,22.5,400.0,1600.0,700.0
Maharashtra,Akole APMC,Onion,2026-06-02,Unhali,239.0,200.0,1811.0,1351.0
Maharashtra,Amrawati(Frui & Veg. Market) APMC,Onion,2026-06-02,Local,31.8,400.0,1300.0,850.0
Maharashtra,Bhusaval APMC,Onion,2026-06-02,Unhali,8.0,500.0,1000.0,800.0
Maharashtra,Chandrapur(Ganjwad) APMC,Onion,2026-06-02,Other,71.0,1600.0,2000.0,1800.0
Maharashtra,Chattrapati Sambhajinagar APMC,Onion,2026-06-02,Other,314.6,400.0,1500.0,950.0
Maharashtra,Devala APMC,Onion,2026-06-02,Unhali,824.1,500.0,1615.0,1300.0
Maharashtra,Dharashiv APMC,Onion,2026-06-02,Red,8.5,500.0,1550.0,1025.0
Maharashtra,Dhule APMC,Onion,2026-06-02,Red,164.0,400.0,1400.0,900.0
Maharashtra,Dindori APMC,Onion,2026-06-02,Unhali,162.9,1000.0,1650.0,1400.0
Maharashtra,Dindori(Vani) APMC,Onion,2026-06-02,Unhali,756.7,1000.0,1650.0,1400.0
Maharashtra,Gangapur APMC,Onion,2026-06-02,Unhali,872.5,150.0,1600.0,900.0
Maharashtra,HINGNA - APMC,Onion,2026-06-02,Red,0.6,1200.0,1500.0,1350.0
Maharashtra,Jalgaon APMC,Onion,2026-06-02,Red,41.5,350.0,1300.0,825.0
Maharashtra,Jamkhed APMC,Onion,2026-06-02,Local,97.1,100.0,1700.0,900.0
Maharashtra,Kalvan APMC,Onion,2026-06-02,Unhali,1870.0,500.0,2001.0,1200.0
Maharashtra,Kamthi APMC,Onion,2026-06-02,Local,1.3,1570.0,2070.0,1820.0
Maharashtra,Karad APMC,Onion,2026-06-02,Halva,17.4,700.0,1300.0,1300.0
Maharashtra,Khed(Chakan) APMC,Onion,2026-06-02,Other,20.0,800.0,1600.0,1200.0
Maharashtra,Kolhapur APMC,Onion,2026-06-02,Other,576.6,500.0,2100.0,1100.0
Maharashtra,Kopargaon APMC,Onion,2026-06-02,Unhali,770.0,600.0,1751.0,1250.0
Maharashtra,Lasalgaon APMC,Onion,2026-06-02,Unhali,1302.8,600.0,1871.0,1425.0
Maharashtra,Lasalgaon(Niphad) APMC,Onion,2026-06-02,Unhali,457.5,500.0,1652.0,1500.0
Maharashtra,Lasalgaon(Vinchur) APMC,Onion,2026-06-02,Unhali,957.5,500.0,1721.0,1400.0
Maharashtra,Lasur Station APMC,Onion,2026-06-02,Other,1450.0,200.0,1550.0,950.0
Maharashtra,Malkapur APMC,Onion,2026-06-02,Local,114.9,350.0,1120.0,600.0
Maharashtra,Manchar APMC,Onion,2026-06-02,Other,639.1,1000.0,2210.0,1625.0
Maharashtra,Manmad APMC,Onion,2026-06-02,Unhali,593.7,300.0,1701.0,1450.0
Maharashtra,Mumbai-Onion & Potato Market APMC,Onion,2026-06-02,Other,857.8,900.0,1900.0,1400.0
Maharashtra,Nagpur APMC,Onion,2026-06-02,Red,203.0,1000.0,1600.0,1450.0
Maharashtra,Nagpur APMC,Onion,2026-06-02,White,203.0,1000.0,1800.0,1600.0
Maharashtra,Nampur APMC,Onion,2026-06-02,Unhali,768.0,250.0,1800.0,1200.0
Maharashtra,Nandgaon APMC,Onion,2026-06-02,Unhali,1488.2,101.0,1651.0,1250.0
Maharashtra,Nasik APMC,Onion,2026-06-02,Unhali,492.0,400.0,1701.0,1300.0
Maharashtra,Newasa APMC,Onion,2026-06-02,Unhali,407.9,300.0,1550.0,1200.0
Maharashtra,"Omchatinya Multi State Agro Purpose Co-Op Society, Dist Ahilyanagar",Onion,2026-06-02,Other,158.9,100.0,2100.0,1100.0
Maharashtra,Phaltan APMC,Onion,2026-06-02,Hybrid,153.3,400.0,2000.0,1200.0
Maharashtra,Pimpalgaon Baswant APMC,Onion,2026-06-02,Unhali,2703.0,450.0,2426.0,1650.0
Maharashtra,Pimpalgaon Baswant(Saykheda) APMC,Onion,2026-06-02,Unhali,204.4,591.0,1580.0,1250.0
Maharashtra,Pune APMC,Onion,2026-06-02,Local,1255.1,600.0,1800.0,1200.0
Maharashtra,Pune(Khadiki) APMC,Onion,2026-06-02,Local,1.2,700.0,1100.0,900.0
Maharashtra,Pune(Manjri) APMC,Onion,2026-06-02,Local,14.2,700.0,1800.0,1400.0
Maharashtra,Pune(Moshi) APMC,Onion,2026-06-02,Local,78.2,500.0,1400.0,950.0
Maharashtra,Pune(Pimpri) APMC,Onion,2026-06-02,Local,0.5,1400.0,1600.0,1500.0
Maharashtra,Rahuri APMC,Onion,2026-06-02,Other,1911.9,100.0,2205.0,1150.0
Maharashtra,Ramtek APMC,Onion,2026-06-02,Unhali,1.2,1100.0,1500.0,1300.0
Maharashtra,SHRI.SIDDHESHWAR  APMC,Onion,2026-06-02,Red,27.9,100.0,3000.0,1000.0
Maharashtra,Sakri APMC,Onion,2026-06-02,Unhali,1007.0,500.0,1655.0,1100.0
Maharashtra,Sangamner APMC,Onion,2026-06-02,Unhali,699.0,200.0,2011.0,1105.0
Maharashtra,"Sangli(Phale, Bhajipala Market) APMC",Onion,2026-06-02,Local,283.0,500.0,1800.0,1150.0
Maharashtra,Satana APMC,Onion,2026-06-02,Unhali,1404.8,200.0,2285.0,1365.0
Maharashtra,Satara APMC,Onion,2026-06-02,Other,30.8,500.0,1900.0,1200.0
Maharashtra,Shivsiddha Govind Producer Company Ltd Sanchalit Khajgi Krushi Utpann Bajar Samati-Abhona-Kalwan,Onion,2026-06-02,Other,1626.11,300.0,2305.0,1490.0
Maharashtra,Sinner APMC,Onion,2026-06-02,Unhali,166.8,400.0,1410.0,1250.0
Maharashtra,Umrane APMC,Onion,2026-06-02,Unhali,1550.0,800.0,1785.0,1300.0
Maharashtra,Vaduj APMC,Onion,2026-06-02,Local,5.0,500.0,2200.0,1500.0
Maharashtra,Vaijpur APMC,Onion,2026-06-02,Unhali,1047.7,300.0,1500.0,1100.0
Maharashtra,Akluj APMC,Onion,2026-06-03,Other,46.8,200.0,1400.0,900.0
Maharashtra,Akola APMC,Onion,2026-06-03,Other,28.5,400.0,1400.0,800.0
Maharashtra,Amrawati(Frui & Veg. Market) APMC,Onion,2026-06-03,Local,40.9,400.0,1400.0,900.0
Maharashtra,Barshi APMC,Onion,2026-06-03,Other,24.0,150.0,950.0,640.0
Maharashtra,Bhusaval APMC,Onion,2026-06-03,Unhali,2.2,500.0,1000.0,800.0
Maharashtra,Chandrapur(Ganjwad) APMC,Onion,2026-06-03,Other,79.0,1600.0,2100.0,1900.0
Maharashtra,Chattrapati Sambhajinagar APMC,Onion,2026-06-03,Other,321.0,500.0,1400.0,950.0
Maharashtra,Devala APMC,Onion,2026-06-03,Unhali,776.7,500.0,1755.0,1350.0
Maharashtra,Dhule APMC,Onion,2026-06-03,Red,31.0,500.0,1400.0,1050.0
Maharashtra,Dindori APMC,Onion,2026-06-03,Unhali,95.2,1000.0,1750.0,1450.0
Maharashtra,Dindori(Vani) APMC,Onion,2026-06-03,Unhali,780.5,1211.0,2502.0,1751.0
Maharashtra,Gangapur APMC,Onion,2026-06-03,Unhali,853.3,150.0,1510.0,960.0
Maharashtra,HINGNA - APMC,Onion,2026-06-03,Red,3.9,800.0,1600.0,1160.0
Maharashtra,Jalgaon APMC,Onion,2026-06-03,Red,38.2,400.0,1400.0,900.0
Maharashtra,Kamthi APMC,Onion,2026-06-03,Local,0.6,1520.0,2020.0,1770.0
Maharashtra,Karad APMC,Onion,2026-06-03,Halva,15.0,500.0,2000.0,2000.0
Maharashtra,Khed(Chakan) APMC,Onion,2026-06-03,Other,100.0,1000.0,1700.0,1300.0
Maharashtra,Kolhapur APMC,Onion,2026-06-03,Other,300.4,500.0,2300.0,1200.0
Maharashtra,Kopargaon APMC,Onion,2026-06-03,Unhali,852.0,500.0,1603.0,1225.0
Maharashtra,Lasalgaon APMC,Onion,2026-06-03,Unhali,1433.6,700.0,1852.0,1470.0
Maharashtra,Lasalgaon(Niphad) APMC,Onion,2026-06-03,Unhali,346.0,500.0,1602.0,1450.0
Maharashtra,Lasalgaon(Vinchur) APMC,Onion,2026-06-03,Unhali,1118.7,500.0,1700.0,1400.0
Maharashtra,Lasur Station APMC,Onion,2026-06-03,Other,1650.0,100.0,1485.0,875.0
Maharashtra,"Laxmi-Sopan Agriculture Produce Marketing Co Ltd, Barshi, Dist Solapur",Onion,2026-06-03,Other,140.9,500.0,1800.0,1200.0
Maharashtra,Mangal Wedha APMC,Onion,2026-06-03,Local,15.1,400.0,1640.0,1400.0
Maharashtra,Manmad APMC,Onion,2026-06-03,Unhali,757.6,150.0,2511.0,1500.0
Maharashtra,Mumbai-Onion & Potato Market APMC,Onion,2026-06-03,Other,974.8,1000.0,1900.0,1450.0
Maharashtra,Nagpur APMC,Onion,2026-06-03,Red,210.0,1000.0,1600.0,1450.0
Maharashtra,Nagpur APMC,Onion,2026-06-03,White,210.0,1600.0,2000.0,1900.0
Maharashtra,Nampur APMC,Onion,2026-06-03,Unhali,1049.4,200.0,1805.0,1300.0
Maharashtra,Nandgaon APMC,Onion,2026-06-03,Unhali,1722.1,100.0,1651.0,1150.0
Maharashtra,Nasik APMC,Onion,2026-06-03,Unhali,534.6,500.0,2001.0,1450.0
Maharashtra,Newasa(Ghodegaon) APMC,Onion,2026-06-03,Unhali,2939.4,300.0,1800.0,1200.0
Maharashtra,Paithan APMC,Onion,2026-06-03,Unhali,377.3,250.0,1850.0,1400.0
Maharashtra,Paranda APMC,Onion,2026-06-03,Red,210.0,500.0,1500.0,750.0
Maharashtra,Parner APMC,Onion,2026-06-03,Unhali,1240.6,300.0,2000.0,1200.0
Maharashtra,Pimpalgaon Baswant APMC,Onion,2026-06-03,Unhali,2836.5,400.0,2600.0,1700.0
Maharashtra,Pimpalgaon Baswant(Saykheda) APMC,Onion,2026-06-03,Unhali,280.7,580.0,1800.0,1275.0
Maharashtra,Pune APMC,Onion,2026-06-03,Local,990.9,500.0,1900.0,1200.0
Maharashtra,Pune(Khadiki) APMC,Onion,2026-06-03,Local,1.2,700.0,1100.0,900.0
Maharashtra,Pune(Manjri) APMC,Onion,2026-06-03,Local,14.6,800.0,1700.0,1300.0
Maharashtra,Pune(Pimpri) APMC,Onion,2026-06-03,Local,1.3,800.0,1500.0,1150.0
Maharashtra,Ramtek APMC,Onion,2026-06-03,Unhali,1.5,800.0,1000.0,900.0
Maharashtra,SHRI.SIDDHESHWAR  APMC,Onion,2026-06-03,Red,25.7,100.0,3000.0,1100.0
Maharashtra,Sakri APMC,Onion,2026-06-03,Unhali,940.0,400.0,1605.0,1150.0
Maharashtra,Sangamner APMC,Onion,2026-06-03,Unhali,661.9,200.0,2011.0,1105.0
Maharashtra,"Sangli(Phale, Bhajipala Market) APMC",Onion,2026-06-03,Local,408.0,500.0,2050.0,1275.0
Maharashtra,Satana APMC,Onion,2026-06-03,Unhali,1077.0,150.0,2080.0,1230.0
Maharashtra,Shirpur APMC,Onion,2026-06-03,Red,35.5,250.0,1600.0,1200.0
Maharashtra,Shirpur APMC,Onion,2026-06-03,White,0.5,900.0,900.0,900.0
Maharashtra,Shivsiddha Govind Producer Company Ltd Sanchalit Khajgi Krushi Utpann Bajar Samati-Abhona-Kalwan,Onion,2026-06-03,Other,1324.58,200.0,2325.0,1480.0
Maharashtra,Shrirampur APMC,Onion,2026-06-03,Unhali,604.6,600.0,1800.0,1250.0
Maharashtra,Sinner APMC,Onion,2026-06-03,Unhali,134.9,400.0,1600.0,1350.0
Maharashtra,Umrane APMC,Onion,2026-06-03,Unhali,1650.0,800.0,1785.0,1300.0
Maharashtra,Vadgaonpeth APMC,Onion,2026-06-03,Local,31.0,1100.0,1400.0,1300.0
Maharashtra,Vaduj APMC,Onion,2026-06-03,Local,7.0,500.0,2200.0,1500.0
Maharashtra,Vai APMC,Onion,2026-06-03,Local,2.0,700.0,1700.0,1200.0
Maharashtra,Vaijpur APMC,Onion,2026-06-03,Unhali,1235.7,300.0,1356.0,1050.0
Maharashtra,Yeola APMC,Onion,2026-06-03,Unhali,851.4,250.0,1545.0,1200.0
Maharashtra,AGRICULTURE PRODUCE MARKET COMITEE CHANDWAD,Onion,2026-06-04,Unhali,1243.6,100.0,2100.0,1580.0
Maharashtra,Ahilyanagar APMC,Onion,2026-06-04,Unhali,5325.8,200.0,1700.0,1000.0
Maharashtra,Akola APMC,Onion,2026-06-04,Other,35.0,400.0,1500.0,900.0
Maharashtra,Akole APMC,Onion,2026-06-04,Unhali,243.6,250.0,1925.0,1401.0
Maharashtra,Barshi APMC,Onion,2026-06-04,Other,15.6,200.0,950.0,600.0
Maharashtra,Chattrapati Sambhajinagar APMC,Onion,2026-06-04,Other,814.7,400.0,1600.0,1000.0
Maharashtra,Devala APMC,Onion,2026-06-04,Unhali,871.2,600.0,1765.0,1400.0
Maharashtra,Dharashiv APMC,Onion,2026-06-04,Red,5.7,850.0,1600.0,1225.0
Maharashtra,Dhule APMC,Onion,2026-06-04,Red,164.3,400.0,1230.0,830.0
Maharashtra,Dindori APMC,Onion,2026-06-04,Unhali,102.2,1100.0,2003.0,1500.0
Maharashtra,Dindori(Vani) APMC,Onion,2026-06-04,Unhali,695.3,1000.0,1950.0,1450.0
Maharashtra,Gangapur APMC,Onion,2026-06-04,Unhali,753.0,150.0,1580.0,900.0
Maharashtra,Gevrai APMC,Onion,2026-06-04,Red,4.5,400.0,725.0,500.0
Maharashtra,HINGNA - APMC,Onion,2026-06-04,Red,1.6,1000.0,1000.0,1000.0
Maharashtra,Jalgaon APMC,Onion,2026-06-04,Red,41.7,400.0,1627.0,1000.0
Maharashtra,Jamkhed APMC,Onion,2026-06-04,Local,104.7,100.0,1650.0,875.0
Maharashtra,Junnar APMC,Onion,2026-06-04,Chinchwad,331.0,400.0,2110.0,1400.0
Maharashtra,Junnar(Narayangaon) APMC,Onion,2026-06-04,Chinchwad,5.4,300.0,2300.0,1300.0
Maharashtra,Junnar(Otur) APMC,Onion,2026-06-04,Unhali,646.9,800.0,2210.0,1900.0
Maharashtra,Kalyan APMC,Onion,2026-06-04,1st Sort,0.3,1800.0,2000.0,1900.0
Maharashtra,Karad APMC,Onion,2026-06-04,Halva,15.0,300.0,2000.0,2000.0
Maharashtra,Khed(Chakan) APMC,Onion,2026-06-04,Other,17.5,1000.0,1600.0,1300.0
Maharashtra,Kolhapur APMC,Onion,2026-06-04,Other,493.5,500.0,2000.0,1100.0
Maharashtra,Kopargaon APMC,Onion,2026-06-04,Unhali,874.0,350.0,1520.0,1210.0
Maharashtra,Kurdwadi(Modnimb) APMC,Onion,2026-06-04,Red,6.4,100.0,1200.0,700.0
Maharashtra,Lasalgaon APMC,Onion,2026-06-04,Unhali,1431.0,700.0,1926.0,1500.0
Maharashtra,Lasalgaon(Niphad) APMC,Onion,2026-06-04,Unhali,574.5,600.0,1712.0,1500.0
Maharashtra,Lasalgaon(Vinchur) APMC,Onion,2026-06-04,Unhali,1002.0,500.0,2001.0,1450.0
Maharashtra,Lasur Station APMC,Onion,2026-06-04,Other,1250.0,100.0,1502.0,875.0
Maharashtra,Lonand APMC,Onion,2026-06-04,Unhali,120.5,450.0,1711.0,1250.0
Maharashtra,"Malharshree Khajgi Krushi Utpann Bajar, Chandanpuri Tal Malegaon, Nashik",Onion,2026-06-04,Other,87.8,278.0,1351.0,1088.0
Maharashtra,Malkapur APMC,Onion,2026-06-04,Local,75.0,600.0,1200.0,800.0
Maharashtra,Manchar APMC,Onion,2026-06-04,Other,959.7,1400.0,2000.0,1700.0
Maharashtra,Manmad APMC,Onion,2026-06-04,Unhali,731.1,200.0,1700.0,1450.0
Maharashtra,Mumbai-Onion & Potato Market APMC,Onion,2026-06-04,Other,961.9,1000.0,2000.0,1500.0
Maharashtra,Nagpur APMC,Onion,2026-06-04,Red,168.0,1000.0,1600.0,1450.0
Maharashtra,Nagpur APMC,Onion,2026-06-04,White,168.0,1600.0,2200.0,2050.0
Maharashtra,Nampur APMC,Onion,2026-06-04,Unhali,1100.9,290.0,1700.0,1300.0
Maharashtra,Nandgaon APMC,Onion,2026-06-04,Unhali,1417.1,111.0,1570.0,1150.0
Maharashtra,Nasik APMC,Onion,2026-06-04,Unhali,447.0,450.0,1950.0,1400.0
Maharashtra,Newasa APMC,Onion,2026-06-04,Unhali,300.0,300.0,1600.0,1200.0
Maharashtra,Paithan APMC,Onion,2026-06-04,Unhali,44.1,240.0,1400.0,1020.0
Maharashtra,Paranda APMC,Onion,2026-06-04,Red,192.5,500.0,1500.0,750.0
Maharashtra,Pimpalgaon Baswant APMC,Onion,2026-06-04,Unhali,2959.2,400.0,2451.0,1650.0
Maharashtra,Pimpalgaon Baswant(Saykheda) APMC,Onion,2026-06-04,Unhali,185.1,700.0,1552.0,1225.0
Maharashtra,Pune APMC,Onion,2026-06-04,Local,1175.5,600.0,1800.0,1200.0
Maharashtra,Pune(Khadiki) APMC,Onion,2026-06-04,Local,1.2,700.0,1100.0,900.0
Maharashtra,Pune(Manjri) APMC,Onion,2026-06-04,Local,13.8,1100.0,1700.0,1500.0
Maharashtra,Pune(Moshi) APMC,Onion,2026-06-04,Local,131.3,600.0,1400.0,1000.0
Maharashtra,Pune(Pimpri) APMC,Onion,2026-06-04,Local,0.6,1400.0,1400.0,1400.0
Maharashtra,Rahuri(Vambori) APMC,Onion,2026-06-04,Unhali,1092.5,200.0,1800.0,1000.0
Maharashtra,Ramtek APMC,Onion,2026-06-04,Unhali,2.7,1000.0,1500.0,1300.0
Maharashtra,SHRI.SIDDHESHWAR  APMC,Onion,2026-06-04,Red,2767.1,100.0,2800.0,1000.0
Maharashtra,Sakri APMC,Onion,2026-06-04,Unhali,1181.0,600.0,1450.0,1000.0
Maharashtra,Sangamner APMC,Onion,2026-06-04,Unhali,825.8,200.0,2011.0,1105.0
Maharashtra,"Sangli(Phale, Bhajipala Market) APMC",Onion,2026-06-04,Local,195.1,400.0,2000.0,1200.0
Maharashtra,Satana APMC,Onion,2026-06-04,Unhali,1215.0,160.0,2030.0,1175.0
Maharashtra,Satara APMC,Onion,2026-06-04,Other,51.8,500.0,1900.0,1200.0
Maharashtra,Shevgaon APMC,Onion,2026-06-04,1st Sort,210.5,1400.0,1800.0,1550.0
Maharashtra,Shevgaon APMC,Onion,2026-06-04,2nd Sort,212.4,900.0,1300.0,1050.0
Maharashtra,Shevgaon APMC,Onion,2026-06-04,Other,156.6,200.0,800.0,550.0
Maharashtra,Shivsiddha Govind Producer Company Ltd Sanchalit Khajgi Krushi Utpann Bajar Samati-Abhona-Kalwan,Onion,2026-06-04,Other,1315.53,300.0,2500.0,1520.0
Maharashtra,Sinner APMC,Onion,2026-06-04,Unhali,219.8,400.0,1525.0,1300.0
Maharashtra,Vadgaonpeth APMC,Onion,2026-06-04,Local,27.0,1200.0,1500.0,1300.0
Maharashtra,Vaduj APMC,Onion,2026-06-04,Local,5.0,500.0,2200.0,1500.0
Maharashtra,Vai APMC,Onion,2026-06-04,Local,2.0,700.0,1800.0,1400.0
Maharashtra,Vaijpur APMC,Onion,2026-06-04,Unhali,1038.1,300.0,1700.0,1150.0
Maharashtra,Vita APMC,Onion,2026-06-04,Other,5.0,1500.0,2000.0,1800.0
Maharashtra,Yeola APMC,Onion,2026-06-04,Unhali,605.5,270.0,1520.0,1150.0
Maharashtra,AGRICULTURE PRODUCE MARKET COMITEE CHANDWAD,Onion,2026-06-05,Unhali,1516.6,120.0,2010.0,1550.0
Maharashtra,Akola APMC,Onion,2026-06-05,Other,41.0,400.0,1600.0,900.0
Maharashtra,Amrawati(Frui & Veg. Market) APMC,Onion,2026-06-05,Local,39.0,500.0,2100.0,1300.0
Maharashtra,Bhusaval APMC,Onion,2026-06-05,Unhali,2.9,500.0,1000.0,800.0
Maharashtra,Devala APMC,Onion,2026-06-05,Unhali,790.8,500.0,1800.0,1350.0
Maharashtra,Dharashiv APMC,Onion,2026-06-05,Red,2.8,825.0,1800.0,1310.0
Maharashtra,Dhule APMC,Onion,2026-06-05,Red,155.7,400.0,1540.0,1020.0
Maharashtra,Dindori APMC,Onion,2026-06-05,Unhali,114.2,1100.0,1870.0,1470.0
Maharashtra,Dindori(Vani) APMC,Onion,2026-06-05,Unhali,799.4,1251.0,2500.0,1761.0
Maharashtra,Gangapur APMC,Onion,2026-06-05,Unhali,808.0,125.0,1600.0,900.0
Maharashtra,HINGNA - APMC,Onion,2026-06-05,Red,0.8,1000.0,1000.0,1000.0
Maharashtra,Jalgaon APMC,Onion,2026-06-05,Red,55.6,412.0,1625.0,1025.0
Maharashtra,Junnar(Alephata) APMC,Onion,2026-06-05,Chinchwad,794.2,800.0,1900.0,1200.0
Maharashtra,Junnar(Narayangaon) APMC,Onion,2026-06-05,Chinchwad,5.6,400.0,2000.0,1000.0
Maharashtra,Kalvan APMC,Onion,2026-06-05,Unhali,955.0,350.0,2000.0,1251.0
Maharashtra,Kalyan APMC,Onion,2026-06-05,1st Sort,0.3,1300.0,1600.0,1400.0
Maharashtra,Kamthi APMC,Onion,2026-06-05,Local,5.0,1520.0,2020.0,1770.0
Maharashtra,Khed(Chakan) APMC,Onion,2026-06-05,Other,10.0,1000.0,1600.0,1200.0
Maharashtra,Kolhapur APMC,Onion,2026-06-05,Other,446.5,500.0,2000.0,1000.0
Maharashtra,Kopargaon APMC,Onion,2026-06-05,Unhali,700.0,350.0,1576.0,1125.0
Maharashtra,Kurdwadi(Modnimb) APMC,Onion,2026-06-05,Red,2.5,401.0,451.0,425.0
Maharashtra,Lasalgaon APMC,Onion,2026-06-05,Unhali,1554.2,700.0,1925.0,1600.0
Maharashtra,Lasalgaon(Niphad) APMC,Onion,2026-06-05,Unhali,405.5,500.0,1566.0,1400.0
Maharashtra,Lasalgaon(Vinchur) APMC,Onion,2026-06-05,Unhali,1063.7,500.0,1950.0,1500.0
Maharashtra,Lasur Station APMC,Onion,2026-06-05,Other,1020.0,105.0,1650.0,950.0
Maharashtra,"Laxmi-Sopan Agriculture Produce Marketing Co Ltd, Barshi, Dist Solapur",Onion,2026-06-05,Other,75.4,500.0,1500.0,1100.0
Maharashtra,Mangal Wedha APMC,Onion,2026-06-05,Local,14.9,700.0,1750.0,1300.0
Maharashtra,Manmad APMC,Onion,2026-06-05,Unhali,690.9,200.0,1579.0,1250.0
Maharashtra,Mumbai-Onion & Potato Market APMC,Onion,2026-06-05,Other,1192.3,900.0,1900.0,1400.0
Maharashtra,Nampur APMC,Onion,2026-06-05,Unhali,1001.9,200.0,1625.0,1200.0
Maharashtra,Nasik APMC,Onion,2026-06-05,Unhali,543.5,400.0,1800.0,1350.0
Maharashtra,"Omchatinya Multi State Agro Purpose Co-Op Society, Dist Ahilyanagar",Onion,2026-06-05,Other,159.23,100.0,2100.0,1000.0
Maharashtra,Paithan APMC,Onion,2026-06-05,Unhali,358.6,200.0,1800.0,1200.0
Maharashtra,Paranda APMC,Onion,2026-06-05,Red,166.0,300.0,1500.0,850.0
Maharashtra,Parner APMC,Onion,2026-06-05,Unhali,980.6,300.0,2000.0,1175.0
Maharashtra,Pathardi APMC,Onion,2026-06-05,Red,12.7,100.0,1825.0,1250.0
Maharashtra,Pimpalgaon Baswant APMC,Onion,2026-06-05,Unhali,2842.7,400.0,2786.0,1650.0
Maharashtra,Pimpalgaon Baswant(Saykheda) APMC,Onion,2026-06-05,Unhali,349.0,575.0,1651.0,1300.0
Maharashtra,Pune APMC,Onion,2026-06-05,Local,1116.5,600.0,1800.0,1200.0
Maharashtra,Pune(Manjri) APMC,Onion,2026-06-05,Local,10.8,900.0,1700.0,1300.0
Maharashtra,Pune(Moshi) APMC,Onion,2026-06-05,Local,91.4,600.0,1400.0,1000.0
Maharashtra,Pune(Pimpri) APMC,Onion,2026-06-05,Local,0.5,1200.0,1400.0,1300.0
Maharashtra,Rahata APMC,Onion,2026-06-05,Other,647.5,400.0,2000.0,1300.0
Maharashtra,SHRI.SIDDHESHWAR  APMC,Onion,2026-06-05,Red,2283.3,100.0,2600.0,1000.0
Maharashtra,Sakri APMC,Onion,2026-06-05,Unhali,99.0,800.0,1325.0,1200.0
Maharashtra,Sangamner APMC,Onion,2026-06-05,Unhali,905.3,200.0,1900.0,1050.0
Maharashtra,"Sangli(Phale, Bhajipala Market) APMC",Onion,2026-06-05,Local,314.7,500.0,2100.0,900.0
Maharashtra,Satana APMC,Onion,2026-06-05,Unhali,1087.5,160.0,2035.0,1200.0
Maharashtra,Shrirampur APMC,Onion,2026-06-05,Unhali,757.8,600.0,1900.0,1350.0
Maharashtra,Sinner APMC,Onion,2026-06-05,Unhali,292.6,300.0,1629.0,1350.0
Maharashtra,Vadgaonpeth APMC,Onion,2026-06-05,Local,26.0,1200.0,1800.0,1400.0
Maharashtra,Vai APMC,Onion,2026-06-05,Local,2.0,700.0,1800.0,1400.0
Maharashtra,Vaijpur APMC,Onion,2026-06-05,Unhali,1014.6,300.0,1505.0,1100.0
Maharashtra,AGRICULTURE PRODUCE MARKET COMITEE CHANDWAD,Onion,2026-06-06,Unhali,1007.5,200.0,2000.0,1520.0
Maharashtra,Ahilyanagar APMC,Onion,2026-06-06,Unhali,4093.5,200.0,1750.0,1050.0
Maharashtra,Akola APMC,Onion,2026-06-06,Other,29.0,400.0,1600.0,900.0
Maharashtra,Amrawati(Frui & Veg. Market) APMC,Onion,2026-06-06,Local,36.9,600.0,2200.0,1400.0
Maharashtra,Bhusaval APMC,Onion,2026-06-06,Unhali,1.0,500.0,1000.0,800.0
Maharashtra,Chandrapur(Ganjwad) APMC,Onion,2026-06-06,Other,53.0,1600.0,2250.0,2000.0
Maharashtra,Chattrapati Sambhajinagar APMC,Onion,2026-06-06,Other,313.6,275.0,1300.0,788.0
Maharashtra,Dharashiv APMC,Onion,2026-06-06,Red,1.8,1000.0,1800.0,1400.0
Maharashtra,Dhule APMC,Onion,2026-06-06,Red,150.8,400.0,1540.0,1020.0
Maharashtra,Dindori(Vani) APMC,Onion,2026-06-06,Unhali,868.0,1301.0,2501.0,1751.0
Maharashtra,HINGNA - APMC,Onion,2026-06-06,Red,0.1,2000.0,2000.0,2000.0
Maharashtra,Jalgaon APMC,Onion,2026-06-06,Red,56.5,400.0,1575.0,1000.0
Maharashtra,Jamkhed APMC,Onion,2026-06-06,Local,100.7,100.0,1700.0,900.0
Maharashtra,Junnar(Narayangaon) APMC,Onion,2026-06-06,Chinchwad,6.2,400.0,2200.0,1200.0
Maharashtra,Karad APMC,Onion,2026-06-06,Halva,19.8,300.0,1000.0,1000.0
Maharashtra,Khed(Chakan) APMC,Onion,2026-06-06,Other,120.0,1000.0,1700.0,1300.0
Maharashtra,Kolhapur APMC,Onion,2026-06-06,Other,393.6,500.0,2000.0,1100.0
Maharashtra,Kopargaon APMC,Onion,2026-06-06,Unhali,714.0,300.0,1460.0,1100.0
Maharashtra,Lasalgaon APMC,Onion,2026-06-06,Unhali,779.4,751.0,2050.0,1651.0
Maharashtra,Lasalgaon(Niphad) APMC,Onion,2026-06-06,Unhali,312.0,500.0,2200.0,1500.0
Maharashtra,Lasalgaon(Vinchur) APMC,Onion,2026-06-06,Unhali,825.0,500.0,1880.0,1550.0
Maharashtra,Lasur Station APMC,Onion,2026-06-06,Other,1300.0,100.0,1600.0,975.0
Maharashtra,"Laxmi-Sopan Agriculture Produce Marketing Co Ltd, Barshi, Dist Solapur",Onion,2026-06-06,Other,100.4,500.0,1500.0,1100.0
Maharashtra,Mangal Wedha APMC,Onion,2026-06-06,Local,2.0,800.0,1700.0,1500.0
Maharashtra,Manmad APMC,Onion,2026-06-06,Unhali,400.0,300.0,1652.0,1300.0
Maharashtra,Mumbai-Onion & Potato Market APMC,Onion,2026-06-06,Other,1193.0,1000.0,2000.0,1500.0
Maharashtra,Nagpur APMC,Onion,2026-06-06,Red,133.0,1000.0,1600.0,1450.0
Maharashtra,Nagpur APMC,Onion,2026-06-06,White,133.0,1600.0,2200.0,2050.0
Maharashtra,Nasik APMC,Onion,2026-06-06,Unhali,544.0,400.0,1751.0,1320.0
Maharashtra,Newasa(Ghodegaon) APMC,Onion,2026-06-06,Unhali,3368.6,300.0,1700.0,1200.0
Maharashtra,Pimpalgaon Baswant APMC,Onion,2026-06-06,Unhali,2500.0,300.0,2500.0,1651.0
Maharashtra,Pimpalgaon Baswant(Saykheda) APMC,Onion,2026-06-06,Unhali,324.0,700.0,1651.0,1250.0
Maharashtra,Pune(Manjri) APMC,Onion,2026-06-06,Local,16.3,800.0,1700.0,1300.0
Maharashtra,Pune(Moshi) APMC,Onion,2026-06-06,Local,53.5,500.0,1400.0,950.0
Maharashtra,Pune(Pimpri) APMC,Onion,2026-06-06,Local,2.1,1400.0,2200.0,1800.0
Maharashtra,Ramtek APMC,Onion,2026-06-06,Unhali,1.0,1000.0,1500.0,1300.0
Maharashtra,SHRI.SIDDHESHWAR  APMC,Onion,2026-06-06,Red,2260.1,100.0,2800.0,1000.0
Maharashtra,Sakri APMC,Onion,2026-06-06,Unhali,818.0,400.0,1100.0,800.0
Maharashtra,"Sangli(Phale, Bhajipala Market) APMC",Onion,2026-06-06,Local,525.8,500.0,2000.0,1250.0
Maharashtra,Satara APMC,Onion,2026-06-06,Other,19.2,1000.0,1900.0,1500.0
Maharashtra,Shevgaon APMC,Onion,2026-06-06,1st Sort,124.0,1300.0,2000.0,1600.0
Maharashtra,Shevgaon APMC,Onion,2026-06-06,2nd Sort,145.0,800.0,1200.0,1050.0
Maharashtra,Shevgaon APMC,Onion,2026-06-06,Other,118.8,200.0,700.0,450.0
Maharashtra,Shivsiddha Govind Producer Company Ltd Sanchalit Khajgi Krushi Utpann Bajar Samati-Abhona-Kalwan,Onion,2026-06-06,Other,1868.21,300.0,2500.0,1540.0
Maharashtra,Vadgaonpeth APMC,Onion,2026-06-06,Local,28.0,1200.0,2000.0,1400.0
Maharashtra,Vaduj APMC,Onion,2026-06-06,Local,10.0,500.0,1800.0,1200.0
Maharashtra,Vaijpur APMC,Onion,2026-06-06,Unhali,944.9,300.0,1665.0,1150.0
Maharashtra,Yeola APMC,Onion,2026-06-06,Unhali,1000.0,280.0,1561.0,1150.0
Maharashtra,Akluj APMC,Onion,2026-06-07,Other,42.5,300.0,1650.0,950.0
Maharashtra,Akole APMC,Onion,2026-06-07,Unhali,267.4,250.0,1851.0,1401.0
Maharashtra,Amrawati(Frui & Veg. Market) APMC,Onion,2026-06-07,Local,40.8,600.0,1600.0,1100.0
Maharashtra,Bhusaval APMC,Onion,2026-06-07,Unhali,5.8,800.0,1200.0,1000.0
Maharashtra,Chattrapati Sambhajinagar APMC,Onion,2026-06-07,Other,622.3,300.0,1400.0,850.0
Maharashtra,Dharashiv APMC,Onion,2026-06-07,Red,11.2,500.0,2500.0,1500.0
Maharashtra,Junnar(Alephata) APMC,Onion,2026-06-07,Chinchwad,602.7,1000.0,2050.0,1500.0
Maharashtra,Junnar(Narayangaon) APMC,Onion,2026-06-07,Chinchwad,4.2,400.0,1800.0,1100.0
Maharashtra,Junnar(Otur) APMC,Onion,2026-06-07,Unhali,707.0,1000.0,2110.0,1800.0
Maharashtra,Kada APMC,Onion,2026-06-07,Unhali,2445.6,100.0,2000.0,1550.0
Maharashtra,Kamthi APMC,Onion,2026-06-07,Local,0.4,1520.0,2020.0,1770.0
Maharashtra,Khed(Chakan) APMC,Onion,2026-06-07,Other,20.0,1000.0,1600.0,1300.0
Maharashtra,Manchar APMC,Onion,2026-06-07,Other,1077.5,1200.0,2000.0,1600.0
Maharashtra,Mangal Wedha APMC,Onion,2026-06-07,Local,2.0,700.0,1850.0,1550.0
Maharashtra,"Omchatinya Multi State Agro Purpose Co-Op Society, Dist Ahilyanagar",Onion,2026-06-07,Other,142.3,100.0,2200.0,1000.0
Maharashtra,Paithan APMC,Onion,2026-06-07,Unhali,322.3,300.0,1800.0,1300.0
Maharashtra,Parner APMC,Onion,2026-06-07,Unhali,922.6,300.0,2000.0,1150.0
Maharashtra,Pathardi APMC,Onion,2026-06-07,Red,123.0,100.0,1700.0,1000.0
Maharashtra,Pune APMC,Onion,2026-06-07,Local,987.1,500.0,1800.0,1350.0
Maharashtra,Pune(Khadiki) APMC,Onion,2026-06-07,Local,1.8,600.0,1200.0,900.0
Maharashtra,Pune(Manjri) APMC,Onion,2026-06-07,Local,13.5,700.0,1700.0,1400.0
Maharashtra,Pune(Moshi) APMC,Onion,2026-06-07,Local,77.7,600.0,1400.0,1000.0
Maharashtra,Pune(Pimpri) APMC,Onion,2026-06-07,Local,3.1,1200.0,1800.0,1500.0
Maharashtra,Rahata APMC,Onion,2026-06-07,Other,422.2,400.0,2100.0,1200.0
Maharashtra,Rahuri APMC,Onion,2026-06-07,Other,1265.6,100.0,1905.0,1000.0
Maharashtra,Ramtek APMC,Onion,2026-06-07,Unhali,6.5,1000.0,1500.0,1300.0
Maharashtra,Satara APMC,Onion,2026-06-07,Other,23.8,1000.0,1900.0,1500.0
Maharashtra,Vadgaonpeth APMC,Onion,2026-06-07,Local,26.0,1300.0,1800.0,1400.0
Maharashtra,AGRICULTURE PRODUCE MARKET COMITEE CHANDWAD,Onion,2026-06-08,Unhali,1624.6,250.0,2050.0,1240.0
Maharashtra,Ahilyanagar APMC,Onion,2026-06-08,Unhali,4074.3,200.0,1800.0,1050.0
Maharashtra,Akola APMC,Onion,2026-06-08,Other,98.5,400.0,1600.0,900.0
Maharashtra,Amrawati(Frui & Veg. Market) APMC,Onion,2026-06-08,Local,36.9,600.0,1800.0,1200.0
Maharashtra,Barshi APMC,Onion,2026-06-08,Other,8.7,200.0,1200.0,900.0
Maharashtra,Chandrapur(Ganjwad) APMC,Onion,2026-06-08,Other,85.0,1750.0,2250.0,2000.0
Maharashtra,Chattrapati Sambhajinagar APMC,Onion,2026-06-08,Other,290.9,400.0,1400.0,900.0
Maharashtra,Devala APMC,Onion,2026-06-08,Unhali,1050.6,500.0,1690.0,1350.0
Maharashtra,Dindori(Vani) APMC,Onion,2026-06-08,Unhali,704.4,1301.0,2601.0,1751.0
Maharashtra,Gevrai APMC,Onion,2026-06-08,Red,8.0,400.0,1250.0,700.0
Maharashtra,HINGNA - APMC,Onion,2026-06-08,Red,0.6,2000.0,2000.0,2000.0
Maharashtra,Jalgaon APMC,Onion,2026-06-08,Red,45.2,400.0,1640.0,1037.0
Maharashtra,Junnar(Narayangaon) APMC,Onion,2026-06-08,Chinchwad,4.2,300.0,1800.0,1100.0
Maharashtra,Kalvan APMC,Onion,2026-06-08,Unhali,2175.0,300.0,2150.0,1225.0
Maharashtra,Kamthi APMC,Onion,2026-06-08,Local,3.1,1520.0,2020.0,1770.0
Maharashtra,Karad APMC,Onion,2026-06-08,Halva,9.9,500.0,1300.0,1300.0
Maharashtra,Kolhapur APMC,Onion,2026-06-08,Other,606.8,500.0,2100.0,1200.0
Maharashtra,Kopargaon APMC,Onion,2026-06-08,Unhali,402.0,300.0,1422.0,1100.0
Maharashtra,Kurdwadi(Modnimb) APMC,Onion,2026-06-08,Red,5.1,350.0,1026.0,700.0
Maharashtra,Lasalgaon APMC,Onion,2026-06-08,Unhali,1873.8,800.0,2090.0,1651.0
Maharashtra,Lasalgaon(Niphad) APMC,Onion,2026-06-08,Unhali,520.2,500.0,1831.0,1500.0
Maharashtra,Lasalgaon(Vinchur) APMC,Onion,2026-06-08,Unhali,1060.0,500.0,1901.0,1600.0
Maharashtra,Lasur Station APMC,Onion,2026-06-08,Other,1320.0,200.0,1500.0,900.0
Maharashtra,"Laxmi-Sopan Agriculture Produce Marketing Co Ltd, Barshi, Dist Solapur",Onion,2026-06-08,Other,63.7,500.0,1400.0,1000.0
Maharashtra,Mangal Wedha APMC,Onion,2026-06-08,Local,20.8,300.0,1800.0,1400.0
Maharashtra,Manmad APMC,Onion,2026-06-08,Unhali,556.5,225.0,1668.0,1450.0
Maharashtra,Mumbai-Onion & Potato Market APMC,Onion,2026-06-08,Other,1760.5,900.0,1900.0,1400.0
Maharashtra,Nagpur APMC,Onion,2026-06-08,Red,154.0,1500.0,2000.0,1875.0
Maharashtra,Nagpur APMC,Onion,2026-06-08,White,154.0,2000.0,2500.0,2375.0
Maharashtra,Nampur APMC,Onion,2026-06-08,Unhali,1156.0,305.0,1540.0,1100.0
Maharashtra,Nandgaon APMC,Onion,2026-06-08,Unhali,1400.9,100.0,1850.0,1150.0
Maharashtra,Nasik APMC,Onion,2026-06-08,Unhali,528.0,500.0,2001.0,1450.0
Maharashtra,Newasa(Ghodegaon) APMC,Onion,2026-06-08,Unhali,2602.3,300.0,1700.0,1200.0
Maharashtra,Paithan APMC,Onion,2026-06-08,Unhali,40.5,100.0,1350.0,980.0
Maharashtra,Paranda APMC,Onion,2026-06-08,Red,74.0,500.0,1400.0,750.0
Maharashtra,Pimpalgaon Baswant APMC,Onion,2026-06-08,Unhali,3105.0,300.0,2452.0,1600.0
Maharashtra,Pimpalgaon Baswant(Saykheda) APMC,Onion,2026-06-08,Unhali,329.9,500.0,1581.0,1275.0
Maharashtra,Pune APMC,Onion,2026-06-08,Local,750.7,600.0,1900.0,1250.0
Maharashtra,Pune(Manjri) APMC,Onion,2026-06-08,Local,11.0,800.0,1700.0,1400.0
Maharashtra,Pune(Moshi) APMC,Onion,2026-06-08,Local,64.3,500.0,1200.0,850.0
Maharashtra,Pune(Pimpri) APMC,Onion,2026-06-08,Local,1.2,1400.0,1800.0,1600.0
Maharashtra,Rahuri(Vambori) APMC,Onion,2026-06-08,Unhali,828.4,100.0,2000.0,1000.0
Maharashtra,SHRI.SIDDHESHWAR  APMC,Onion,2026-06-08,Red,1649.0,100.0,2700.0,1050.0
Maharashtra,Sakri APMC,Onion,2026-06-08,Unhali,1255.0,500.0,1800.0,1350.0
Maharashtra,Sangamner APMC,Onion,2026-06-08,Unhali,892.2,200.0,2000.0,1100.0
Maharashtra,"Sangli(Phale, Bhajipala Market) APMC",Onion,2026-06-08,Local,369.8,500.0,1800.0,1150.0
Maharashtra,Satana APMC,Onion,2026-06-08,Unhali,1375.0,200.0,2050.0,1310.0
Maharashtra,Satara APMC,Onion,2026-06-08,Other,18.3,1000.0,1900.0,1450.0
Maharashtra,Shevgaon APMC,Onion,2026-06-08,1st Sort,73.0,1300.0,1800.0,1550.0
Maharashtra,Shevgaon APMC,Onion,2026-06-08,2nd Sort,121.2,800.0,1200.0,1050.0
Maharashtra,Shevgaon APMC,Onion,2026-06-08,Other,83.0,200.0,700.0,500.0
Maharashtra,Shivsiddha Govind Producer Company Ltd Sanchalit Khajgi Krushi Utpann Bajar Samati-Abhona-Kalwan,Onion,2026-06-08,Other,2036.7,300.0,2500.0,1505.0
Maharashtra,"Shree Sairaj Krushi Market, Dist Ahilyanagar",Onion,2026-06-08,Local,59.78,150.0,2000.0,1050.0
Maharashtra,Shrirampur APMC,Onion,2026-06-08,Unhali,999.2,600.0,2000.0,1400.0
Maharashtra,Sinner APMC,Onion,2026-06-08,Unhali,234.1,400.0,1499.0,1300.0
Maharashtra,Vaduj APMC,Onion,2026-06-08,Local,5.0,500.0,2000.0,1500.0
Maharashtra,Vaijpur APMC,Onion,2026-06-08,Unhali,949.7,300.0,1515.0,1100.0
Maharashtra,Vita APMC,Onion,2026-06-08,Other,5.0,1400.0,2000.0,1700.0
Maharashtra,Yeola APMC,Onion,2026-06-08,Unhali,771.5,227.0,1540.0,1150.0
Maharashtra,AGRICULTURE PRODUCE MARKET COMITEE CHANDWAD,Onion,2026-06-09,Unhali,1603.5,105.0,1995.0,1450.0
Maharashtra,Akola APMC,Onion,2026-06-09,Other,51.2,400.0,1600.0,900.0
Maharashtra,Akole APMC,Onion,2026-06-09,Unhali,248.3,250.0,1911.0,1501.0
Maharashtra,Amrawati(Frui & Veg. Market) APMC,Onion,2026-06-09,Local,34.8,800.0,2300.0,1550.0
Maharashtra,Barshi APMC,Onion,2026-06-09,Other,14.7,250.0,1150.0,650.0
Maharashtra,Bhusaval APMC,Onion,2026-06-09,Unhali,2.4,800.0,1200.0,1000.0
Maharashtra,Chattrapati Sambhajinagar APMC,Onion,2026-06-09,Other,285.0,350.0,1450.0,900.0
Maharashtra,Devala APMC,Onion,2026-06-09,Unhali,890.9,500.0,1725.0,1350.0
Maharashtra,Dharashiv APMC,Onion,2026-06-09,Red,3.5,800.0,1700.0,1250.0
Maharashtra,Dhule APMC,Onion,2026-06-09,Red,183.0,400.0,1400.0,850.0
Maharashtra,Dindori APMC,Onion,2026-06-09,Unhali,115.7,1100.0,1975.0,1500.0
Maharashtra,Dindori(Vani) APMC,Onion,2026-06-09,Unhali,1037.6,1311.0,2501.0,1773.0
Maharashtra,Gangapur APMC,Onion,2026-06-09,Unhali,707.5,200.0,1600.0,1050.0
Maharashtra,HINGNA - APMC,Onion,2026-06-09,Red,0.6,1400.0,1400.0,1400.0
Maharashtra,Jalgaon APMC,Onion,2026-06-09,Red,45.9,562.0,1500.0,1025.0
Maharashtra,Jamkhed APMC,Onion,2026-06-09,Local,85.1,100.0,1500.0,800.0
Maharashtra,Junnar(Alephata) APMC,Onion,2026-06-09,Chinchwad,635.6,1000.0,2210.0,1450.0
Maharashtra,Kalvan APMC,Onion,2026-06-09,Unhali,1765.0,400.0,2251.0,1250.0
Maharashtra,Kamthi APMC,Onion,2026-06-09,Local,2.0,1520.0,2020.0,1770.0
Maharashtra,Karad APMC,Onion,2026-06-09,Halva,4.8,300.0,1800.0,1800.0
Maharashtra,Karjat APMC,Onion,2026-06-09,Local,0.5,1200.0,1200.0,1200.0
Maharashtra,Khed(Chakan) APMC,Onion,2026-06-09,Other,20.0,1000.0,1600.0,1300.0
Maharashtra,Kolhapur APMC,Onion,2026-06-09,Other,286.0,500.0,2000.0,1100.0
Maharashtra,Kopargaon APMC,Onion,2026-06-09,Unhali,698.0,350.0,1650.0,1200.0
Maharashtra,Lasalgaon APMC,Onion,2026-06-09,Unhali,1863.6,700.0,2085.0,1560.0
Maharashtra,Lasalgaon(Niphad) APMC,Onion,2026-06-09,Unhali,540.0,600.0,1751.0,1550.0
Maharashtra,Lasalgaon(Vinchur) APMC,Onion,2026-06-09,Unhali,635.0,500.0,1930.0,1525.0
Maharashtra,Lasur Station APMC,Onion,2026-06-09,Other,1250.0,200.0,1552.0,900.0
Maharashtra,"Malharshree Khajgi Krushi Utpann Bajar, Chandanpuri Tal Malegaon, Nashik",Onion,2026-06-09,Other,108.6,331.0,1416.0,1047.0
Maharashtra,Malkapur APMC,Onion,2026-06-09,Local,101.0,300.0,1435.0,850.0
Maharashtra,Manmad APMC,Onion,2026-06-09,Unhali,458.8,200.0,1684.0,1450.0
Maharashtra,Mumbai-Onion & Potato Market APMC,Onion,2026-06-09,Other,1052.6,1000.0,2000.0,1500.0
Maharashtra,Nagpur APMC,Onion,2026-06-09,Red,55.0,1500.0,2000.0,1875.0
Maharashtra,Nagpur APMC,Onion,2026-06-09,White,55.0,2000.0,2500.0,2375.0
Maharashtra,Nampur APMC,Onion,2026-06-09,Unhali,130.0,300.0,1500.0,1000.0
Maharashtra,Nandgaon APMC,Onion,2026-06-09,Unhali,1109.3,100.0,1600.0,1150.0
Maharashtra,Nasik APMC,Onion,2026-06-09,Unhali,478.5,450.0,1900.0,1350.0
Maharashtra,"Omchatinya Multi State Agro Purpose Co-Op Society, Dist Ahilyanagar",Onion,2026-06-09,Other,103.31,100.0,2000.0,1050.0
Maharashtra,Paranda APMC,Onion,2026-06-09,Red,125.0,300.0,1100.0,800.0
Maharashtra,Pathardi APMC,Onion,2026-06-09,Red,45.0,300.0,1800.0,1250.0
Maharashtra,Phaltan APMC,Onion,2026-06-09,Hybrid,250.4,300.0,1581.0,1200.0
Maharashtra,Pimpalgaon Baswant APMC,Onion,2026-06-09,Unhali,2567.6,400.0,2400.0,1600.0
Maharashtra,Pimpalgaon Baswant(Saykheda) APMC,Onion,2026-06-09,Unhali,298.4,650.0,1501.0,1201.0
Maharashtra,Pune APMC,Onion,2026-06-09,Local,812.5,500.0,1800.0,1150.0
Maharashtra,Pune(Khadiki) APMC,Onion,2026-06-09,Local,1.3,700.0,1100.0,900.0
Maharashtra,Pune(Manjri) APMC,Onion,2026-06-09,Local,11.4,1100.0,2000.0,1500.0
Maharashtra,Pune(Moshi) APMC,Onion,2026-06-09,Local,58.4,600.0,1400.0,1000.0
Maharashtra,Pune(Pimpri) APMC,Onion,2026-06-09,Local,1.2,600.0,1800.0,1200.0
Maharashtra,Rahuri APMC,Onion,2026-06-09,Other,1748.1,100.0,2125.0,1100.0
Maharashtra,Ramtek APMC,Onion,2026-06-09,Unhali,1.4,1000.0,1500.0,1300.0
Maharashtra,SHRI.SIDDHESHWAR  APMC,Onion,2026-06-09,Red,1408.5,100.0,2900.0,1150.0
Maharashtra,Sakri APMC,Onion,2026-06-09,Unhali,1455.0,500.0,1580.0,1000.0
Maharashtra,Sangamner APMC,Onion,2026-06-09,Unhali,613.7,200.0,2011.0,1100.0
Maharashtra,"Sangli(Phale, Bhajipala Market) APMC",Onion,2026-06-09,Local,133.9,500.0,1600.0,1050.0
Maharashtra,Satana APMC,Onion,2026-06-09,Unhali,1282.5,180.0,1850.0,1220.0
Maharashtra,Satara APMC,Onion,2026-06-09,Other,27.0,1000.0,1900.0,1500.0
Maharashtra,Shivsiddha Govind Producer Company Ltd Sanchalit Khajgi Krushi Utpann Bajar Samati-Abhona-Kalwan,Onion,2026-06-09,Other,1458.01,300.0,2500.0,1510.0
Maharashtra,Sinner APMC,Onion,2026-06-09,Unhali,182.5,300.0,1430.0,1250.0
Maharashtra,Umrane APMC,Onion,2026-06-09,Unhali,1950.0,700.0,1802.0,1200.0
Maharashtra,Vaduj APMC,Onion,2026-06-09,Local,6.0,500.0,2000.0,1200.0
Maharashtra,Vai APMC,Onion,2026-06-09,Local,1.5,700.0,1700.0,1350.0
Maharashtra,Vaijpur APMC,Onion,2026-06-09,Unhali,813.8,300.0,1700.0,1150.0
Maharashtra,AGRICULTURE PRODUCE MARKET COMITEE CHANDWAD,Onion,2026-06-10,Unhali,1408.4,200.0,1780.0,1380.0
Maharashtra,Akola APMC,Onion,2026-06-10,Other,20.7,400.0,1700.0,1200.0
Maharashtra,Amrawati(Frui & Veg. Market) APMC,Onion,2026-06-10,Local,30.9,800.0,2400.0,1600.0
Maharashtra,Barshi APMC,Onion,2026-06-10,Other,14.3,150.0,980.0,640.0
Maharashtra,Bhusaval APMC,Onion,2026-06-10,Unhali,2.9,800.0,1200.0,1000.0
Maharashtra,Chandrapur(Ganjwad) APMC,Onion,2026-06-10,Other,112.0,1800.0,2200.0,2000.0
Maharashtra,Chattrapati Sambhajinagar APMC,Onion,2026-06-10,Other,310.5,300.0,1300.0,800.0
Maharashtra,Devala APMC,Onion,2026-06-10,Unhali,707.6,500.0,1725.0,1350.0
Maharashtra,Dharashiv APMC,Onion,2026-06-10,Red,3.3,600.0,1700.0,1150.0
Maharashtra,Dindori APMC,Onion,2026-06-10,Unhali,122.8,1100.0,1980.0,1550.0
Maharashtra,Dindori(Vani) APMC,Onion,2026-06-10,Unhali,711.3,1250.0,2311.0,1701.0
Maharashtra,Gangapur APMC,Onion,2026-06-10,Unhali,650.0,175.0,1650.0,1100.0
Maharashtra,HINGNA - APMC,Onion,2026-06-10,Red,5.7,500.0,2000.0,1200.0
Maharashtra,Jalgaon APMC,Onion,2026-06-10,Red,48.0,562.0,1500.0,1100.0
Maharashtra,Kalvan APMC,Onion,2026-06-10,Unhali,905.0,350.0,2201.0,1201.0
Maharashtra,Kalyan APMC,Onion,2026-06-10,1st Sort,0.3,1800.0,2000.0,1900.0
Maharashtra,Kalyan APMC,Onion,2026-06-10,2nd Sort,0.3,1500.0,1700.0,1600.0
Maharashtra,Kamthi APMC,Onion,2026-06-10,Local,0.8,1510.0,2010.0,1769.0
Maharashtra,Karad APMC,Onion,2026-06-10,Halva,9.9,1000.0,1800.0,1800.0
Maharashtra,Khed(Chakan) APMC,Onion,2026-06-10,Other,90.0,1000.0,1700.0,1300.0
Maharashtra,Kolhapur APMC,Onion,2026-06-10,Other,583.5,500.0,2200.0,1200.0
Maharashtra,Kopargaon APMC,Onion,2026-06-10,Unhali,706.0,350.0,1700.0,1275.0
Maharashtra,Lasalgaon APMC,Onion,2026-06-10,Unhali,1706.8,600.0,2081.0,1600.0
Maharashtra,Lasalgaon(Niphad) APMC,Onion,2026-06-10,Unhali,484.5,500.0,1551.0,1451.0
Maharashtra,Lasalgaon(Vinchur) APMC,Onion,2026-06-10,Unhali,1050.0,500.0,2011.0,1550.0
Maharashtra,Lasur Station APMC,Onion,2026-06-10,Other,1370.0,100.0,1470.0,800.0
Maharashtra,"Laxmi-Sopan Agriculture Produce Marketing Co Ltd, Barshi, Dist Solapur",Onion,2026-06-10,Other,75.0,500.0,1600.0,1100.0
Maharashtra,"Malharshree Khajgi Krushi Utpann Bajar, Chandanpuri Tal Malegaon, Nashik",Onion,2026-06-10,Other,86.1,241.0,1314.0,955.0
Maharashtra,Mangal Wedha APMC,Onion,2026-06-10,Local,18.2,300.0,1900.0,1400.0
Maharashtra,Manmad APMC,Onion,2026-06-10,Unhali,452.8,200.0,1700.0,1400.0
Maharashtra,Mumbai-Onion & Potato Market APMC,Onion,2026-06-10,Other,1166.4,900.0,1900.0,1400.0
Maharashtra,Nagpur APMC,Onion,2026-06-10,Red,140.0,1200.0,2000.0,1800.0
Maharashtra,Nagpur APMC,Onion,2026-06-10,White,140.0,2000.0,2400.0,2300.0
Maharashtra,Nampur APMC,Onion,2026-06-10,Unhali,686.8,250.0,2000.0,1300.0
Maharashtra,Nandgaon APMC,Onion,2026-06-10,Unhali,1096.5,100.0,1701.0,1050.0
Maharashtra,Nasik APMC,Onion,2026-06-10,Unhali,488.7,450.0,2000.0,1450.0
Maharashtra,Newasa(Ghodegaon) APMC,Onion,2026-06-10,Unhali,3064.7,300.0,1800.0,1200.0
Maharashtra,Paithan APMC,Onion,2026-06-10,Unhali,305.6,200.0,2000.0,1400.0
Maharashtra,Paranda APMC,Onion,2026-06-10,Red,157.5,500.0,1100.0,800.0
Maharashtra,Parner APMC,Onion,2026-06-10,Unhali,840.6,300.0,2000.0,1250.0
Maharashtra,Pathardi APMC,Onion,2026-06-10,Red,70.5,150.0,2100.0,1200.0
Maharashtra,Pimpalgaon Baswant APMC,Onion,2026-06-10,Unhali,2442.0,300.0,2490.0,1611.0
Maharashtra,Pimpalgaon Baswant(Saykheda) APMC,Onion,2026-06-10,Unhali,320.4,625.0,1700.0,1300.0
Maharashtra,Pune APMC,Onion,2026-06-10,Local,1033.3,500.0,1800.0,1150.0
Maharashtra,Pune(Khadiki) APMC,Onion,2026-06-10,Local,1.0,700.0,1000.0,850.0
Maharashtra,Pune(Manjri) APMC,Onion,2026-06-10,Local,15.4,900.0,1700.0,1300.0
Maharashtra,Pune(Pimpri) APMC,Onion,2026-06-10,Local,2.1,800.0,1800.0,1300.0
Maharashtra,Ramtek APMC,Onion,2026-06-10,Unhali,0.8,1000.0,1200.0,1100.0
Maharashtra,SHRI.SIDDHESHWAR  APMC,Onion,2026-06-10,Red,1574.8,100.0,2800.0,1200.0
Maharashtra,Sakri APMC,Onion,2026-06-10,Unhali,1760.0,400.0,1450.0,900.0
Maharashtra,Sangamner APMC,Onion,2026-06-10,Unhali,571.9,200.0,2021.0,1100.0
Maharashtra,"Sangli(Phale, Bhajipala Market) APMC",Onion,2026-06-10,Local,261.0,500.0,1900.0,1200.0
Maharashtra,Satana APMC,Onion,2026-06-10,Unhali,1286.0,100.0,1850.0,1175.0
Maharashtra,Satara APMC,Onion,2026-06-10,Other,9.0,500.0,1900.0,1200.0
Maharashtra,Shirpur APMC,Onion,2026-06-10,Red,36.3,300.0,1700.0,1150.0
Maharashtra,Shivsiddha Govind Producer Company Ltd Sanchalit Khajgi Krushi Utpann Bajar Samati-Abhona-Kalwan,Onion,2026-06-10,Other,1217.42,300.0,2500.0,1525.0
Maharashtra,Shrirampur APMC,Onion,2026-06-10,Unhali,872.7,700.0,2100.0,1550.0
Maharashtra,Sinner APMC,Onion,2026-06-10,Unhali,150.2,300.0,1550.0,1250.0
Maharashtra,Umrane APMC,Onion,2026-06-10,Unhali,1650.0,800.0,1800.0,1100.0
Maharashtra,Vadgaonpeth APMC,Onion,2026-06-10,Local,26.0,1000.0,1700.0,1200.0
Maharashtra,Vaduj APMC,Onion,2026-06-10,Local,6.0,500.0,2000.0,1200.0
Maharashtra,Vai APMC,Onion,2026-06-10,Local,1.5,700.0,1700.0,1000.0
Maharashtra,Vaijpur APMC,Onion,2026-06-10,Unhali,849.2,300.0,1450.0,1050.0
Maharashtra,Yeola APMC,Onion,2026-06-10,Unhali,765.6,300.0,1501.0,1100.0
Maharashtra,AGRICULTURE PRODUCE MARKET COMITEE CHANDWAD,Onion,2026-06-11,Unhali,1060.9,220.0,1790.0,1160.0
Maharashtra,Akola APMC,Onion,2026-06-11,Other,25.0,400.0,1700.0,1100.0
Maharashtra,Akole APMC,Onion,2026-06-11,Unhali,223.3,250.0,2001.0,1501.0
Maharashtra,Bhusaval APMC,Onion,2026-06-11,Unhali,0.5,1000.0,1200.0,1200.0
Maharashtra,Chandrapur(Ganjwad) APMC,Onion,2026-06-11,Other,38.0,1600.0,2500.0,2000.0
Maharashtra,Chattrapati Sambhajinagar APMC,Onion,2026-06-11,Other,657.1,300.0,1400.0,850.0
Maharashtra,Devala APMC,Onion,2026-06-11,Unhali,666.9,500.0,1750.0,1350.0
Maharashtra,Dharashiv APMC,Onion,2026-06-11,Red,4.9,700.0,1800.0,1250.0
Maharashtra,Dhule APMC,Onion,2026-06-11,Red,145.4,350.0,1350.0,850.0
Maharashtra,Dindori APMC,Onion,2026-06-11,Unhali,115.3,1000.0,1781.0,1450.0
Maharashtra,Dindori(Vani) APMC,Onion,2026-06-11,Unhali,742.5,1351.0,2611.0,1801.0
Maharashtra,HINGNA - APMC,Onion,2026-06-11,Red,1.6,1200.0,1200.0,1200.0
Maharashtra,Jalgaon APMC,Onion,2026-06-11,Red,37.4,500.0,1597.0,1037.0
Maharashtra,Jamkhed APMC,Onion,2026-06-11,Local,33.2,100.0,1750.0,925.0
Maharashtra,Junnar APMC,Onion,2026-06-11,Chinchwad,485.7,600.0,1800.0,1400.0
Maharashtra,Junnar(Otur) APMC,Onion,2026-06-11,Unhali,718.9,700.0,2110.0,1800.0
Maharashtra,Kalvan APMC,Onion,2026-06-11,Unhali,2110.0,300.0,2100.0,1250.0
Maharashtra,Kalyan APMC,Onion,2026-06-11,1st Sort,0.3,1800.0,1900.0,1850.0
Maharashtra,Kalyan APMC,Onion,2026-06-11,2nd Sort,0.3,1000.0,1500.0,1250.0
Maharashtra,Kamthi APMC,Onion,2026-06-11,Local,0.8,1510.0,2010.0,1769.0
Maharashtra,Karad APMC,Onion,2026-06-11,Halva,9.9,500.0,1300.0,1300.0
Maharashtra,Karjat APMC,Onion,2026-06-11,Local,28.5,200.0,1500.0,1000.0
Maharashtra,Khed(Chakan) APMC,Onion,2026-06-11,Other,20.0,1000.0,1600.0,1300.0
Maharashtra,Kolhapur APMC,Onion,2026-06-11,Other,336.5,500.0,2100.0,1000.0
Maharashtra,Kopargaon APMC,Onion,2026-06-11,Unhali,780.0,350.0,1561.0,1250.0
Maharashtra,Kurdwadi(Modnimb) APMC,Onion,2026-06-11,Red,7.6,300.0,1211.0,750.0
Maharashtra,Lasalgaon APMC,Onion,2026-06-11,Unhali,1485.2,700.0,2100.0,1551.0
Maharashtra,Lasalgaon(Niphad) APMC,Onion,2026-06-11,Unhali,503.5,600.0,1850.0,1450.0
Maharashtra,Lasalgaon(Vinchur) APMC,Onion,2026-06-11,Unhali,1078.7,500.0,1970.0,1500.0
Maharashtra,Lasur Station APMC,Onion,2026-06-11,Other,1350.0,100.0,1535.0,825.0
Maharashtra,"Laxmi-Sopan Agriculture Produce Marketing Co Ltd, Barshi, Dist Solapur",Onion,2026-06-11,Other,43.0,500.0,1200.0,800.0
Maharashtra,Lonand APMC,Onion,2026-06-11,Unhali,85.0,400.0,1751.0,1150.0
Maharashtra,"Malharshree Khajgi Krushi Utpann Bajar, Chandanpuri Tal Malegaon, Nashik",Onion,2026-06-11,Other,79.8,287.0,1314.0,1065.0
Maharashtra,Malkapur APMC,Onion,2026-06-11,Local,41.5,670.0,1380.0,950.0
Maharashtra,Manchar APMC,Onion,2026-06-11,Other,803.9,1300.0,2110.0,1705.0
Maharashtra,Mangal Wedha APMC,Onion,2026-06-11,Local,2.5,640.0,1500.0,1200.0
Maharashtra,Manmad APMC,Onion,2026-06-11,Unhali,485.1,200.0,1525.0,1300.0
Maharashtra,Mumbai-Onion & Potato Market APMC,Onion,2026-06-11,Other,984.8,900.0,1800.0,1350.0
Maharashtra,Nagpur APMC,Onion,2026-06-11,Red,170.0,1000.0,1800.0,1600.0
Maharashtra,Nagpur APMC,Onion,2026-06-11,White,180.0,2000.0,2200.0,2150.0
Maharashtra,Nampur APMC,Onion,2026-06-11,Unhali,707.5,300.0,1525.0,1300.0
Maharashtra,Nandgaon APMC,Onion,2026-06-11,Unhali,1154.1,160.0,1700.0,1050.0
Maharashtra,Nasik APMC,Onion,2026-06-11,Unhali,394.0,400.0,1901.0,1400.0
Maharashtra,Newasa APMC,Onion,2026-06-11,Unhali,261.1,300.0,1550.0,1200.0
Maharashtra,Paithan APMC,Onion,2026-06-11,Unhali,71.8,210.0,1275.0,900.0
Maharashtra,Pimpalgaon Baswant APMC,Onion,2026-06-11,Unhali,2575.6,300.0,2411.0,1575.0
Maharashtra,Pimpalgaon Baswant(Saykheda) APMC,Onion,2026-06-11,Unhali,174.0,500.0,1441.0,1150.0
Maharashtra,Pune APMC,Onion,2026-06-11,Local,1122.5,600.0,2000.0,1300.0
Maharashtra,Pune(Khadiki) APMC,Onion,2026-06-11,Local,0.9,700.0,1200.0,950.0
Maharashtra,Pune(Manjri) APMC,Onion,2026-06-11,Local,12.5,900.0,1700.0,1300.0
Maharashtra,Pune(Moshi) APMC,Onion,2026-06-11,Local,108.2,600.0,1400.0,1000.0
Maharashtra,Pune(Pimpri) APMC,Onion,2026-06-11,Local,1.1,1000.0,1600.0,1300.0
Maharashtra,Rahata APMC,Onion,2026-06-11,Other,3.2,300.0,1300.0,800.0
Maharashtra,Rahuri(Vambori) APMC,Onion,2026-06-11,Unhali,897.9,100.0,2000.0,1000.0
Maharashtra,Ramtek APMC,Onion,2026-06-11,Unhali,2.6,1000.0,1500.0,1300.0
Maharashtra,SHRI.SIDDHESHWAR  APMC,Onion,2026-06-11,Red,1629.6,100.0,2700.0,1100.0
Maharashtra,Sakri APMC,Onion,2026-06-11,Unhali,1255.0,400.0,1515.0,850.0
Maharashtra,Sangamner APMC,Onion,2026-06-11,Unhali,540.6,200.0,2011.0,1105.0
Maharashtra,"Sangli(Phale, Bhajipala Market) APMC",Onion,2026-06-11,Local,201.8,500.0,1800.0,1150.0
Maharashtra,Satana APMC,Onion,2026-06-11,Unhali,1269.5,200.0,1855.0,1150.0
Maharashtra,Satara APMC,Onion,2026-06-11,Other,32.5,500.0,1900.0,1200.0
Maharashtra,Shevgaon APMC,Onion,2026-06-11,1st Sort,73.0,1300.0,1700.0,1450.0
Maharashtra,Shevgaon APMC,Onion,2026-06-11,2nd Sort,133.0,800.0,1200.0,1050.0
Maharashtra,Shevgaon APMC,Onion,2026-06-11,Other,74.0,200.0,700.0,550.0
Maharashtra,Shivsiddha Govind Producer Company Ltd Sanchalit Khajgi Krushi Utpann Bajar Samati-Abhona-Kalwan,Onion,2026-06-11,Other,1742.79,300.0,2425.0,1525.0
Maharashtra,Sinner APMC,Onion,2026-06-11,Unhali,142.8,300.0,1675.0,1300.0
Maharashtra,Umrane APMC,Onion,2026-06-11,Unhali,1550.0,700.0,1718.0,1200.0
Maharashtra,Vadgaonpeth APMC,Onion,2026-06-11,Local,25.0,1000.0,1700.0,1200.0
Maharashtra,Vaduj APMC,Onion,2026-06-11,Local,5.0,1000.0,2000.0,1500.0
Maharashtra,Vai APMC,Onion,2026-06-11,Local,1.5,700.0,1700.0,1350.0
Maharashtra,Vaijpur APMC,Onion,2026-06-11,Unhali,937.9,300.0,1585.0,1100.0
Maharashtra,Vita APMC,Onion,2026-06-11,Other,3.0,1500.0,2000.0,1700.0
Maharashtra,Yeola APMC,Onion,2026-06-11,Unhali,590.6,300.0,1541.0,1200.0
Maharashtra,AGRICULTURE PRODUCE MARKET COMITEE CHANDWAD,Onion,2026-06-12,Unhali,1044.3,320.0,1860.0,1350.0
Maharashtra,Akluj APMC,Onion,2026-06-12,Other,33.9,200.0,1800.0,1050.0
Maharashtra,Akola APMC,Onion,2026-06-12,Other,22.5,500.0,1700.0,1100.0
Maharashtra,Akole APMC,Onion,2026-06-12,Unhali,223.3,250.0,2001.0,1501.0
Maharashtra,Amrawati(Frui & Veg. Market) APMC,Onion,2026-06-12,Local,36.9,800.0,2400.0,1600.0
Maharashtra,Bhusaval APMC,Onion,2026-06-12,Unhali,3.4,1000.0,1500.0,1200.0
Maharashtra,Devala APMC,Onion,2026-06-12,Unhali,575.6,500.0,1705.0,1350.0
Maharashtra,Dharashiv APMC,Onion,2026-06-12,Red,3.6,400.0,1500.0,950.0
Maharashtra,Dhule APMC,Onion,2026-06-12,Red,80.4,600.0,1400.0,1270.0
Maharashtra,Dindori(Vani) APMC,Onion,2026-06-12,Unhali,88.0,1000.0,1775.0,1450.0
Maharashtra,Gangapur APMC,Onion,2026-06-12,Unhali,1068.3,150.0,1500.0,1000.0
Maharashtra,Junnar(Alephata) APMC,Onion,2026-06-12,Chinchwad,488.7,1000.0,1900.0,1350.0
Maharashtra,Kalvan APMC,Onion,2026-06-12,Unhali,885.0,400.0,1905.0,1225.0
Maharashtra,Kamthi APMC,Onion,2026-06-12,Local,3.9,1530.0,2030.0,1780.0
Maharashtra,Khed(Chakan) APMC,Onion,2026-06-12,Other,10.0,1000.0,1600.0,1300.0
Maharashtra,Kolhapur APMC,Onion,2026-06-12,Other,409.3,500.0,2000.0,1000.0
Maharashtra,Kopargaon APMC,Onion,2026-06-12,Unhali,734.0,350.0,1690.0,1175.0
Maharashtra,Lasalgaon APMC,Onion,2026-06-12,Unhali,1484.8,600.0,2107.0,1500.0
Maharashtra,Lasalgaon(Niphad) APMC,Onion,2026-06-12,Unhali,367.5,500.0,1621.0,1450.0
Maharashtra,Lasalgaon(Vinchur) APMC,Onion,2026-06-12,Unhali,993.2,500.0,2001.0,1450.0
Maharashtra,Lasur Station APMC,Onion,2026-06-12,Other,1209.0,100.0,1481.0,800.0
Maharashtra,Mangal Wedha APMC,Onion,2026-06-12,Local,9.4,200.0,1330.0,1130.0
Maharashtra,Manmad APMC,Onion,2026-06-12,Unhali,372.5,200.0,1435.0,1300.0
Maharashtra,Mumbai-Onion & Potato Market APMC,Onion,2026-06-12,Other,889.2,1000.0,2000.0,1500.0
Maharashtra,Nampur APMC,Onion,2026-06-12,Unhali,704.5,310.0,1770.0,1100.0
Maharashtra,Nasik APMC,Onion,2026-06-12,Unhali,405.6,450.0,1921.0,1430.0
Maharashtra,"Omchatinya Multi State Agro Purpose Co-Op Society, Dist Ahilyanagar",Onion,2026-06-12,Other,116.97,100.0,2100.0,1100.0
Maharashtra,Paithan APMC,Onion,2026-06-12,Unhali,296.9,200.0,2000.0,1500.0
Maharashtra,Parner APMC,Onion,2026-06-12,Unhali,573.0,200.0,2000.0,1225.0
Maharashtra,Pathardi APMC,Onion,2026-06-12,Red,25.8,200.0,1525.0,1000.0
Maharashtra,Pimpalgaon Baswant APMC,Onion,2026-06-12,Unhali,2092.9,300.0,2400.0,1525.0
Maharashtra,Pimpalgaon Baswant(Saykheda) APMC,Onion,2026-06-12,Unhali,256.5,500.0,1400.0,1100.0
Maharashtra,Pune APMC,Onion,2026-06-12,Local,1048.8,500.0,1900.0,1200.0
Maharashtra,Pune(Khadiki) APMC,Onion,2026-06-12,Local,0.6,700.0,1100.0,900.0
Maharashtra,Pune(Manjri) APMC,Onion,2026-06-12,Local,13.4,800.0,1700.0,1300.0
Maharashtra,Pune(Moshi) APMC,Onion,2026-06-12,Local,68.2,500.0,1400.0,950.0
Maharashtra,Pune(Pimpri) APMC,Onion,2026-06-12,Local,0.8,900.0,1600.0,1250.0
Maharashtra,Rahata APMC,Onion,2026-06-12,Other,585.1,300.0,2100.0,1300.0
Maharashtra,Rahuri APMC,Onion,2026-06-12,Other,1896.7,100.0,2205.0,1150.0
Maharashtra,SHRI.SIDDHESHWAR  APMC,Onion,2026-06-12,Red,1648.3,100.0,2600.0,1100.0
Maharashtra,Sakri APMC,Onion,2026-06-12,Unhali,1250.0,300.0,1550.0,950.0
Maharashtra,Sangamner APMC,Onion,2026-06-12,Unhali,638.5,200.0,2000.0,1100.0
Maharashtra,"Sangli(Phale, Bhajipala Market) APMC",Onion,2026-06-12,Local,212.1,400.0,1600.0,1000.0
Maharashtra,Shrirampur APMC,Onion,2026-06-12,Unhali,862.4,600.0,2000.0,1450.0
Maharashtra,Sinner APMC,Onion,2026-06-12,Unhali,231.0,300.0,1450.0,1200.0
Maharashtra,Vadgaonpeth APMC,Onion,2026-06-12,Local,26.0,1100.0,1700.0,1300.0
Maharashtra,Vai APMC,Onion,2026-06-12,Local,1.5,700.0,1800.0,900.0
Maharashtra,Vaijpur APMC,Onion,2026-06-12,Unhali,927.7,300.0,1700.0,1150.0
Maharashtra,Vita APMC,Onion,2026-06-12,Other,2.0,1500.0,2000.0,1800.0
Maharashtra,Yeola APMC,Onion,2026-06-12,Unhali,581.6,375.0,1473.0,1175.0
Maharashtra,Akola APMC,Onion,2026-06-13,Other,30.5,500.0,1700.0,1100.0
Maharashtra,Amrawati(Frui & Veg. Market) APMC,Onion,2026-06-13,Red,39.0,1000.0,2500.0,1750.0
Maharashtra,Bhusaval APMC,Onion,2026-06-13,Unhali,0.5,1000.0,1500.0,1500.0
Maharashtra,Chattrapati Sambhajinagar APMC,Onion,2026-06-13,Other,295.6,500.0,1500.0,1000.0
Maharashtra,Dharashiv APMC,Onion,2026-06-13,Red,0.8,1000.0,1800.0,1400.0
Maharashtra,HINGNA - APMC,Onion,2026-06-13,Red,0.1,1200.0,1200.0,1200.0
Maharashtra,Jamkhed APMC,Onion,2026-06-13,Local,48.1,100.0,1600.0,850.0
Maharashtra,Junnar(Narayangaon) APMC,Onion,2026-06-13,Chinchwad,3.8,400.0,1800.0,1100.0
Maharashtra,Kalvan APMC,Onion,2026-06-13,Unhali,690.0,300.0,2201.0,1275.0
Maharashtra,Karad APMC,Onion,2026-06-13,Halva,15.0,500.0,1300.0,1300.0
Maharashtra,Kolhapur APMC,Onion,2026-06-13,Other,409.9,500.0,2200.0,1200.0
Maharashtra,Kopargaon APMC,Onion,2026-06-13,Unhali,708.0,350.0,1552.0,1150.0
Maharashtra,Lasalgaon APMC,Onion,2026-06-13,Unhali,582.8,600.0,1851.0,1451.0
Maharashtra,Lasalgaon(Niphad) APMC,Onion,2026-06-13,Unhali,382.5,600.0,1653.0,1500.0
Maharashtra,Lasalgaon(Vinchur) APMC,Onion,2026-06-13,Unhali,476.2,500.0,2111.0,1500.0
Maharashtra,Lasur Station APMC,Onion,2026-06-13,Other,1200.0,100.0,1457.0,800.0
Maharashtra,"Laxmi-Sopan Agriculture Produce Marketing Co Ltd, Barshi, Dist Solapur",Onion,2026-06-13,Other,41.8,500.0,1500.0,1200.0
Maharashtra,Mangal Wedha APMC,Onion,2026-06-13,Local,3.9,600.0,1500.0,1300.0
Maharashtra,Manmad APMC,Onion,2026-06-13,Unhali,200.0,300.0,1545.0,1200.0
Maharashtra,Mumbai-Onion & Potato Market APMC,Onion,2026-06-13,Other,1093.1,900.0,1900.0,1400.0
Maharashtra,Nagpur APMC,Onion,2026-06-13,Red,50.0,1000.0,1800.0,1600.0
Maharashtra,Nagpur APMC,Onion,2026-06-13,White,76.0,2200.0,2500.0,2425.0
Maharashtra,Nasik APMC,Onion,2026-06-13,Unhali,341.0,400.0,1812.0,1350.0
Maharashtra,Newasa(Ghodegaon) APMC,Onion,2026-06-13,Unhali,3651.3,300.0,1800.0,1300.0
Maharashtra,Paithan APMC,Onion,2026-06-13,Unhali,55.8,480.0,1275.0,950.0
Maharashtra,Pimpalgaon Baswant APMC,Onion,2026-06-13,Unhali,1800.0,350.0,2351.0,1530.0
Maharashtra,Pune(Manjri) APMC,Onion,2026-06-13,Local,14.4,800.0,1600.0,1300.0
Maharashtra,Pune(Moshi) APMC,Onion,2026-06-13,Local,90.8,600.0,1400.0,1000.0
Maharashtra,Pune(Pimpri) APMC,Onion,2026-06-13,Local,1.0,1400.0,1600.0,1500.0
Maharashtra,Rahuri(Vambori) APMC,Onion,2026-06-13,Unhali,507.4,200.0,1800.0,1000.0
Maharashtra,Ramtek APMC,Onion,2026-06-13,Unhali,0.6,1100.0,1500.0,1300.0
Maharashtra,SHRI.SIDDHESHWAR  APMC,Onion,2026-06-13,Red,1728.7,100.0,2600.0,1050.0
Maharashtra,Sakri APMC,Onion,2026-06-13,Unhali,1260.0,400.0,1475.0,850.0
Maharashtra,"Sangli(Phale, Bhajipala Market) APMC",Onion,2026-06-13,Local,231.9,500.0,1950.0,1225.0
Maharashtra,Satara APMC,Onion,2026-06-13,Other,17.8,1000.0,1900.0,1450.0
Maharashtra,Shevgaon APMC,Onion,2026-06-13,1st Sort,73.0,1200.0,1600.0,1400.0
Maharashtra,Shevgaon APMC,Onion,2026-06-13,2nd Sort,73.0,700.0,1100.0,925.0
Maharashtra,Shevgaon APMC,Onion,2026-06-13,Other,74.0,100.0,600.0,350.0
Maharashtra,Shivsiddha Govind Producer Company Ltd Sanchalit Khajgi Krushi Utpann Bajar Samati-Abhona-Kalwan,Onion,2026-06-13,Other,1219.93,300.0,2455.0,1485.0
Maharashtra,"Shree Sairaj Krushi Market, Dist Ahilyanagar",Onion,2026-06-13,Local,54.64,100.0,2100.0,1100.0
Maharashtra,Vadgaonpeth APMC,Onion,2026-06-13,Local,24.0,1100.0,1500.0,1200.0
Maharashtra,Vaduj APMC,Onion,2026-06-13,Local,2.5,1000.0,1800.0,1500.0
Maharashtra,Vai APMC,Onion,2026-06-13,Local,2.5,1200.0,1700.0,1500.0
Maharashtra,Vaijpur APMC,Onion,2026-06-13,Unhali,22.4,500.0,1200.0,900.0
Maharashtra,Yeola APMC,Onion,2026-06-13,Unhali,500.0,250.0,1611.0,1250.0
Maharashtra,Akluj APMC,Onion,2026-06-14,Other,46.5,200.0,1700.0,900.0
Maharashtra,Akole APMC,Onion,2026-06-14,Unhali,155.6,250.0,1851.0,1451.0
Maharashtra,Amrawati(Frui & Veg. Market) APMC,Onion,2026-06-14,Local,40.8,800.0,2500.0,1650.0
Maharashtra,Bhusaval APMC,Onion,2026-06-14,Unhali,2.8,1000.0,1500.0,1200.0
Maharashtra,Chattrapati Sambhajinagar APMC,Onion,2026-06-14,Other,501.5,300.0,1600.0,950.0
Maharashtra,Dharashiv APMC,Onion,2026-06-14,Red,11.5,700.0,2500.0,1600.0
Maharashtra,Junnar APMC,Onion,2026-06-14,Chinchwad,409.1,300.0,2000.0,1800.0
Maharashtra,Junnar(Alephata) APMC,Onion,2026-06-14,Chinchwad,368.6,1000.0,1910.0,1400.0
Maharashtra,Junnar(Narayangaon) APMC,Onion,2026-06-14,Chinchwad,3.5,300.0,2000.0,1100.0
Maharashtra,Junnar(Otur) APMC,Onion,2026-06-14,Unhali,571.9,600.0,2100.0,1300.0
Maharashtra,Kamthi APMC,Onion,2026-06-14,Local,2.2,1510.0,2010.0,1760.0
Maharashtra,Khed(Chakan) APMC,Onion,2026-06-14,Other,20.0,1000.0,1600.0,1300.0
Maharashtra,Manchar APMC,Onion,2026-06-14,Other,863.0,1200.0,2000.0,1600.0
Maharashtra,Mangal Wedha APMC,Onion,2026-06-14,Local,2.3,800.0,1500.0,1400.0
Maharashtra,Nagpur APMC,Onion,2026-06-14,Red,170.0,1000.0,1800.0,1600.0
Maharashtra,Nagpur APMC,Onion,2026-06-14,White,180.0,2000.0,2200.0,2150.0
Maharashtra,Newasa APMC,Onion,2026-06-14,Unhali,137.3,300.0,1500.0,1200.0
Maharashtra,"Omchatinya Multi State Agro Purpose Co-Op Society, Dist Ahilyanagar",Onion,2026-06-14,Other,52.86,100.0,2000.0,1100.0
Maharashtra,Paithan APMC,Onion,2026-06-14,Unhali,245.1,250.0,1800.0,1300.0
Maharashtra,Paranda APMC,Onion,2026-06-14,Red,93.3,250.0,1500.0,850.0
Maharashtra,Parner APMC,Onion,2026-06-14,Unhali,505.9,300.0,2200.0,1350.0
Maharashtra,Pathardi APMC,Onion,2026-06-14,Red,40.3,150.0,2100.0,1500.0
Maharashtra,Pune(Khadiki) APMC,Onion,2026-06-14,Local,1.6,700.0,1200.0,950.0
Maharashtra,Pune(Manjri) APMC,Onion,2026-06-14,Local,14.4,800.0,1600.0,1300.0
Maharashtra,Pune(Moshi) APMC,Onion,2026-06-14,Local,57.9,500.0,1400.0,950.0
Maharashtra,Pune(Pimpri) APMC,Onion,2026-06-14,Local,2.1,1400.0,2000.0,1700.0
Maharashtra,Rahata APMC,Onion,2026-06-14,Other,427.5,400.0,2100.0,1300.0
Maharashtra,Rahuri APMC,Onion,2026-06-14,Other,781.8,100.0,2200.0,1150.0
Maharashtra,Ramtek APMC,Onion,2026-06-14,Unhali,5.3,1100.0,1500.0,1300.0
Maharashtra,Satara APMC,Onion,2026-06-14,Other,26.0,1000.0,1900.0,1450.0
Maharashtra,Vadgaonpeth APMC,Onion,2026-06-14,Local,27.0,1000.0,1600.0,1300.0
Maharashtra,Vaduj APMC,Onion,2026-06-14,Local,4.0,500.0,1800.0,1200.0
Maharashtra,Vai APMC,Onion,2026-06-14,Local,2.8,1200.0,1700.0,1400.0
Maharashtra,Vita APMC,Onion,2026-06-14,Other,5.0,1500.0,1800.0,1600.0
Maharashtra,Ahilyanagar APMC,Onion,2026-06-15,Unhali,2864.9,200.0,1800.0,1000.0
Maharashtra,Akola APMC,Onion,2026-06-15,Other,120.7,500.0,1900.0,1200.0
Maharashtra,Amrawati(Frui & Veg. Market) APMC,Onion,2026-06-15,Local,46.8,700.0,2400.0,1550.0
Maharashtra,Chattrapati Sambhajinagar APMC,Onion,2026-06-15,Other,301.2,300.0,1600.0,950.0
Maharashtra,Devala APMC,Onion,2026-06-15,Unhali,814.7,500.0,1550.0,1350.0
Maharashtra,Dindori(Vani) APMC,Onion,2026-06-15,Unhali,609.5,1321.0,2561.0,1801.0
Maharashtra,Gangapur APMC,Onion,2026-06-15,Unhali,709.0,200.0,1550.0,1070.0
Maharashtra,HINGNA - APMC,Onion,2026-06-15,Red,1.8,1200.0,2400.0,1614.0
Maharashtra,Jalgaon APMC,Onion,2026-06-15,Red,94.2,500.0,1500.0,1000.0
Maharashtra,Junnar(Narayangaon) APMC,Onion,2026-06-15,Chinchwad,2.2,500.0,2000.0,1500.0
Maharashtra,Kalvan APMC,Onion,2026-06-15,Unhali,1820.0,300.0,2001.0,1275.0
Maharashtra,Kamthi APMC,Onion,2026-06-15,Local,1.2,1520.0,2020.0,1770.0
Maharashtra,Karad APMC,Onion,2026-06-15,Halva,7.5,300.0,1900.0,1900.0
Maharashtra,Kolhapur APMC,Onion,2026-06-15,Other,394.3,500.0,2100.0,1200.0
Maharashtra,Kopargaon APMC,Onion,2026-06-15,Unhali,468.0,350.0,1556.0,1200.0
Maharashtra,Kurdwadi(Modnimb) APMC,Onion,2026-06-15,Red,0.3,840.0,840.0,840.0
Maharashtra,Lasalgaon APMC,Onion,2026-06-15,Unhali,959.4,600.0,2030.0,1500.0
Maharashtra,Lasalgaon(Niphad) APMC,Onion,2026-06-15,Unhali,465.0,600.0,1629.0,1500.0
Maharashtra,Lasalgaon(Vinchur) APMC,Onion,2026-06-15,Unhali,868.7,500.0,1891.0,1450.0
Maharashtra,Lasur Station APMC,Onion,2026-06-15,Other,1200.0,200.0,1559.0,980.0
Maharashtra,"Laxmi-Sopan Agriculture Produce Marketing Co Ltd, Barshi, Dist Solapur",Onion,2026-06-15,Other,40.0,500.0,1200.0,800.0
Maharashtra,Lonand APMC,Onion,2026-06-15,Unhali,60.0,450.0,1800.0,1300.0
Maharashtra,Mangal Wedha APMC,Onion,2026-06-15,Local,10.8,200.0,2000.0,1300.0
Maharashtra,Manmad APMC,Onion,2026-06-15,Unhali,229.6,300.0,1652.0,1350.0
Maharashtra,Mumbai-Onion & Potato Market APMC,Onion,2026-06-15,Other,1412.5,900.0,1800.0,1350.0
Maharashtra,Nagpur APMC,Onion,2026-06-15,Red,260.0,1000.0,1800.0,1600.0
Maharashtra,Nagpur APMC,Onion,2026-06-15,White,300.0,1900.0,2100.0,2050.0
Maharashtra,Nampur APMC,Onion,2026-06-15,Unhali,796.9,300.0,1805.0,1250.0
Maharashtra,Nasik APMC,Onion,2026-06-15,Unhali,378.4,400.0,1751.0,1300.0
Maharashtra,Newasa(Ghodegaon) APMC,Onion,2026-06-15,Unhali,2422.9,300.0,1800.0,1300.0
Maharashtra,Paranda APMC,Onion,2026-06-15,Red,107.5,500.0,1550.0,750.0
Maharashtra,Pimpalgaon Baswant APMC,Onion,2026-06-15,Unhali,2143.3,400.0,2699.0,1560.0
Maharashtra,Pimpalgaon Baswant(Saykheda) APMC,Onion,2026-06-15,Unhali,201.6,650.0,1553.0,1150.0
Maharashtra,Pune APMC,Onion,2026-06-15,Local,578.9,500.0,1800.0,1150.0
Maharashtra,Pune(Khadiki) APMC,Onion,2026-06-15,Local,1.0,700.0,1100.0,900.0
Maharashtra,Pune(Manjri) APMC,Onion,2026-06-15,Local,14.4,800.0,1600.0,1300.0
Maharashtra,Pune(Moshi) APMC,Onion,2026-06-15,Local,72.3,600.0,1500.0,1050.0
Maharashtra,Pune(Pimpri) APMC,Onion,2026-06-15,Local,0.9,1600.0,2000.0,1800.0
Maharashtra,Rahuri(Vambori) APMC,Onion,2026-06-15,Unhali,486.9,200.0,2000.0,1100.0
Maharashtra,SHRI.SIDDHESHWAR  APMC,Onion,2026-06-15,Red,1128.1,100.0,2600.0,1200.0
Maharashtra,Sakri APMC,Onion,2026-06-15,Unhali,1055.0,400.0,1755.0,1000.0
Maharashtra,Sangamner APMC,Onion,2026-06-15,Unhali,471.0,200.0,2026.0,1113.0
Maharashtra,"Sangli(Phale, Bhajipala Market) APMC",Onion,2026-06-15,Local,251.4,500.0,1900.0,1200.0
Maharashtra,Satana APMC,Onion,2026-06-15,Red,995.0,150.0,1935.0,1200.0
Maharashtra,Satara APMC,Onion,2026-06-15,Other,8.9,1000.0,1900.0,1500.0
Maharashtra,Shevgaon APMC,Onion,2026-06-15,1st Sort,73.0,1400.0,2100.0,1525.0
Maharashtra,Shevgaon APMC,Onion,2026-06-15,2nd Sort,59.0,900.0,1300.0,1100.0
Maharashtra,Shevgaon APMC,Onion,2026-06-15,Other,56.2,300.0,800.0,550.0
Maharashtra,Shivsiddha Govind Producer Company Ltd Sanchalit Khajgi Krushi Utpann Bajar Samati-Abhona-Kalwan,Onion,2026-06-15,Other,1298.58,300.0,2500.0,1540.0
Maharashtra,"Shree Sairaj Krushi Market, Dist Ahilyanagar",Onion,2026-06-15,Local,30.66,150.0,2100.0,1100.0
Maharashtra,Shrirampur APMC,Onion,2026-06-15,Unhali,964.2,700.0,2100.0,1550.0
Maharashtra,Sinner APMC,Onion,2026-06-15,Unhali,133.6,300.0,1625.0,1250.0
Maharashtra,Umrane APMC,Onion,2026-06-15,Unhali,1650.0,800.0,1701.0,1200.0
Maharashtra,Vaduj APMC,Onion,2026-06-15,Local,3.0,500.0,1600.0,1200.0
Maharashtra,Vaijpur APMC,Onion,2026-06-15,Unhali,978.2,300.0,1500.0,1100.0
Maharashtra,Vita APMC,Onion,2026-06-15,Other,2.0,1500.0,2000.0,1800.0
Maharashtra,Yeola APMC,Onion,2026-06-15,Unhali,689.6,311.0,1550.0,1250.0
Maharashtra,AGRICULTURE PRODUCE MARKET COMITEE CHANDWAD,Onion,2026-06-16,Unhali,1103.8,400.0,2035.0,1570.0
Maharashtra,Akola APMC,Onion,2026-06-16,Other,34.5,600.0,1800.0,1100.0
Maharashtra,Akole APMC,Onion,2026-06-16,Unhali,146.6,250.0,2201.0,1501.0
Maharashtra,Amrawati(Frui & Veg. Market) APMC,Onion,2026-06-16,Local,39.0,700.0,2500.0,1600.0
Maharashtra,Barshi APMC,Onion,2026-06-16,Other,28.4,260.0,1150.0,850.0
Maharashtra,Bhusaval APMC,Onion,2026-06-16,Unhali,2.6,1000.0,1500.0,1200.0
Maharashtra,Chandrapur(Ganjwad) APMC,Onion,2026-06-16,Other,129.0,1900.0,2200.0,2000.0
Maharashtra,Chattrapati Sambhajinagar APMC,Onion,2026-06-16,Other,296.7,500.0,1500.0,1000.0
Maharashtra,Devala APMC,Onion,2026-06-16,Unhali,775.8,600.0,1820.0,1500.0
Maharashtra,Dharashiv APMC,Onion,2026-06-16,Red,4.0,700.0,1800.0,1250.0
Maharashtra,Dhule APMC,Onion,2026-06-16,Red,74.0,500.0,1300.0,1050.0
Maharashtra,Dindori APMC,Onion,2026-06-16,Unhali,95.2,1000.0,1850.0,1550.0
Maharashtra,Dindori(Vani) APMC,Onion,2026-06-16,Unhali,609.5,1321.0,2561.0,1801.0
Maharashtra,Gangapur APMC,Onion,2026-06-16,Unhali,976.9,125.0,1751.0,1290.0
Maharashtra,HINGNA - APMC,Onion,2026-06-16,Red,0.2,2300.0,2300.0,2300.0
Maharashtra,Indapur APMC,Onion,2026-06-16,Red,22.3,200.0,2000.0,700.0
Maharashtra,Jalgaon APMC,Onion,2026-06-16,Red,52.7,487.0,1552.0,1000.0
Maharashtra,Jamkhed APMC,Onion,2026-06-16,Local,55.8,100.0,1800.0,950.0
Maharashtra,Junnar(Alephata) APMC,Onion,2026-06-16,Chinchwad,333.0,1000.0,2100.0,1550.0
Maharashtra,Kalvan APMC,Onion,2026-06-16,Unhali,1565.0,350.0,2150.0,1275.0
Maharashtra,Kalyan APMC,Onion,2026-06-16,1st Sort,1.3,1500.0,1900.0,1700.0
Maharashtra,Kalyan APMC,Onion,2026-06-16,2nd Sort,0.3,800.0,1400.0,1100.0
Maharashtra,Kamthi APMC,Onion,2026-06-16,Local,0.2,1510.0,2010.0,1760.0
Maharashtra,Karad APMC,Onion,2026-06-16,Halva,12.6,1000.0,1200.0,1200.0
Maharashtra,Khed(Chakan) APMC,Onion,2026-06-16,Other,20.0,1000.0,1700.0,1300.0
Maharashtra,Kolhapur APMC,Onion,2026-06-16,Other,158.4,500.0,2200.0,1200.0
Maharashtra,Kopargaon APMC,Onion,2026-06-16,Unhali,780.0,400.0,2000.0,1351.0
Maharashtra,Lasalgaon APMC,Onion,2026-06-16,Unhali,1152.8,600.0,2100.0,1625.0
Maharashtra,Lasalgaon(Niphad) APMC,Onion,2026-06-16,Unhali,543.0,600.0,1701.0,1550.0
Maharashtra,Lasalgaon(Vinchur) APMC,Onion,2026-06-16,Unhali,891.2,500.0,2100.0,1600.0
Maharashtra,Lasur Station APMC,Onion,2026-06-16,Other,1520.0,200.0,1705.0,1100.0
Maharashtra,"Laxmi-Sopan Agriculture Produce Marketing Co Ltd, Barshi, Dist Solapur",Onion,2026-06-16,Other,52.0,500.0,1600.0,1200.0
Maharashtra,Malkapur APMC,Onion,2026-06-16,Local,75.0,450.0,1265.0,900.0
Maharashtra,Manchar APMC,Onion,2026-06-16,Other,528.7,1510.0,2300.0,1960.0
Maharashtra,Manmad APMC,Onion,2026-06-16,Unhali,363.0,421.0,1850.0,1450.0
Maharashtra,Mumbai-Onion & Potato Market APMC,Onion,2026-06-16,Other,735.0,1100.0,2000.0,1550.0
Maharashtra,Nagpur APMC,Onion,2026-06-16,Red,150.0,1400.0,1800.0,1700.0
Maharashtra,Nagpur APMC,Onion,2026-06-16,White,158.0,1800.0,2000.0,1950.0
Maharashtra,Nampur APMC,Onion,2026-06-16,Unhali,582.9,325.0,1910.0,1400.0
Maharashtra,Nandgaon APMC,Onion,2026-06-16,Unhali,1319.9,125.0,2100.0,1450.0
Maharashtra,Nasik APMC,Onion,2026-06-16,Unhali,371.1,450.0,1801.0,1350.0
Maharashtra,Navapur APMC,Onion,2026-06-16,Other,12.6,600.0,1000.0,722.0
Maharashtra,Newasa APMC,Onion,2026-06-16,Unhali,242.2,200.0,1655.0,1300.0
Maharashtra,"Omchatinya Multi State Agro Purpose Co-Op Society, Dist Ahilyanagar",Onion,2026-06-16,Other,74.73,200.0,2400.0,1200.0
Maharashtra,Pathardi APMC,Onion,2026-06-16,Red,28.0,200.0,2000.0,1200.0
Maharashtra,Phaltan APMC,Onion,2026-06-16,Hybrid,175.6,300.0,2001.0,1100.0
Maharashtra,Pimpalgaon Baswant APMC,Onion,2026-06-16,Unhali,2342.9,400.0,2561.0,1650.0
Maharashtra,Pimpalgaon Baswant(Saykheda) APMC,Onion,2026-06-16,Unhali,266.9,700.0,1701.0,1350.0
Maharashtra,Pune APMC,Onion,2026-06-16,Local,614.1,500.0,2000.0,1250.0
Maharashtra,Pune(Khadiki) APMC,Onion,2026-06-16,Local,1.5,700.0,1100.0,900.0
Maharashtra,Pune(Manjri) APMC,Onion,2026-06-16,Local,12.0,1000.0,1700.0,1300.0
Maharashtra,Pune(Moshi) APMC,Onion,2026-06-16,Local,67.9,700.0,1400.0,1050.0
Maharashtra,Pune(Pimpri) APMC,Onion,2026-06-16,Local,1.1,600.0,1900.0,1250.0
Maharashtra,Rahuri APMC,Onion,2026-06-16,Other,1689.2,100.0,2600.0,1350.0
Maharashtra,Ramtek APMC,Onion,2026-06-16,Unhali,1.2,1000.0,1500.0,1300.0
Maharashtra,SHRI.SIDDHESHWAR  APMC,Onion,2026-06-16,Red,976.8,100.0,2800.0,1250.0
Maharashtra,Sakri APMC,Onion,2026-06-16,Unhali,1141.0,300.0,2100.0,1000.0
Maharashtra,"Sangli(Phale, Bhajipala Market) APMC",Onion,2026-06-16,Local,138.3,500.0,1700.0,1100.0
Maharashtra,Satana APMC,Onion,2026-06-16,Unhali,1074.0,325.0,1940.0,1325.0
Maharashtra,Satara APMC,Onion,2026-06-16,Other,23.1,1000.0,1900.0,1400.0
Maharashtra,Shivsiddha Govind Producer Company Ltd Sanchalit Khajgi Krushi Utpann Bajar Samati-Abhona-Kalwan,Onion,2026-06-16,Other,1228.72,300.0,2700.0,1630.0
Maharashtra,Sinner APMC,Onion,2026-06-16,Unhali,158.0,300.0,1800.0,1400.0
Maharashtra,Umrane APMC,Onion,2026-06-16,Unhali,1550.0,800.0,1860.0,1300.0
Maharashtra,Vadgaonpeth APMC,Onion,2026-06-16,Local,31.0,1200.0,1700.0,1300.0
Maharashtra,Vaduj APMC,Onion,2026-06-16,Local,5.0,500.0,1300.0,900.0
Maharashtra,Vai APMC,Onion,2026-06-16,Local,1.5,800.0,1900.0,1000.0
Maharashtra,Vaijpur APMC,Onion,2026-06-16,Unhali,1087.7,300.0,1851.0,1300.0
Maharashtra,AGRICULTURE PRODUCE MARKET COMITEE CHANDWAD,Onion,2026-06-17,Unhali,910.1,500.0,2130.0,1650.0
Maharashtra,Akola APMC,Onion,2026-06-17,Other,25.0,500.0,1800.0,1200.0
Maharashtra,Amrawati(Frui & Veg. Market) APMC,Onion,2026-06-17,Local,34.8,600.0,2600.0,1600.0
Maharashtra,Bhusaval APMC,Onion,2026-06-17,Unhali,1.3,1000.0,1500.0,1200.0
Maharashtra,Chandrapur(Ganjwad) APMC,Onion,2026-06-17,Other,86.0,1500.0,2400.0,2000.0
Maharashtra,Chattrapati Sambhajinagar APMC,Onion,2026-06-17,Other,237.0,300.0,1400.0,850.0
Maharashtra,Devala APMC,Onion,2026-06-17,Unhali,777.0,750.0,2000.0,1650.0
Maharashtra,Dharashiv APMC,Onion,2026-06-17,Red,5.2,700.0,1800.0,1250.0
Maharashtra,Dhule APMC,Onion,2026-06-17,Red,45.5,600.0,1670.0,1150.0
Maharashtra,Dindori APMC,Onion,2026-06-17,Unhali,84.1,1000.0,2050.0,1800.0
Maharashtra,Dindori(Vani) APMC,Onion,2026-06-17,Unhali,603.6,1401.0,2411.0,1821.0
Maharashtra,Gangapur APMC,Onion,2026-06-17,Unhali,881.9,310.0,2001.0,1470.0
Maharashtra,HINGNA - APMC,Onion,2026-06-17,Red,3.8,2000.0,2200.0,2100.0
Maharashtra,Jalgaon APMC,Onion,2026-06-17,Red,33.3,625.0,1662.0,1100.0
Maharashtra,Kalvan APMC,Onion,2026-06-17,Unhali,620.0,300.0,2250.0,1301.0
Maharashtra,Khed(Chakan) APMC,Onion,2026-06-17,Other,75.0,1000.0,1800.0,1400.0
Maharashtra,Kolhapur APMC,Onion,2026-06-17,Other,419.5,500.0,2300.0,1300.0
Maharashtra,Kopargaon APMC,Onion,2026-06-17,Unhali,896.0,400.0,1902.0,1350.0
Maharashtra,Lasalgaon APMC,Onion,2026-06-17,Unhali,1298.6,600.0,2190.0,1700.0
Maharashtra,Lasalgaon(Niphad) APMC,Onion,2026-06-17,Unhali,477.0,600.0,1820.0,1700.0
Maharashtra,Lasalgaon(Vinchur) APMC,Onion,2026-06-17,Unhali,1048.6,500.0,2301.0,1750.0
Maharashtra,Lasur Station APMC,Onion,2026-06-17,Other,1480.0,300.0,1785.0,1175.0
Maharashtra,"Malharshree Khajgi Krushi Utpann Bajar, Chandanpuri Tal Malegaon, Nashik",Onion,2026-06-17,Other,71.4,406.0,1785.0,1324.0
Maharashtra,Mangal Wedha APMC,Onion,2026-06-17,Local,10.5,350.0,1630.0,1350.0
Maharashtra,Manmad APMC,Onion,2026-06-17,Unhali,443.8,300.0,2001.0,1600.0
Maharashtra,Mumbai-Onion & Potato Market APMC,Onion,2026-06-17,Other,743.3,1000.0,1900.0,1450.0
Maharashtra,Nagpur APMC,Onion,2026-06-17,Red,104.0,1000.0,1800.0,1600.0
Maharashtra,Nagpur APMC,Onion,2026-06-17,White,120.0,1500.0,2500.0,2250.0
Maharashtra,Nampur APMC,Onion,2026-06-17,Unhali,735.4,455.0,2225.0,1800.0
Maharashtra,Nandgaon APMC,Onion,2026-06-17,Unhali,1583.2,212.0,2121.0,1550.0
Maharashtra,Navapur APMC,Onion,2026-06-17,Other,9.6,600.0,1500.0,844.0
Maharashtra,Newasa(Ghodegaon) APMC,Onion,2026-06-17,Unhali,3361.3,400.0,2100.0,1500.0
Maharashtra,Paithan APMC,Onion,2026-06-17,Unhali,329.5,300.0,2100.0,1700.0
Maharashtra,Paranda APMC,Onion,2026-06-17,Unhali,97.5,350.0,1600.0,800.0
Maharashtra,Parner APMC,Onion,2026-06-17,Unhali,629.9,400.0,2200.0,1450.0
Maharashtra,Pathardi APMC,Onion,2026-06-17,Red,73.2,200.0,2300.0,1300.0
Maharashtra,Pimpalgaon Baswant APMC,Onion,2026-06-17,Unhali,1903.3,400.0,2551.0,1750.0
Maharashtra,Pimpalgaon Baswant(Saykheda) APMC,Onion,2026-06-17,Unhali,310.1,630.0,2100.0,1401.0
Maharashtra,Pune APMC,Onion,2026-06-17,Local,603.6,700.0,2100.0,1400.0
Maharashtra,Pune(Khadiki) APMC,Onion,2026-06-17,Local,1.3,700.0,1100.0,900.0
Maharashtra,Pune(Manjri) APMC,Onion,2026-06-17,Local,11.0,900.0,1800.0,1500.0
Maharashtra,Pune(Pimpri) APMC,Onion,2026-06-17,Local,1.6,1200.0,1800.0,1500.0
Maharashtra,Ramtek APMC,Onion,2026-06-17,Unhali,1.0,1100.0,1500.0,1300.0
Maharashtra,SHRI.SIDDHESHWAR  APMC,Onion,2026-06-17,Red,1125.2,100.0,2800.0,1300.0
Maharashtra,Sakri APMC,Onion,2026-06-17,Unhali,1345.0,400.0,2150.0,1100.0
Maharashtra,Sangamner APMC,Onion,2026-06-17,Unhali,488.4,300.0,2311.0,1305.0
Maharashtra,"Sangli(Phale, Bhajipala Market) APMC",Onion,2026-06-17,Local,227.7,500.0,2200.0,1350.0
Maharashtra,Satana APMC,Onion,2026-06-17,Unhali,1256.0,425.0,2275.0,1405.0
Maharashtra,Satara APMC,Onion,2026-06-17,Other,6.5,1000.0,1900.0,1400.0
Maharashtra,Shirpur APMC,Onion,2026-06-17,Red,18.4,300.0,2025.0,1600.0
Maharashtra,Shivsiddha Govind Producer Company Ltd Sanchalit Khajgi Krushi Utpann Bajar Samati-Abhona-Kalwan,Onion,2026-06-17,Other,896.69,30.0,2700.0,1830.0
Maharashtra,Shrirampur APMC,Onion,2026-06-17,Unhali,859.0,700.0,2700.0,2100.0
Maharashtra,Sinner APMC,Onion,2026-06-17,Unhali,140.6,500.0,1826.0,1650.0
Maharashtra,Umrane APMC,Onion,2026-06-17,Unhali,1950.0,900.0,2111.0,1600.0
Maharashtra,Vadgaonpeth APMC,Onion,2026-06-17,Local,34.0,1100.0,1700.0,1400.0
Maharashtra,Vaduj APMC,Onion,2026-06-17,Local,4.0,1500.0,2400.0,2000.0
Maharashtra,Vai APMC,Onion,2026-06-17,Local,1.5,800.0,1800.0,1450.0
Maharashtra,Vaijpur APMC,Onion,2026-06-17,Unhali,1164.2,500.0,2055.0,1500.0
Maharashtra,Yeola APMC,Onion,2026-06-17,Unhali,762.9,352.0,1890.0,1425.0
Maharashtra,AGRICULTURE PRODUCE MARKET COMITEE CHANDWAD,Onion,2026-06-18,Unhali,1300.0,200.0,2250.0,1710.0
Maharashtra,Ahilyanagar APMC,Onion,2026-06-18,Unhali,4084.7,300.0,2200.0,1250.0
Maharashtra,Akola APMC,Onion,2026-06-18,Other,47.7,500.0,1900.0,1300.0
Maharashtra,Akole APMC,Onion,2026-06-18,Unhali,144.5,300.0,2301.0,1501.0
Maharashtra,Bhusaval APMC,Onion,2026-06-18,Unhali,5.2,1000.0,1500.0,1200.0
Maharashtra,Chandrapur(Ganjwad) APMC,Onion,2026-06-18,Other,30.0,2000.0,2500.0,2200.0
Maharashtra,Chattrapati Sambhajinagar APMC,Onion,2026-06-18,Other,714.3,400.0,1800.0,1100.0
Maharashtra,Devala APMC,Onion,2026-06-18,Unhali,931.4,650.0,1880.0,1650.0
Maharashtra,Dharashiv APMC,Onion,2026-06-18,Red,2.9,650.0,1800.0,1225.0
Maharashtra,Dhule APMC,Onion,2026-06-18,Red,87.3,500.0,1850.0,1300.0
Maharashtra,Dindori APMC,Onion,2026-06-18,Unhali,74.3,1000.0,2121.0,1800.0
Maharashtra,Dindori(Vani) APMC,Onion,2026-06-18,Unhali,634.7,1421.0,2571.0,1831.0
Maharashtra,Gangapur APMC,Onion,2026-06-18,Unhali,911.5,300.0,2000.0,1375.0
Maharashtra,HINGNA - APMC,Onion,2026-06-18,Red,1.5,1300.0,2200.0,1666.0
Maharashtra,Jalgaon APMC,Onion,2026-06-18,Red,54.4,500.0,1700.0,1087.0
Maharashtra,Jamkhed APMC,Onion,2026-06-18,Local,22.4,100.0,2000.0,1050.0
Maharashtra,Junnar APMC,Onion,2026-06-18,Chinchwad,363.9,400.0,2000.0,1500.0
Maharashtra,Junnar(Narayangaon) APMC,Onion,2026-06-18,Chinchwad,6.2,400.0,2500.0,1400.0
Maharashtra,Junnar(Otur) APMC,Onion,2026-06-18,Unhali,505.4,1000.0,2400.0,2000.0
Maharashtra,Kalvan APMC,Onion,2026-06-18,Unhali,1905.0,400.0,2301.0,1301.0
Maharashtra,Kalyan APMC,Onion,2026-06-18,1st Sort,0.3,2100.0,2200.0,2150.0
Maharashtra,Kalyan APMC,Onion,2026-06-18,2nd Sort,0.3,1800.0,1900.0,1850.0
Maharashtra,Kamthi APMC,Onion,2026-06-18,Local,1.0,1520.0,2020.0,1770.0
Maharashtra,Karad APMC,Onion,2026-06-18,Halva,24.9,1000.0,1500.0,1500.0
Maharashtra,Karjat APMC,Onion,2026-06-18,Local,11.1,200.0,2200.0,1200.0
Maharashtra,Khed(Chakan) APMC,Onion,2026-06-18,Other,15.0,1000.0,2000.0,1600.0
Maharashtra,Kolhapur APMC,Onion,2026-06-18,Other,309.7,500.0,2500.0,1300.0
Maharashtra,Kopargaon APMC,Onion,2026-06-18,Unhali,912.0,500.0,1818.0,1450.0
Maharashtra,Kurdwadi(Modnimb) APMC,Onion,2026-06-18,Red,7.3,150.0,1500.0,1000.0
Maharashtra,Lasalgaon APMC,Onion,2026-06-18,Unhali,1595.8,600.0,2200.0,1775.0
Maharashtra,Lasalgaon(Niphad) APMC,Onion,2026-06-18,Unhali,568.0,800.0,2001.0,1750.0
Maharashtra,Lasalgaon(Vinchur) APMC,Onion,2026-06-18,Unhali,1171.1,500.0,2100.0,1750.0
Maharashtra,Lasur Station APMC,Onion,2026-06-18,Other,1500.0,200.0,2001.0,1300.0
Maharashtra,"Laxmi-Sopan Agriculture Produce Marketing Co Ltd, Barshi, Dist Solapur",Onion,2026-06-18,Other,49.0,500.0,1600.0,1100.0
Maharashtra,Lonand APMC,Onion,2026-06-18,Unhali,54.5,450.0,1900.0,1350.0
Maharashtra,"Malharshree Khajgi Krushi Utpann Bajar, Chandanpuri Tal Malegaon, Nashik",Onion,2026-06-18,Other,61.3,345.0,1850.0,1422.0
Maharashtra,Malkapur APMC,Onion,2026-06-18,Local,60.0,700.0,1960.0,1200.0
Maharashtra,Manchar APMC,Onion,2026-06-18,Other,773.8,1700.0,2510.0,2160.0
Maharashtra,Manmad APMC,Onion,2026-06-18,Unhali,507.3,252.0,1851.0,1610.0
Maharashtra,Mumbai-Onion & Potato Market APMC,Onion,2026-06-18,Other,610.2,1200.0,2200.0,1700.0
Maharashtra,Nagpur APMC,Onion,2026-06-18,Red,228.0,1000.0,1800.0,1600.0
Maharashtra,Nagpur APMC,Onion,2026-06-18,White,220.0,1500.0,2500.0,2250.0
Maharashtra,Nampur APMC,Onion,2026-06-18,Unhali,859.6,330.0,2025.0,1600.0
Maharashtra,Nasik APMC,Onion,2026-06-18,Unhali,301.2,500.0,2300.0,1600.0
Maharashtra,Newasa APMC,Onion,2026-06-18,Unhali,223.7,300.0,1800.0,1300.0
Maharashtra,Paithan APMC,Onion,2026-06-18,Unhali,58.7,805.0,1650.0,1350.0
Maharashtra,Paranda APMC,Onion,2026-06-18,Unhali,102.5,500.0,1700.0,1000.0
Maharashtra,Pimpalgaon Baswant APMC,Onion,2026-06-18,Unhali,2335.2,400.0,2666.0,1850.0
Maharashtra,Pimpalgaon Baswant(Saykheda) APMC,Onion,2026-06-18,Unhali,144.0,650.0,1861.0,1350.0
Maharashtra,Pune APMC,Onion,2026-06-18,Local,995.9,600.0,2200.0,1400.0
Maharashtra,Pune(Khadiki) APMC,Onion,2026-06-18,Local,0.8,700.0,1100.0,900.0
Maharashtra,Pune(Manjri) APMC,Onion,2026-06-18,Local,8.0,1100.0,2200.0,1700.0
Maharashtra,Pune(Moshi) APMC,Onion,2026-06-18,Local,90.1,800.0,1800.0,1300.0
Maharashtra,Pune(Pimpri) APMC,Onion,2026-06-18,Local,2.8,800.0,2000.0,1400.0
Maharashtra,Rahuri(Vambori) APMC,Onion,2026-06-18,Unhali,809.8,200.0,2500.0,1500.0
Maharashtra,SHRI.SIDDHESHWAR  APMC,Onion,2026-06-18,Red,1270.1,100.0,3000.0,1400.0
Maharashtra,Sakri APMC,Onion,2026-06-18,Unhali,1021.6,400.0,2100.0,1250.0
Maharashtra,Sangamner APMC,Onion,2026-06-18,Unhali,616.1,300.0,2400.0,1350.0
Maharashtra,"Sangli(Phale, Bhajipala Market) APMC",Onion,2026-06-18,Local,221.2,500.0,2200.0,1350.0
Maharashtra,Satana APMC,Onion,2026-06-18,Unhali,1108.0,405.0,2280.0,1600.0
Maharashtra,Satara APMC,Onion,2026-06-18,Other,13.3,1000.0,1900.0,1500.0
Maharashtra,Shevgaon APMC,Onion,2026-06-18,1st Sort,990.0,500.0,1000.0,1000.0
Maharashtra,Shevgaon APMC,Onion,2026-06-18,2nd Sort,1060.0,1100.0,1800.0,1800.0
Maharashtra,Shivsiddha Govind Producer Company Ltd Sanchalit Khajgi Krushi Utpann Bajar Samati-Abhona-Kalwan,Onion,2026-06-18,Other,1678.56,450.0,3000.0,1820.0
Maharashtra,Sinner APMC,Onion,2026-06-18,Unhali,161.6,500.0,2000.0,1700.0
Maharashtra,Umrane APMC,Onion,2026-06-18,Unhali,1650.0,950.0,2113.0,1600.0
Maharashtra,Vadgaonpeth APMC,Onion,2026-06-18,Local,32.0,1200.0,1700.0,1400.0
Maharashtra,Vaduj APMC,Onion,2026-06-18,Local,5.0,1800.0,2400.0,2100.0
Maharashtra,Vai APMC,Onion,2026-06-18,Local,1.5,800.0,1800.0,1350.0
Maharashtra,Vaijpur APMC,Onion,2026-06-18,Unhali,1206.2,500.0,2001.0,1400.0
Maharashtra,Vita APMC,Onion,2026-06-18,Other,2.0,1800.0,2000.0,1800.0
Maharashtra,Yeola APMC,Onion,2026-06-18,Unhali,721.2,311.0,1821.0,1500.0
Maharashtra,AGRICULTURE PRODUCE MARKET COMITEE CHANDWAD,Onion,2026-06-19,Unhali,1068.4,150.0,2230.0,1730.0
Maharashtra,Akluj APMC,Onion,2026-06-19,Other,35.1,200.0,2000.0,1200.0
Maharashtra,Akola APMC,Onion,2026-06-19,Other,25.7,600.0,2000.0,1400.0
Maharashtra,Amrawati(Frui & Veg. Market) APMC,Onion,2026-06-19,Local,36.8,600.0,2200.0,1400.0
Maharashtra,Bhusaval APMC,Onion,2026-06-19,Unhali,2.0,1000.0,1500.0,1200.0
Maharashtra,Devala APMC,Onion,2026-06-19,Unhali,835.4,600.0,2100.0,1700.0
Maharashtra,Dharashiv APMC,Onion,2026-06-19,Red,2.2,700.0,1800.0,1250.0
Maharashtra,Dhule APMC,Onion,2026-06-19,Red,56.1,500.0,2000.0,1300.0
Maharashtra,Gangapur APMC,Onion,2026-06-19,Unhali,888.0,250.0,2051.0,1370.0
Maharashtra,Jalgaon APMC,Onion,2026-06-19,Red,15.0,575.0,1950.0,1262.0
Maharashtra,Junnar(Alephata) APMC,Onion,2026-06-19,Chinchwad,365.4,1500.0,2500.0,2000.0
Maharashtra,Junnar(Narayangaon) APMC,Onion,2026-06-19,Chinchwad,2.0,400.0,2800.0,1550.0
Maharashtra,Kalvan APMC,Onion,2026-06-19,Unhali,940.0,450.0,2370.0,1275.0
Maharashtra,Kamthi APMC,Onion,2026-06-19,Local,4.3,1520.0,2020.0,1770.0
Maharashtra,Khed(Chakan) APMC,Onion,2026-06-19,Other,10.0,1000.0,2000.0,1500.0
Maharashtra,Kolhapur APMC,Onion,2026-06-19,Other,421.4,500.0,2500.0,1200.0
Maharashtra,Kopargaon APMC,Onion,2026-06-19,Unhali,918.0,500.0,1859.0,1550.0
Maharashtra,Lasalgaon APMC,Onion,2026-06-19,Unhali,1587.6,600.0,2231.0,1650.0
Maharashtra,Lasalgaon(Niphad) APMC,Onion,2026-06-19,Unhali,426.0,600.0,1850.0,1700.0
Maharashtra,Lasalgaon(Vinchur) APMC,Onion,2026-06-19,Unhali,1133.7,500.0,2251.0,1700.0
Maharashtra,Lasur Station APMC,Onion,2026-06-19,Other,1450.0,205.0,1854.0,1175.0
Maharashtra,"Malharshree Khajgi Krushi Utpann Bajar, Chandanpuri Tal Malegaon, Nashik",Onion,2026-06-19,Other,79.7,410.0,2011.0,1476.0
Maharashtra,Mangal Wedha APMC,Onion,2026-06-19,Local,7.5,560.0,1580.0,1360.0
Maharashtra,Manmad APMC,Onion,2026-06-19,Unhali,498.1,290.0,1901.0,1600.0
Maharashtra,Mumbai-Onion & Potato Market APMC,Onion,2026-06-19,Other,1075.0,1200.0,2200.0,1700.0
Maharashtra,Nampur APMC,Onion,2026-06-19,Unhali,286.5,355.0,2130.0,1500.0
Maharashtra,Nasik APMC,Onion,2026-06-19,Unhali,342.0,550.0,2211.0,1700.0
Maharashtra,Paithan APMC,Onion,2026-06-19,Unhali,231.4,100.0,2300.0,1700.0
Maharashtra,Parner APMC,Onion,2026-06-19,Unhali,649.7,500.0,2500.0,1450.0
Maharashtra,Pathardi APMC,Onion,2026-06-19,Red,20.0,300.0,2200.0,1800.0
Maharashtra,Pimpalgaon Baswant APMC,Onion,2026-06-19,Unhali,1994.1,400.0,2561.0,1750.0
Maharashtra,Pimpalgaon Baswant(Saykheda) APMC,Onion,2026-06-19,Unhali,321.1,700.0,1927.0,1425.0
Maharashtra,Pune APMC,Onion,2026-06-19,Local,1139.9,600.0,2200.0,1400.0
Maharashtra,Pune(Manjri) APMC,Onion,2026-06-19,Local,10.5,1100.0,2200.0,1700.0
Maharashtra,Pune(Moshi) APMC,Onion,2026-06-19,Local,71.1,800.0,1800.0,1300.0
Maharashtra,Pune(Pimpri) APMC,Onion,2026-06-19,Local,0.4,1600.0,1600.0,1600.0
Maharashtra,Rahata APMC,Onion,2026-06-19,Unhali,568.3,400.0,2600.0,1700.0
Maharashtra,SHRI.SIDDHESHWAR  APMC,Onion,2026-06-19,Red,1426.9,100.0,3000.0,1500.0
Maharashtra,Sakri APMC,Onion,2026-06-19,Unhali,335.0,800.0,1730.0,1200.0
Maharashtra,Sangamner APMC,Onion,2026-06-19,Unhali,562.7,200.0,2200.0,1200.0
Maharashtra,"Sangli(Phale, Bhajipala Market) APMC",Onion,2026-06-19,Local,317.8,500.0,2300.0,1400.0
Maharashtra,Satana APMC,Onion,2026-06-19,Unhali,1178.5,400.0,2305.0,1700.0
Maharashtra,Shrirampur APMC,Onion,2026-06-19,Unhali,1202.6,600.0,2700.0,1950.0
Maharashtra,Sinner APMC,Onion,2026-06-19,Unhali,254.0,300.0,1856.0,1600.0
Maharashtra,Umrane APMC,Onion,2026-06-19,Unhali,1650.0,900.0,2200.0,1600.0
Maharashtra,Vadgaonpeth APMC,Onion,2026-06-19,Local,26.0,1200.0,1600.0,1300.0
Maharashtra,Vai APMC,Onion,2026-06-19,Local,1.5,800.0,1900.0,1450.0
Maharashtra,Vita APMC,Onion,2026-06-19,Other,2.0,2000.0,2200.0,2000.0
Maharashtra,Yeola APMC,Onion,2026-06-19,Unhali,790.3,300.0,1777.0,1450.0
Maharashtra,AGRICULTURE PRODUCE MARKET COMITEE CHANDWAD,Onion,2026-06-20,Unhali,1000.0,250.0,2290.0,1720.0
Maharashtra,Ahilyanagar APMC,Onion,2026-06-20,Unhali,4918.6,200.0,2000.0,1100.0
Maharashtra,Amrawati(Frui & Veg. Market) APMC,Onion,2026-06-20,Local,28.8,500.0,2200.0,1350.0
Maharashtra,Bhusaval APMC,Onion,2026-06-20,Unhali,1.0,1000.0,1500.0,1200.0
Maharashtra,Chandrapur(Ganjwad) APMC,Onion,2026-06-20,Other,40.0,2000.0,2500.0,2250.0
Maharashtra,Chattrapati Sambhajinagar APMC,Onion,2026-06-20,Other,543.4,500.0,1600.0,1050.0
Maharashtra,Dharashiv APMC,Onion,2026-06-20,Red,0.6,1000.0,2000.0,1500.0
Maharashtra,Dindori APMC,Onion,2026-06-20,Unhali,79.5,1400.0,1991.0,1700.0
Maharashtra,Dindori(Vani) APMC,Onion,2026-06-20,Unhali,561.8,1441.0,2641.0,1861.0
Maharashtra,HINGNA - APMC,Onion,2026-06-20,Red,0.2,1500.0,2200.0,1850.0
Maharashtra,Jalgaon APMC,Onion,2026-06-20,Red,47.0,500.0,2000.0,1250.0
Maharashtra,Jamkhed APMC,Onion,2026-06-20,Local,55.6,100.0,2100.0,1100.0
Maharashtra,Junnar(Narayangaon) APMC,Onion,2026-06-20,Chinchwad,2.8,400.0,2800.0,1600.0
Maharashtra,Kalvan APMC,Onion,2026-06-20,Unhali,800.0,400.0,2600.0,1750.0
Maharashtra,Kamthi APMC,Onion,2026-06-20,Local,0.8,1510.0,2010.0,1760.0
Maharashtra,Karad APMC,Onion,2026-06-20,Halva,9.9,300.0,1500.0,1500.0
Maharashtra,Kolhapur APMC,Onion,2026-06-20,Other,579.8,500.0,2400.0,1300.0
Maharashtra,Kopargaon APMC,Onion,2026-06-20,Unhali,890.0,500.0,1821.0,1550.0
Maharashtra,Lasalgaon APMC,Onion,2026-06-20,Unhali,722.6,600.0,2181.0,1600.0
Maharashtra,Lasalgaon(Niphad) APMC,Onion,2026-06-20,Unhali,492.0,800.0,2100.0,1750.0
Maharashtra,Lasalgaon(Vinchur) APMC,Onion,2026-06-20,Unhali,813.0,500.0,2001.0,1650.0
Maharashtra,Lasur Station APMC,Onion,2026-06-20,Other,1470.0,205.0,1850.0,1200.0
Maharashtra,Mangal Wedha APMC,Onion,2026-06-20,Local,3.9,400.0,1550.0,1400.0
Maharashtra,Manmad APMC,Onion,2026-06-20,Unhali,200.0,700.0,2030.0,1775.0
Maharashtra,Nagpur APMC,Onion,2026-06-20,Red,136.0,1000.0,1800.0,1600.0
Maharashtra,Nagpur APMC,Onion,2026-06-20,White,200.0,2000.0,2600.0,2450.0
Maharashtra,Nasik APMC,Onion,2026-06-20,Unhali,312.5,600.0,2400.0,1800.0
Maharashtra,Newasa(Ghodegaon) APMC,Onion,2026-06-20,Unhali,3891.0,300.0,1800.0,1500.0
Maharashtra,Paithan APMC,Onion,2026-06-20,Unhali,37.6,755.0,1740.0,1350.0
Maharashtra,Pimpalgaon Baswant APMC,Onion,2026-06-20,Unhali,2000.0,600.0,2607.0,1800.0
Maharashtra,Pimpalgaon Baswant(Saykheda) APMC,Onion,2026-06-20,Unhali,317.0,700.0,2100.0,1500.0
Maharashtra,Pune(Manjri) APMC,Onion,2026-06-20,Local,15.1,1500.0,2200.0,1700.0
Maharashtra,Pune(Moshi) APMC,Onion,2026-06-20,Local,54.0,700.0,1800.0,1250.0
Maharashtra,Pune(Pimpri) APMC,Onion,2026-06-20,Local,1.0,1000.0,2000.0,1500.0
Maharashtra,Rahuri(Vambori) APMC,Onion,2026-06-20,Unhali,945.8,200.0,2200.0,1300.0
Maharashtra,Ramtek APMC,Onion,2026-06-20,Unhali,0.7,800.0,1000.0,900.0
Maharashtra,SHRI.SIDDHESHWAR  APMC,Onion,2026-06-20,Red,1673.6,100.0,3000.0,1500.0
Maharashtra,Sakri APMC,Onion,2026-06-20,Unhali,1185.4,300.0,2000.0,1250.0
Maharashtra,"Sangli(Phale, Bhajipala Market) APMC",Onion,2026-06-20,Local,404.2,500.0,2500.0,1500.0
Maharashtra,Satara APMC,Onion,2026-06-20,Other,22.5,1000.0,1900.0,1400.0
Maharashtra,Shevgaon APMC,Onion,2026-06-20,1st Sort,113.0,1500.0,2200.0,1850.0
Maharashtra,Shevgaon APMC,Onion,2026-06-20,2nd Sort,65.0,1000.0,1400.0,1250.0
Maharashtra,Shevgaon APMC,Onion,2026-06-20,Other,57.4,300.0,900.0,550.0
Maharashtra,Shivsiddha Govind Producer Company Ltd Sanchalit Khajgi Krushi Utpann Bajar Samati-Abhona-Kalwan,Onion,2026-06-20,Other,1602.02,400.0,2600.0,1820.0
Maharashtra,Vadgaonpeth APMC,Onion,2026-06-20,Local,30.0,1100.0,1600.0,1400.0
Maharashtra,Vaduj APMC,Onion,2026-06-20,Local,5.0,1000.0,2500.0,1600.0
Maharashtra,Vaijpur APMC,Onion,2026-06-20,Unhali,1089.7,500.0,1955.0,1500.0
Maharashtra,Yeola APMC,Onion,2026-06-20,Unhali,700.0,200.0,1770.0,1400.0
Maharashtra,Akluj APMC,Onion,2026-06-21,Other,41.5,300.0,1800.0,1300.0
Maharashtra,Akole APMC,Onion,2026-06-21,Unhali,184.6,301.0,2501.0,1701.0
Maharashtra,Amrawati(Frui & Veg. Market) APMC,Onion,2026-06-21,Local,30.8,500.0,2100.0,1300.0
Maharashtra,Bhusaval APMC,Onion,2026-06-21,Unhali,4.0,1000.0,1500.0,1200.0
Maharashtra,Chattrapati Sambhajinagar APMC,Onion,2026-06-21,Other,576.5,300.0,1500.0,900.0
Maharashtra,Dharashiv APMC,Onion,2026-06-21,Red,20.0,600.0,2100.0,1350.0
Maharashtra,Junnar APMC,Onion,2026-06-21,Chinchwad,502.8,400.0,2000.0,1500.0
Maharashtra,Junnar(Alephata) APMC,Onion,2026-06-21,Chinchwad,426.7,1000.0,2320.0,1650.0
Maharashtra,Junnar(Narayangaon) APMC,Onion,2026-06-21,Chinchwad,3.5,400.0,2800.0,1600.0
Maharashtra,Junnar(Otur) APMC,Onion,2026-06-21,Unhali,478.0,800.0,2250.0,1800.0
Maharashtra,Kada APMC,Onion,2026-06-21,Unhali,1987.3,200.0,2200.0,1500.0
Maharashtra,Karad APMC,Onion,2026-06-21,Halva,19.8,300.0,1500.0,1500.0
Maharashtra,Manchar APMC,Onion,2026-06-21,Other,1246.8,1200.0,2450.0,1830.0
Maharashtra,Navapur APMC,Onion,2026-06-21,Other,8.2,700.0,1200.0,856.0
Maharashtra,Newasa APMC,Onion,2026-06-21,Unhali,166.3,300.0,1800.0,1500.0
Maharashtra,"Omchatinya Multi State Agro Purpose Co-Op Society, Dist Ahilyanagar",Onion,2026-06-21,Other,115.41,200.0,2400.0,1350.0
Maharashtra,Parner APMC,Onion,2026-06-21,Unhali,923.8,400.0,2300.0,1400.0
Maharashtra,Pathardi APMC,Onion,2026-06-21,Red,73.1,300.0,2300.0,1700.0
Maharashtra,Pune APMC,Onion,2026-06-21,Local,1368.9,600.0,2100.0,1350.0
Maharashtra,Pune(Manjri) APMC,Onion,2026-06-21,Local,6.0,800.0,1600.0,1500.0
Maharashtra,Pune(Moshi) APMC,Onion,2026-06-21,Local,76.2,1000.0,1500.0,1250.0
Maharashtra,Pune(Pimpri) APMC,Onion,2026-06-21,Local,3.8,800.0,2200.0,1500.0
Maharashtra,Rahata APMC,Onion,2026-06-21,Other,534.8,300.0,3100.0,1400.0
Maharashtra,Rahuri APMC,Onion,2026-06-21,Other,1075.9,200.0,2200.0,1200.0
Maharashtra,Ramtek APMC,Onion,2026-06-21,Unhali,4.1,1500.0,2000.0,1700.0
Maharashtra,Satara APMC,Onion,2026-06-21,Other,12.4,1000.0,1900.0,1500.0
Maharashtra,Vadgaonpeth APMC,Onion,2026-06-21,Local,27.0,1200.0,1800.0,1400.0
Maharashtra,Vaduj APMC,Onion,2026-06-21,Local,4.0,1000.0,2000.0,1500.0
Maharashtra,Vita APMC,Onion,2026-06-21,Other,2.0,1800.0,2200.0,1800.0
Maharashtra,AGRICULTURE PRODUCE MARKET COMITEE CHANDWAD,Onion,2026-06-22,Unhali,946.5,505.0,2255.0,1750.0
Maharashtra,Ahilyanagar APMC,Onion,2026-06-22,Unhali,4720.9,200.0,2100.0,1150.0
Maharashtra,Akola APMC,Onion,2026-06-22,Other,41.0,600.0,2000.0,1400.0
Maharashtra,Amrawati(Frui & Veg. Market) APMC,Onion,2026-06-22,Local,33.8,600.0,2200.0,1400.0
Maharashtra,Chandrapur(Ganjwad) APMC,Onion,2026-06-22,Other,55.0,1700.0,2300.0,2100.0
Maharashtra,Chattrapati Sambhajinagar APMC,Onion,2026-06-22,Other,294.9,400.0,1800.0,1100.0
Maharashtra,Devala APMC,Onion,2026-06-22,Unhali,962.6,600.0,1950.0,1650.0
Maharashtra,Dhule APMC,Onion,2026-06-22,Red,13.7,600.0,1830.0,1200.0
Maharashtra,Dindori APMC,Onion,2026-06-22,Unhali,63.7,1400.0,2250.0,1800.0
Maharashtra,Dindori(Vani) APMC,Onion,2026-06-22,Unhali,403.1,1475.0,2705.0,2025.0
Maharashtra,Gangapur APMC,Onion,2026-06-22,Unhali,739.0,250.0,1901.0,1400.0
Maharashtra,HINGNA - APMC,Onion,2026-06-22,Red,0.4,1500.0,2200.0,1900.0
Maharashtra,Jalgaon APMC,Onion,2026-06-22,Red,58.2,375.0,2000.0,1175.0
Maharashtra,Junnar(Narayangaon) APMC,Onion,2026-06-22,Chinchwad,2.8,500.0,2200.0,1400.0
Maharashtra,Kalvan APMC,Onion,2026-06-22,Unhali,2180.0,600.0,2601.0,1350.0
Maharashtra,Kamthi APMC,Onion,2026-06-22,Local,0.3,1560.0,2060.0,1810.0
Maharashtra,Karad APMC,Onion,2026-06-22,Halva,12.3,500.0,1400.0,1400.0
Maharashtra,Kolhapur APMC,Onion,2026-06-22,Other,607.3,500.0,2200.0,1200.0
Maharashtra,Kopargaon APMC,Onion,2026-06-22,Unhali,596.0,500.0,1850.0,1575.0
Maharashtra,Kurdwadi(Modnimb) APMC,Onion,2026-06-22,Red,1.2,200.0,1200.0,950.0
Maharashtra,Lasalgaon APMC,Onion,2026-06-22,Unhali,1302.6,700.0,2252.0,1740.0
Maharashtra,Lasalgaon(Niphad) APMC,Onion,2026-06-22,Unhali,531.0,600.0,2100.0,1750.0
Maharashtra,Lasalgaon(Vinchur) APMC,Onion,2026-06-22,Unhali,1138.7,700.0,2601.0,1750.0
Maharashtra,Lasur Station APMC,Onion,2026-06-22,Other,1220.0,100.0,2000.0,1300.0
Maharashtra,"Laxmi-Sopan Agriculture Produce Marketing Co Ltd, Barshi, Dist Solapur",Onion,2026-06-22,Other,22.0,500.0,1800.0,1300.0
Maharashtra,Lonand APMC,Onion,2026-06-22,Unhali,53.0,700.0,2040.0,1500.0
Maharashtra,"Malharshree Khajgi Krushi Utpann Bajar, Chandanpuri Tal Malegaon, Nashik",Onion,2026-06-22,Other,100.5,405.0,1995.0,1677.0
Maharashtra,Manchar APMC,Onion,2026-06-22,Other,3.9,500.0,1800.0,1160.0
Maharashtra,Mangal Wedha APMC,Onion,2026-06-22,Local,14.8,300.0,1900.0,1410.0
Maharashtra,Manmad APMC,Onion,2026-06-22,Unhali,486.2,415.0,2027.0,1700.0
Maharashtra,Mumbai-Onion & Potato Market APMC,Onion,2026-06-22,Other,1641.5,1000.0,2200.0,1600.0
Maharashtra,Nagpur APMC,Onion,2026-06-22,Red,224.0,1500.0,2000.0,1875.0
Maharashtra,Nagpur APMC,Onion,2026-06-22,White,224.0,1800.0,2200.0,2100.0
Maharashtra,Nampur APMC,Onion,2026-06-22,Unhali,836.3,300.0,2290.0,1700.0
Maharashtra,Nandgaon APMC,Onion,2026-06-22,Unhali,1320.4,150.0,1900.0,1650.0
Maharashtra,Nasik APMC,Onion,2026-06-22,Unhali,399.7,550.0,2300.0,1650.0
Maharashtra,Navapur APMC,Onion,2026-06-22,Other,6.4,600.0,1000.0,894.0
Maharashtra,Newasa(Ghodegaon) APMC,Onion,2026-06-22,Unhali,3602.0,300.0,2100.0,1600.0
Maharashtra,Paranda APMC,Onion,2026-06-22,Unhali,62.5,500.0,1600.0,800.0
Maharashtra,Pimpalgaon Baswant APMC,Onion,2026-06-22,Unhali,2342.6,500.0,2904.0,2000.0
Maharashtra,Pimpalgaon Baswant(Saykheda) APMC,Onion,2026-06-22,Unhali,442.1,700.0,2500.0,1650.0
Maharashtra,Pune APMC,Onion,2026-06-22,Local,758.8,700.0,2100.0,1400.0
Maharashtra,Pune(Khadiki) APMC,Onion,2026-06-22,Local,1.5,600.0,1200.0,900.0
Maharashtra,Pune(Manjri) APMC,Onion,2026-06-22,Local,10.2,800.0,1700.0,1400.0
Maharashtra,Pune(Moshi) APMC,Onion,2026-06-22,Local,74.3,700.0,1400.0,1050.0
Maharashtra,Pune(Pimpri) APMC,Onion,2026-06-22,Local,1.6,700.0,2000.0,1350.0
Maharashtra,Rahuri(Vambori) APMC,Onion,2026-06-22,Unhali,924.5,200.0,2200.0,1300.0
Maharashtra,SHRI.SIDDHESHWAR  APMC,Onion,2026-06-22,Red,1920.2,100.0,2800.0,1400.0
Maharashtra,Sakri APMC,Onion,2026-06-22,Unhali,1155.6,300.0,1900.0,1100.0
Maharashtra,Sangamner APMC,Onion,2026-06-22,Unhali,517.6,300.0,2500.0,1400.0
Maharashtra,Satana APMC,Onion,2026-06-22,Unhali,1175.5,375.0,2250.0,1730.0
Maharashtra,Satara APMC,Onion,2026-06-22,Other,14.7,500.0,1900.0,1150.0
Maharashtra,Shevgaon APMC,Onion,2026-06-22,1st Sort,73.0,1400.0,2100.0,1700.0
Maharashtra,Shevgaon APMC,Onion,2026-06-22,2nd Sort,85.0,900.0,1300.0,1125.0
Maharashtra,Shevgaon APMC,Onion,2026-06-22,Other,102.0,300.0,800.0,550.0
Maharashtra,Shivsiddha Govind Producer Company Ltd Sanchalit Khajgi Krushi Utpann Bajar Samati-Abhona-Kalwan,Onion,2026-06-22,Other,1713.72,400.0,3005.0,1835.0
Maharashtra,"Shree Sairaj Krushi Market, Dist Ahilyanagar",Onion,2026-06-22,Local,64.06,200.0,2300.0,1300.0
Maharashtra,Shrirampur APMC,Onion,2026-06-22,Unhali,1488.1,600.0,2300.0,1550.0
Maharashtra,Sinner APMC,Onion,2026-06-22,Unhali,227.0,500.0,1950.0,1700.0
Maharashtra,Umrane APMC,Onion,2026-06-22,Unhali,1950.0,900.0,2451.0,1800.0
Maharashtra,Vaduj APMC,Onion,2026-06-22,Local,4.0,500.0,2200.0,1500.0
Maharashtra,Vaijpur APMC,Onion,2026-06-22,Unhali,1082.9,500.0,1865.0,1400.0
Maharashtra,Vita APMC,Onion,2026-06-22,Other,2.0,1500.0,2000.0,1800.0
Maharashtra,Yeola APMC,Onion,2026-06-22,Unhali,901.3,300.0,1971.0,1600.0
Maharashtra,AGRICULTURE PRODUCE MARKET COMITEE CHANDWAD,Onion,2026-06-23,Unhali,959.3,500.0,2480.0,1880.0
Maharashtra,Akola APMC,Onion,2026-06-23,Other,46.0,500.0,2200.0,1400.0
Maharashtra,Akole APMC,Onion,2026-06-23,Unhali,167.3,300.0,2501.0,1751.0
Maharashtra,Amrawati(Frui & Veg. Market) APMC,Onion,2026-06-23,Local,36.9,500.0,2200.0,1350.0
Maharashtra,Bhusaval APMC,Onion,2026-06-23,Unhali,2.1,1000.0,1500.0,1200.0
Maharashtra,Chandrapur(Ganjwad) APMC,Onion,2026-06-23,Other,41.0,1600.0,2500.0,2200.0
Maharashtra,Chattrapati Sambhajinagar APMC,Onion,2026-06-23,Other,221.9,500.0,1700.0,1100.0
Maharashtra,Devala APMC,Onion,2026-06-23,Unhali,799.1,600.0,2100.0,1700.0
Maharashtra,Dharashiv APMC,Onion,2026-06-23,Red,27.7,700.0,2100.0,1400.0
Maharashtra,Dhule APMC,Onion,2026-06-23,Red,145.2,600.0,1830.0,1200.0
Maharashtra,Dindori APMC,Onion,2026-06-23,Unhali,47.9,1850.0,2350.0,2050.0
Maharashtra,Dindori(Vani) APMC,Onion,2026-06-23,Unhali,607.7,1475.0,2705.0,2025.0
Maharashtra,Gangapur APMC,Onion,2026-06-23,Unhali,617.0,475.0,2100.0,1560.0
Maharashtra,HINGNA - APMC,Onion,2026-06-23,Red,0.2,2200.0,2200.0,2200.0
Maharashtra,Jamkhed APMC,Onion,2026-06-23,Local,30.4,200.0,2000.0,1100.0
Maharashtra,Junnar(Alephata) APMC,Onion,2026-06-23,Chinchwad,458.7,1100.0,2510.0,1950.0
Maharashtra,Kada APMC,Onion,2026-06-23,Unhali,29.0,300.0,2200.0,2000.0
Maharashtra,Kalvan APMC,Onion,2026-06-23,Unhali,2150.0,600.0,2555.0,1401.0
Maharashtra,Kalyan APMC,Onion,2026-06-23,1st Sort,0.3,2100.0,2200.0,2150.0
Maharashtra,Kalyan APMC,Onion,2026-06-23,2nd Sort,0.3,1800.0,2000.0,1902.0
Maharashtra,Kamthi APMC,Onion,2026-06-23,Local,0.8,1520.0,2020.0,1770.0
Maharashtra,Khed(Chakan) APMC,Onion,2026-06-23,Other,17.5,1000.0,2000.0,1500.0
Maharashtra,Kolhapur APMC,Onion,2026-06-23,Other,249.2,500.0,2300.0,1200.0
Maharashtra,Kopargaon APMC,Onion,2026-06-23,Unhali,892.0,500.0,1999.0,1675.0
Maharashtra,Lasalgaon APMC,Onion,2026-06-23,Unhali,1249.8,800.0,2628.0,2000.0
Maharashtra,Lasalgaon(Niphad) APMC,Onion,2026-06-23,Unhali,490.5,800.0,2222.0,2000.0
Maharashtra,Lasalgaon(Vinchur) APMC,Onion,2026-06-23,Unhali,1018.7,800.0,2410.0,1950.0
Maharashtra,Lasur Station APMC,Onion,2026-06-23,Other,1250.0,200.0,2100.0,1400.0
Maharashtra,"Laxmi-Sopan Agriculture Produce Marketing Co Ltd, Barshi, Dist Solapur",Onion,2026-06-23,Other,20.0,500.0,1600.0,1200.0
Maharashtra,"Malharshree Khajgi Krushi Utpann Bajar, Chandanpuri Tal Malegaon, Nashik",Onion,2026-06-23,Other,85.8,504.0,2158.0,1764.0
Maharashtra,Malkapur APMC,Onion,2026-06-23,Local,45.0,1500.0,2000.0,1805.0
Maharashtra,Manchar APMC,Onion,2026-06-23,Other,762.9,1350.0,2550.0,1960.0
Maharashtra,Manmad APMC,Onion,2026-06-23,Unhali,394.8,296.0,2178.0,1800.0
Maharashtra,Mumbai-Onion & Potato Market APMC,Onion,2026-06-23,Other,757.8,1100.0,2300.0,1700.0
Maharashtra,Nagpur APMC,Onion,2026-06-23,Red,150.0,1400.0,1800.0,1700.0
Maharashtra,Nagpur APMC,Onion,2026-06-23,White,158.0,1800.0,2200.0,2100.0
Maharashtra,Nampur APMC,Onion,2026-06-23,Unhali,712.1,500.0,2400.0,1800.0
Maharashtra,Nandgaon APMC,Onion,2026-06-23,Unhali,997.7,411.0,2251.0,1750.0
Maharashtra,Nasik APMC,Onion,2026-06-23,Unhali,378.0,700.0,2451.0,1800.0
Maharashtra,Newasa APMC,Onion,2026-06-23,Unhali,178.6,300.0,1825.0,1600.0
Maharashtra,"Omchatinya Multi State Agro Purpose Co-Op Society, Dist Ahilyanagar",Onion,2026-06-23,Other,83.1,200.0,2400.0,1500.0
Maharashtra,Paranda APMC,Onion,2026-06-23,Unhali,48.4,500.0,1600.0,850.0
Maharashtra,Pathardi APMC,Onion,2026-06-23,Red,28.0,200.0,2100.0,1600.0
Maharashtra,Pimpalgaon Baswant APMC,Onion,2026-06-23,Unhali,2005.0,600.0,2926.0,2250.0
Maharashtra,Pimpalgaon Baswant(Saykheda) APMC,Onion,2026-06-23,Unhali,385.7,650.0,2251.0,1700.0
Maharashtra,Pune APMC,Onion,2026-06-23,Local,900.9,600.0,2200.0,1400.0
Maharashtra,Pune(Khadiki) APMC,Onion,2026-06-23,Local,0.9,700.0,1100.0,900.0
Maharashtra,Pune(Manjri) APMC,Onion,2026-06-23,Local,8.0,1100.0,1700.0,1500.0
Maharashtra,Pune(Moshi) APMC,Onion,2026-06-23,Local,40.8,700.0,1200.0,950.0
Maharashtra,Pune(Pimpri) APMC,Onion,2026-06-23,Local,0.4,1800.0,1800.0,1800.0
Maharashtra,Rahata APMC,Onion,2026-06-23,Other,548.1,300.0,2800.0,1400.0
Maharashtra,Rahuri APMC,Onion,2026-06-23,Other,2249.7,200.0,3005.0,1600.0
Maharashtra,Ramtek APMC,Onion,2026-06-23,Unhali,1.2,1100.0,1500.0,1300.0
Maharashtra,SHRI.SIDDHESHWAR  APMC,Onion,2026-06-23,Red,1461.2,100.0,2800.0,1400.0
Maharashtra,Sakri APMC,Onion,2026-06-23,Unhali,1266.0,300.0,2165.0,1400.0
Maharashtra,Sangamner APMC,Onion,2026-06-23,Unhali,460.4,300.0,2451.0,1375.0
Maharashtra,"Sangli(Phale, Bhajipala Market) APMC",Onion,2026-06-23,Local,450.6,500.0,2325.0,1412.0
Maharashtra,Satana APMC,Onion,2026-06-23,Unhali,1099.0,400.0,2495.0,1920.0
Maharashtra,Satara APMC,Onion,2026-06-23,Other,9.5,1000.0,1900.0,1450.0
Maharashtra,Shivsiddha Govind Producer Company Ltd Sanchalit Khajgi Krushi Utpann Bajar Samati-Abhona-Kalwan,Onion,2026-06-23,Other,1545.63,500.0,2855.0,1960.0
Maharashtra,Sinner APMC,Onion,2026-06-23,Unhali,107.3,500.0,2075.0,1800.0
Maharashtra,Umrane APMC,Onion,2026-06-23,Unhali,1950.0,900.0,2500.0,1800.0
Maharashtra,Vadgaonpeth APMC,Onion,2026-06-23,Local,27.0,1100.0,1700.0,1200.0
Maharashtra,Vaduj APMC,Onion,2026-06-23,Local,2.5,1500.0,2300.0,1900.0
Maharashtra,Vaijpur APMC,Onion,2026-06-23,Unhali,1030.7,500.0,2100.0,1500.0
Maharashtra,Vita APMC,Onion,2026-06-23,Other,2.0,1500.0,2000.0,1800.0
Maharashtra,AGRICULTURE PRODUCE MARKET COMITEE CHANDWAD,Onion,2026-06-24,Unhali,974.8,695.0,2600.0,1990.0
Maharashtra,Akola APMC,Onion,2026-06-24,Other,52.1,600.0,2200.0,1400.0
Maharashtra,Amrawati(Frui & Veg. Market) APMC,Onion,2026-06-24,Local,28.8,800.0,2600.0,1700.0
Maharashtra,Bhusaval APMC,Onion,2026-06-24,Unhali,1.9,1000.0,1500.0,1200.0
Maharashtra,Chandrapur(Ganjwad) APMC,Onion,2026-06-24,Other,64.0,1600.0,2600.0,2000.0
Maharashtra,Chattrapati Sambhajinagar APMC,Onion,2026-06-24,Other,213.6,800.0,2400.0,1600.0
Maharashtra,Devala APMC,Onion,2026-06-24,Unhali,807.9,700.0,2425.0,2050.0
Maharashtra,Dharashiv APMC,Onion,2026-06-24,Red,3.3,500.0,1800.0,1150.0
Maharashtra,Dhule APMC,Onion,2026-06-24,Red,58.0,750.0,2100.0,1500.0
Maharashtra,Dindori APMC,Onion,2026-06-24,Unhali,37.7,1700.0,2501.0,2111.0
Maharashtra,Dindori(Vani) APMC,Onion,2026-06-24,Unhali,449.7,1501.0,2751.0,2101.0
Maharashtra,Gangapur APMC,Onion,2026-06-24,Unhali,415.0,800.0,2400.0,1850.0
Maharashtra,HINGNA - APMC,Onion,2026-06-24,Red,2.2,1700.0,2200.0,2033.0
Maharashtra,Jalgaon APMC,Onion,2026-06-24,Red,30.2,750.0,1877.0,1312.0
Maharashtra,Kada APMC,Onion,2026-06-24,Unhali,1021.7,400.0,3200.0,2400.0
Maharashtra,Kalyan APMC,Onion,2026-06-24,1st Sort,0.3,2000.0,2100.0,2050.0
Maharashtra,Kalyan APMC,Onion,2026-06-24,2nd Sort,0.3,1800.0,1900.0,1850.0
Maharashtra,Karad APMC,Onion,2026-06-24,Halva,9.9,500.0,2300.0,2300.0
Maharashtra,Khed(Chakan) APMC,Onion,2026-06-24,Other,90.0,1200.0,2400.0,1800.0
Maharashtra,Kolhapur APMC,Onion,2026-06-24,Other,256.9,500.0,2300.0,1200.0
Maharashtra,Kopargaon APMC,Onion,2026-06-24,Unhali,748.0,700.0,2400.0,1850.0
Maharashtra,Lasalgaon APMC,Onion,2026-06-24,Unhali,1381.0,800.0,2627.0,2100.0
Maharashtra,Lasalgaon(Niphad) APMC,Onion,2026-06-24,Unhali,504.0,800.0,2501.0,2100.0
Maharashtra,Lasalgaon(Vinchur) APMC,Onion,2026-06-24,Unhali,1019.2,700.0,2515.0,2100.0
Maharashtra,Lasur Station APMC,Onion,2026-06-24,Other,950.0,500.0,2401.0,1675.0
Maharashtra,"Laxmi-Sopan Agriculture Produce Marketing Co Ltd, Barshi, Dist Solapur",Onion,2026-06-24,Other,30.0,600.0,2000.0,1500.0
Maharashtra,"Malharshree Khajgi Krushi Utpann Bajar, Chandanpuri Tal Malegaon, Nashik",Onion,2026-06-24,Other,129.0,615.0,2451.0,2151.0
Maharashtra,Mangal Wedha APMC,Onion,2026-06-24,Local,5.1,600.0,2210.0,1930.0
Maharashtra,Manmad APMC,Onion,2026-06-24,Unhali,373.6,300.0,2400.0,2000.0
Maharashtra,Mumbai-Onion & Potato Market APMC,Onion,2026-06-24,Other,624.3,1000.0,2400.0,1700.0
Maharashtra,Nagpur APMC,Onion,2026-06-24,Red,280.0,1400.0,1800.0,1700.0
Maharashtra,Nagpur APMC,Onion,2026-06-24,White,280.0,1800.0,2200.0,2100.0
Maharashtra,Nampur APMC,Onion,2026-06-24,Unhali,770.8,200.0,2500.0,1900.0
Maharashtra,Nandgaon APMC,Onion,2026-06-24,Unhali,933.1,400.0,2600.0,1950.0
Maharashtra,Nasik APMC,Onion,2026-06-24,Unhali,343.8,750.0,2500.0,1850.0
Maharashtra,Navapur APMC,Onion,2026-06-24,Other,9.2,600.0,1000.0,812.0
Maharashtra,Newasa(Ghodegaon) APMC,Onion,2026-06-24,Unhali,2875.9,500.0,2500.0,1800.0
Maharashtra,Paithan APMC,Onion,2026-06-24,Unhali,210.6,300.0,2700.0,1800.0
Maharashtra,Paranda APMC,Onion,2026-06-24,Unhali,53.0,500.0,1850.0,1100.0
Maharashtra,Parner APMC,Onion,2026-06-24,Unhali,627.1,500.0,2700.0,1700.0
Maharashtra,Pathardi APMC,Onion,2026-06-24,Red,48.2,500.0,3100.0,2500.0
Maharashtra,Pimpalgaon Baswant APMC,Onion,2026-06-24,Unhali,1971.9,600.0,2961.0,2300.0
Maharashtra,Pimpalgaon Baswant(Saykheda) APMC,Onion,2026-06-24,Unhali,385.2,700.0,2400.0,1750.0
Maharashtra,Pune APMC,Onion,2026-06-24,Local,641.6,600.0,2200.0,1400.0
Maharashtra,Pune(Khadiki) APMC,Onion,2026-06-24,Local,1.3,700.0,1200.0,950.0
Maharashtra,Pune(Manjri) APMC,Onion,2026-06-24,Local,8.4,700.0,2400.0,1500.0
Maharashtra,Pune(Pimpri) APMC,Onion,2026-06-24,Local,1.5,1700.0,2000.0,1850.0
Maharashtra,Ramtek APMC,Onion,2026-06-24,Unhali,0.7,1000.0,1700.0,1500.0
Maharashtra,SHRI.SIDDHESHWAR  APMC,Onion,2026-06-24,Red,1304.1,100.0,3000.0,1600.0
Maharashtra,Sakri APMC,Onion,2026-06-24,Unhali,840.0,500.0,2405.0,1400.0
Maharashtra,Sangamner APMC,Onion,2026-06-24,Unhali,364.8,300.0,2686.0,1493.0
Maharashtra,"Sangli(Phale, Bhajipala Market) APMC",Onion,2026-06-24,Local,297.7,500.0,2300.0,1400.0
Maharashtra,Satana APMC,Onion,2026-06-24,Unhali,1105.5,600.0,2600.0,2010.0
Maharashtra,Satara APMC,Onion,2026-06-24,Other,16.5,1000.0,1900.0,1500.0
Maharashtra,Shirpur APMC,Onion,2026-06-24,Red,21.6,750.0,2050.0,1600.0
Maharashtra,Shivsiddha Govind Producer Company Ltd Sanchalit Khajgi Krushi Utpann Bajar Samati-Abhona-Kalwan,Onion,2026-06-24,Other,1218.48,500.0,3100.0,1945.0
Maharashtra,"Shree Sairaj Krushi Market, Dist Ahilyanagar",Onion,2026-06-24,Local,40.44,200.0,2800.0,1500.0
Maharashtra,Shrirampur APMC,Onion,2026-06-24,Unhali,936.5,700.0,3100.0,2050.0
Maharashtra,Sinner APMC,Onion,2026-06-24,Unhali,123.9,500.0,2181.0,1975.0
Maharashtra,Umrane APMC,Onion,2026-06-24,Unhali,1950.0,900.0,2750.0,1900.0
Maharashtra,Vadgaonpeth APMC,Onion,2026-06-24,Local,25.0,1200.0,1800.0,1400.0
Maharashtra,Vaduj APMC,Onion,2026-06-24,Local,5.0,1500.0,2200.0,1800.0
Maharashtra,Vai APMC,Onion,2026-06-24,Local,1.5,1000.0,1900.0,1500.0
Maharashtra,Vaijpur APMC,Onion,2026-06-24,Unhali,899.0,600.0,2300.0,1550.0
Maharashtra,Yeola APMC,Onion,2026-06-24,Unhali,709.2,613.0,2425.0,2100.0
Maharashtra,AGRICULTURE PRODUCE MARKET COMITEE CHANDWAD,Onion,2026-06-25,Unhali,1207.5,1000.0,2631.0,2100.0
Maharashtra,Akola APMC,Onion,2026-06-25,Other,11.3,600.0,2200.0,1400.0
Maharashtra,Chandrapur(Ganjwad) APMC,Onion,2026-06-25,Other,55.0,1700.0,2300.0,2100.0
Maharashtra,Chattrapati Sambhajinagar APMC,Onion,2026-06-25,Other,378.5,700.0,1900.0,1300.0
Maharashtra,Dharashiv APMC,Onion,2026-06-25,Red,4.4,700.0,2000.0,1350.0
Maharashtra,HINGNA - APMC,Onion,2026-06-25,Red,0.1,2200.0,2200.0,2200.0
Maharashtra,Jalgaon APMC,Onion,2026-06-25,Red,35.6,650.0,2102.0,1375.0
Maharashtra,Jamkhed APMC,Onion,2026-06-25,Local,35.5,500.0,2600.0,1550.0
Maharashtra,Junnar APMC,Onion,2026-06-25,Chinchwad,480.8,800.0,2500.0,2200.0
Maharashtra,Junnar(Narayangaon) APMC,Onion,2026-06-25,Chinchwad,5.4,400.0,2500.0,1400.0
Maharashtra,Kalvan APMC,Onion,2026-06-25,Unhali,2060.0,1000.0,2801.0,2000.0
Maharashtra,Kamthi APMC,Onion,2026-06-25,Local,2.8,1520.0,2020.0,1770.0
Maharashtra,Karad APMC,Onion,2026-06-25,Halva,24.9,1000.0,1400.0,1400.0
Maharashtra,Karjat APMC,Onion,2026-06-25,Local,7.4,200.0,1800.0,1000.0
Maharashtra,Khed(Chakan) APMC,Onion,2026-06-25,Other,10.0,1200.0,2100.0,1600.0
Maharashtra,Kopargaon APMC,Onion,2026-06-25,Unhali,1322.0,500.0,2424.0,2100.0
Maharashtra,Kurdwadi(Modnimb) APMC,Onion,2026-06-25,Red,0.3,525.0,1100.0,800.0
Maharashtra,Lasalgaon APMC,Onion,2026-06-25,Unhali,1950.6,700.0,2555.0,2151.0
Maharashtra,Lasalgaon(Niphad) APMC,Onion,2026-06-25,Unhali,660.0,800.0,2352.0,2100.0
Maharashtra,Lasalgaon(Vinchur) APMC,Onion,2026-06-25,Unhali,1339.8,700.0,2460.0,2100.0
Maharashtra,Lasur Station APMC,Onion,2026-06-25,Other,1410.0,440.0,2603.0,1875.0
Maharashtra,"Laxmi-Sopan Agriculture Produce Marketing Co Ltd, Barshi, Dist Solapur",Onion,2026-06-25,Other,20.0,500.0,1600.0,1200.0
Maharashtra,Lonand APMC,Onion,2026-06-25,Unhali,57.5,500.0,2410.0,1900.0
Maharashtra,Malkapur APMC,Onion,2026-06-25,Local,27.8,500.0,2155.0,1300.0
Maharashtra,Mangal Wedha APMC,Onion,2026-06-25,Local,2.3,721.0,2000.0,1900.0
Maharashtra,Manmad APMC,Onion,2026-06-25,Unhali,617.3,200.0,2403.0,2151.0
Maharashtra,Mumbai-Onion & Potato Market APMC,Onion,2026-06-25,Other,1064.6,1000.0,2300.0,1650.0
Maharashtra,Nagpur APMC,Onion,2026-06-25,Red,196.0,1400.0,1800.0,1700.0
Maharashtra,Nagpur APMC,Onion,2026-06-25,White,196.0,1800.0,2200.0,2100.0
Maharashtra,Nasik APMC,Onion,2026-06-25,Unhali,376.0,700.0,2551.0,1900.0
Maharashtra,Newasa APMC,Onion,2026-06-25,Unhali,91.2,400.0,2300.0,1800.0
Maharashtra,Pimpalgaon Baswant APMC,Onion,2026-06-25,Unhali,2724.0,600.0,3000.0,2225.0
Maharashtra,Pimpalgaon Baswant(Saykheda) APMC,Onion,2026-06-25,Unhali,264.2,650.0,2351.0,1750.0
Maharashtra,Pune APMC,Onion,2026-06-25,Local,970.2,800.0,2500.0,1650.0
Maharashtra,Pune(Khadiki) APMC,Onion,2026-06-25,Local,0.8,700.0,1100.0,900.0
Maharashtra,Pune(Manjri) APMC,Onion,2026-06-25,Local,10.1,800.0,2200.0,1500.0
Maharashtra,Pune(Moshi) APMC,Onion,2026-06-25,Local,74.4,800.0,2000.0,1400.0
Maharashtra,Pune(Pimpri) APMC,Onion,2026-06-25,Local,1.4,700.0,1800.0,1250.0
Maharashtra,Rahuri(Vambori) APMC,Onion,2026-06-25,Unhali,953.8,200.0,3000.0,1900.0
Maharashtra,SHRI.SIDDHESHWAR  APMC,Onion,2026-06-25,Red,1259.3,100.0,3200.0,1600.0
Maharashtra,Sakri APMC,Onion,2026-06-25,Unhali,1086.0,800.0,2400.0,1450.0
Maharashtra,Sangamner APMC,Onion,2026-06-25,Unhali,540.0,300.0,2751.0,1525.0
Maharashtra,Satana APMC,Onion,2026-06-25,Unhali,1250.5,400.0,2655.0,2120.0
Maharashtra,Satara APMC,Onion,2026-06-25,Other,18.0,1000.0,2400.0,1700.0
Maharashtra,Shevgaon APMC,Onion,2026-06-25,1st Sort,232.0,1800.0,3100.0,2400.0
Maharashtra,Shevgaon APMC,Onion,2026-06-25,2nd Sort,176.0,1300.0,1700.0,1450.0
Maharashtra,Shevgaon APMC,Onion,2026-06-25,Other,146.0,300.0,1200.0,750.0
Maharashtra,Shivsiddha Govind Producer Company Ltd Sanchalit Khajgi Krushi Utpann Bajar Samati-Abhona-Kalwan,Onion,2026-06-25,Other,1917.21,500.0,3000.0,1920.0
Maharashtra,Sinner APMC,Onion,2026-06-25,Unhali,249.1,500.0,2420.0,1975.0
Maharashtra,Umrane APMC,Onion,2026-06-25,Unhali,2550.0,900.0,2700.0,1800.0
Maharashtra,Vadgaonpeth APMC,Onion,2026-06-25,Local,27.0,1200.0,1800.0,1400.0
Maharashtra,Vaduj APMC,Onion,2026-06-25,Local,4.0,1000.0,1900.0,1500.0
Maharashtra,Vai APMC,Onion,2026-06-25,Local,1.5,1000.0,1800.0,1500.0
Maharashtra,Vaijpur APMC,Onion,2026-06-25,Unhali,936.5,600.0,2400.0,1950.0
Maharashtra,Vita APMC,Onion,2026-06-25,Other,5.0,1800.0,2200.0,2000.0
Maharashtra,Yeola APMC,Onion,2026-06-25,Unhali,1050.0,426.0,2367.0,2000.0
Maharashtra,Amrawati(Frui & Veg. Market) APMC,Onion,2026-06-26,Local,27.9,800.0,2800.0,1800.0
Maharashtra,Bhusaval APMC,Onion,2026-06-26,Unhali,1.7,1000.0,1500.0,1200.0
Maharashtra,Dharashiv APMC,Onion,2026-06-26,Red,2.7,1200.0,2000.0,1600.0
Maharashtra,Dindori APMC,Onion,2026-06-26,Unhali,26.5,2100.0,2501.0,2151.0
Maharashtra,Gevrai APMC,Onion,2026-06-26,Red,20.8,1700.0,3300.0,2800.0
Maharashtra,HINGNA - APMC,Onion,2026-06-26,Red,0.3,2000.0,2200.0,2133.0
Maharashtra,Junnar(Narayangaon) APMC,Onion,2026-06-26,Chinchwad,3.4,400.0,2500.0,1450.0
Maharashtra,Kada APMC,Onion,2026-06-26,Unhali,28.0,300.0,2300.0,2000.0
Maharashtra,Kamthi APMC,Onion,2026-06-26,Local,1.6,1520.0,2020.0,1770.0
Maharashtra,Khed(Chakan) APMC,Onion,2026-06-26,Other,10.0,1200.0,2200.0,1600.0
Maharashtra,Kolhapur APMC,Onion,2026-06-26,Other,221.4,500.0,2900.0,1400.0
Maharashtra,Lasalgaon APMC,Onion,2026-06-26,Unhali,1805.6,700.0,2541.0,2100.0
Maharashtra,Lasalgaon(Niphad) APMC,Onion,2026-06-26,Unhali,535.5,600.0,2351.0,2100.0
Maharashtra,Lasalgaon(Vinchur) APMC,Onion,2026-06-26,Unhali,1547.9,700.0,2500.0,2100.0
Maharashtra,"Laxmi-Sopan Agriculture Produce Marketing Co Ltd, Barshi, Dist Solapur",Onion,2026-06-26,Other,21.0,500.0,1900.0,1600.0
Maharashtra,Mangal Wedha APMC,Onion,2026-06-26,Local,8.8,900.0,2600.0,2400.0
Maharashtra,Manmad APMC,Onion,2026-06-26,Unhali,500.0,500.0,2300.0,2100.0
Maharashtra,Nasik APMC,Onion,2026-06-26,Unhali,460.5,650.0,2500.0,1850.0
Maharashtra,Navapur APMC,Onion,2026-06-26,Other,6.8,600.0,1000.0,956.0
Maharashtra,"Omchatinya Multi State Agro Purpose Co-Op Society, Dist Ahilyanagar",Onion,2026-06-26,Other,165.94,500.0,3200.0,2150.0
Maharashtra,Paithan APMC,Onion,2026-06-26,Unhali,255.2,300.0,3000.0,2000.0
Maharashtra,Paranda APMC,Onion,2026-06-26,Red,57.5,500.0,2500.0,1000.0
Maharashtra,Parner APMC,Onion,2026-06-26,Unhali,1041.8,600.0,3100.0,1950.0
Maharashtra,Pathardi APMC,Onion,2026-06-26,Red,25.0,400.0,3100.0,2500.0
Maharashtra,Pimpalgaon Baswant APMC,Onion,2026-06-26,Unhali,2426.1,700.0,3002.0,2200.0
Maharashtra,Pimpalgaon Baswant(Saykheda) APMC,Onion,2026-06-26,Unhali,410.0,700.0,2386.0,1825.0
Maharashtra,Pune APMC,Onion,2026-06-26,Local,1238.8,800.0,2600.0,1700.0
Maharashtra,Pune(Khadiki) APMC,Onion,2026-06-26,Local,0.8,800.0,1200.0,1000.0
Maharashtra,Pune(Manjri) APMC,Onion,2026-06-26,Local,11.5,1100.0,2400.0,1600.0
Maharashtra,Pune(Moshi) APMC,Onion,2026-06-26,Local,88.4,800.0,1800.0,1300.0
Maharashtra,Pune(Pimpri) APMC,Onion,2026-06-26,Local,0.6,2000.0,2200.0,2100.0
Maharashtra,Rahata APMC,Onion,2026-06-26,Other,701.9,600.0,3500.0,2450.0
Maharashtra,Rahuri APMC,Onion,2026-06-26,Other,2518.5,200.0,3500.0,1850.0
Maharashtra,Sakri APMC,Onion,2026-06-26,Unhali,406.0,400.0,2305.0,1400.0
Maharashtra,Sangamner APMC,Onion,2026-06-26,Unhali,677.6,300.0,2651.0,1475.0
Maharashtra,"Sangli(Phale, Bhajipala Market) APMC",Onion,2026-06-26,Local,619.4,500.0,3000.0,1750.0
Maharashtra,Sinner APMC,Onion,2026-06-26,Unhali,228.4,500.0,2350.0,2000.0
Maharashtra,Vai APMC,Onion,2026-06-26,Local,2.5,1000.0,1800.0,1500.0
Maharashtra,Vaijpur APMC,Onion,2026-06-26,Unhali,295.6,500.0,2275.0,1950.0
Maharashtra,AGRICULTURE PRODUCE MARKET COMITEE CHANDWAD,Onion,2026-06-27,Unhali,804.0,710.0,2595.0,2100.0
Maharashtra,Ahilyanagar APMC,Onion,2026-06-27,Unhali,6928.6,300.0,2600.0,1450.0
Maharashtra,Akola APMC,Onion,2026-06-27,Other,77.0,700.0,2400.0,1400.0
Maharashtra,Amrawati(Frui & Veg. Market) APMC,Onion,2026-06-27,Local,30.9,600.0,2700.0,1650.0
Maharashtra,Bhusaval APMC,Onion,2026-06-27,Unhali,0.6,1200.0,1700.0,1500.0
Maharashtra,Chandrapur(Ganjwad) APMC,Onion,2026-06-27,Other,40.0,2100.0,2750.0,2500.0
Maharashtra,Chattrapati Sambhajinagar APMC,Onion,2026-06-27,Other,329.3,750.0,2300.0,1525.0
Maharashtra,Dharashiv APMC,Onion,2026-06-27,Red,0.7,1200.0,2500.0,1850.0
Maharashtra,HINGNA - APMC,Onion,2026-06-27,Red,0.5,2000.0,2500.0,2250.0
Maharashtra,Jalgaon APMC,Onion,2026-06-27,Red,15.9,575.0,2377.0,1500.0
Maharashtra,Jamkhed APMC,Onion,2026-06-27,Local,43.6,300.0,2500.0,1400.0
Maharashtra,Junnar(Narayangaon) APMC,Onion,2026-06-27,Chinchwad,3.5,400.0,2800.0,1550.0
Maharashtra,Kalvan APMC,Onion,2026-06-27,Unhali,900.0,1000.0,3200.0,2200.0
Maharashtra,Karad APMC,Onion,2026-06-27,Halva,24.9,500.0,1300.0,1300.0
Maharashtra,Khed(Chakan) APMC,Onion,2026-06-27,Other,120.0,1000.0,2600.0,2000.0
Maharashtra,Kolhapur APMC,Onion,2026-06-27,Other,490.0,500.0,3000.0,1500.0
Maharashtra,Kopargaon APMC,Onion,2026-06-27,Unhali,1422.0,700.0,2301.0,2000.0
Maharashtra,Lasalgaon APMC,Onion,2026-06-27,Unhali,822.0,700.0,2551.0,2110.0
Maharashtra,Lasalgaon(Niphad) APMC,Onion,2026-06-27,Unhali,507.0,600.0,2367.0,2100.0
Maharashtra,Lasur Station APMC,Onion,2026-06-27,Other,1450.0,400.0,2451.0,1750.0
Maharashtra,"Laxmi-Sopan Agriculture Produce Marketing Co Ltd, Barshi, Dist Solapur",Onion,2026-06-27,Other,21.0,500.0,2100.0,1600.0
Maharashtra,Mangal Wedha APMC,Onion,2026-06-27,Local,3.3,1100.0,3000.0,2400.0
Maharashtra,Manmad APMC,Onion,2026-06-27,Unhali,500.0,400.0,2350.0,1900.0
Maharashtra,Mumbai-Onion & Potato Market APMC,Onion,2026-06-27,Other,2128.9,1500.0,2800.0,2150.0
Maharashtra,Nagpur APMC,Onion,2026-06-27,Red,308.0,2000.0,2500.0,2375.0
Maharashtra,Nagpur APMC,Onion,2026-06-27,White,308.0,2000.0,2500.0,2375.0
Maharashtra,Nasik APMC,Onion,2026-06-27,Unhali,430.5,750.0,2611.0,1950.0
Maharashtra,Navapur APMC,Onion,2026-06-27,Other,8.6,700.0,1000.0,909.0
Maharashtra,Newasa(Ghodegaon) APMC,Onion,2026-06-27,Unhali,3614.3,500.0,2600.0,1800.0
Maharashtra,Pimpalgaon Baswant APMC,Onion,2026-06-27,Unhali,1890.0,700.0,3160.0,2300.0
Maharashtra,Pimpalgaon Baswant(Saykheda) APMC,Onion,2026-06-27,Unhali,395.0,800.0,2338.0,1770.0
Maharashtra,Pune(Khadiki) APMC,Onion,2026-06-27,Local,0.9,700.0,1100.0,900.0
Maharashtra,Pune(Manjri) APMC,Onion,2026-06-27,Local,10.0,1100.0,3000.0,1600.0
Maharashtra,Pune(Moshi) APMC,Onion,2026-06-27,Local,68.3,1000.0,2000.0,1500.0
Maharashtra,Pune(Pimpri) APMC,Onion,2026-06-27,Local,0.9,1100.0,2200.0,1650.0
Maharashtra,Rahata APMC,Onion,2026-06-27,Unhali,0.4,500.0,2200.0,1350.0
Maharashtra,Rahuri(Vambori) APMC,Onion,2026-06-27,Unhali,1239.9,200.0,2700.0,1700.0
Maharashtra,Ramtek APMC,Onion,2026-06-27,Unhali,0.8,1000.0,1700.0,1500.0
Maharashtra,SHRI.SIDDHESHWAR  APMC,Onion,2026-06-27,Red,2090.2,100.0,3200.0,1600.0
Maharashtra,Sakri APMC,Onion,2026-06-27,Unhali,833.0,700.0,2400.0,1400.0
Maharashtra,"Sangli(Phale, Bhajipala Market) APMC",Onion,2026-06-27,Local,453.8,500.0,2800.0,1650.0
Maharashtra,Satara APMC,Onion,2026-06-27,Other,26.6,1000.0,2200.0,1600.0
Maharashtra,Shevgaon APMC,Onion,2026-06-27,1st Sort,73.0,1700.0,2800.0,2500.0
Maharashtra,Shevgaon APMC,Onion,2026-06-27,2nd Sort,79.0,1100.0,1600.0,1400.0
Maharashtra,Shevgaon APMC,Onion,2026-06-27,Other,76.8,300.0,1000.0,750.0
Maharashtra,Shirpur APMC,Onion,2026-06-27,Red,26.5,525.0,2700.0,1900.0
Maharashtra,"Shree Sairaj Krushi Market, Dist Ahilyanagar",Onion,2026-06-27,Local,97.89,300.0,3000.0,1700.0
Maharashtra,Vai APMC,Onion,2026-06-27,Local,2.5,1000.0,1800.0,1400.0
Maharashtra,Vaijpur APMC,Onion,2026-06-27,Unhali,12.5,500.0,2200.0,1650.0
Maharashtra,Yeola APMC,Onion,2026-06-27,Unhali,1000.0,550.0,2240.0,1875.0
Maharashtra,Akluj APMC,Onion,2026-06-28,Other,37.9,600.0,2700.0,1800.0
Maharashtra,Akole APMC,Onion,2026-06-28,Unhali,271.9,300.0,2751.0,1951.0
Maharashtra,Amrawati(Frui & Veg. Market) APMC,Onion,2026-06-28,Local,27.9,700.0,2800.0,1750.0
Maharashtra,Bhusaval APMC,Onion,2026-06-28,Unhali,1.3,1000.0,1600.0,1200.0
Maharashtra,Chattrapati Sambhajinagar APMC,Onion,2026-06-28,Other,329.0,750.0,2350.0,1550.0
Maharashtra,Dharashiv APMC,Onion,2026-06-28,Red,5.4,1350.0,2700.0,2025.0
Maharashtra,Junnar APMC,Onion,2026-06-28,Chinchwad,669.4,1000.0,2500.0,2000.0
Maharashtra,Junnar(Alephata) APMC,Onion,2026-06-28,Chinchwad,670.1,1000.0,2700.0,1900.0
Maharashtra,Junnar(Narayangaon) APMC,Onion,2026-06-28,Chinchwad,4.0,800.0,2700.0,1800.0
Maharashtra,Junnar(Otur) APMC,Onion,2026-06-28,Unhali,538.4,1000.0,2500.0,2100.0
Maharashtra,Kada APMC,Onion,2026-06-28,Unhali,1676.3,200.0,3000.0,2400.0
Maharashtra,Kalyan APMC,Onion,2026-06-28,1st Sort,0.3,1800.0,2300.0,2050.0
Maharashtra,Kalyan APMC,Onion,2026-06-28,2nd Sort,0.3,1400.0,2000.0,1700.0
Maharashtra,Kamthi APMC,Onion,2026-06-28,Local,0.6,2010.0,2510.0,2260.0
Maharashtra,Karad APMC,Onion,2026-06-28,Halva,24.9,600.0,1600.0,1600.0
Maharashtra,Khed(Chakan) APMC,Onion,2026-06-28,Other,25.0,1000.0,2600.0,2000.0
Maharashtra,Manchar APMC,Onion,2026-06-28,Other,1352.2,2200.0,3000.0,2600.0
Maharashtra,Mangal Wedha APMC,Onion,2026-06-28,Local,0.3,1910.0,2600.0,1910.0
Maharashtra,Navapur APMC,Onion,2026-06-28,Other,7.4,700.0,1500.0,932.0
Maharashtra,Newasa APMC,Onion,2026-06-28,Unhali,144.5,500.0,2400.0,1700.0
Maharashtra,"Omchatinya Multi State Agro Purpose Co-Op Society, Dist Ahilyanagar",Onion,2026-06-28,Other,271.26,400.0,3000.0,1900.0
Maharashtra,Paranda APMC,Onion,2026-06-28,Red,67.5,500.0,2500.0,1000.0
Maharashtra,Parner APMC,Onion,2026-06-28,Unhali,1505.6,500.0,3000.0,1800.0
Maharashtra,Pathardi APMC,Onion,2026-06-28,Red,61.5,400.0,2800.0,1600.0
Maharashtra,Pune APMC,Onion,2026-06-28,Local,1624.0,800.0,2500.0,1650.0
Maharashtra,Pune(Khadiki) APMC,Onion,2026-06-28,Local,1.4,700.0,1100.0,900.0
Maharashtra,Pune(Manjri) APMC,Onion,2026-06-28,Local,10.6,1500.0,3000.0,2200.0
Maharashtra,Pune(Moshi) APMC,Onion,2026-06-28,Local,84.1,800.0,2000.0,1400.0
Maharashtra,Pune(Pimpri) APMC,Onion,2026-06-28,Local,3.2,1200.0,2100.0,1650.0
Maharashtra,Rahata APMC,Onion,2026-06-28,Other,621.4,300.0,3200.0,1400.0
Maharashtra,Rahuri APMC,Onion,2026-06-28,Other,1305.5,200.0,3150.0,1675.0
Maharashtra,Ramtek APMC,Onion,2026-06-28,Unhali,4.7,1500.0,2000.0,1700.0
Maharashtra,Satara APMC,Onion,2026-06-28,Other,20.6,1000.0,3000.0,2000.0
Maharashtra,Vai APMC,Onion,2026-06-28,Local,2.5,1000.0,1900.0,1500.0
Maharashtra,AGRICULTURE PRODUCE MARKET COMITEE CHANDWAD,Onion,2026-06-29,Unhali,873.6,825.0,2700.0,2190.0
Maharashtra,Ahilyanagar APMC,Onion,2026-06-29,Unhali,6356.9,300.0,2650.0,1475.0
Maharashtra,Akola APMC,Onion,2026-06-29,Other,62.5,700.0,2600.0,1500.0
Maharashtra,Amrawati(Frui & Veg. Market) APMC,Onion,2026-06-29,Local,30.9,600.0,2800.0,1700.0
Maharashtra,Chandrapur(Ganjwad) APMC,Onion,2026-06-29,Other,44.0,2500.0,2800.0,2600.0
Maharashtra,Chattrapati Sambhajinagar APMC,Onion,2026-06-29,Other,273.0,600.0,2500.0,1550.0
Maharashtra,Devala APMC,Onion,2026-06-29,Unhali,877.4,550.0,2551.0,2100.0
Maharashtra,Dindori APMC,Onion,2026-06-29,Unhali,59.9,1500.0,2501.0,2300.0
Maharashtra,Dindori(Vani) APMC,Onion,2026-06-29,Unhali,629.7,1641.0,2721.0,2351.0
Maharashtra,Gangapur APMC,Onion,2026-06-29,Unhali,562.7,500.0,2400.0,1890.0
Maharashtra,HINGNA - APMC,Onion,2026-06-29,Red,4.4,1600.0,3000.0,2275.0
Maharashtra,Indapur APMC,Onion,2026-06-29,Red,17.9,500.0,3100.0,1500.0
Maharashtra,Jalgaon APMC,Onion,2026-06-29,Red,30.8,500.0,2750.0,1625.0
Maharashtra,Junnar(Narayangaon) APMC,Onion,2026-06-29,Chinchwad,2.8,800.0,3000.0,1900.0
Maharashtra,Kalvan APMC,Onion,2026-06-29,Unhali,2095.0,1000.0,3000.0,2150.0
Maharashtra,Kalyan APMC,Onion,2026-06-29,1st Sort,0.3,2000.0,2300.0,2150.0
Maharashtra,Kalyan APMC,Onion,2026-06-29,2nd Sort,0.3,1500.0,2000.0,1750.0
Maharashtra,Kamthi APMC,Onion,2026-06-29,Local,1.6,2040.0,2540.0,2290.0
Maharashtra,Karad APMC,Onion,2026-06-29,Halva,24.9,500.0,1400.0,1400.0
Maharashtra,Karjat APMC,Onion,2026-06-29,Local,13.7,200.0,2100.0,1300.0
Maharashtra,Khed APMC,Onion,2026-06-29,Fursungi,2.5,1000.0,2400.0,1800.0
Maharashtra,Kolhapur APMC,Onion,2026-06-29,Other,533.2,500.0,3000.0,1600.0
Maharashtra,Kopargaon APMC,Onion,2026-06-29,Unhali,668.0,700.0,2301.0,2000.0
Maharashtra,Lasalgaon APMC,Onion,2026-06-29,Unhali,1670.6,700.0,2626.0,2225.0
Maharashtra,Lasalgaon(Niphad) APMC,Onion,2026-06-29,Unhali,552.0,800.0,2311.0,2151.0
Maharashtra,Lasalgaon(Vinchur) APMC,Onion,2026-06-29,Unhali,1258.8,700.0,2600.0,2200.0
Maharashtra,Lasur Station APMC,Onion,2026-06-29,Other,950.0,390.0,2400.0,1675.0
Maharashtra,"Laxmi-Sopan Agriculture Produce Marketing Co Ltd, Barshi, Dist Solapur",Onion,2026-06-29,Other,20.4,500.0,2000.0,1600.0
Maharashtra,"Malharshree Khajgi Krushi Utpann Bajar, Chandanpuri Tal Malegaon, Nashik",Onion,2026-06-29,Other,120.9,577.0,2451.0,1847.0
Maharashtra,Mangal Wedha APMC,Onion,2026-06-29,Local,38.0,1000.0,2800.0,2400.0
Maharashtra,Manmad APMC,Onion,2026-06-29,Unhali,469.7,300.0,2400.0,2050.0
Maharashtra,Mumbai-Onion & Potato Market APMC,Onion,2026-06-29,Other,2128.9,1500.0,2800.0,2150.0
Maharashtra,Nagpur APMC,Onion,2026-06-29,Red,260.0,2000.0,2800.0,2600.0
Maharashtra,Nagpur APMC,Onion,2026-06-29,White,260.0,2000.0,2800.0,2600.0
Maharashtra,Nampur APMC,Onion,2026-06-29,Unhali,1500.0,200.0,2660.0,2100.0
Maharashtra,Nandgaon APMC,Onion,2026-06-29,Unhali,1382.4,303.0,2475.0,2050.0
Maharashtra,Navapur APMC,Onion,2026-06-29,Other,5.8,700.0,1500.0,966.0
Maharashtra,Newasa(Ghodegaon) APMC,Onion,2026-06-29,Unhali,4023.1,500.0,2500.0,1900.0
Maharashtra,Paranda APMC,Onion,2026-06-29,Red,72.5,500.0,2400.0,1000.0
Maharashtra,Pimpalgaon Baswant APMC,Onion,2026-06-29,Unhali,2353.0,700.0,3251.0,2400.0
Maharashtra,Pimpalgaon Baswant(Saykheda) APMC,Onion,2026-06-29,Unhali,401.2,800.0,2500.0,1850.0
Maharashtra,Pune APMC,Onion,2026-06-29,Local,726.4,700.0,2500.0,1600.0
Maharashtra,Pune(Manjri) APMC,Onion,2026-06-29,Local,8.7,1000.0,3100.0,2000.0
Maharashtra,Pune(Moshi) APMC,Onion,2026-06-29,Local,57.1,800.0,1500.0,1150.0
Maharashtra,Pune(Pimpri) APMC,Onion,2026-06-29,Local,1.2,1100.0,2000.0,1550.0
Maharashtra,Rahuri(Vambori) APMC,Onion,2026-06-29,Unhali,1218.5,200.0,2700.0,1700.0
Maharashtra,SHRI.SIDDHESHWAR  APMC,Onion,2026-06-29,Red,1489.9,100.0,3500.0,1700.0
Maharashtra,Sakri APMC,Onion,2026-06-29,Unhali,1266.4,700.0,2530.0,1400.0
Maharashtra,Sangamner APMC,Onion,2026-06-29,Unhali,541.9,200.0,2651.0,1425.0
Maharashtra,"Sangli(Phale, Bhajipala Market) APMC",Onion,2026-06-29,Local,380.9,500.0,2600.0,1550.0
Maharashtra,Satana APMC,Onion,2026-06-29,Unhali,1307.5,400.0,2805.0,2280.0
Maharashtra,Satara APMC,Onion,2026-06-29,Other,21.7,1000.0,3000.0,2000.0
Maharashtra,Shevgaon APMC,Onion,2026-06-29,1st Sort,73.0,1700.0,2500.0,2250.0
Maharashtra,Shevgaon APMC,Onion,2026-06-29,2nd Sort,75.0,1200.0,1600.0,1450.0
Maharashtra,Shevgaon APMC,Onion,2026-06-29,Other,55.6,300.0,1100.0,800.0
Maharashtra,Shivsiddha Govind Producer Company Ltd Sanchalit Khajgi Krushi Utpann Bajar Samati-Abhona-Kalwan,Onion,2026-06-29,Other,1678.2,500.0,3300.0,2210.0
Maharashtra,"Shree Sairaj Krushi Market, Dist Ahilyanagar",Onion,2026-06-29,Local,71.29,100.0,2610.0,1400.0
Maharashtra,Shrirampur APMC,Onion,2026-06-29,Unhali,1399.9,800.0,3000.0,1950.0
Maharashtra,Sinner APMC,Onion,2026-06-29,Unhali,192.0,500.0,2300.0,2000.0
Maharashtra,Umrane APMC,Onion,2026-06-29,Unhali,2550.0,950.0,2780.0,2000.0
Maharashtra,Vai APMC,Onion,2026-06-29,Local,7.5,1000.0,2700.0,1800.0
Maharashtra,Vaijpur APMC,Onion,2026-06-29,Unhali,917.4,800.0,2400.0,1950.0
Maharashtra,Vita APMC,Onion,2026-06-29,Other,4.0,2000.0,2800.0,2500.0
Maharashtra,Yeola APMC,Onion,2026-06-29,Unhali,1002.0,400.0,2525.0,2000.0
Maharashtra,AGRICULTURE PRODUCE MARKET COMITEE CHANDWAD,Onion,2026-06-30,Unhali,1090.2,300.0,2800.0,2290.0
Maharashtra,Akola APMC,Onion,2026-06-30,Other,48.0,800.0,2700.0,1500.0
Maharashtra,Akole APMC,Onion,2026-06-30,Unhali,190.5,401.0,2701.0,2001.0
Maharashtra,Amrawati(Frui & Veg. Market) APMC,Onion,2026-06-30,Local,18.0,700.0,2800.0,1750.0
Maharashtra,Bhusaval APMC,Onion,2026-06-30,Unhali,1.4,1000.0,1600.0,1200.0
Maharashtra,Chandrapur(Ganjwad) APMC,Onion,2026-06-30,Other,89.0,2100.0,3000.0,2700.0
Maharashtra,Chattrapati Sambhajinagar APMC,Onion,2026-06-30,Other,282.6,550.0,2400.0,1475.0
Maharashtra,Devala APMC,Onion,2026-06-30,Unhali,1127.5,550.0,2550.0,2100.0
Maharashtra,Dharashiv APMC,Onion,2026-06-30,Red,5.2,1000.0,2300.0,1650.0
Maharashtra,Dindori APMC,Onion,2026-06-30,Unhali,68.4,1851.0,2801.0,2401.0
Maharashtra,Dindori(Vani) APMC,Onion,2026-06-30,Unhali,562.8,1751.0,2901.0,2451.0
Maharashtra,Gangapur APMC,Onion,2026-06-30,Unhali,665.5,650.0,2485.0,1960.0
Maharashtra,Gevrai APMC,Onion,2026-06-30,Red,61.0,700.0,2850.0,1400.0
Maharashtra,HINGNA - APMC,Onion,2026-06-30,Red,0.2,2400.0,2400.0,2400.0
Maharashtra,Jalgaon APMC,Onion,2026-06-30,Red,17.2,512.0,2750.0,1625.0
Maharashtra,Junnar(Alephata) APMC,Onion,2026-06-30,Chinchwad,682.7,1000.0,3010.0,2200.0
Maharashtra,Kada(Ashti) APMC,Onion,2026-06-30,Unhali,25.0,300.0,2500.0,2000.0
Maharashtra,Kalvan APMC,Onion,2026-06-30,Unhali,1850.0,1000.0,3050.0,2150.0
Maharashtra,Kalyan APMC,Onion,2026-06-30,1st Sort,0.3,2300.0,2400.0,2350.0
Maharashtra,Kalyan APMC,Onion,2026-06-30,2nd Sort,0.3,1500.0,1600.0,1550.0
Maharashtra,Kamthi APMC,Onion,2026-06-30,Local,1.0,1520.0,2020.0,1770.0
Maharashtra,Khed APMC,Onion,2026-06-30,Fursungi,3.0,900.0,2000.0,1500.0
Maharashtra,Khed(Chakan) APMC,Onion,2026-06-30,Other,25.0,1000.0,2600.0,1800.0
Maharashtra,Kolhapur APMC,Onion,2026-06-30,Other,368.2,500.0,2800.0,1400.0
Maharashtra,Kopargaon APMC,Onion,2026-06-30,Unhali,1068.0,700.0,2302.0,2001.0
Maharashtra,Lasalgaon APMC,Onion,2026-06-30,Unhali,1616.8,800.0,2652.0,2200.0
Maharashtra,Lasalgaon(Niphad) APMC,Onion,2026-06-30,Unhali,649.5,700.0,2367.0,2200.0
Maharashtra,Lasalgaon(Vinchur) APMC,Onion,2026-06-30,Unhali,1315.2,700.0,3052.0,2200.0
Maharashtra,Lasur Station APMC,Onion,2026-06-30,Other,1120.0,300.0,2371.0,1700.0
Maharashtra,"Laxmi-Sopan Agriculture Produce Marketing Co Ltd, Barshi, Dist Solapur",Onion,2026-06-30,Other,13.2,500.0,1900.0,1500.0
Maharashtra,Lonand APMC,Onion,2026-06-30,Unhali,59.5,500.0,2310.0,1800.0
Maharashtra,"Malharshree Khajgi Krushi Utpann Bajar, Chandanpuri Tal Malegaon, Nashik",Onion,2026-06-30,Other,237.1,511.0,2405.0,2044.0
Maharashtra,Malkapur APMC,Onion,2026-06-30,Local,27.0,1000.0,2350.0,1300.0
Maharashtra,Manchar APMC,Onion,2026-06-30,Other,1195.9,1500.0,3000.0,2260.0
Maharashtra,Manmad APMC,Onion,2026-06-30,Unhali,476.3,421.0,2600.0,2200.0
Maharashtra,Mumbai-Onion & Potato Market APMC,Onion,2026-06-30,Other,908.1,1300.0,2600.0,1950.0
Maharashtra,Nagpur APMC,Onion,2026-06-30,Red,118.0,2000.0,2500.0,2375.0
Maharashtra,Nagpur APMC,Onion,2026-06-30,White,120.0,2000.0,2800.0,2600.0
Maharashtra,Nampur APMC,Onion,2026-06-30,Unhali,1100.0,300.0,2625.0,2200.0
Maharashtra,Nandgaon APMC,Onion,2026-06-30,Unhali,1457.6,400.0,2601.0,2050.0
Maharashtra,Nasik APMC,Onion,2026-06-30,Unhali,532.0,750.0,2600.0,1950.0
Maharashtra,Navapur APMC,Onion,2026-06-30,Other,6.8,700.0,2000.0,1432.0
Maharashtra,Newasa APMC,Onion,2026-06-30,Unhali,110.5,400.0,2300.0,1700.0
Maharashtra,"Omchatinya Multi State Agro Purpose Co-Op Society, Dist Ahilyanagar",Onion,2026-06-30,Other,250.67,400.0,3125.0,2000.0
Maharashtra,Pathardi APMC,Onion,2026-06-30,Red,32.0,300.0,3000.0,1650.0
Maharashtra,Phaltan APMC,Onion,2026-06-30,Other,174.8,500.0,3000.0,1800.0
Maharashtra,Pimpalgaon Baswant APMC,Onion,2026-06-30,Unhali,2626.4,600.0,3245.0,2350.0
Maharashtra,Pimpalgaon Baswant(Saykheda) APMC,Onion,2026-06-30,Unhali,433.5,700.0,2400.0,1825.0
Maharashtra,Pune APMC,Onion,2026-06-30,Local,965.7,800.0,2500.0,1650.0
Maharashtra,Pune(Khadiki) APMC,Onion,2026-06-30,Local,1.2,700.0,1100.0,900.0
Maharashtra,Pune(Manjri) APMC,Onion,2026-06-30,Local,14.1,1500.0,2800.0,2200.0
Maharashtra,Pune(Moshi) APMC,Onion,2026-06-30,Local,65.3,700.0,1500.0,1100.0
Maharashtra,Pune(Pimpri) APMC,Onion,2026-06-30,Local,0.8,1300.0,2200.0,1750.0
Maharashtra,Rahata APMC,Onion,2026-06-30,Other,574.0,300.0,3200.0,1800.0
Maharashtra,Ramtek APMC,Onion,2026-06-30,Unhali,1.2,1000.0,2000.0,1500.0
Maharashtra,SHRI.SIDDHESHWAR  APMC,Onion,2026-06-30,Red,1582.3,100.0,3400.0,1700.0
Maharashtra,Sakri APMC,Onion,2026-06-30,Unhali,324.0,1400.0,2100.0,1800.0
Maharashtra,Sangamner APMC,Onion,2026-06-30,Unhali,685.2,200.0,2651.0,1425.0
Maharashtra,"Sangli(Phale, Bhajipala Market) APMC",Onion,2026-06-30,Local,147.8,500.0,2600.0,1550.0
Maharashtra,Satana APMC,Onion,2026-06-30,Unhali,1238.9,450.0,3000.0,2200.0
Maharashtra,Satara APMC,Onion,2026-06-30,Other,9.0,1000.0,3000.0,1500.0
Maharashtra,Shivsiddha Govind Producer Company Ltd Sanchalit Khajgi Krushi Utpann Bajar Samati-Abhona-Kalwan,Onion,2026-06-30,Other,1638.53,500.0,3150.0,2190.0
Maharashtra,Sinner APMC,Onion,2026-06-30,Unhali,186.9,500.0,2350.0,1975.0
Maharashtra,Vadgaonpeth APMC,Onion,2026-06-30,Local,25.0,1100.0,1500.0,1200.0
Maharashtra,Vaduj APMC,Onion,2026-06-30,Local,5.0,1000.0,2500.0,1200.0
Maharashtra,Vai APMC,Onion,2026-06-30,Local,1.5,1000.0,2600.0,2000.0
Maharashtra,AGRICULTURE PRODUCE MARKET COMITEE CHANDWAD,Onion,2026-07-01,Unhali,1179.0,530.0,2700.0,2180.0
Maharashtra,Akluj APMC,Onion,2026-07-01,Other,48.6,200.0,2600.0,1600.0
Maharashtra,Akola APMC,Onion,2026-07-01,Other,33.2,1000.0,2700.0,1700.0
Maharashtra,Amrawati(Frui & Veg. Market) APMC,Onion,2026-07-01,Local,27.8,1000.0,2900.0,1950.0
Maharashtra,Bhusaval APMC,Onion,2026-07-01,Unhali,0.8,1000.0,1600.0,1200.0
Maharashtra,Chandrapur(Ganjwad) APMC,Onion,2026-07-01,Other,73.0,2000.0,3200.0,2700.0
Maharashtra,Chattrapati Sambhajinagar APMC,Onion,2026-07-01,Other,205.2,650.0,2450.0,1550.0
Maharashtra,Devala APMC,Onion,2026-07-01,Unhali,913.3,500.0,2550.0,2100.0
Maharashtra,Dharashiv APMC,Onion,2026-07-01,Red,5.6,1400.0,2600.0,2000.0
Maharashtra,Dhule APMC,Onion,2026-07-01,Red,19.8,550.0,2400.0,1830.0
Maharashtra,Gangapur APMC,Onion,2026-07-01,Unhali,579.0,400.0,2380.0,1820.0
Maharashtra,HINGNA - APMC,Onion,2026-07-01,Red,0.2,2500.0,2600.0,2550.0
Maharashtra,Indapur APMC,Onion,2026-07-01,Red,16.4,300.0,2500.0,1000.0
Maharashtra,Jalgaon APMC,Onion,2026-07-01,Red,38.0,612.0,2902.0,1750.0
Maharashtra,Junnar(Narayangaon) APMC,Onion,2026-07-01,Chinchwad,3.8,400.0,2600.0,1500.0
Maharashtra,Kada APMC,Onion,2026-07-01,Unhali,1663.8,200.0,2800.0,2250.0
Maharashtra,Kada(Ashti) APMC,Onion,2026-07-01,Unhali,25.5,400.0,2400.0,2000.0
Maharashtra,Kalvan APMC,Onion,2026-07-01,Unhali,870.0,900.0,3050.0,2101.0
Maharashtra,Kalyan APMC,Onion,2026-07-01,1st Sort,0.3,2000.0,2500.0,2250.0
Maharashtra,Kamthi APMC,Onion,2026-07-01,Local,0.8,2030.0,2530.0,2280.0
Maharashtra,Karad APMC,Onion,2026-07-01,Halva,15.0,500.0,2500.0,2500.0
Maharashtra,Khed APMC,Onion,2026-07-01,Fursungi,2.2,900.0,2400.0,1500.0
Maharashtra,Khed(Chakan) APMC,Onion,2026-07-01,Other,125.0,1000.0,2500.0,1800.0
Maharashtra,Kolhapur APMC,Onion,2026-07-01,Other,576.6,500.0,2500.0,1300.0
Maharashtra,Kopargaon APMC,Onion,2026-07-01,Unhali,952.0,700.0,2296.0,2000.0
Maharashtra,Lasalgaon APMC,Onion,2026-07-01,Unhali,1511.2,800.0,2640.0,2200.0
Maharashtra,Lasalgaon(Niphad) APMC,Onion,2026-07-01,Unhali,652.5,700.0,2350.0,2100.0
Maharashtra,Lasalgaon(Vinchur) APMC,Onion,2026-07-01,Unhali,1281.9,700.0,2671.0,2200.0
Maharashtra,Lasur Station APMC,Onion,2026-07-01,Other,1250.0,300.0,2300.0,1675.0
Maharashtra,"Laxmi-Sopan Agriculture Produce Marketing Co Ltd, Barshi, Dist Solapur",Onion,2026-07-01,Other,6.5,400.0,2000.0,1600.0
Maharashtra,"Malharshree Khajgi Krushi Utpann Bajar, Chandanpuri Tal Malegaon, Nashik",Onion,2026-07-01,Other,67.7,487.0,2225.0,1841.0
Maharashtra,Mangal Wedha APMC,Onion,2026-07-01,Local,14.9,500.0,3000.0,2460.0
Maharashtra,Manmad APMC,Onion,2026-07-01,Unhali,559.1,400.0,2351.0,2050.0
Maharashtra,Mumbai-Onion & Potato Market APMC,Onion,2026-07-01,Other,975.5,1500.0,2700.0,2100.0
Maharashtra,Nagpur APMC,Onion,2026-07-01,Red,98.0,2000.0,2500.0,2375.0
Maharashtra,Nagpur APMC,Onion,2026-07-01,White,98.0,2000.0,2500.0,2375.0
Maharashtra,Nampur APMC,Onion,2026-07-01,Unhali,809.8,300.0,2435.0,2100.0
Maharashtra,Nasik APMC,Onion,2026-07-01,Unhali,432.2,600.0,2300.0,1650.0
Maharashtra,Navapur APMC,Onion,2026-07-01,Other,7.4,700.0,3000.0,1584.0
Maharashtra,Newasa(Ghodegaon) APMC,Onion,2026-07-01,Unhali,4577.5,400.0,2400.0,1800.0
Maharashtra,Parner APMC,Onion,2026-07-01,Unhali,1465.3,500.0,2600.0,1650.0
Maharashtra,Pathardi APMC,Onion,2026-07-01,Red,69.9,300.0,2300.0,1300.0
Maharashtra,Pimpalgaon Baswant APMC,Onion,2026-07-01,Unhali,2149.9,500.0,3204.0,2300.0
Maharashtra,Pimpalgaon Baswant(Saykheda) APMC,Onion,2026-07-01,Unhali,435.1,750.0,2301.0,1810.0
Maharashtra,"Prasanna Krushi Market, Tal Parnet, Dist Ahilyanagar",Onion,2026-07-01,Other,17.93,700.0,2270.0,1485.0
Maharashtra,Pune APMC,Onion,2026-07-01,Local,969.9,800.0,2500.0,1650.0
Maharashtra,Pune(Khadiki) APMC,Onion,2026-07-01,Local,0.6,700.0,1100.0,900.0
Maharashtra,Pune(Manjri) APMC,Onion,2026-07-01,Local,10.4,900.0,2500.0,1700.0
Maharashtra,Pune(Pimpri) APMC,Onion,2026-07-01,Local,2.0,1000.0,2000.0,1500.0
Maharashtra,Rahata APMC,Onion,2026-07-01,Unhali,0.6,500.0,1500.0,1000.0
Maharashtra,Ramtek APMC,Onion,2026-07-01,Unhali,0.6,1000.0,2000.0,1500.0
Maharashtra,SHRI.SIDDHESHWAR  APMC,Onion,2026-07-01,Red,1890.7,100.0,3500.0,1700.0
Maharashtra,Sakri APMC,Onion,2026-07-01,Unhali,311.0,1400.0,2100.0,1900.0
Maharashtra,Sangamner APMC,Onion,2026-07-01,Unhali,550.9,200.0,2611.0,1405.0
Maharashtra,"Sangli(Phale, Bhajipala Market) APMC",Onion,2026-07-01,Local,323.0,700.0,2600.0,1650.0
Maharashtra,Satana APMC,Onion,2026-07-01,Unhali,1304.0,480.0,2605.0,2150.0
Maharashtra,Satara APMC,Onion,2026-07-01,Other,11.8,1000.0,3000.0,2000.0
Maharashtra,Shirpur APMC,Onion,2026-07-01,Red,36.4,300.0,2450.0,1750.0
Maharashtra,Shivsiddha Govind Producer Company Ltd Sanchalit Khajgi Krushi Utpann Bajar Samati-Abhona-Kalwan,Onion,2026-07-01,Other,1401.66,500.0,3000.0,2160.0
Maharashtra,"Shree Sairaj Krushi Market, Dist Ahilyanagar",Onion,2026-07-01,Local,77.36,200.0,2600.0,1400.0
Maharashtra,Shrirampur APMC,Onion,2026-07-01,Unhali,1122.0,600.0,2800.0,1950.0
Maharashtra,Sinner APMC,Onion,2026-07-01,Unhali,169.2,400.0,2260.0,1900.0
Maharashtra,Vadgaonpeth APMC,Onion,2026-07-01,Local,27.0,1000.0,1600.0,1300.0
Maharashtra,Vaduj APMC,Onion,2026-07-01,Local,4.5,1000.0,2500.0,1500.0
Maharashtra,Vai APMC,Onion,2026-07-01,Local,1.2,1000.0,2600.0,1500.0
Maharashtra,Vaijpur APMC,Onion,2026-07-01,Unhali,984.0,600.0,2400.0,1900.0
Maharashtra,Yeola APMC,Onion,2026-07-01,Unhali,884.5,300.0,2375.0,2000.0
Maharashtra,AGRICULTURE PRODUCE MARKET COMITEE CHANDWAD,Onion,2026-07-02,Unhali,1157.1,500.0,2605.0,2080.0
Maharashtra,Ahilyanagar APMC,Onion,2026-07-02,Unhali,6966.2,300.0,2500.0,1400.0
Maharashtra,Akola APMC,Onion,2026-07-02,Other,43.0,1000.0,2800.0,1700.0
Maharashtra,Akole APMC,Onion,2026-07-02,Unhali,240.2,401.0,2701.0,2051.0
Maharashtra,Bhusaval APMC,Onion,2026-07-02,Unhali,2.5,1200.0,1600.0,1500.0
Maharashtra,Chattrapati Sambhajinagar APMC,Onion,2026-07-02,Other,477.1,825.0,2300.0,1563.0
Maharashtra,Devala APMC,Onion,2026-07-02,Unhali,822.2,300.0,2500.0,2050.0
Maharashtra,Dharashiv APMC,Onion,2026-07-02,Red,4.8,700.0,2500.0,1600.0
Maharashtra,Dhule APMC,Onion,2026-07-02,Red,112.1,500.0,2000.0,1800.0
Maharashtra,Dindori APMC,Onion,2026-07-02,Unhali,47.5,1550.0,2451.0,2150.0
Maharashtra,Dindori(Vani) APMC,Onion,2026-07-02,Unhali,543.3,1831.0,2751.0,2451.0
Maharashtra,Gangapur APMC,Onion,2026-07-02,Unhali,760.5,500.0,2320.0,1800.0
Maharashtra,HINGNA - APMC,Onion,2026-07-02,Red,1.0,2500.0,2800.0,2650.0
Maharashtra,Jalgaon APMC,Onion,2026-07-02,Red,16.4,1000.0,2500.0,1800.0
Maharashtra,Jamkhed APMC,Onion,2026-07-02,Local,23.0,400.0,2400.0,1400.0
Maharashtra,Junnar APMC,Onion,2026-07-02,Chinchwad,685.7,1000.0,2650.0,2400.0
Maharashtra,Junnar(Otur) APMC,Onion,2026-07-02,Chinchwad,759.0,1000.0,2500.0,2000.0
Maharashtra,Kada(Ashti) APMC,Onion,2026-07-02,Unhali,29.3,300.0,2300.0,2000.0
Maharashtra,Kalvan APMC,Onion,2026-07-02,Unhali,1900.0,700.0,2905.0,2001.0
Maharashtra,Kalyan APMC,Onion,2026-07-02,1st Sort,0.3,2100.0,2200.0,2150.0
Maharashtra,Kalyan APMC,Onion,2026-07-02,2nd Sort,0.3,2100.0,2200.0,2150.0
Maharashtra,Kamthi APMC,Onion,2026-07-02,Local,2.0,2040.0,2540.0,2290.0
Maharashtra,Karad APMC,Onion,2026-07-02,Halva,15.0,500.0,1400.0,1400.0
Maharashtra,Karjat APMC,Onion,2026-07-02,Local,10.7,300.0,2000.0,900.0
Maharashtra,Khed APMC,Onion,2026-07-02,Fursungi,2.4,1200.0,2000.0,1600.0
Maharashtra,Khed(Chakan) APMC,Onion,2026-07-02,Other,100.0,800.0,2200.0,1700.0
Maharashtra,Kolhapur APMC,Onion,2026-07-02,Other,476.4,500.0,2400.0,1300.0
Maharashtra,Kopargaon APMC,Onion,2026-07-02,Unhali,904.0,600.0,2276.0,1950.0
Maharashtra,Kurdwadi(Modnimb) APMC,Onion,2026-07-02,Red,1.3,250.0,2550.0,1750.0
Maharashtra,Lasalgaon APMC,Onion,2026-07-02,Unhali,1382.0,700.0,2740.0,2175.0
Maharashtra,Lasalgaon(Niphad) APMC,Onion,2026-07-02,Unhali,567.0,700.0,2312.0,2100.0
Maharashtra,Lasalgaon(Vinchur) APMC,Onion,2026-07-02,Unhali,1099.4,700.0,2701.0,2150.0
Maharashtra,Lasur Station APMC,Onion,2026-07-02,Other,1320.0,420.0,2230.0,1625.0
Maharashtra,"Laxmi-Sopan Agriculture Produce Marketing Co Ltd, Barshi, Dist Solapur",Onion,2026-07-02,Other,20.4,600.0,2400.0,2000.0
Maharashtra,Lonand APMC,Onion,2026-07-02,Unhali,47.5,500.0,2415.0,1900.0
Maharashtra,"Malharshree Khajgi Krushi Utpann Bajar, Chandanpuri Tal Malegaon, Nashik",Onion,2026-07-02,Other,71.9,451.0,2250.0,1864.0
Maharashtra,Malkapur APMC,Onion,2026-07-02,Local,39.7,1200.0,2200.0,1700.0
Maharashtra,Manchar APMC,Onion,2026-07-02,Other,1401.8,1500.0,3000.0,2260.0
Maharashtra,Mangal Wedha APMC,Onion,2026-07-02,Local,28.1,400.0,2800.0,2300.0
Maharashtra,Manmad APMC,Onion,2026-07-02,Unhali,603.6,300.0,2375.0,2000.0
Maharashtra,Mumbai-Onion & Potato Market APMC,Onion,2026-07-02,Other,577.1,1500.0,2700.0,2100.0
Maharashtra,Nagpur APMC,Onion,2026-07-02,Red,126.0,2000.0,2500.0,2375.0
Maharashtra,Nagpur APMC,Onion,2026-07-02,White,126.0,2000.0,2500.0,2375.0
Maharashtra,Nampur APMC,Onion,2026-07-02,Unhali,737.7,200.0,2185.0,2000.0
Maharashtra,Nandgaon APMC,Onion,2026-07-02,Unhali,1609.2,261.0,2501.0,1850.0
Maharashtra,Nasik APMC,Onion,2026-07-02,Unhali,507.6,700.0,2500.0,1850.0
Maharashtra,Newasa APMC,Onion,2026-07-02,Unhali,111.3,400.0,2260.0,1800.0
Maharashtra,Paranda APMC,Onion,2026-07-02,Red,60.3,1000.0,2350.0,1150.0
Maharashtra,Pimpalgaon Baswant APMC,Onion,2026-07-02,Unhali,2021.6,600.0,3156.0,2225.0
Maharashtra,Pimpalgaon Baswant(Saykheda) APMC,Onion,2026-07-02,Unhali,166.7,650.0,2400.0,1750.0
Maharashtra,Pune APMC,Onion,2026-07-02,Local,941.0,700.0,2500.0,1600.0
Maharashtra,Pune(Khadiki) APMC,Onion,2026-07-02,Local,1.8,700.0,1100.0,900.0
Maharashtra,Pune(Manjri) APMC,Onion,2026-07-02,Local,8.7,1500.0,2500.0,2000.0
Maharashtra,Pune(Moshi) APMC,Onion,2026-07-02,Local,86.4,800.0,2000.0,1400.0
Maharashtra,Pune(Pimpri) APMC,Onion,2026-07-02,Local,1.2,1650.0,2400.0,2025.0
Maharashtra,Rahuri(Vambori) APMC,Onion,2026-07-02,Unhali,1412.4,200.0,2500.0,1600.0
Maharashtra,Ramtek APMC,Onion,2026-07-02,Unhali,1.6,1000.0,2000.0,1500.0
Maharashtra,SHRI.SIDDHESHWAR  APMC,Onion,2026-07-02,Red,2094.4,100.0,3300.0,1650.0
Maharashtra,Sakri APMC,Onion,2026-07-02,Unhali,300.0,1400.0,2100.0,1800.0
Maharashtra,Sangamner APMC,Onion,2026-07-02,Unhali,602.8,200.0,2600.0,1400.0
Maharashtra,"Sangli(Phale, Bhajipala Market) APMC",Onion,2026-07-02,Local,233.1,1000.0,2600.0,1800.0
Maharashtra,Satana APMC,Onion,2026-07-02,Unhali,1228.5,505.0,3000.0,2100.0
Maharashtra,Satara APMC,Onion,2026-07-02,Other,7.5,1000.0,3000.0,2000.0
Maharashtra,Shevgaon APMC,Onion,2026-07-02,1st Sort,87.0,1600.0,2400.0,1850.0
Maharashtra,Shevgaon APMC,Onion,2026-07-02,2nd Sort,80.0,1000.0,1500.0,1350.0
Maharashtra,Shevgaon APMC,Onion,2026-07-02,Other,67.4,300.0,900.0,650.0
Maharashtra,Shivsiddha Govind Producer Company Ltd Sanchalit Khajgi Krushi Utpann Bajar Samati-Abhona-Kalwan,Onion,2026-07-02,Other,1565.34,400.0,2900.0,2150.0
Maharashtra,Sinner APMC,Onion,2026-07-02,Unhali,164.9,400.0,2135.0,1850.0
Maharashtra,Umrane APMC,Onion,2026-07-02,Unhali,2050.0,900.0,2700.0,1800.0
Maharashtra,Vaduj APMC,Onion,2026-07-02,Local,5.0,1000.0,2500.0,1600.0
Maharashtra,Vai APMC,Onion,2026-07-02,Local,1.2,1000.0,1500.0,1250.0
Maharashtra,Vaijpur APMC,Onion,2026-07-02,Unhali,939.0,800.0,2150.0,1850.0
Maharashtra,Vita APMC,Onion,2026-07-02,Other,8.0,2000.0,2800.0,2500.0
Maharashtra,Yeola APMC,Onion,2026-07-02,Unhali,854.4,461.0,2302.0,1850.0
Maharashtra,AGRICULTURE PRODUCE MARKET COMITEE CHANDWAD,Onion,2026-07-03,Unhali,1078.0,500.0,2545.0,2100.0
Maharashtra,Akluj APMC,Onion,2026-07-03,Other,40.9,300.0,2500.0,1600.0
Maharashtra,Akola APMC,Onion,2026-07-03,Other,73.5,1000.0,2700.0,1700.0
Maharashtra,Amrawati(Frui & Veg. Market) APMC,Onion,2026-07-03,Local,10.8,1000.0,3500.0,2250.0
Maharashtra,Bhusaval APMC,Onion,2026-07-03,Unhali,2.0,1500.0,2200.0,2000.0
Maharashtra,Chandrapur(Ganjwad) APMC,Onion,2026-07-03,Other,41.0,2000.0,3225.0,3000.0
Maharashtra,Devala APMC,Onion,2026-07-03,Unhali,544.3,500.0,2550.0,2200.0
Maharashtra,Dharashiv APMC,Onion,2026-07-03,Red,3.7,1200.0,2500.0,1850.0
Maharashtra,Dhule APMC,Onion,2026-07-03,Red,78.3,500.0,2000.0,1420.0
Maharashtra,Dindori APMC,Onion,2026-07-03,Unhali,38.5,1550.0,2470.0,2200.0
Maharashtra,Dindori(Vani) APMC,Onion,2026-07-03,Unhali,454.1,1861.0,2801.0,2451.0
Maharashtra,Gangapur APMC,Onion,2026-07-03,Unhali,838.5,500.0,2400.0,1780.0
Maharashtra,Gevrai APMC,Onion,2026-07-03,Red,25.0,600.0,2600.0,1800.0
Maharashtra,HINGNA - APMC,Onion,2026-07-03,Red,1.6,2500.0,2500.0,2500.0
Maharashtra,Jalgaon APMC,Onion,2026-07-03,Red,60.9,925.0,2750.0,1812.0
Maharashtra,Junnar(Alephata) APMC,Onion,2026-07-03,Chinchwad,757.6,1000.0,2600.0,2000.0
Maharashtra,Junnar(Narayangaon) APMC,Onion,2026-07-03,Chinchwad,4.8,400.0,2500.0,1500.0
Maharashtra,Kalvan APMC,Onion,2026-07-03,Unhali,1250.0,900.0,2801.0,1850.0
Maharashtra,Kalyan APMC,Onion,2026-07-03,1st Sort,0.3,2000.0,2500.0,2250.0
Maharashtra,Kamthi APMC,Onion,2026-07-03,Local,4.1,2520.0,3020.0,2770.0
Maharashtra,Khed APMC,Onion,2026-07-03,Fursungi,2.1,1200.0,1900.0,1600.0
Maharashtra,Khed(Chakan) APMC,Onion,2026-07-03,Other,37.5,1000.0,2600.0,1700.0
Maharashtra,Kolhapur APMC,Onion,2026-07-03,Other,360.0,500.0,2500.0,1300.0
Maharashtra,Kopargaon APMC,Onion,2026-07-03,Unhali,880.0,600.0,2295.0,1950.0
Maharashtra,Lasalgaon APMC,Onion,2026-07-03,Unhali,1464.6,700.0,2700.0,2200.0
Maharashtra,Lasalgaon(Niphad) APMC,Onion,2026-07-03,Unhali,579.0,600.0,2431.0,2100.0
Maharashtra,Lasalgaon(Vinchur) APMC,Onion,2026-07-03,Unhali,882.0,700.0,2501.0,2150.0
Maharashtra,Lasur Station APMC,Onion,2026-07-03,Other,1350.0,400.0,2350.0,1625.0
Maharashtra,"Laxmi-Sopan Agriculture Produce Marketing Co Ltd, Barshi, Dist Solapur",Onion,2026-07-03,Other,11.0,400.0,1800.0,1400.0
Maharashtra,"Malharshree Khajgi Krushi Utpann Bajar, Chandanpuri Tal Malegaon, Nashik",Onion,2026-07-03,Other,93.1,411.0,2310.0,1754.0
Maharashtra,Mangal Wedha APMC,Onion,2026-07-03,Local,15.9,600.0,2270.0,2000.0
Maharashtra,Manmad APMC,Onion,2026-07-03,Unhali,335.8,300.0,2155.0,1950.0
Maharashtra,Mumbai-Onion & Potato Market APMC,Onion,2026-07-03,Other,804.1,1600.0,2600.0,2100.0
Maharashtra,Nampur APMC,Onion,2026-07-03,Unhali,737.7,300.0,2185.0,2000.0
Maharashtra,Nasik APMC,Onion,2026-07-03,Unhali,387.5,600.0,2351.0,1750.0
Maharashtra,"Omchatinya Multi State Agro Purpose Co-Op Society, Dist Ahilyanagar",Onion,2026-07-03,Other,368.28,400.0,3000.0,1800.0
Maharashtra,Parner APMC,Onion,2026-07-03,Unhali,923.2,500.0,2500.0,1600.0
Maharashtra,Pathardi APMC,Onion,2026-07-03,Red,29.0,200.0,2350.0,1275.0
Maharashtra,Pimpalgaon Baswant APMC,Onion,2026-07-03,Unhali,1817.6,600.0,3022.0,2300.0
Maharashtra,Pimpalgaon Baswant(Saykheda) APMC,Onion,2026-07-03,Unhali,370.0,700.0,2325.0,1775.0
Maharashtra,Pune(Khadiki) APMC,Onion,2026-07-03,Local,1.3,700.0,1200.0,950.0
Maharashtra,Pune(Manjri) APMC,Onion,2026-07-03,Local,8.5,1200.0,2200.0,1600.0
Maharashtra,Pune(Moshi) APMC,Onion,2026-07-03,Local,37.0,800.0,2000.0,1400.0
Maharashtra,Pune(Pimpri) APMC,Onion,2026-07-03,Local,0.1,2200.0,2200.0,2200.0
Maharashtra,Rahata APMC,Onion,2026-07-03,Other,786.8,500.0,3200.0,1800.0
Maharashtra,SHRI.SIDDHESHWAR  APMC,Onion,2026-07-03,Red,2400.3,100.0,3200.0,1500.0
Maharashtra,Sangamner APMC,Onion,2026-07-03,Unhali,545.3,200.0,2600.0,1400.0
Maharashtra,"Sangli(Phale, Bhajipala Market) APMC",Onion,2026-07-03,Local,252.9,1000.0,2500.0,1750.0
Maharashtra,Satana APMC,Onion,2026-07-03,Unhali,1076.5,405.0,2950.0,2050.0
Maharashtra,"Shri Rameshwar Krushi Market, M.Nagar, Tal Deola, Dist Nashik",Onion,2026-07-03,Other,835.77,581.0,2727.0,1841.32
Maharashtra,Shrirampur APMC,Onion,2026-07-03,Unhali,1194.9,800.0,2800.0,1950.0
Maharashtra,Sinner APMC,Onion,2026-07-03,Unhali,185.8,500.0,2150.0,1900.0
Maharashtra,Umrane APMC,Onion,2026-07-03,Unhali,2430.0,900.0,2599.0,1800.0
Maharashtra,Vadgaonpeth APMC,Onion,2026-07-03,Local,34.0,1400.0,2400.0,1700.0
Maharashtra,Vai APMC,Onion,2026-07-03,Local,1.5,1000.0,2500.0,2000.0
Maharashtra,Vaijpur APMC,Onion,2026-07-03,Unhali,931.8,800.0,2200.0,1850.0
Maharashtra,Yeola APMC,Onion,2026-07-03,Unhali,770.1,375.0,2340.0,1850.0
Maharashtra,AGRICULTURE PRODUCE MARKET COMITEE CHANDWAD,Onion,2026-07-04,Unhali,1396.5,550.0,2595.0,2150.0
Maharashtra,Ahilyanagar APMC,Onion,2026-07-04,Unhali,4652.4,300.0,2600.0,1450.0
Maharashtra,Akola APMC,Onion,2026-07-04,Other,45.0,1000.0,2600.0,1600.0
Maharashtra,Amrawati(Frui & Veg. Market) APMC,Onion,2026-07-04,Local,12.0,1000.0,3400.0,2200.0
Maharashtra,Bhusaval APMC,Onion,2026-07-04,Unhali,1.0,1500.0,2200.0,2000.0
Maharashtra,Chandrapur(Ganjwad) APMC,Onion,2026-07-04,Other,30.0,2700.0,3200.0,3000.0
Maharashtra,Chattrapati Sambhajinagar APMC,Onion,2026-07-04,Other,479.0,650.0,2100.0,1375.0
Maharashtra,Dharashiv APMC,Onion,2026-07-04,Red,0.3,2500.0,2500.0,2500.0
Maharashtra,Dhule APMC,Onion,2026-07-04,Red,68.9,500.0,2000.0,1420.0
Maharashtra,HINGNA - APMC,Onion,2026-07-04,Red,0.6,1800.0,3000.0,2433.0
Maharashtra,Jalgaon APMC,Onion,2026-07-04,Red,52.9,825.0,2552.0,1687.0
Maharashtra,Jamkhed APMC,Onion,2026-07-04,Local,33.1,300.0,2500.0,1400.0
Maharashtra,Junnar(Narayangaon) APMC,Onion,2026-07-04,Chinchwad,3.2,500.0,2600.0,1500.0
Maharashtra,Karad APMC,Onion,2026-07-04,Halva,19.8,1500.0,2500.0,2500.0
Maharashtra,Khed(Chakan) APMC,Onion,2026-07-04,Other,100.0,1000.0,2600.0,1800.0
Maharashtra,Kolhapur APMC,Onion,2026-07-04,Other,229.5,500.0,2700.0,1500.0
Maharashtra,Kopargaon APMC,Onion,2026-07-04,Unhali,794.0,700.0,2500.0,2000.0
Maharashtra,Lasalgaon APMC,Onion,2026-07-04,Unhali,634.8,800.0,2700.0,2251.0
Maharashtra,Lasalgaon(Niphad) APMC,Onion,2026-07-04,Unhali,325.5,700.0,2427.0,2200.0
Maharashtra,Lasalgaon(Vinchur) APMC,Onion,2026-07-04,Unhali,480.0,700.0,2416.0,2150.0
Maharashtra,Lasur Station APMC,Onion,2026-07-04,Other,1270.0,400.0,2420.0,1700.0
Maharashtra,"Laxmi-Sopan Agriculture Produce Marketing Co Ltd, Barshi, Dist Solapur",Onion,2026-07-04,Other,7.0,600.0,2000.0,1600.0
Maharashtra,Mangal Wedha APMC,Onion,2026-07-04,Local,3.4,600.0,2500.0,2000.0
Maharashtra,Manmad APMC,Onion,2026-07-04,Unhali,200.0,600.0,2350.0,2150.0
Maharashtra,Mumbai-Onion & Potato Market APMC,Onion,2026-07-04,Other,950.3,1600.0,2500.0,2050.0
Maharashtra,Nagpur APMC,Onion,2026-07-04,Red,250.0,1500.0,2500.0,2250.0
Maharashtra,Nagpur APMC,Onion,2026-07-04,White,100.0,2500.0,3000.0,2875.0
Maharashtra,Nasik APMC,Onion,2026-07-04,Unhali,399.2,650.0,2400.0,1800.0
Maharashtra,Newasa(Ghodegaon) APMC,Onion,2026-07-04,Unhali,3485.0,500.0,2500.0,1800.0
Maharashtra,Pimpalgaon Baswant APMC,Onion,2026-07-04,Unhali,1837.5,600.0,3054.0,2250.0
Maharashtra,Pimpalgaon Baswant(Saykheda) APMC,Onion,2026-07-04,Unhali,284.0,1001.0,2500.0,2150.0
Maharashtra,Pune(Khadiki) APMC,Onion,2026-07-04,Local,1.6,700.0,1100.0,900.0
Maharashtra,Pune(Manjri) APMC,Onion,2026-07-04,Local,7.7,1200.0,2200.0,1600.0
Maharashtra,Pune(Moshi) APMC,Onion,2026-07-04,Local,26.7,1000.0,2000.0,1500.0
Maharashtra,Pune(Pimpri) APMC,Onion,2026-07-04,Local,0.5,1900.0,2200.0,2050.0
Maharashtra,Rahuri(Vambori) APMC,Onion,2026-07-04,Unhali,789.2,200.0,2500.0,1700.0
Maharashtra,Ramtek APMC,Onion,2026-07-04,Unhali,0.4,1000.0,2000.0,1500.0
Maharashtra,SHRI.SIDDHESHWAR  APMC,Onion,2026-07-04,Red,2029.7,100.0,3200.0,1600.0
Maharashtra,Sakri APMC,Onion,2026-07-04,Unhali,274.0,2000.0,2380.0,2155.0
Maharashtra,"Sangli(Phale, Bhajipala Market) APMC",Onion,2026-07-04,Local,297.0,900.0,2700.0,1800.0
Maharashtra,Satara APMC,Onion,2026-07-04,Other,7.5,1000.0,3000.0,2000.0
Maharashtra,Shevgaon APMC,Onion,2026-07-04,2nd Sort,400.0,700.0,1500.0,1500.0
Maharashtra,Shirpur APMC,Onion,2026-07-04,Red,26.0,350.0,2225.0,1760.0
Maharashtra,Shivsiddha Govind Producer Company Ltd Sanchalit Khajgi Krushi Utpann Bajar Samati-Abhona-Kalwan,Onion,2026-07-04,Other,1094.89,500.0,3050.0,2170.0
Maharashtra,"Shree Sairaj Krushi Market, Dist Ahilyanagar",Onion,2026-07-04,Local,63.25,200.0,2600.0,1500.0
Maharashtra,Vadgaonpeth APMC,Onion,2026-07-04,Local,31.0,1300.0,2100.0,1700.0
Maharashtra,Vaduj APMC,Onion,2026-07-04,Local,2.5,1500.0,2700.0,2200.0
Maharashtra,Vai APMC,Onion,2026-07-04,Local,1.2,1000.0,2600.0,1500.0
Maharashtra,Vaijpur APMC,Onion,2026-07-04,Unhali,751.2,800.0,2355.0,2000.0
Maharashtra,Yeola APMC,Onion,2026-07-04,Unhali,600.0,400.0,2340.0,2000.0
Maharashtra,Akluj APMC,Onion,2026-07-05,Other,42.8,200.0,2500.0,1700.0
Maharashtra,Akole APMC,Onion,2026-07-05,Unhali,177.5,401.0,2901.0,2121.0
Maharashtra,Amrawati(Frui & Veg. Market) APMC,Onion,2026-07-05,Local,15.0,1500.0,3500.0,2500.0
Maharashtra,Bhusaval APMC,Onion,2026-07-05,Unhali,3.6,2000.0,2500.0,2200.0
Maharashtra,Chattrapati Sambhajinagar APMC,Onion,2026-07-05,Other,648.2,700.0,2400.0,1550.0
Maharashtra,Dharashiv APMC,Onion,2026-07-05,Red,10.0,850.0,2500.0,1675.0
Maharashtra,Junnar APMC,Onion,2026-07-05,Chinchwad,542.4,1000.0,2700.0,2200.0
Maharashtra,Junnar(Alephata) APMC,Onion,2026-07-05,Chinchwad,440.5,1000.0,2700.0,2000.0
Maharashtra,Junnar(Narayangaon) APMC,Onion,2026-07-05,Chinchwad,2.2,400.0,2700.0,1550.0
Maharashtra,Junnar(Otur) APMC,Onion,2026-07-05,Unhali,361.3,1000.0,2600.0,2200.0
Maharashtra,Kada APMC,Onion,2026-07-05,Unhali,1272.5,200.0,2800.0,2200.0
Maharashtra,Karad APMC,Onion,2026-07-05,Halva,15.0,1000.0,2000.0,2000.0
Maharashtra,Khed APMC,Onion,2026-07-05,Fursungi,2.6,1000.0,2100.0,1600.0
Maharashtra,Khed(Chakan) APMC,Onion,2026-07-05,Other,20.0,1000.0,2600.0,1700.0
Maharashtra,Manchar APMC,Onion,2026-07-05,Other,931.5,1910.0,3250.0,2590.0
Maharashtra,Navapur APMC,Onion,2026-07-05,Other,3.4,1000.0,2000.0,1388.0
Maharashtra,Newasa APMC,Onion,2026-07-05,Unhali,77.9,700.0,2360.0,1800.0
Maharashtra,"Omchatinya Multi State Agro Purpose Co-Op Society, Dist Ahilyanagar",Onion,2026-07-05,Other,178.21,400.0,3000.0,2100.0
Maharashtra,Paithan APMC,Onion,2026-07-05,Unhali,278.5,200.0,3000.0,2050.0
Maharashtra,Paranda APMC,Onion,2026-07-05,Red,110.0,850.0,2150.0,1000.0
Maharashtra,Parner APMC,Onion,2026-07-05,Unhali,627.0,500.0,3000.0,1800.0
Maharashtra,Pathardi APMC,Onion,2026-07-05,Red,38.1,300.0,2700.0,1500.0
Maharashtra,Pune APMC,Onion,2026-07-05,Local,736.4,1000.0,2600.0,1800.0
Maharashtra,Pune(Khadiki) APMC,Onion,2026-07-05,Local,8.0,700.0,1200.0,950.0
Maharashtra,Pune(Manjri) APMC,Onion,2026-07-05,Local,9.5,1000.0,2000.0,1700.0
Maharashtra,Pune(Moshi) APMC,Onion,2026-07-05,Local,28.7,1000.0,1800.0,1400.0
Maharashtra,Pune(Pimpri) APMC,Onion,2026-07-05,Local,2.0,1000.0,2300.0,1650.0
Maharashtra,Rahata APMC,Onion,2026-07-05,Other,529.8,500.0,3200.0,2350.0
Maharashtra,Rahuri APMC,Onion,2026-07-05,Other,941.0,200.0,2805.0,1500.0
Maharashtra,Ramtek APMC,Onion,2026-07-05,Unhali,3.2,1500.0,2000.0,1700.0
Maharashtra,Satara APMC,Onion,2026-07-05,Other,28.6,1000.0,2700.0,1850.0
Maharashtra,Vadgaonpeth APMC,Onion,2026-07-05,Local,27.0,1300.0,2500.0,1700.0
Maharashtra,Vaduj APMC,Onion,2026-07-05,Local,6.0,500.0,2700.0,1500.0
Maharashtra,Vai APMC,Onion,2026-07-05,Local,1.2,1000.0,2600.0,2000.0
Maharashtra,AGRICULTURE PRODUCE MARKET COMITEE CHANDWAD,Onion,2026-07-06,Unhali,820.3,900.0,2780.0,2270.0
Maharashtra,Ahilyanagar APMC,Onion,2026-07-06,Unhali,4896.3,500.0,2900.0,1700.0
Maharashtra,Akola APMC,Onion,2026-07-06,Other,29.8,1000.0,2600.0,1600.0
Maharashtra,Amrawati(Frui & Veg. Market) APMC,Onion,2026-07-06,Local,21.0,1200.0,3200.0,2200.0
Maharashtra,Chandrapur(Ganjwad) APMC,Onion,2026-07-06,Other,37.0,2700.0,3100.0,3000.0
Maharashtra,Chattrapati Sambhajinagar APMC,Onion,2026-07-06,Other,391.4,700.0,2500.0,1600.0
Maharashtra,Devala APMC,Onion,2026-07-06,Unhali,756.7,650.0,2600.0,2300.0
Maharashtra,Dhule APMC,Onion,2026-07-06,Red,21.0,470.0,2300.0,1800.0
Maharashtra,Dindori APMC,Onion,2026-07-06,Unhali,48.2,2000.0,2551.0,2250.0
Maharashtra,Dindori(Vani) APMC,Onion,2026-07-06,Unhali,258.1,1881.0,2721.0,2301.0
Maharashtra,Gangapur APMC,Onion,2026-07-06,Unhali,727.0,630.0,2605.0,2100.0
Maharashtra,HINGNA - APMC,Onion,2026-07-06,Red,1.3,2000.0,3000.0,2500.0
Maharashtra,HINGNA - APMC,Onion,2026-07-06,White,0.4,3000.0,3200.0,3100.0
Maharashtra,Indapur APMC,Onion,2026-07-06,Red,16.5,300.0,2600.0,1000.0
Maharashtra,Junnar(Narayangaon) APMC,Onion,2026-07-06,Chinchwad,1.0,600.0,2500.0,1550.0
Maharashtra,Kalvan APMC,Onion,2026-07-06,Unhali,1730.0,900.0,3250.0,2201.0
Maharashtra,Kalyan APMC,Onion,2026-07-06,1st Sort,0.3,1600.0,2500.0,2000.0
Maharashtra,Kamthi APMC,Onion,2026-07-06,Local,0.4,2520.0,3020.0,2770.0
Maharashtra,Karad APMC,Onion,2026-07-06,Halva,19.8,500.0,2500.0,2500.0
Maharashtra,Khed APMC,Onion,2026-07-06,Fursungi,1.5,1000.0,2300.0,1500.0
Maharashtra,Kolhapur APMC,Onion,2026-07-06,Other,194.2,500.0,2800.0,1600.0
Maharashtra,Kopargaon APMC,Onion,2026-07-06,Unhali,636.0,700.0,2550.0,2100.0
Maharashtra,Kurdwadi(Modnimb) APMC,Onion,2026-07-06,Red,1.9,1000.0,2570.0,1700.0
Maharashtra,Lasalgaon APMC,Onion,2026-07-06,Unhali,1626.2,800.0,2753.0,2250.0
Maharashtra,Lasalgaon(Niphad) APMC,Onion,2026-07-06,Unhali,600.0,800.0,2578.0,2350.0
Maharashtra,Lasalgaon(Vinchur) APMC,Onion,2026-07-06,Unhali,967.1,700.0,2500.0,2200.0
Maharashtra,Lasur Station APMC,Onion,2026-07-06,Other,1550.0,300.0,2540.0,1800.0
Maharashtra,"Laxmi-Sopan Agriculture Produce Marketing Co Ltd, Barshi, Dist Solapur",Onion,2026-07-06,Other,14.0,600.0,2600.0,2200.0
Maharashtra,Lonand APMC,Onion,2026-07-06,Unhali,24.5,600.0,2600.0,2000.0
Maharashtra,"Malharshree Khajgi Krushi Utpann Bajar, Chandanpuri Tal Malegaon, Nashik",Onion,2026-07-06,Other,99.4,554.0,2465.0,1968.0
Maharashtra,Mangal Wedha APMC,Onion,2026-07-06,Local,30.7,400.0,2500.0,2000.0
Maharashtra,Manmad APMC,Onion,2026-07-06,Unhali,344.3,300.0,2424.0,2200.0
Maharashtra,Mumbai-Onion & Potato Market APMC,Onion,2026-07-06,Other,818.5,1700.0,2600.0,2150.0
Maharashtra,Nagpur APMC,Onion,2026-07-06,Red,150.0,1500.0,2500.0,2250.0
Maharashtra,Nagpur APMC,Onion,2026-07-06,White,102.0,2500.0,3000.0,2875.0
Maharashtra,Nampur APMC,Onion,2026-07-06,Unhali,514.7,300.0,2410.0,2100.0
Maharashtra,Nandgaon APMC,Onion,2026-07-06,Unhali,1305.3,551.0,2600.0,2250.0
Maharashtra,Nasik APMC,Onion,2026-07-06,Unhali,416.5,800.0,2700.0,2100.0
Maharashtra,Newasa(Ghodegaon) APMC,Onion,2026-07-06,Unhali,3735.0,700.0,3100.0,2000.0
Maharashtra,Paithan APMC,Onion,2026-07-06,Unhali,75.3,1160.0,2590.0,2005.0
Maharashtra,Pimpalgaon Baswant APMC,Onion,2026-07-06,Unhali,2876.8,600.0,3252.0,2400.0
Maharashtra,Pimpalgaon Baswant(Saykheda) APMC,Onion,2026-07-06,Unhali,438.9,1000.0,3000.0,2175.0
Maharashtra,"Prasanna Krushi Market, Tal Parnet, Dist Ahilyanagar",Onion,2026-07-06,Other,9.19,1000.0,2400.0,1700.0
Maharashtra,Pune APMC,Onion,2026-07-06,Local,763.9,900.0,2700.0,1800.0
Maharashtra,Pune(Khadiki) APMC,Onion,2026-07-06,Local,1.7,800.0,1100.0,900.0
Maharashtra,Pune(Manjri) APMC,Onion,2026-07-06,Local,4.7,2000.0,3200.0,2800.0
Maharashtra,Pune(Moshi) APMC,Onion,2026-07-06,Local,36.5,1000.0,2000.0,1500.0
Maharashtra,Rahuri(Vambori) APMC,Onion,2026-07-06,Unhali,920.9,200.0,3000.0,2000.0
Maharashtra,SHRI.SIDDHESHWAR  APMC,Onion,2026-07-06,Red,1353.7,100.0,3600.0,2100.0
Maharashtra,Sakri APMC,Onion,2026-07-06,Unhali,600.0,1100.0,2720.0,1600.0
Maharashtra,Sangamner APMC,Onion,2026-07-06,Unhali,412.4,200.0,2800.0,1500.0
Maharashtra,"Sangli(Phale, Bhajipala Market) APMC",Onion,2026-07-06,Local,186.0,1500.0,3000.0,2250.0
Maharashtra,Satana APMC,Onion,2026-07-06,Unhali,991.5,600.0,3000.0,2260.0
Maharashtra,Satara APMC,Onion,2026-07-06,Other,14.6,1000.0,2700.0,1850.0
Maharashtra,Shevgaon APMC,Onion,2026-07-06,1st Sort,573.0,2100.0,3100.0,3100.0
Maharashtra,Shevgaon APMC,Onion,2026-07-06,2nd Sort,541.0,1200.0,2000.0,2000.0
Maharashtra,Shevgaon APMC,Onion,2026-07-06,Other,510.0,500.0,1100.0,1100.0
Maharashtra,Shivsiddha Govind Producer Company Ltd Sanchalit Khajgi Krushi Utpann Bajar Samati-Abhona-Kalwan,Onion,2026-07-06,Other,1583.67,600.0,3200.0,2210.0
Maharashtra,"Shree Sairaj Krushi Market, Dist Ahilyanagar",Onion,2026-07-06,Local,57.33,300.0,3000.0,1700.0
Maharashtra,Shrirampur APMC,Onion,2026-07-06,Unhali,1303.8,900.0,3500.0,2350.0
Maharashtra,Sinner APMC,Onion,2026-07-06,Unhali,93.1,700.0,2415.0,2300.0
Maharashtra,Umrane APMC,Onion,2026-07-06,Unhali,1950.0,900.0,2800.0,2100.0
Maharashtra,Vaduj APMC,Onion,2026-07-06,Local,2.5,200.0,3000.0,2000.0
Maharashtra,Vai APMC,Onion,2026-07-06,Local,1.5,1000.0,2600.0,2000.0
Maharashtra,Vaijpur APMC,Onion,2026-07-06,Unhali,984.8,800.0,2626.0,2150.0
Maharashtra,Vita APMC,Onion,2026-07-06,Other,4.0,1800.0,2800.0,2500.0
Maharashtra,Yeola APMC,Onion,2026-07-06,Unhali,824.7,451.0,2575.0,2150.0
Maharashtra,AGRICULTURE PRODUCE MARKET COMITEE CHANDWAD,Onion,2026-07-07,Unhali,663.6,325.0,2799.0,2275.0
Maharashtra,Akola APMC,Onion,2026-07-07,Other,19.5,1000.0,2600.0,1600.0
Maharashtra,Amrawati(Frui & Veg. Market) APMC,Onion,2026-07-07,Local,24.9,1000.0,3300.0,2150.0
Maharashtra,Bhusaval APMC,Onion,2026-07-07,Unhali,2.3,2000.0,2500.0,2200.0
Maharashtra,Chandrapur(Ganjwad) APMC,Onion,2026-07-07,Other,55.0,2700.0,3250.0,3000.0
Maharashtra,Chattrapati Sambhajinagar APMC,Onion,2026-07-07,Other,297.7,750.0,2450.0,1600.0
Maharashtra,Devala APMC,Onion,2026-07-07,Unhali,803.0,600.0,2480.0,2250.0
Maharashtra,Dharashiv APMC,Onion,2026-07-07,Red,4.4,850.0,2500.0,1675.0
Maharashtra,Dhule APMC,Onion,2026-07-07,Red,110.8,470.0,2300.0,1800.0
Maharashtra,Dindori APMC,Onion,2026-07-07,Unhali,8.7,2000.0,2651.0,2450.0
Maharashtra,Dindori(Vani) APMC,Onion,2026-07-07,Unhali,557.4,2001.0,2701.0,2421.0
Maharashtra,Gangapur APMC,Onion,2026-07-07,Unhali,761.0,800.0,2605.0,2000.0
Maharashtra,Gevrai APMC,Onion,2026-07-07,Red,25.5,1400.0,3300.0,1700.0
Maharashtra,HINGNA - APMC,Onion,2026-07-07,Red,0.3,2000.0,3000.0,2500.0
Maharashtra,Indapur APMC,Onion,2026-07-07,Red,13.6,300.0,3600.0,1500.0
Maharashtra,Jalgaon APMC,Onion,2026-07-07,Red,63.8,850.0,2387.0,1625.0
Maharashtra,Junnar(Alephata) APMC,Onion,2026-07-07,Chinchwad,580.5,1200.0,3200.0,2550.0
Maharashtra,Kada(Ashti) APMC,Onion,2026-07-07,Unhali,13.0,500.0,3200.0,2700.0
Maharashtra,Kalvan APMC,Onion,2026-07-07,Unhali,1470.0,700.0,3150.0,2250.0
Maharashtra,Kalyan APMC,Onion,2026-07-07,1st Sort,0.3,2000.0,2300.0,2150.0
Maharashtra,Kamthi APMC,Onion,2026-07-07,Local,2.2,3060.0,3560.0,3310.0
Maharashtra,Karad APMC,Onion,2026-07-07,Halva,15.0,1500.0,2500.0,2500.0
Maharashtra,Khed APMC,Onion,2026-07-07,Fursungi,3.6,800.0,2100.0,1500.0
Maharashtra,Khed(Chakan) APMC,Onion,2026-07-07,Other,20.0,1000.0,2600.0,2000.0
Maharashtra,Kolhapur APMC,Onion,2026-07-07,Other,147.1,500.0,3000.0,1600.0
Maharashtra,Kopargaon APMC,Onion,2026-07-07,Unhali,894.0,800.0,2800.0,2400.0
Maharashtra,Lasalgaon APMC,Onion,2026-07-07,Unhali,1041.0,700.0,2700.0,2250.0
Maharashtra,Lasalgaon(Niphad) APMC,Onion,2026-07-07,Unhali,435.0,800.0,2649.0,2400.0
Maharashtra,Lasalgaon(Vinchur) APMC,Onion,2026-07-07,Unhali,782.0,700.0,2570.0,2250.0
Maharashtra,Lasur Station APMC,Onion,2026-07-07,Other,1450.0,300.0,2605.0,1800.0
Maharashtra,"Laxmi-Sopan Agriculture Produce Marketing Co Ltd, Barshi, Dist Solapur",Onion,2026-07-07,Other,7.5,500.0,2500.0,2100.0
Maharashtra,"Malharshree Khajgi Krushi Utpann Bajar, Chandanpuri Tal Malegaon, Nashik",Onion,2026-07-07,Other,99.6,621.0,2589.0,2187.0
Maharashtra,Malkapur APMC,Onion,2026-07-07,Local,35.8,900.0,2500.0,1300.0
Maharashtra,Manmad APMC,Onion,2026-07-07,Unhali,300.0,700.0,2540.0,2350.0
Maharashtra,Mumbai-Onion & Potato Market APMC,Onion,2026-07-07,Other,535.7,1700.0,2600.0,2150.0
Maharashtra,Nagpur APMC,Onion,2026-07-07,Red,150.0,1500.0,2500.0,2250.0
Maharashtra,Nagpur APMC,Onion,2026-07-07,White,74.0,2500.0,3000.0,2875.0
Maharashtra,Nampur APMC,Onion,2026-07-07,Unhali,537.7,400.0,2600.0,2000.0
Maharashtra,Nandgaon APMC,Onion,2026-07-07,Unhali,1112.4,424.0,2704.0,2350.0
Maharashtra,Nasik APMC,Onion,2026-07-07,Unhali,209.0,700.0,2570.0,2150.0
Maharashtra,Newasa APMC,Onion,2026-07-07,Unhali,122.4,1000.0,2600.0,2100.0
Maharashtra,"Omchatinya Multi State Agro Purpose Co-Op Society, Dist Ahilyanagar",Onion,2026-07-07,Other,315.5,400.0,3100.0,2250.0
Maharashtra,Paranda APMC,Onion,2026-07-07,Red,59.8,500.0,2550.0,1500.0
Maharashtra,Pathardi APMC,Onion,2026-07-07,Red,40.7,300.0,3200.0,1750.0
Maharashtra,Phaltan APMC,Onion,2026-07-07,Hybrid,167.1,800.0,3100.0,2000.0
Maharashtra,Pimpalgaon Baswant APMC,Onion,2026-07-07,Unhali,1716.6,800.0,3260.0,2500.0
Maharashtra,Pimpalgaon Baswant(Saykheda) APMC,Onion,2026-07-07,Unhali,330.8,1000.0,2600.0,2200.0
Maharashtra,Pune APMC,Onion,2026-07-07,Local,630.3,1000.0,3000.0,2000.0
Maharashtra,Pune(Khadiki) APMC,Onion,2026-07-07,Local,1.0,700.0,1200.0,950.0
Maharashtra,Pune(Manjri) APMC,Onion,2026-07-07,Local,11.4,1500.0,3000.0,2000.0
Maharashtra,Pune(Moshi) APMC,Onion,2026-07-07,Local,16.7,1000.0,2000.0,1500.0
Maharashtra,Pune(Pimpri) APMC,Onion,2026-07-07,Local,1.0,1600.0,1800.0,1700.0
Maharashtra,Rahata APMC,Onion,2026-07-07,Other,526.5,600.0,3500.0,2450.0
Maharashtra,Rahuri APMC,Onion,2026-07-07,Other,2526.6,200.0,3500.0,1850.0
Maharashtra,Ramtek APMC,Onion,2026-07-07,Unhali,1.3,1300.0,2000.0,1500.0
Maharashtra,SHRI.SIDDHESHWAR  APMC,Onion,2026-07-07,Red,1320.0,100.0,3600.0,2200.0
Maharashtra,Sakri APMC,Onion,2026-07-07,Unhali,315.0,1600.0,2500.0,2100.0
Maharashtra,Sangamner APMC,Onion,2026-07-07,Unhali,475.2,400.0,3000.0,1700.0
Maharashtra,"Sangli(Phale, Bhajipala Market) APMC",Onion,2026-07-07,Local,171.6,1300.0,3000.0,2150.0
Maharashtra,Satana APMC,Onion,2026-07-07,Unhali,950.0,455.0,3055.0,2300.0
Maharashtra,Satara APMC,Onion,2026-07-07,Other,14.5,1000.0,2700.0,1850.0
Maharashtra,Shivsiddha Govind Producer Company Ltd Sanchalit Khajgi Krushi Utpann Bajar Samati-Abhona-Kalwan,Onion,2026-07-07,Other,1121.38,700.0,3150.0,2320.0
Maharashtra,Sinner APMC,Onion,2026-07-07,Unhali,48.7,700.0,2525.0,2350.0
Maharashtra,Umrane APMC,Onion,2026-07-07,Unhali,1650.0,900.0,2700.0,2000.0
Maharashtra,Vaduj APMC,Onion,2026-07-07,Local,2.5,500.0,3000.0,1500.0
Maharashtra,Vaijpur APMC,Onion,2026-07-07,Unhali,997.7,800.0,2626.0,2150.0
Maharashtra,Vita APMC,Onion,2026-07-07,Other,2.0,2000.0,2800.0,2500.0
Maharashtra,AGRICULTURE PRODUCE MARKET COMITEE CHANDWAD,Onion,2026-07-08,Unhali,738.1,1110.0,2730.0,2380.0
Maharashtra,Akola APMC,Onion,2026-07-08,Other,20.5,1000.0,2600.0,1600.0
Maharashtra,Amrawati(Frui & Veg. Market) APMC,Onion,2026-07-08,Local,36.0,1000.0,3200.0,2100.0
Maharashtra,Bhusaval APMC,Onion,2026-07-08,Unhali,0.1,2500.0,2500.0,2500.0
Maharashtra,Chandrapur(Ganjwad) APMC,Onion,2026-07-08,Other,45.0,2700.0,3250.0,3000.0
Maharashtra,Chattrapati Sambhajinagar APMC,Onion,2026-07-08,Other,299.0,650.0,2350.0,1500.0
Maharashtra,Devala APMC,Onion,2026-07-08,Unhali,787.1,450.0,2580.0,2350.0
Maharashtra,Dharashiv APMC,Onion,2026-07-08,Red,3.3,1600.0,2500.0,2050.0
Maharashtra,Dhule APMC,Onion,2026-07-08,Red,8.7,500.0,2200.0,1230.0
Maharashtra,Dindori APMC,Onion,2026-07-08,Unhali,33.2,2175.0,2611.0,2310.0
Maharashtra,Dindori(Vani) APMC,Onion,2026-07-08,Unhali,219.1,2051.0,2751.0,2481.0
Maharashtra,Gangapur APMC,Onion,2026-07-08,Unhali,1017.7,500.0,2455.0,1945.0
Maharashtra,HINGNA - APMC,Onion,2026-07-08,Red,0.3,3000.0,3000.0,3000.0
Maharashtra,Indapur APMC,Onion,2026-07-08,Red,13.8,600.0,3025.0,1500.0
Maharashtra,Jalgaon APMC,Onion,2026-07-08,Red,50.4,750.0,2500.0,1625.0
Maharashtra,Junnar(Narayangaon) APMC,Onion,2026-07-08,Chinchwad,1.2,600.0,2800.0,1800.0
Maharashtra,Kalvan APMC,Onion,2026-07-08,Unhali,610.0,800.0,3390.0,2200.0
Maharashtra,Kalyan APMC,Onion,2026-07-08,1st Sort,0.3,1600.0,2800.0,2000.0
Maharashtra,Karad APMC,Onion,2026-07-08,Halva,19.8,2000.0,3000.0,3000.0
Maharashtra,Khed APMC,Onion,2026-07-08,Fursungi,1.3,1500.0,2200.0,1800.0
Maharashtra,Khed(Chakan) APMC,Onion,2026-07-08,Other,140.0,1200.0,3000.0,2500.0
Maharashtra,Kolhapur APMC,Onion,2026-07-08,Other,448.5,600.0,3000.0,1700.0
Maharashtra,Kopargaon APMC,Onion,2026-07-08,Unhali,650.0,800.0,2701.0,2275.0
Maharashtra,Lasalgaon APMC,Onion,2026-07-08,Unhali,1181.8,700.0,2700.0,2260.0
Maharashtra,Lasalgaon(Niphad) APMC,Onion,2026-07-08,Unhali,501.0,700.0,2512.0,2300.0
Maharashtra,Lasalgaon(Vinchur) APMC,Onion,2026-07-08,Unhali,819.9,700.0,2792.0,2250.0
Maharashtra,Lasur Station APMC,Onion,2026-07-08,Other,1450.0,600.0,2581.0,1825.0
Maharashtra,"Laxmi-Sopan Agriculture Produce Marketing Co Ltd, Barshi, Dist Solapur",Onion,2026-07-08,Other,18.0,600.0,2800.0,2200.0
Maharashtra,"Malharshree Khajgi Krushi Utpann Bajar, Chandanpuri Tal Malegaon, Nashik",Onion,2026-07-08,Other,90.8,514.0,2410.0,2041.0
Maharashtra,Mangal Wedha APMC,Onion,2026-07-08,Local,15.0,800.0,2600.0,2300.0
Maharashtra,Manmad APMC,Onion,2026-07-08,Unhali,329.2,782.0,2461.0,2350.0
Maharashtra,Mumbai-Onion & Potato Market APMC,Onion,2026-07-08,Other,1078.3,1800.0,2700.0,2250.0
Maharashtra,Nagpur APMC,Onion,2026-07-08,Red,110.0,2000.0,2200.0,2150.0
Maharashtra,Nagpur APMC,Onion,2026-07-08,White,170.0,2500.0,3000.0,2875.0
Maharashtra,Nampur APMC,Onion,2026-07-08,Unhali,1800.0,400.0,2460.0,2100.0
Maharashtra,Nandgaon APMC,Onion,2026-07-08,Unhali,1065.0,500.0,2571.0,2250.0
Maharashtra,Nasik APMC,Onion,2026-07-08,Unhali,303.5,800.0,2725.0,2300.0
Maharashtra,Navapur APMC,Onion,2026-07-08,Other,3.0,1000.0,2500.0,1900.0
Maharashtra,Newasa(Ghodegaon) APMC,Onion,2026-07-08,Unhali,4523.0,500.0,2800.0,1800.0
Maharashtra,Paithan APMC,Onion,2026-07-08,Unhali,330.8,150.0,3400.0,2350.0
Maharashtra,Parner APMC,Onion,2026-07-08,Unhali,1383.8,500.0,3000.0,1900.0
Maharashtra,Pathardi APMC,Onion,2026-07-08,Red,58.7,300.0,3500.0,1900.0
Maharashtra,Pimpalgaon Baswant APMC,Onion,2026-07-08,Unhali,2122.0,700.0,3200.0,2500.0
Maharashtra,Pimpalgaon Baswant(Saykheda) APMC,Onion,2026-07-08,Unhali,336.2,1000.0,2613.0,2150.0
Maharashtra,Pune(Khadiki) APMC,Onion,2026-07-08,Local,0.5,700.0,1200.0,950.0
Maharashtra,Pune(Manjri) APMC,Onion,2026-07-08,Local,9.0,1500.0,3000.0,2200.0
Maharashtra,Ramtek APMC,Onion,2026-07-08,Unhali,0.4,1000.0,2000.0,1500.0
Maharashtra,SHRI.SIDDHESHWAR  APMC,Onion,2026-07-08,Red,1881.7,100.0,3500.0,2100.0
Maharashtra,Sakri APMC,Onion,2026-07-08,Unhali,301.0,1400.0,2300.0,1900.0
Maharashtra,Sangamner APMC,Onion,2026-07-08,Unhali,384.6,300.0,3011.0,1655.0
Maharashtra,"Sangli(Phale, Bhajipala Market) APMC",Onion,2026-07-08,Local,326.0,1300.0,3000.0,2150.0
Maharashtra,Satara APMC,Onion,2026-07-08,Other,5.4,1000.0,2700.0,1850.0
Maharashtra,Shirpur APMC,Onion,2026-07-08,Red,25.4,300.0,2525.0,2050.0
Maharashtra,Shivsiddha Govind Producer Company Ltd Sanchalit Khajgi Krushi Utpann Bajar Samati-Abhona-Kalwan,Onion,2026-07-08,Other,1087.39,600.0,3200.0,2285.0
Maharashtra,"Shree Sairaj Krushi Market, Dist Ahilyanagar",Onion,2026-07-08,Local,81.31,300.0,3000.0,1700.0
Maharashtra,Shrirampur APMC,Onion,2026-07-08,Unhali,1143.2,900.0,3500.0,2350.0
Maharashtra,Sinner APMC,Onion,2026-07-08,Unhali,81.1,1000.0,2550.0,2400.0
Maharashtra,Umrane APMC,Onion,2026-07-08,Unhali,1650.0,900.0,2900.0,2200.0
Maharashtra,Vaduj APMC,Onion,2026-07-08,Local,5.0,2000.0,3000.0,2500.0
Maharashtra,Vai APMC,Onion,2026-07-08,Local,2.5,1700.0,2500.0,2000.0
Maharashtra,Vaijpur APMC,Onion,2026-07-08,Unhali,883.7,800.0,2515.0,2100.0
Maharashtra,Yeola APMC,Onion,2026-07-08,Unhali,768.5,1000.0,2601.0,2200.0
Maharashtra,AGRICULTURE PRODUCE MARKET COMITEE CHANDWAD,Onion,2026-07-09,Unhali,1098.8,660.0,2705.0,2200.0
Maharashtra,Ahilyanagar APMC,Onion,2026-07-09,Unhali,6321.8,400.0,2800.0,1600.0
Maharashtra,Akola APMC,Onion,2026-07-09,Other,30.5,1000.0,2600.0,1600.0
Maharashtra,Bhusaval APMC,Onion,2026-07-09,Unhali,0.4,2000.0,2500.0,2500.0
Maharashtra,Chandrapur(Ganjwad) APMC,Onion,2026-07-09,Other,34.0,2750.0,3250.0,3000.0
Maharashtra,Chattrapati Sambhajinagar APMC,Onion,2026-07-09,Other,781.2,950.0,2400.0,1675.0
Maharashtra,Devala APMC,Onion,2026-07-09,Unhali,1056.7,400.0,2500.0,2250.0
Maharashtra,Dhule APMC,Onion,2026-07-09,Red,128.3,540.0,2400.0,1600.0
Maharashtra,Dindori APMC,Onion,2026-07-09,Unhali,44.0,2175.0,2600.0,2350.0
Maharashtra,Dindori(Vani) APMC,Onion,2026-07-09,Unhali,257.8,2085.0,2771.0,2411.0
Maharashtra,Gangapur APMC,Onion,2026-07-09,Unhali,707.5,510.0,2521.0,1870.0
Maharashtra,HINGNA - APMC,Onion,2026-07-09,Red,2.5,2500.0,3000.0,2875.0
Maharashtra,Jalgaon APMC,Onion,2026-07-09,Red,50.4,750.0,2500.0,1625.0
Maharashtra,Jamkhed APMC,Onion,2026-07-09,Local,20.1,500.0,3000.0,1750.0
Maharashtra,Junnar APMC,Onion,2026-07-09,Chinchwad,566.0,1000.0,3250.0,2500.0
Maharashtra,Junnar(Narayangaon) APMC,Onion,2026-07-09,Chinchwad,3.8,400.0,2600.0,1500.0
Maharashtra,Junnar(Otur) APMC,Onion,2026-07-09,Unhali,716.0,1000.0,3000.0,2000.0
Maharashtra,Kada(Ashti) APMC,Onion,2026-07-09,Unhali,29.0,400.0,2800.0,2200.0
Maharashtra,Kalvan APMC,Onion,2026-07-09,Unhali,2030.0,800.0,3201.0,2050.0
Maharashtra,Kalyan APMC,Onion,2026-07-09,1st Sort,0.3,1600.0,2800.0,2000.0
Maharashtra,Kamthi APMC,Onion,2026-07-09,Local,1.3,3020.0,3520.0,3270.0
Maharashtra,Karad APMC,Onion,2026-07-09,Halva,24.9,2500.0,3000.0,3000.0
Maharashtra,Karjat APMC,Onion,2026-07-09,Local,7.0,500.0,2200.0,1500.0
Maharashtra,Khed APMC,Onion,2026-07-09,Fursungi,4.3,900.0,2400.0,1800.0
Maharashtra,Khed(Chakan) APMC,Onion,2026-07-09,Other,20.0,1000.0,3000.0,2000.0
Maharashtra,Kolhapur APMC,Onion,2026-07-09,Other,483.3,600.0,2800.0,1700.0
Maharashtra,Kopargaon APMC,Onion,2026-07-09,Unhali,984.0,500.0,2551.0,2150.0
Maharashtra,Kurdwadi(Modnimb) APMC,Onion,2026-07-09,Red,3.3,1000.0,2500.0,2000.0
Maharashtra,Lasalgaon APMC,Onion,2026-07-09,Unhali,1439.8,700.0,2700.0,2200.0
Maharashtra,Lasalgaon(Niphad) APMC,Onion,2026-07-09,Unhali,663.0,700.0,2511.0,2250.0
Maharashtra,Lasalgaon(Vinchur) APMC,Onion,2026-07-09,Unhali,990.0,700.0,2621.0,2200.0
Maharashtra,Lasur Station APMC,Onion,2026-07-09,Other,1550.0,500.0,2485.0,1800.0
Maharashtra,"Laxmi-Sopan Agriculture Produce Marketing Co Ltd, Barshi, Dist Solapur",Onion,2026-07-09,Other,7.8,600.0,2600.0,2000.0
Maharashtra,Lonand APMC,Onion,2026-07-09,Unhali,52.5,500.0,2600.0,2100.0
Maharashtra,"Malharshree Khajgi Krushi Utpann Bajar, Chandanpuri Tal Malegaon, Nashik",Onion,2026-07-09,Pole,86.9,421.0,2311.0,1861.0
Maharashtra,Malkapur APMC,Onion,2026-07-09,Local,27.6,825.0,2285.0,1600.0
Maharashtra,Manchar APMC,Onion,2026-07-09,Other,1389.0,1450.0,2800.0,2150.0
Maharashtra,Mangal Wedha APMC,Onion,2026-07-09,Local,0.7,1800.0,2000.0,2000.0
Maharashtra,Manmad APMC,Onion,2026-07-09,Unhali,505.6,500.0,2500.0,2250.0
Maharashtra,Mumbai-Onion & Potato Market APMC,Onion,2026-07-09,Other,1319.5,1800.0,2700.0,2250.0
Maharashtra,Nagpur APMC,Onion,2026-07-09,Red,110.0,2000.0,2200.0,2150.0
Maharashtra,Nagpur APMC,Onion,2026-07-09,White,170.0,2500.0,3000.0,2875.0
Maharashtra,Nasik APMC,Onion,2026-07-09,Unhali,452.5,900.0,2900.0,2500.0
Maharashtra,Newasa APMC,Onion,2026-07-09,Unhali,88.2,500.0,2500.0,1800.0
Maharashtra,Paithan APMC,Onion,2026-07-09,Unhali,78.7,1025.0,2275.0,1805.0
Maharashtra,Pimpalgaon Baswant APMC,Onion,2026-07-09,Unhali,2195.1,600.0,3135.0,2400.0
Maharashtra,Pimpalgaon Baswant(Saykheda) APMC,Onion,2026-07-09,Unhali,249.4,1100.0,2400.0,1950.0
Maharashtra,Pune APMC,Onion,2026-07-09,Local,983.0,900.0,2900.0,1900.0
Maharashtra,Pune(Khadiki) APMC,Onion,2026-07-09,Local,0.6,700.0,1100.0,900.0
Maharashtra,Pune(Manjri) APMC,Onion,2026-07-09,Local,10.0,1500.0,3000.0,2200.0
Maharashtra,Pune(Moshi) APMC,Onion,2026-07-09,Local,42.8,1000.0,2200.0,1600.0
Maharashtra,Pune(Pimpri) APMC,Onion,2026-07-09,Local,0.5,2500.0,2600.0,2550.0
Maharashtra,Rahuri(Vambori) APMC,Onion,2026-07-09,Unhali,1304.1,200.0,3000.0,2000.0
Maharashtra,Ramtek APMC,Onion,2026-07-09,Unhali,1.8,1500.0,2500.0,2000.0
Maharashtra,SHRI.SIDDHESHWAR  APMC,Onion,2026-07-09,Red,2212.2,100.0,3300.0,1850.0
Maharashtra,Sakri APMC,Onion,2026-07-09,Unhali,307.0,1400.0,2300.0,1900.0
Maharashtra,Sangamner APMC,Onion,2026-07-09,Unhali,683.0,300.0,2801.0,1550.0
Maharashtra,"Sangli(Phale, Bhajipala Market) APMC",Onion,2026-07-09,Local,209.3,1300.0,3000.0,2150.0
Maharashtra,Satana APMC,Onion,2026-07-09,Unhali,1207.5,300.0,3010.0,2200.0
Maharashtra,Satara APMC,Onion,2026-07-09,Other,13.5,1000.0,2800.0,1900.0
Maharashtra,Shevgaon APMC,Onion,2026-07-09,1st Sort,130.0,1900.0,3300.0,2550.0
Maharashtra,Shevgaon APMC,Onion,2026-07-09,2nd Sort,168.0,1300.0,1800.0,1650.0
Maharashtra,Shevgaon APMC,Onion,2026-07-09,Other,130.0,300.0,1200.0,750.0
Maharashtra,Shivsiddha Govind Producer Company Ltd Sanchalit Khajgi Krushi Utpann Bajar Samati-Abhona-Kalwan,Onion,2026-07-09,Other,1692.31,600.0,3000.0,2135.0
Maharashtra,Sinner APMC,Onion,2026-07-09,Unhali,150.1,1000.0,2426.0,2250.0
Maharashtra,Umrane APMC,Onion,2026-07-09,Unhali,1600.0,900.0,2800.0,2200.0
Maharashtra,Vadgaonpeth APMC,Onion,2026-07-09,Local,33.0,1700.0,2700.0,2400.0
Maharashtra,Vaduj APMC,Onion,2026-07-09,Local,3.5,2000.0,2800.0,2500.0
Maharashtra,Vai APMC,Onion,2026-07-09,Local,2.5,1800.0,2500.0,2200.0
Maharashtra,Vaijpur APMC,Onion,2026-07-09,Unhali,1011.6,800.0,2527.0,2100.0
Maharashtra,Vita APMC,Onion,2026-07-09,Other,4.0,2000.0,2800.0,2500.0
Maharashtra,Yeola APMC,Onion,2026-07-09,Unhali,895.2,580.0,2424.0,1850.0
Maharashtra,AGRICULTURE PRODUCE MARKET COMITEE CHANDWAD,Onion,2026-07-10,Unhali,1280.7,500.0,2495.0,2050.0
Maharashtra,Akluj APMC,Onion,2026-07-10,Other,38.1,300.0,2600.0,1800.0
Maharashtra,Akola APMC,Onion,2026-07-10,Other,29.5,1000.0,2600.0,1600.0
Maharashtra,Amrawati(Frui & Veg. Market) APMC,Onion,2026-07-10,Local,34.7,1000.0,3200.0,2100.0
Maharashtra,Bhusaval APMC,Onion,2026-07-10,Unhali,1.1,1500.0,2000.0,1800.0
Maharashtra,Chandrapur(Ganjwad) APMC,Onion,2026-07-10,Other,31.0,2750.0,3400.0,3000.0
Maharashtra,Devala APMC,Onion,2026-07-10,Unhali,913.8,400.0,2555.0,2300.0
Maharashtra,Dharashiv APMC,Onion,2026-07-10,Red,7.3,500.0,2500.0,1500.0
Maharashtra,Dhule APMC,Onion,2026-07-10,Red,108.2,500.0,2350.0,1800.0
Maharashtra,Dindori APMC,Onion,2026-07-10,Unhali,60.0,2000.0,2450.0,2250.0
Maharashtra,Dindori(Vani) APMC,Onion,2026-07-10,Unhali,406.4,2051.0,2801.0,2361.0
Maharashtra,Gangapur APMC,Onion,2026-07-10,Unhali,680.8,300.0,2350.0,1720.0
Maharashtra,Gevrai APMC,Onion,2026-07-10,Red,20.0,1500.0,2800.0,1700.0
Maharashtra,HINGNA - APMC,Onion,2026-07-10,Red,0.1,2500.0,2500.0,2500.0
Maharashtra,Jalgaon APMC,Onion,2026-07-10,Red,68.0,680.0,2552.0,1637.0
Maharashtra,Junnar(Alephata) APMC,Onion,2026-07-10,Chinchwad,1102.1,1000.0,2710.0,2200.0
Maharashtra,Junnar(Narayangaon) APMC,Onion,2026-07-10,Chinchwad,4.5,900.0,2800.0,1850.0
Maharashtra,Kalyan APMC,Onion,2026-07-10,1st Sort,0.3,1600.0,2800.0,2200.0
Maharashtra,Kamthi APMC,Onion,2026-07-10,Local,2.0,3060.0,3560.0,3310.0
Maharashtra,Khed APMC,Onion,2026-07-10,Fursungi,3.1,1000.0,2600.0,1800.0
Maharashtra,Khed(Chakan) APMC,Onion,2026-07-10,Other,20.0,1000.0,3000.0,2200.0
Maharashtra,Kolhapur APMC,Onion,2026-07-10,Other,602.3,500.0,2700.0,1600.0
Maharashtra,Kopargaon APMC,Onion,2026-07-10,Unhali,1258.0,500.0,2503.0,2050.0
Maharashtra,Lasalgaon APMC,Onion,2026-07-10,Unhali,1709.4,600.0,2651.0,2051.0
Maharashtra,Lasalgaon(Niphad) APMC,Onion,2026-07-10,Unhali,590.0,700.0,2400.0,2100.0
Maharashtra,Lasalgaon(Vinchur) APMC,Onion,2026-07-10,Unhali,951.5,700.0,2801.0,2150.0
Maharashtra,Lasur Station APMC,Onion,2026-07-10,Other,1550.0,560.0,2385.0,1700.0
Maharashtra,"Laxmi-Sopan Agriculture Produce Marketing Co Ltd, Barshi, Dist Solapur",Onion,2026-07-10,Other,8.5,400.0,2200.0,1800.0
Maharashtra,"Malharshree Khajgi Krushi Utpann Bajar, Chandanpuri Tal Malegaon, Nashik",Onion,2026-07-10,Other,106.8,465.0,2315.0,1855.0
Maharashtra,Mangal Wedha APMC,Onion,2026-07-10,Local,9.5,500.0,2550.0,2300.0
Maharashtra,Manmad APMC,Onion,2026-07-10,Unhali,543.7,350.0,2502.0,2200.0
Maharashtra,Mumbai-Onion & Potato Market APMC,Onion,2026-07-10,Other,1590.3,1700.0,2600.0,2150.0
Maharashtra,Nampur APMC,Onion,2026-07-10,Unhali,692.4,400.0,2355.0,1800.0
Maharashtra,Nasik APMC,Onion,2026-07-10,Unhali,494.0,750.0,2700.0,2300.0
Maharashtra,"Omchatinya Multi State Agro Purpose Co-Op Society, Dist Ahilyanagar",Onion,2026-07-10,Other,530.99,300.0,3000.0,1950.0
Maharashtra,Paithan APMC,Onion,2026-07-10,Unhali,268.8,250.0,3100.0,1800.0
Maharashtra,Paranda APMC,Onion,2026-07-10,Red,57.5,500.0,2150.0,1600.0
Maharashtra,Parner APMC,Onion,2026-07-10,Unhali,1566.5,500.0,2700.0,1800.0
Maharashtra,Pathardi APMC,Onion,2026-07-10,Red,21.2,300.0,2600.0,1600.0
Maharashtra,Pimpalgaon Baswant APMC,Onion,2026-07-10,Unhali,2410.8,500.0,3063.0,2250.0
Maharashtra,Pimpalgaon Baswant(Saykheda) APMC,Onion,2026-07-10,Unhali,551.1,1000.0,2451.0,1870.0
Maharashtra,Pune APMC,Onion,2026-07-10,Local,639.7,1000.0,2800.0,1900.0
Maharashtra,Pune(Khadiki) APMC,Onion,2026-07-10,Local,0.7,700.0,1100.0,900.0
Maharashtra,Pune(Manjri) APMC,Onion,2026-07-10,Local,14.0,2000.0,3000.0,2500.0
Maharashtra,Pune(Moshi) APMC,Onion,2026-07-10,Local,98.3,1000.0,2000.0,1500.0
Maharashtra,Pune(Pimpri) APMC,Onion,2026-07-10,Local,3.1,1200.0,2800.0,1200.0
Maharashtra,Rahata APMC,Onion,2026-07-10,Other,775.5,500.0,3200.0,2250.0
Maharashtra,Rahuri APMC,Onion,2026-07-10,Other,3130.1,200.0,3100.0,1650.0
Maharashtra,SHRI.SIDDHESHWAR  APMC,Onion,2026-07-10,Red,2524.6,100.0,3200.0,1850.0
Maharashtra,Sakri APMC,Onion,2026-07-10,Unhali,111.0,1800.0,2500.0,2245.0
Maharashtra,Sangamner APMC,Onion,2026-07-10,Unhali,854.5,200.0,2800.0,1500.0
Maharashtra,"Sangli(Phale, Bhajipala Market) APMC",Onion,2026-07-10,Local,414.9,1200.0,2900.0,2050.0
Maharashtra,Satana APMC,Onion,2026-07-10,Unhali,1090.2,300.0,3000.0,2150.0
Maharashtra,Shrirampur APMC,Onion,2026-07-10,Unhali,1304.1,800.0,3000.0,2250.0
Maharashtra,Sinner APMC,Onion,2026-07-10,Unhali,382.0,1000.0,3333.0,2050.0
Maharashtra,Umrane APMC,Onion,2026-07-10,Unhali,1250.0,900.0,2651.0,2100.0
Maharashtra,Vadgaonpeth APMC,Onion,2026-07-10,Local,50.0,1500.0,2800.0,1900.0
Maharashtra,Vai APMC,Onion,2026-07-10,Local,1.5,1000.0,2500.0,2000.0
Maharashtra,Yeola APMC,Onion,2026-07-10,Unhali,869.6,500.0,2350.0,1800.0
Maharashtra,AGRICULTURE PRODUCE MARKET COMITEE CHANDWAD,Onion,2026-07-11,Unhali,1000.0,605.0,2680.0,2050.0
Maharashtra,Akola APMC,Onion,2026-07-11,Other,22.1,1000.0,2700.0,1600.0
Maharashtra,Amrawati(Frui & Veg. Market) APMC,Onion,2026-07-11,Local,40.8,1000.0,3300.0,2150.0
Maharashtra,Bhusaval APMC,Onion,2026-07-11,Unhali,0.3,1200.0,1800.0,1500.0
Maharashtra,Chandrapur(Ganjwad) APMC,Onion,2026-07-11,Other,49.0,2500.0,3400.0,3000.0
Maharashtra,Chattrapati Sambhajinagar APMC,Onion,2026-07-11,Other,421.5,900.0,2600.0,1750.0
Maharashtra,Dharashiv APMC,Onion,2026-07-11,Red,2.3,1300.0,2700.0,2000.0
Maharashtra,Dhule APMC,Onion,2026-07-11,Red,66.6,500.0,2350.0,1800.0
Maharashtra,Dindori APMC,Onion,2026-07-11,Unhali,41.9,1800.0,2450.0,2160.0
Maharashtra,Dindori(Vani) APMC,Onion,2026-07-11,Unhali,440.4,1900.0,2750.0,2351.0
Maharashtra,HINGNA - APMC,Onion,2026-07-11,Red,0.3,2000.0,3000.0,2500.0
Maharashtra,Jamkhed APMC,Onion,2026-07-11,Local,36.2,500.0,2500.0,1500.0
Maharashtra,Junnar(Narayangaon) APMC,Onion,2026-07-11,Chinchwad,5.8,400.0,2800.0,1600.0
Maharashtra,Kalvan APMC,Onion,2026-07-11,Unhali,695.0,500.0,3250.0,2000.0
Maharashtra,Karad APMC,Onion,2026-07-11,Halva,24.9,2000.0,3000.0,3000.0
Maharashtra,Khed(Chakan) APMC,Onion,2026-07-11,Other,150.0,1000.0,2700.0,2000.0
Maharashtra,Kolhapur APMC,Onion,2026-07-11,Other,742.7,600.0,2600.0,1600.0
Maharashtra,Kopargaon APMC,Onion,2026-07-11,Unhali,890.0,500.0,2401.0,2000.0
Maharashtra,Lasalgaon APMC,Onion,2026-07-11,Unhali,729.4,700.0,2591.0,2151.0
Maharashtra,Lasalgaon(Niphad) APMC,Onion,2026-07-11,Unhali,500.0,700.0,2381.0,2100.0
Maharashtra,Lasalgaon(Vinchur) APMC,Onion,2026-07-11,Unhali,590.7,600.0,2801.0,2150.0
Maharashtra,"Laxmi-Sopan Agriculture Produce Marketing Co Ltd, Barshi, Dist Solapur",Onion,2026-07-11,Other,21.0,500.0,2300.0,1800.0
Maharashtra,Mangal Wedha APMC,Onion,2026-07-11,Local,4.0,400.0,2500.0,1700.0
Maharashtra,Manmad APMC,Onion,2026-07-11,Unhali,200.0,600.0,2451.0,2200.0
Maharashtra,Mumbai-Onion & Potato Market APMC,Onion,2026-07-11,Other,1554.0,1700.0,2600.0,2150.0
Maharashtra,Nagpur APMC,Onion,2026-07-11,Red,120.0,2000.0,2200.0,2150.0
Maharashtra,Nagpur APMC,Onion,2026-07-11,White,300.0,2500.0,3000.0,2625.0
Maharashtra,Nasik APMC,Onion,2026-07-11,Unhali,591.8,700.0,2600.0,2200.0
Maharashtra,Newasa(Ghodegaon) APMC,Onion,2026-07-11,Unhali,3966.0,500.0,2600.0,1900.0
Maharashtra,Paithan APMC,Onion,2026-07-11,Unhali,46.3,600.0,2155.0,1850.0
Maharashtra,Pimpalgaon Baswant APMC,Onion,2026-07-11,Unhali,1870.0,500.0,3101.0,2200.0
Maharashtra,"Prasanna Krushi Market, Tal Parnet, Dist Ahilyanagar",Onion,2026-07-11,Other,41.89,500.0,2510.0,1505.0
Maharashtra,Pune(Khadiki) APMC,Onion,2026-07-11,Local,0.7,700.0,1200.0,950.0
Maharashtra,Pune(Manjri) APMC,Onion,2026-07-11,Local,1.5,1700.0,3000.0,2200.0
Maharashtra,Pune(Moshi) APMC,Onion,2026-07-11,Local,106.2,1000.0,2200.0,1600.0
Maharashtra,Pune(Pimpri) APMC,Onion,2026-07-11,Local,1.7,2500.0,2700.0,2600.0
Maharashtra,Rahuri(Vambori) APMC,Onion,2026-07-11,Unhali,1024.7,200.0,2700.0,1800.0
Maharashtra,Ramtek APMC,Onion,2026-07-11,Unhali,0.7,1000.0,2000.0,1500.0
Maharashtra,SHRI.SIDDHESHWAR  APMC,Onion,2026-07-11,Red,2153.9,100.0,3200.0,1600.0
Maharashtra,Sakri APMC,Onion,2026-07-11,Unhali,316.0,1400.0,2200.0,1800.0
Maharashtra,Sangamner APMC,Onion,2026-07-11,Unhali,196.0,400.0,2480.0,1440.0
Maharashtra,"Sangli(Phale, Bhajipala Market) APMC",Onion,2026-07-11,Local,504.2,1200.0,2500.0,1850.0
Maharashtra,Satara APMC,Onion,2026-07-11,Other,32.9,1000.0,2800.0,1900.0
Maharashtra,Shevgaon APMC,Onion,2026-07-11,1st Sort,84.0,1800.0,2600.0,2150.0
Maharashtra,Shevgaon APMC,Onion,2026-07-11,2nd Sort,70.0,1200.0,1700.0,1500.0
Maharashtra,Shevgaon APMC,Onion,2026-07-11,Other,57.2,500.0,1100.0,800.0
Maharashtra,Shivsiddha Govind Producer Company Ltd Sanchalit Khajgi Krushi Utpann Bajar Samati-Abhona-Kalwan,Onion,2026-07-11,Other,1017.0,400.0,3100.0,2170.0
Maharashtra,"Shree Sairaj Krushi Market, Dist Ahilyanagar",Onion,2026-07-11,Local,97.77,250.0,1550.0,900.0
Maharashtra,Vadgaonpeth APMC,Onion,2026-07-11,Local,27.0,1800.0,2800.0,2200.0
Maharashtra,Vaduj APMC,Onion,2026-07-11,Local,7.0,1500.0,2800.0,2200.0
Maharashtra,Vai APMC,Onion,2026-07-11,Local,1.6,1500.0,2500.0,2250.0
Maharashtra,Vaijpur APMC,Onion,2026-07-11,Unhali,18.2,500.0,2300.0,1900.0
Maharashtra,Vita APMC,Onion,2026-07-11,Other,5.0,2000.0,3000.0,2500.0
Maharashtra,Yeola APMC,Onion,2026-07-11,Unhali,800.0,401.0,2261.0,1800.0
Maharashtra,Akluj APMC,Onion,2026-07-12,Other,45.1,300.0,2550.0,1650.0
Maharashtra,Akole APMC,Onion,2026-07-12,Unhali,249.4,501.0,2801.0,2201.0
Maharashtra,Amrawati(Frui & Veg. Market) APMC,Onion,2026-07-12,Local,37.8,1000.0,3200.0,2100.0
Maharashtra,Bhusaval APMC,Onion,2026-07-12,Unhali,1.3,1200.0,2000.0,1500.0
Maharashtra,Chattrapati Sambhajinagar APMC,Onion,2026-07-12,Other,658.8,850.0,2300.0,1775.0
Maharashtra,Dharashiv APMC,Onion,2026-07-12,Red,14.5,900.0,2800.0,1850.0
Maharashtra,Junnar APMC,Onion,2026-07-12,Unhali,763.0,1000.0,2700.0,2000.0
Maharashtra,Junnar(Alephata) APMC,Onion,2026-07-12,Chinchwad,765.7,1000.0,2710.0,2100.0
Maharashtra,Junnar(Narayangaon) APMC,Onion,2026-07-12,Chinchwad,7.0,500.0,2600.0,1550.0
Maharashtra,Junnar(Otur) APMC,Onion,2026-07-12,Unhali,906.6,1000.0,2700.0,2200.0
Maharashtra,Kada APMC,Onion,2026-07-12,Unhali,1533.1,500.0,2700.0,2200.0
Maharashtra,Kalyan APMC,Onion,2026-07-12,1st Sort,0.3,1800.0,3000.0,2400.0
Maharashtra,Kamthi APMC,Onion,2026-07-12,Local,1.2,3020.0,3520.0,3270.0
Maharashtra,Khed(Chakan) APMC,Onion,2026-07-12,Other,22.5,1000.0,2700.0,1800.0
Maharashtra,Manchar APMC,Onion,2026-07-12,Other,1580.6,2250.0,3000.0,2650.0
Maharashtra,Nagpur APMC,Onion,2026-07-12,Red,100.0,2000.0,2200.0,2150.0
Maharashtra,Nagpur APMC,Onion,2026-07-12,White,110.0,2500.0,3000.0,2875.0
Maharashtra,Newasa APMC,Onion,2026-07-12,Unhali,110.2,1000.0,2400.0,1900.0
Maharashtra,"Omchatinya Multi State Agro Purpose Co-Op Society, Dist Ahilyanagar",Onion,2026-07-12,Other,289.34,200.0,2800.0,1900.0
Maharashtra,Paranda APMC,Onion,2026-07-12,Red,46.8,500.0,2250.0,1550.0
Maharashtra,Parner APMC,Onion,2026-07-12,Unhali,1362.5,500.0,2800.0,1900.0
Maharashtra,Pathardi APMC,Onion,2026-07-12,Red,53.8,300.0,2700.0,1500.0
Maharashtra,Pune APMC,Onion,2026-07-12,Local,1627.3,1000.0,2600.0,1800.0
Maharashtra,Pune(Khadiki) APMC,Onion,2026-07-12,Local,1.5,700.0,1300.0,1000.0
Maharashtra,Pune(Manjri) APMC,Onion,2026-07-12,Local,14.7,1500.0,2500.0,2000.0
Maharashtra,Pune(Moshi) APMC,Onion,2026-07-12,Local,93.0,1000.0,2500.0,1750.0
Maharashtra,Pune(Pimpri) APMC,Onion,2026-07-12,Local,5.0,1500.0,2600.0,2050.0
Maharashtra,Rahata APMC,Onion,2026-07-12,Other,640.6,500.0,3200.0,2300.0
Maharashtra,Rahuri APMC,Onion,2026-07-12,Other,985.6,200.0,2850.0,1525.0
Maharashtra,Ramtek APMC,Onion,2026-07-12,Unhali,2.7,1500.0,2500.0,2000.0
Maharashtra,Satara APMC,Onion,2026-07-12,Other,45.5,1000.0,2800.0,1900.0
Maharashtra,Vadgaonpeth APMC,Onion,2026-07-12,Local,10.0,1900.0,2500.0,2000.0
Maharashtra,Vai APMC,Onion,2026-07-12,Local,2.0,1800.0,2600.0,2200.0
Maharashtra,AGRICULTURE PRODUCE MARKET COMITEE CHANDWAD,Onion,2026-07-13,Unhali,802.0,1000.0,2620.0,2160.0
Maharashtra,Akola APMC,Onion,2026-07-13,Other,94.4,1000.0,2600.0,1600.0
Maharashtra,Amrawati(Frui & Veg. Market) APMC,Onion,2026-07-13,Local,34.5,1000.0,3300.0,2150.0
Maharashtra,Chandrapur(Ganjwad) APMC,Onion,2026-07-13,Other,50.0,2800.0,3500.0,3000.0
Maharashtra,Chattrapati Sambhajinagar APMC,Onion,2026-07-13,Other,255.6,600.0,2300.0,1450.0
Maharashtra,Devala APMC,Onion,2026-07-13,Unhali,788.5,500.0,2655.0,2300.0
Maharashtra,Dindori APMC,Onion,2026-07-13,Unhali,41.4,1700.0,2350.0,2150.0
Maharashtra,Dindori(Vani) APMC,Onion,2026-07-13,Unhali,296.6,1981.0,2775.0,2351.0
Maharashtra,Gangapur APMC,Onion,2026-07-13,Unhali,379.0,500.0,2435.0,1820.0
Maharashtra,HINGNA - APMC,Onion,2026-07-13,Red,1.6,2200.0,3500.0,2880.0
Maharashtra,Jalgaon APMC,Onion,2026-07-13,Red,36.5,625.0,2377.0,1500.0
Maharashtra,Junnar(Narayangaon) APMC,Onion,2026-07-13,Chinchwad,4.8,500.0,2500.0,1500.0
Maharashtra,Kalvan APMC,Onion,2026-07-13,Unhali,1750.0,500.0,3050.0,2100.0
Maharashtra,Kalyan APMC,Onion,2026-07-13,1st Sort,0.3,1800.0,3000.0,2400.0
Maharashtra,Kamthi APMC,Onion,2026-07-13,Local,0.4,3060.0,3560.0,3310.0
Maharashtra,Karad APMC,Onion,2026-07-13,Halva,24.9,1000.0,2300.0,2300.0
Maharashtra,Khed APMC,Onion,2026-07-13,Fursungi,1.6,1800.0,2200.0,2000.0
Maharashtra,Kolhapur APMC,Onion,2026-07-13,Other,324.5,600.0,2800.0,1700.0
Maharashtra,Kopargaon APMC,Onion,2026-07-13,Unhali,608.0,700.0,2536.0,1950.0
Maharashtra,Kurdwadi(Modnimb) APMC,Onion,2026-07-13,Red,3.2,1000.0,2451.0,1901.0
Maharashtra,Lasalgaon APMC,Onion,2026-07-13,Unhali,1412.0,700.0,2700.0,2200.0
Maharashtra,Lasalgaon(Niphad) APMC,Onion,2026-07-13,Unhali,636.0,700.0,2418.0,2200.0
Maharashtra,Lasalgaon(Vinchur) APMC,Onion,2026-07-13,Unhali,1004.0,700.0,2500.0,2150.0
Maharashtra,"Laxmi-Sopan Agriculture Produce Marketing Co Ltd, Barshi, Dist Solapur",Onion,2026-07-13,Other,17.5,500.0,2300.0,1700.0
Maharashtra,Lonand APMC,Onion,2026-07-13,Unhali,55.5,450.0,2460.0,1900.0
Maharashtra,"Malharshree Khajgi Krushi Utpann Bajar, Chandanpuri Tal Malegaon, Nashik",Onion,2026-07-13,Other,111.7,410.0,2240.0,1864.0
Maharashtra,Mangal Wedha APMC,Onion,2026-07-13,Local,19.4,420.0,2500.0,2000.0
Maharashtra,Manmad APMC,Onion,2026-07-13,Unhali,465.7,300.0,2466.0,2100.0
Maharashtra,Mumbai-Onion & Potato Market APMC,Onion,2026-07-13,Other,1547.7,1700.0,2500.0,2100.0
Maharashtra,Nagpur APMC,Onion,2026-07-13,Red,100.0,2000.0,2200.0,2150.0
Maharashtra,Nagpur APMC,Onion,2026-07-13,White,124.0,2500.0,3000.0,2875.0
Maharashtra,Nampur APMC,Onion,2026-07-13,Unhali,713.8,300.0,2205.0,1900.0
Maharashtra,Nandgaon APMC,Onion,2026-07-13,Unhali,1114.8,100.0,2450.0,1950.0
Maharashtra,Nasik APMC,Onion,2026-07-13,Unhali,417.6,700.0,2451.0,2050.0
Maharashtra,Newasa(Ghodegaon) APMC,Onion,2026-07-13,Unhali,2741.9,500.0,2700.0,1900.0
Maharashtra,Paranda APMC,Onion,2026-07-13,Red,72.5,1000.0,2000.0,1500.0
Maharashtra,Pimpalgaon Baswant APMC,Onion,2026-07-13,Unhali,1885.8,500.0,3152.0,2250.0
Maharashtra,Pimpalgaon Baswant(Saykheda) APMC,Onion,2026-07-13,Unhali,397.5,900.0,2400.0,1830.0
Maharashtra,"Prasanna Krushi Market, Tal Parnet, Dist Ahilyanagar",Onion,2026-07-13,Other,15.98,500.0,2510.0,1505.0
Maharashtra,Pune APMC,Onion,2026-07-13,Local,973.0,900.0,2500.0,1700.0
Maharashtra,Pune(Khadiki) APMC,Onion,2026-07-13,Local,1.2,900.0,1200.0,1000.0
Maharashtra,Pune(Manjri) APMC,Onion,2026-07-13,Local,10.0,1700.0,3000.0,2200.0
Maharashtra,Pune(Moshi) APMC,Onion,2026-07-13,Local,85.7,800.0,2000.0,1400.0
Maharashtra,Pune(Pimpri) APMC,Onion,2026-07-13,Local,0.8,2400.0,2700.0,2550.0
Maharashtra,Rahuri(Vambori) APMC,Onion,2026-07-13,Unhali,752.6,200.0,2500.0,1800.0
Maharashtra,SHRI.SIDDHESHWAR  APMC,Onion,2026-07-13,Red,1757.5,100.0,3000.0,1650.0
Maharashtra,Sakri APMC,Onion,2026-07-13,Unhali,305.0,1400.0,2300.0,1800.0
Maharashtra,Sangamner APMC,Onion,2026-07-13,Unhali,543.9,200.0,2600.0,1400.0
Maharashtra,"Sangli(Phale, Bhajipala Market) APMC",Onion,2026-07-13,Local,292.6,1200.0,2500.0,1850.0
Maharashtra,Satana APMC,Onion,2026-07-13,Unhali,1075.5,300.0,2700.0,2100.0
Maharashtra,Satara APMC,Onion,2026-07-13,Other,10.8,1000.0,2800.0,1900.0
Maharashtra,Shevgaon APMC,Onion,2026-07-13,1st Sort,52.0,1800.0,2400.0,2100.0
Maharashtra,Shevgaon APMC,Onion,2026-07-13,2nd Sort,58.0,1300.0,1700.0,1500.0
Maharashtra,Shevgaon APMC,Onion,2026-07-13,Other,50.0,300.0,1200.0,900.0
Maharashtra,Shivsiddha Govind Producer Company Ltd Sanchalit Khajgi Krushi Utpann Bajar Samati-Abhona-Kalwan,Onion,2026-07-13,Other,1207.15,600.0,3200.0,2230.0
Maharashtra,"Shree Sairaj Krushi Market, Dist Ahilyanagar",Onion,2026-07-13,Local,67.66,200.0,2500.0,1400.0
Maharashtra,Shrirampur APMC,Onion,2026-07-13,Unhali,1179.2,800.0,2800.0,1500.0
Maharashtra,Sinner APMC,Onion,2026-07-13,Unhali,117.7,500.0,2300.0,2000.0
Maharashtra,Umrane APMC,Onion,2026-07-13,Unhali,1650.0,900.0,2760.0,2100.0
Maharashtra,Vaduj APMC,Onion,2026-07-13,Local,2.5,2000.0,2800.0,2400.0
Maharashtra,Vaijpur APMC,Onion,2026-07-13,Unhali,856.5,608.0,2300.0,1800.0
Maharashtra,Vita APMC,Onion,2026-07-13,Other,5.0,2000.0,3000.0,2600.0
Maharashtra,Yeola APMC,Onion,2026-07-13,Unhali,699.9,300.0,2400.0,2000.0
Maharashtra,Akola APMC,Onion,2026-07-14,Other,33.0,1000.0,2600.0,1600.0
Maharashtra,Akole APMC,Onion,2026-07-14,Unhali,171.6,500.0,2801.0,2211.0
Maharashtra,Amrawati(Frui & Veg. Market) APMC,Onion,2026-07-14,Local,28.7,1000.0,3200.0,2100.0
Maharashtra,Bhusaval APMC,Onion,2026-07-14,Unhali,0.6,2000.0,2500.0,2200.0
Maharashtra,Chandrapur(Ganjwad) APMC,Onion,2026-07-14,Other,61.0,3000.0,3500.0,3250.0
Maharashtra,Chattrapati Sambhajinagar APMC,Onion,2026-07-14,Other,285.1,700.0,2200.0,1450.0
Maharashtra,Devala APMC,Onion,2026-07-14,Unhali,689.1,600.0,2640.0,2300.0
Maharashtra,Dharashiv APMC,Onion,2026-07-14,Red,6.4,900.0,3000.0,1950.0
Maharashtra,Dindori APMC,Onion,2026-07-14,Unhali,37.1,1600.0,2401.0,2200.0
Maharashtra,Gangapur APMC,Onion,2026-07-14,Unhali,419.0,350.0,2505.0,1905.0
Maharashtra,HINGNA - APMC,Onion,2026-07-14,Red,0.3,2000.0,2800.0,2400.0
Maharashtra,Indapur APMC,Onion,2026-07-14,Red,16.1,300.0,2200.0,1000.0
Maharashtra,Jamkhed APMC,Onion,2026-07-14,Local,42.2,300.0,2500.0,1400.0
Maharashtra,Junnar(Alephata) APMC,Onion,2026-07-14,Chinchwad,658.5,1000.0,2700.0,2000.0
Maharashtra,Kada(Ashti) APMC,Onion,2026-07-14,Unhali,16.5,300.0,2600.0,2200.0
Maharashtra,Kalvan APMC,Onion,2026-07-14,Unhali,1350.0,500.0,3201.0,2000.0
Maharashtra,Kalyan APMC,Onion,2026-07-14,1st Sort,0.3,1800.0,3000.0,2400.0
Maharashtra,Kamthi APMC,Onion,2026-07-14,Local,1.0,3510.0,4010.0,3760.0
Maharashtra,Karad APMC,Onion,2026-07-14,Halva,9.9,2000.0,2500.0,2500.0
Maharashtra,Khed APMC,Onion,2026-07-14,Fursungi,3.0,1200.0,2500.0,1800.0
Maharashtra,Khed(Chakan) APMC,Onion,2026-07-14,Other,25.0,1000.0,2700.0,2000.0
Maharashtra,Kolhapur APMC,Onion,2026-07-14,Other,180.6,600.0,2700.0,1600.0
Maharashtra,Kopargaon APMC,Onion,2026-07-14,Unhali,958.0,500.0,2500.0,2000.0
Maharashtra,Lasalgaon APMC,Onion,2026-07-14,Unhali,1277.2,700.0,2701.0,2175.0
Maharashtra,Lasalgaon(Niphad) APMC,Onion,2026-07-14,Unhali,595.0,700.0,2640.0,2250.0
Maharashtra,Lasalgaon(Vinchur) APMC,Onion,2026-07-14,Unhali,908.3,700.0,2751.0,2200.0
Maharashtra,"Laxmi-Sopan Agriculture Produce Marketing Co Ltd, Barshi, Dist Solapur",Onion,2026-07-14,Other,11.0,400.0,2200.0,1700.0
Maharashtra,Manchar APMC,Onion,2026-07-14,Other,1089.4,1700.0,3000.0,2360.0
Maharashtra,Manmad APMC,Onion,2026-07-14,Unhali,396.5,400.0,2458.0,2100.0
Maharashtra,Mumbai-Onion & Potato Market APMC,Onion,2026-07-14,Other,974.1,1800.0,2600.0,2200.0
Maharashtra,Nagpur APMC,Onion,2026-07-14,Red,102.0,2000.0,2200.0,2150.0
Maharashtra,Nagpur APMC,Onion,2026-07-14,White,252.0,2500.0,3000.0,2875.0
Maharashtra,Nampur APMC,Onion,2026-07-14,Unhali,520.5,300.0,2400.0,2000.0
Maharashtra,Nandgaon APMC,Onion,2026-07-14,Unhali,846.3,275.0,2600.0,2150.0
Maharashtra,Nasik APMC,Onion,2026-07-14,Unhali,376.0,750.0,2700.0,2100.0
Maharashtra,Newasa APMC,Onion,2026-07-14,Unhali,61.5,1000.0,2500.0,2100.0
Maharashtra,"Omchatinya Multi State Agro Purpose Co-Op Society, Dist Ahilyanagar",Onion,2026-07-14,Other,203.44,400.0,3000.0,1950.0
Maharashtra,Pathardi APMC,Onion,2026-07-14,Red,13.4,300.0,2500.0,1400.0
Maharashtra,Phaltan APMC,Onion,2026-07-14,Hybrid,196.0,600.0,3000.0,1800.0
Maharashtra,Pimpalgaon Baswant APMC,Onion,2026-07-14,Unhali,1805.4,600.0,3411.0,2450.0
Maharashtra,Pimpalgaon Baswant(Saykheda) APMC,Onion,2026-07-14,Unhali,310.7,1151.0,2500.0,1950.0
Maharashtra,Pune APMC,Onion,2026-07-14,Local,837.4,1000.0,2600.0,1800.0
Maharashtra,Pune(Khadiki) APMC,Onion,2026-07-14,Local,1.3,900.0,1300.0,1100.0
Maharashtra,Pune(Manjri) APMC,Onion,2026-07-14,Local,8.5,1700.0,2700.0,2200.0
Maharashtra,Pune(Moshi) APMC,Onion,2026-07-14,Local,35.8,1000.0,2000.0,1500.0
Maharashtra,Pune(Pimpri) APMC,Onion,2026-07-14,Local,1.9,1300.0,2500.0,1900.0
Maharashtra,Rahata APMC,Onion,2026-07-14,Other,542.4,500.0,3200.0,1800.0
Maharashtra,Rahuri APMC,Onion,2026-07-14,Other,2135.9,200.0,3025.0,1612.0
Maharashtra,Ramtek APMC,Onion,2026-07-14,Unhali,1.7,2000.0,2500.0,2300.0
Maharashtra,SHRI.SIDDHESHWAR  APMC,Onion,2026-07-14,Red,1460.4,200.0,3200.0,1800.0
Maharashtra,Sakri APMC,Onion,2026-07-14,Unhali,302.0,1400.0,2400.0,2100.0
Maharashtra,Sangamner APMC,Onion,2026-07-14,Unhali,433.5,300.0,2751.0,1525.0
Maharashtra,"Sangli(Phale, Bhajipala Market) APMC",Onion,2026-07-14,Local,241.7,1200.0,2550.0,1875.0
Maharashtra,Satana APMC,Onion,2026-07-14,Unhali,1050.0,545.0,2615.0,2050.0
Maharashtra,Shivsiddha Govind Producer Company Ltd Sanchalit Khajgi Krushi Utpann Bajar Samati-Abhona-Kalwan,Onion,2026-07-14,Other,982.39,600.0,3250.0,2255.0
Maharashtra,Sinner APMC,Onion,2026-07-14,Unhali,126.0,500.0,2411.0,2100.0
Maharashtra,Umrane APMC,Onion,2026-07-14,Unhali,1350.0,900.0,2671.0,2100.0
Maharashtra,Vadgaonpeth APMC,Onion,2026-07-14,Local,28.0,1800.0,2700.0,2000.0
Maharashtra,Vaduj APMC,Onion,2026-07-14,Local,2.5,1000.0,2600.0,2100.0
Maharashtra,Vaijpur APMC,Onion,2026-07-14,Unhali,670.8,800.0,2470.0,2000.0
Maharashtra,Vita APMC,Onion,2026-07-14,Other,2.0,2000.0,2800.0,2500.0
Maharashtra,AGRICULTURE PRODUCE MARKET COMITEE CHANDWAD,Onion,2026-07-15,Unhali,1108.6,800.0,2720.0,2200.0
Maharashtra,Akluj APMC,Onion,2026-07-15,Other,53.0,300.0,2500.0,1500.0
Maharashtra,Akola APMC,Onion,2026-07-15,Other,23.0,1000.0,2600.0,1600.0
Maharashtra,Amrawati(Frui & Veg. Market) APMC,Onion,2026-07-15,Local,34.7,1500.0,3500.0,2500.0
Maharashtra,Bhusaval APMC,Onion,2026-07-15,Unhali,0.2,2000.0,2500.0,2500.0
Maharashtra,Chandrapur(Ganjwad) APMC,Onion,2026-07-15,Other,45.0,3000.0,3500.0,3250.0
Maharashtra,Chattrapati Sambhajinagar APMC,Onion,2026-07-15,Other,291.7,550.0,2300.0,1425.0
Maharashtra,Devala APMC,Onion,2026-07-15,Unhali,705.7,500.0,2580.0,2250.0
Maharashtra,Dharashiv APMC,Onion,2026-07-15,Red,5.1,1700.0,3300.0,2500.0
Maharashtra,Dhule APMC,Onion,2026-07-15,Red,12.9,700.0,2150.0,1800.0
Maharashtra,Dindori APMC,Onion,2026-07-15,Unhali,47.0,1900.0,2650.0,2400.0
Maharashtra,Dindori(Vani) APMC,Onion,2026-07-15,Unhali,364.0,1821.0,2901.0,2225.0
Maharashtra,Gangapur APMC,Onion,2026-07-15,Unhali,508.0,400.0,2600.0,1990.0
Maharashtra,Gevrai APMC,Onion,2026-07-15,Red,22.0,700.0,2700.0,1350.0
Maharashtra,HINGNA - APMC,Onion,2026-07-15,Red,0.3,2200.0,3000.0,2566.0
Maharashtra,HINGNA - APMC,Onion,2026-07-15,White,0.4,2000.0,2500.0,2166.0
Maharashtra,Indapur APMC,Onion,2026-07-15,Red,11.2,400.0,2500.0,1100.0
Maharashtra,Jalgaon APMC,Onion,2026-07-15,Red,48.8,500.0,2500.0,1502.0
Maharashtra,Kada APMC,Onion,2026-07-15,Unhali,894.3,400.0,3000.0,2400.0
Maharashtra,Kalvan APMC,Onion,2026-07-15,Unhali,250.0,700.0,3500.0,2200.0
Maharashtra,Kalyan APMC,Onion,2026-07-15,1st Sort,0.3,2400.0,2600.0,2500.0
Maharashtra,Kamthi APMC,Onion,2026-07-15,Local,0.1,3020.0,3520.0,3270.0
Maharashtra,Karad APMC,Onion,2026-07-15,Halva,9.9,1800.0,2450.0,2450.0
Maharashtra,Khed APMC,Onion,2026-07-15,Fursungi,2.1,1200.0,2500.0,1800.0
Maharashtra,Khed(Chakan) APMC,Onion,2026-07-15,Other,125.0,1000.0,2600.0,2000.0
Maharashtra,Kolhapur APMC,Onion,2026-07-15,Other,204.1,600.0,2700.0,1600.0
Maharashtra,Kopargaon APMC,Onion,2026-07-15,Unhali,952.0,500.0,2590.0,2000.0
Maharashtra,Lasalgaon APMC,Onion,2026-07-15,Unhali,1025.0,700.0,2706.0,2200.0
Maharashtra,Lasalgaon(Niphad) APMC,Onion,2026-07-15,Unhali,591.0,700.0,2550.0,2250.0
Maharashtra,Lasalgaon(Vinchur) APMC,Onion,2026-07-15,Unhali,1032.9,700.0,2516.0,2150.0
Maharashtra,"Laxmi-Sopan Agriculture Produce Marketing Co Ltd, Barshi, Dist Solapur",Onion,2026-07-15,Other,11.5,500.0,2400.0,1900.0
Maharashtra,"Malharshree Khajgi Krushi Utpann Bajar, Chandanpuri Tal Malegaon, Nashik",Onion,2026-07-15,Other,103.4,463.0,2410.0,1817.0
Maharashtra,Mangal Wedha APMC,Onion,2026-07-15,Local,9.6,500.0,2600.0,2100.0
Maharashtra,Manmad APMC,Onion,2026-07-15,Unhali,408.8,225.0,2450.0,2150.0
Maharashtra,Mumbai-Onion & Potato Market APMC,Onion,2026-07-15,Other,940.1,1700.0,2500.0,2100.0
Maharashtra,Nagpur APMC,Onion,2026-07-15,Red,112.0,1500.0,3000.0,2625.0
Maharashtra,Nagpur APMC,Onion,2026-07-15,White,112.0,1500.0,3000.0,2625.0
Maharashtra,Nampur APMC,Onion,2026-07-15,Unhali,9842.0,300.0,2405.0,2000.0
Maharashtra,Nandgaon APMC,Onion,2026-07-15,Unhali,1145.9,170.0,2590.0,2150.0
Maharashtra,Nasik APMC,Onion,2026-07-15,Unhali,333.5,800.0,2711.0,2200.0
Maharashtra,Newasa(Ghodegaon) APMC,Onion,2026-07-15,Unhali,2268.5,500.0,3000.0,2200.0
Maharashtra,Paranda APMC,Onion,2026-07-15,Red,69.5,1000.0,2100.0,1550.0
Maharashtra,Parner APMC,Onion,2026-07-15,Unhali,1216.1,500.0,3000.0,1950.0
Maharashtra,Pathardi APMC,Onion,2026-07-15,Red,30.3,300.0,2700.0,1500.0
Maharashtra,Pimpalgaon Baswant APMC,Onion,2026-07-15,Unhali,1882.0,600.0,3326.0,2400.0
Maharashtra,Pimpalgaon Baswant(Saykheda) APMC,Onion,2026-07-15,Unhali,371.7,1000.0,2501.0,1975.0
Maharashtra,"Prasanna Krushi Market, Tal Parnet, Dist Ahilyanagar",Onion,2026-07-15,Other,15.13,610.0,2510.0,1560.0
Maharashtra,Pune APMC,Onion,2026-07-15,Local,861.3,1000.0,2700.0,1850.0
Maharashtra,Pune(Khadiki) APMC,Onion,2026-07-15,Local,1.4,800.0,1400.0,1100.0
Maharashtra,Pune(Manjri) APMC,Onion,2026-07-15,Local,11.2,1500.0,2500.0,2200.0
Maharashtra,Pune(Pimpri) APMC,Onion,2026-07-15,Local,0.2,1500.0,2500.0,2000.0
Maharashtra,Ramtek APMC,Onion,2026-07-15,Unhali,0.4,2000.0,2500.0,2300.0
Maharashtra,SHRI.SIDDHESHWAR  APMC,Onion,2026-07-15,Red,1284.0,200.0,3200.0,1700.0
Maharashtra,Sakri APMC,Onion,2026-07-15,Unhali,1260.0,900.0,2380.0,1600.0
Maharashtra,Sangamner APMC,Onion,2026-07-15,Unhali,391.0,400.0,2800.0,1600.0
Maharashtra,"Sangli(Phale, Bhajipala Market) APMC",Onion,2026-07-15,Local,207.5,1000.0,2600.0,1800.0
Maharashtra,Satana APMC,Onion,2026-07-15,Unhali,1086.5,500.0,2755.0,2050.0
Maharashtra,Satara APMC,Onion,2026-07-15,Other,17.2,1500.0,2800.0,2150.0
Maharashtra,Shirpur APMC,Onion,2026-07-15,Red,25.3,400.0,2075.0,1650.0
Maharashtra,Shivsiddha Govind Producer Company Ltd Sanchalit Khajgi Krushi Utpann Bajar Samati-Abhona-Kalwan,Onion,2026-07-15,Other,982.32,600.0,3251.0,2240.0
Maharashtra,"Shree Sairaj Krushi Market, Dist Ahilyanagar",Onion,2026-07-15,Local,48.21,300.0,2600.0,1500.0
Maharashtra,Shrirampur APMC,Onion,2026-07-15,Unhali,824.9,900.0,3000.0,2150.0
Maharashtra,Sinner APMC,Onion,2026-07-15,Unhali,113.1,1000.0,2501.0,2200.0
Maharashtra,Umrane APMC,Onion,2026-07-15,Unhali,1550.0,900.0,2775.0,2200.0
Maharashtra,Vadgaonpeth APMC,Onion,2026-07-15,Local,27.0,1800.0,2500.0,2000.0
Maharashtra,Vaduj APMC,Onion,2026-07-15,Local,4.5,2000.0,2800.0,2400.0
Maharashtra,Vai APMC,Onion,2026-07-15,Local,1.5,1000.0,2000.0,1530.0
Maharashtra,Vaijpur APMC,Onion,2026-07-15,Unhali,823.6,800.0,2506.0,2100.0
Maharashtra,Yeola APMC,Onion,2026-07-15,Unhali,883.5,321.0,2402.0,2000.0
Maharashtra,AGRICULTURE PRODUCE MARKET COMITEE CHANDWAD,Onion,2026-07-16,Unhali,765.4,1025.0,2635.0,2170.0
Maharashtra,Ahilyanagar APMC,Onion,2026-07-16,Unhali,4081.8,400.0,2800.0,1600.0
Maharashtra,Akola APMC,Onion,2026-07-16,Other,47.5,1000.0,2600.0,1800.0
Maharashtra,Akole APMC,Onion,2026-07-16,Unhali,165.8,501.0,2811.0,2251.0
Maharashtra,Bhusaval APMC,Onion,2026-07-16,Unhali,0.3,2500.0,3000.0,3000.0
Maharashtra,Chandrapur(Ganjwad) APMC,Onion,2026-07-16,Other,38.0,3000.0,3600.0,3300.0
Maharashtra,Chattrapati Sambhajinagar APMC,Onion,2026-07-16,Other,634.0,1000.0,2500.0,1750.0
Maharashtra,Devala APMC,Onion,2026-07-16,Unhali,784.9,500.0,2540.0,2250.0
Maharashtra,Dharashiv APMC,Onion,2026-07-16,Red,4.6,1300.0,3000.0,2150.0
Maharashtra,Dhule APMC,Onion,2026-07-16,Red,90.6,600.0,2200.0,1800.0
Maharashtra,Dindori APMC,Onion,2026-07-16,Unhali,30.1,1900.0,2611.0,2400.0
Maharashtra,Dindori(Vani) APMC,Onion,2026-07-16,Unhali,397.1,1900.0,2929.0,2451.0
Maharashtra,Gangapur APMC,Onion,2026-07-16,Unhali,589.0,520.0,2430.0,1880.0
Maharashtra,HINGNA - APMC,Onion,2026-07-16,Red,0.3,3000.0,3000.0,3000.0
Maharashtra,Indapur APMC,Onion,2026-07-16,Red,12.3,500.0,2500.0,1200.0
Maharashtra,Jalgaon APMC,Onion,2026-07-16,Red,52.1,750.0,2325.0,1537.0
Maharashtra,Jamkhed APMC,Onion,2026-07-16,Local,10.5,400.0,2300.0,1350.0
Maharashtra,Junnar APMC,Onion,2026-07-16,Chinchwad,682.0,1000.0,2700.0,2100.0
Maharashtra,Kada(Ashti) APMC,Onion,2026-07-16,Unhali,23.0,400.0,2700.0,2300.0
Maharashtra,Kalvan APMC,Onion,2026-07-16,Unhali,1190.0,700.0,3550.0,2200.0
Maharashtra,Kalyan APMC,Onion,2026-07-16,1st Sort,0.3,2400.0,2600.0,2500.0
Maharashtra,Kamthi APMC,Onion,2026-07-16,Local,0.2,3060.0,3560.0,3310.0
Maharashtra,Karjat APMC,Onion,2026-07-16,Local,6.1,300.0,2200.0,1600.0
Maharashtra,Khed APMC,Onion,2026-07-16,Fursungi,1.9,1400.0,2400.0,1900.0
Maharashtra,Khed(Chakan) APMC,Onion,2026-07-16,Other,20.0,1000.0,2600.0,1800.0
Maharashtra,Kolhapur APMC,Onion,2026-07-16,Other,219.7,600.0,2800.0,1700.0
Maharashtra,Kopargaon APMC,Onion,2026-07-16,Unhali,982.0,500.0,2737.0,2000.0
Maharashtra,Kurdwadi(Modnimb) APMC,Onion,2026-07-16,Red,3.0,800.0,2360.0,1800.0
Maharashtra,Lasalgaon APMC,Onion,2026-07-16,Unhali,1310.8,800.0,2801.0,2370.0
Maharashtra,Lasalgaon(Niphad) APMC,Onion,2026-07-16,Red,478.5,700.0,2576.0,2300.0
Maharashtra,Lasalgaon(Niphad) APMC,Onion,2026-07-16,Unhali,654.0,700.0,2576.0,2300.0
Maharashtra,Lasalgaon(Vinchur) APMC,Onion,2026-07-16,Unhali,1024.1,700.0,2600.0,2200.0
Maharashtra,"Laxmi-Sopan Agriculture Produce Marketing Co Ltd, Barshi, Dist Solapur",Onion,2026-07-16,Other,7.6,400.0,2300.0,1900.0
Maharashtra,"Malharshree Khajgi Krushi Utpann Bajar, Chandanpuri Tal Malegaon, Nashik",Onion,2026-07-16,Other,84.2,410.0,2311.0,1877.0
Maharashtra,Malkapur APMC,Onion,2026-07-16,Local,21.0,900.0,2155.0,1600.0
Maharashtra,Mangal Wedha APMC,Onion,2026-07-16,Local,2.4,400.0,2230.0,2150.0
Maharashtra,Manmad APMC,Onion,2026-07-16,Unhali,381.0,300.0,2525.0,2200.0
Maharashtra,Mumbai-Onion & Potato Market APMC,Onion,2026-07-16,Other,795.9,1700.0,2500.0,2100.0
Maharashtra,Nagpur APMC,Onion,2026-07-16,Red,110.0,2000.0,2800.0,2600.0
Maharashtra,Nagpur APMC,Onion,2026-07-16,White,170.0,2000.0,3000.0,2750.0
Maharashtra,Nampur APMC,Onion,2026-07-16,Unhali,629.8,300.0,2385.0,2000.0
Maharashtra,Nandgaon APMC,Onion,2026-07-16,Unhali,1206.5,390.0,2560.0,2050.0
Maharashtra,Nasik APMC,Onion,2026-07-16,Unhali,296.0,850.0,2800.0,2250.0
Maharashtra,Newasa APMC,Onion,2026-07-16,Unhali,86.3,1000.0,2500.0,2100.0
Maharashtra,Paithan APMC,Onion,2026-07-16,Unhali,43.4,900.0,2420.0,1955.0
Maharashtra,Pimpalgaon Baswant APMC,Onion,2026-07-16,Unhali,2028.0,600.0,3280.0,2350.0
Maharashtra,Pimpalgaon Baswant(Saykheda) APMC,Onion,2026-07-16,Unhali,142.6,900.0,2391.0,1875.0
Maharashtra,Pune APMC,Onion,2026-07-16,Local,1030.7,1000.0,2600.0,1800.0
Maharashtra,Pune(Khadiki) APMC,Onion,2026-07-16,Local,1.7,700.0,1200.0,950.0
Maharashtra,Pune(Manjri) APMC,Onion,2026-07-16,Local,10.0,1500.0,2600.0,2200.0
Maharashtra,Pune(Moshi) APMC,Onion,2026-07-16,Local,74.8,1000.0,2200.0,1600.0
Maharashtra,Pune(Pimpri) APMC,Onion,2026-07-16,Local,1.5,1000.0,2400.0,1700.0
Maharashtra,Rahuri(Vambori) APMC,Onion,2026-07-16,Unhali,634.0,200.0,2700.0,2000.0
Maharashtra,Ramtek APMC,Onion,2026-07-16,Unhali,1.7,2000.0,2500.0,2300.0
Maharashtra,SHRI.SIDDHESHWAR  APMC,Onion,2026-07-16,Red,1217.3,200.0,3200.0,1700.0
Maharashtra,Sakri APMC,Onion,2026-07-16,Unhali,314.0,1700.0,2500.0,2100.0
Maharashtra,Sangamner APMC,Onion,2026-07-16,Unhali,456.1,400.0,3000.0,1700.0
Maharashtra,"Sangli(Phale, Bhajipala Market) APMC",Onion,2026-07-16,Local,110.8,1200.0,2650.0,1925.0
Maharashtra,Satana APMC,Onion,2026-07-16,Unhali,1071.0,300.0,2860.0,2090.0
Maharashtra,Satara APMC,Onion,2026-07-16,Other,8.1,1000.0,2800.0,1900.0
Maharashtra,Shevgaon APMC,Onion,2026-07-16,1st Sort,88.0,2000.0,3100.0,2500.0
Maharashtra,Shevgaon APMC,Onion,2026-07-16,2nd Sort,118.0,1400.0,1900.0,1700.0
Maharashtra,Shevgaon APMC,Onion,2026-07-16,Other,102.0,500.0,1300.0,800.0
Maharashtra,Shivsiddha Govind Producer Company Ltd Sanchalit Khajgi Krushi Utpann Bajar Samati-Abhona-Kalwan,Onion,2026-07-16,Other,1264.26,500.0,3230.0,2210.0
Maharashtra,Sinner APMC,Onion,2026-07-16,Unhali,136.3,1000.0,2391.0,2100.0
Maharashtra,Umrane APMC,Onion,2026-07-16,Unhali,1550.0,900.0,2700.0,2100.0
Maharashtra,Vaduj APMC,Onion,2026-07-16,Local,5.0,2000.0,2800.0,2400.0
Maharashtra,Vai APMC,Onion,2026-07-16,Local,1.5,1000.0,2700.0,1500.0
Maharashtra,Vaijpur APMC,Onion,2026-07-16,Unhali,1031.9,800.0,2380.0,2000.0
Maharashtra,Vita APMC,Onion,2026-07-16,Other,5.0,2000.0,2800.0,2500.0
Maharashtra,Yeola APMC,Onion,2026-07-16,Unhali,658.9,401.0,2470.0,2100.0
Maharashtra,AGRICULTURE PRODUCE MARKET COMITEE CHANDWAD,Onion,2026-07-17,Unhali,791.4,705.0,2570.0,2080.0
Maharashtra,Akluj APMC,Onion,2026-07-17,Other,46.5,300.0,2500.0,1600.0
Maharashtra,Akola APMC,Onion,2026-07-17,Other,39.5,1000.0,2500.0,1800.0
Maharashtra,Amrawati(Frui & Veg. Market) APMC,Onion,2026-07-17,Local,30.9,800.0,3400.0,2100.0
Maharashtra,Bhusaval APMC,Onion,2026-07-17,Unhali,1.2,2000.0,2500.0,2200.0
Maharashtra,Chandrapur(Ganjwad) APMC,Onion,2026-07-17,Other,35.0,3000.0,3750.0,3400.0
Maharashtra,Devala APMC,Onion,2026-07-17,Unhali,585.5,600.0,2460.0,2175.0
Maharashtra,Dharashiv APMC,Onion,2026-07-17,Red,3.6,500.0,3000.0,1750.0
Maharashtra,Dindori APMC,Onion,2026-07-17,Unhali,48.0,1900.0,2550.0,2200.0
Maharashtra,Dindori(Vani) APMC,Onion,2026-07-17,Unhali,398.1,1981.0,2951.0,2401.0
Maharashtra,Gangapur APMC,Onion,2026-07-17,Unhali,576.7,200.0,2401.0,1915.0
Maharashtra,Gevrai APMC,Onion,2026-07-17,Red,17.8,1500.0,2900.0,2000.0
Maharashtra,HINGNA - APMC,Onion,2026-07-17,Red,2.6,2200.0,3000.0,2666.0
Maharashtra,Islampur APMC,Onion,2026-07-17,Local,4.0,1000.0,2300.0,1650.0
Maharashtra,Jalgaon APMC,Onion,2026-07-17,Red,30.8,555.0,2500.0,1500.0
Maharashtra,Junnar(Alephata) APMC,Onion,2026-07-17,Chinchwad,553.7,1000.0,2710.0,1800.0
Maharashtra,Junnar(Narayangaon) APMC,Onion,2026-07-17,Chinchwad,3.2,400.0,2500.0,1500.0
Maharashtra,Kalvan APMC,Onion,2026-07-17,Unhali,1020.0,800.0,2650.0,2150.0
Maharashtra,Kamthi APMC,Onion,2026-07-17,Local,2.8,3510.0,4010.0,3760.0
Maharashtra,Khed(Chakan) APMC,Onion,2026-07-17,Other,15.0,1000.0,2700.0,2000.0
Maharashtra,Kolhapur APMC,Onion,2026-07-17,Other,386.8,600.0,2600.0,1600.0
Maharashtra,Kopargaon APMC,Onion,2026-07-17,Unhali,1066.0,500.0,2739.0,2100.0
Maharashtra,Lasalgaon APMC,Onion,2026-07-17,Unhali,1548.2,700.0,2651.0,2250.0
Maharashtra,Lasalgaon(Niphad) APMC,Onion,2026-07-17,Unhali,541.5,700.0,2525.0,2250.0
Maharashtra,Lasalgaon(Vinchur) APMC,Onion,2026-07-17,Unhali,1040.6,700.0,2800.0,2200.0
Maharashtra,"Laxmi-Sopan Agriculture Produce Marketing Co Ltd, Barshi, Dist Solapur",Onion,2026-07-17,Other,7.5,500.0,2200.0,1600.0
Maharashtra,"Malharshree Khajgi Krushi Utpann Bajar, Chandanpuri Tal Malegaon, Nashik",Onion,2026-07-17,Other,71.7,355.0,2315.0,1977.0
Maharashtra,Mangal Wedha APMC,Onion,2026-07-17,Local,11.6,500.0,2500.0,2100.0
Maharashtra,Manmad APMC,Onion,2026-07-17,Unhali,382.9,200.0,2555.0,2200.0
Maharashtra,Mumbai-Onion & Potato Market APMC,Onion,2026-07-17,Other,885.5,1500.0,2400.0,1950.0
Maharashtra,Nampur APMC,Onion,2026-07-17,Unhali,587.5,300.0,2400.0,2000.0
Maharashtra,Nandgaon APMC,Onion,2026-07-17,Unhali,1112.4,300.0,2500.0,1950.0
Maharashtra,Nasik APMC,Onion,2026-07-17,Unhali,339.0,750.0,2700.0,2300.0
Maharashtra,"Omchatinya Multi State Agro Purpose Co-Op Society, Dist Ahilyanagar",Onion,2026-07-17,Other,317.84,500.0,2800.0,2050.0
Maharashtra,Paithan APMC,Onion,2026-07-17,Unhali,201.2,200.0,3300.0,2050.0
Maharashtra,Paranda APMC,Onion,2026-07-17,Red,84.0,1000.0,2200.0,1600.0
Maharashtra,Parner APMC,Onion,2026-07-17,Unhali,1111.7,500.0,2800.0,1800.0
Maharashtra,Pathardi APMC,Onion,2026-07-17,Red,16.1,300.0,2500.0,1700.0
Maharashtra,Pimpalgaon Baswant APMC,Onion,2026-07-17,Unhali,1919.8,600.0,3241.0,2300.0
Maharashtra,Pimpalgaon Baswant(Saykheda) APMC,Onion,2026-07-17,Unhali,306.1,850.0,2319.0,1850.0
Maharashtra,Pune APMC,Onion,2026-07-17,Local,1145.4,800.0,2600.0,1800.0
Maharashtra,Pune(Khadiki) APMC,Onion,2026-07-17,Local,1.8,700.0,1400.0,1050.0
Maharashtra,Pune(Manjri) APMC,Onion,2026-07-17,Local,12.8,1500.0,2500.0,2200.0
Maharashtra,Pune(Moshi) APMC,Onion,2026-07-17,Local,49.1,900.0,2000.0,1450.0
Maharashtra,Pune(Pimpri) APMC,Onion,2026-07-17,Local,1.1,1400.0,2500.0,1950.0
Maharashtra,Rahata APMC,Onion,2026-07-17,Other,599.7,500.0,3200.0,1800.0
Maharashtra,Rahuri APMC,Onion,2026-07-17,Other,2000.5,200.0,3000.0,1600.0
Maharashtra,SHRI.SIDDHESHWAR  APMC,Onion,2026-07-17,Red,1497.0,200.0,3200.0,1700.0
Maharashtra,Sakri APMC,Onion,2026-07-17,Unhali,111.0,1800.0,2355.0,1800.0
Maharashtra,Sangamner APMC,Onion,2026-07-17,Unhali,453.6,400.0,2800.0,1600.0
Maharashtra,Satana APMC,Onion,2026-07-17,Unhali,1097.5,200.0,2600.0,2100.0
Maharashtra,Shrirampur APMC,Onion,2026-07-17,Unhali,914.6,900.0,3000.0,2150.0
Maharashtra,Sinner APMC,Onion,2026-07-17,Unhali,228.4,1000.0,2342.0,2000.0
Maharashtra,Umrane APMC,Onion,2026-07-17,Unhali,1650.0,900.0,2700.0,2200.0
Maharashtra,Vadgaonpeth APMC,Onion,2026-07-17,Local,27.0,1800.0,2600.0,2000.0
Maharashtra,Vaijpur APMC,Onion,2026-07-17,Unhali,951.7,500.0,2336.0,2000.0
Maharashtra,Vita APMC,Onion,2026-07-17,Other,2.0,2000.0,2800.0,2500.0
Maharashtra,Yeola APMC,Onion,2026-07-17,Unhali,536.5,300.0,2525.0,2000.0
Maharashtra,AGRICULTURE PRODUCE MARKET COMITEE CHANDWAD,Onion,2026-07-18,Unhali,604.0,965.0,2680.0,2100.0
Maharashtra,Ahilyanagar APMC,Onion,2026-07-18,Unhali,4893.1,400.0,2700.0,1550.0
Maharashtra,Akola APMC,Onion,2026-07-18,Other,12.9,1000.0,2600.0,1600.0
Maharashtra,Amrawati(Frui & Veg. Market) APMC,Onion,2026-07-18,Local,40.7,700.0,3500.0,2100.0
Maharashtra,Bhusaval APMC,Onion,2026-07-18,Unhali,0.7,2000.0,2500.0,2200.0
Maharashtra,Chandrapur(Ganjwad) APMC,Onion,2026-07-18,Other,42.0,3000.0,3750.0,3400.0
Maharashtra,Chattrapati Sambhajinagar APMC,Onion,2026-07-18,Other,273.6,1000.0,2500.0,1750.0
Maharashtra,Dharashiv APMC,Onion,2026-07-18,Red,3.3,1100.0,2700.0,1900.0
Maharashtra,Dindori(Vani) APMC,Onion,2026-07-18,Unhali,324.1,1881.0,2575.0,2221.0
Maharashtra,HINGNA - APMC,Onion,2026-07-18,Red,0.3,1800.0,3000.0,2400.0
Maharashtra,Jalana APMC,Onion,2026-07-18,Local,86.2,500.0,2600.0,1200.0
Maharashtra,Jalgaon APMC,Onion,2026-07-18,Red,33.5,750.0,2525.0,1627.0
Maharashtra,Jamkhed APMC,Onion,2026-07-18,Local,18.6,400.0,2500.0,1400.0
Maharashtra,Junnar(Narayangaon) APMC,Onion,2026-07-18,Chinchwad,4.6,400.0,2500.0,1500.0
Maharashtra,Kalvan APMC,Onion,2026-07-18,Unhali,780.0,600.0,3350.0,2200.0
Maharashtra,Karad APMC,Onion,2026-07-18,Halva,19.8,500.0,2500.0,2500.0
Maharashtra,Kolhapur APMC,Onion,2026-07-18,Other,496.1,600.0,2800.0,1700.0
Maharashtra,Kopargaon APMC,Onion,2026-07-18,Unhali,1010.0,500.0,2999.0,1950.0
Maharashtra,Lasalgaon APMC,Onion,2026-07-18,Unhali,647.6,700.0,2680.0,2200.0
Maharashtra,Lasalgaon(Niphad) APMC,Onion,2026-07-18,Unhali,495.5,800.0,2501.0,2250.0
Maharashtra,Lasalgaon(Vinchur) APMC,Onion,2026-07-18,Unhali,695.0,700.0,2540.0,2150.0
Maharashtra,Mangal Wedha APMC,Onion,2026-07-18,Local,0.2,1300.0,2200.0,2200.0
Maharashtra,Manmad APMC,Onion,2026-07-18,Unhali,200.0,500.0,2480.0,2150.0
Maharashtra,Mumbai-Onion & Potato Market APMC,Onion,2026-07-18,Other,1273.0,1400.0,2300.0,1850.0
Maharashtra,Nagpur APMC,Onion,2026-07-18,Red,150.0,1000.0,2600.0,2200.0
Maharashtra,Nagpur APMC,Onion,2026-07-18,White,102.0,1000.0,3000.0,2500.0
Maharashtra,Nasik APMC,Onion,2026-07-18,Unhali,358.5,700.0,2650.0,2200.0
Maharashtra,Newasa(Ghodegaon) APMC,Onion,2026-07-18,Unhali,2471.6,500.0,2600.0,1900.0
Maharashtra,Paithan APMC,Onion,2026-07-18,Unhali,53.3,1230.0,2370.0,2050.0
Maharashtra,Pimpalgaon Baswant APMC,Onion,2026-07-18,Unhali,1612.6,600.0,3390.0,2300.0
Maharashtra,Pimpalgaon Baswant(Saykheda) APMC,Onion,2026-07-18,Unhali,294.0,1000.0,2341.0,1900.0
Maharashtra,"Prasanna Krushi Market, Tal Parnet, Dist Ahilyanagar",Onion,2026-07-18,Other,17.63,710.0,2700.0,1705.0
Maharashtra,Pune(Khadiki) APMC,Onion,2026-07-18,Local,0.8,700.0,1300.0,1000.0
Maharashtra,Pune(Manjri) APMC,Onion,2026-07-18,Local,11.0,1500.0,2500.0,2200.0
Maharashtra,Pune(Moshi) APMC,Onion,2026-07-18,Local,5600.0,1000.0,2000.0,1500.0
Maharashtra,Pune(Pimpri) APMC,Onion,2026-07-18,Local,1.3,1100.0,2400.0,1750.0
Maharashtra,Rahuri(Vambori) APMC,Onion,2026-07-18,Unhali,557.0,200.0,2700.0,2000.0
Maharashtra,Ramtek APMC,Onion,2026-07-18,Unhali,0.4,1000.0,2000.0,1500.0
Maharashtra,SHRI.SIDDHESHWAR  APMC,Onion,2026-07-18,Red,1731.3,200.0,3200.0,1800.0
Maharashtra,Sakri APMC,Onion,2026-07-18,Unhali,1260.0,650.0,2480.0,1400.0
Maharashtra,"Sangli(Phale, Bhajipala Market) APMC",Onion,2026-07-18,Local,341.6,1200.0,2700.0,1950.0
Maharashtra,Satara APMC,Onion,2026-07-18,Other,24.5,1000.0,2500.0,1700.0
Maharashtra,Shevgaon APMC,Onion,2026-07-18,1st Sort,73.0,1600.0,2800.0,2500.0
Maharashtra,Shevgaon APMC,Onion,2026-07-18,2nd Sort,51.0,1200.0,1500.0,1350.0
Maharashtra,Shevgaon APMC,Onion,2026-07-18,Other,38.6,500.0,1100.0,850.0
Maharashtra,Shivsiddha Govind Producer Company Ltd Sanchalit Khajgi Krushi Utpann Bajar Samati-Abhona-Kalwan,Onion,2026-07-18,Other,1165.42,500.0,3500.0,2190.0
Maharashtra,"Shree Sairaj Krushi Market, Dist Ahilyanagar",Onion,2026-07-18,Local,59.63,300.0,2600.0,1500.0
Maharashtra,Vadgaonpeth APMC,Onion,2026-07-18,Local,29.0,1700.0,2600.0,1900.0
Maharashtra,Vaduj APMC,Onion,2026-07-18,Local,2.5,2000.0,2800.0,2400.0
Maharashtra,Vaijpur APMC,Onion,2026-07-18,Unhali,651.4,600.0,2335.0,1950.0
Maharashtra,Yeola APMC,Onion,2026-07-18,Unhali,700.0,300.0,2390.0,1850.0
Maharashtra,Akluj APMC,Onion,2026-07-19,Other,29.9,300.0,2400.0,1700.0
Maharashtra,Akole APMC,Onion,2026-07-19,Unhali,125.5,500.0,2701.0,2231.0
Maharashtra,Amrawati(Frui & Veg. Market) APMC,Onion,2026-07-19,Local,24.0,800.0,3400.0,2100.0
Maharashtra,Bhusaval APMC,Onion,2026-07-19,Unhali,1.5,2000.0,2500.0,2200.0
Maharashtra,Chattrapati Sambhajinagar APMC,Onion,2026-07-19,Other,614.4,1200.0,2450.0,1825.0
Maharashtra,Dharashiv APMC,Onion,2026-07-19,Red,8.3,1100.0,2700.0,1900.0
Maharashtra,Junnar APMC,Onion,2026-07-19,Chinchwad,588.2,1000.0,2750.0,2200.0
Maharashtra,Junnar(Alephata) APMC,Onion,2026-07-19,Chinchwad,491.1,1000.0,2700.0,1900.0
Maharashtra,Junnar(Narayangaon) APMC,Onion,2026-07-19,Chinchwad,2.4,400.0,2300.0,1400.0
Maharashtra,Junnar(Otur) APMC,Onion,2026-07-19,Unhali,737.0,600.0,2800.0,1700.0
Maharashtra,Kada APMC,Onion,2026-07-19,Unhali,1368.5,300.0,2800.0,2400.0
Maharashtra,Kamthi APMC,Onion,2026-07-19,Local,1.6,3040.0,3540.0,3290.0
Maharashtra,Karad APMC,Onion,2026-07-19,Halva,7.5,1500.0,2500.0,2500.0
Maharashtra,Khed APMC,Onion,2026-07-19,Fursungi,4.6,1200.0,2200.0,1800.0
Maharashtra,Khed(Chakan) APMC,Onion,2026-07-19,Other,20.0,1000.0,2600.0,1800.0
Maharashtra,Manchar APMC,Onion,2026-07-19,Other,993.1,1400.0,3000.0,2250.0
Maharashtra,Navapur APMC,Onion,2026-07-19,Other,2.7,1500.0,2000.0,1833.0
Maharashtra,Newasa APMC,Onion,2026-07-19,Unhali,98.6,700.0,2500.0,1900.0
Maharashtra,"Omchatinya Multi State Agro Purpose Co-Op Society, Dist Ahilyanagar",Onion,2026-07-19,Other,299.01,500.0,3100.0,2050.0
Maharashtra,Paithan APMC,Onion,2026-07-19,Unhali,225.1,350.0,3100.0,2105.0
Maharashtra,Paranda APMC,Onion,2026-07-19,Red,69.0,1000.0,2200.0,1550.0
Maharashtra,Parner APMC,Onion,2026-07-19,Unhali,1120.6,500.0,2900.0,1750.0
Maharashtra,Pathardi APMC,Onion,2026-07-19,Red,27.2,300.0,2600.0,1450.0
Maharashtra,Pune APMC,Onion,2026-07-19,Local,991.7,1000.0,2600.0,1800.0
Maharashtra,Pune(Khadiki) APMC,Onion,2026-07-19,Local,1.4,800.0,1400.0,1100.0
Maharashtra,Pune(Manjri) APMC,Onion,2026-07-19,Local,13.0,1500.0,2600.0,2200.0
Maharashtra,Pune(Moshi) APMC,Onion,2026-07-19,Local,58.4,800.0,2000.0,1400.0
Maharashtra,Pune(Pimpri) APMC,Onion,2026-07-19,Local,2.3,1000.0,2500.0,1750.0
Maharashtra,Rahata APMC,Onion,2026-07-19,Unhali,439.5,500.0,3200.0,2150.0
Maharashtra,Rahuri APMC,Onion,2026-07-19,Other,864.2,200.0,2800.0,1500.0
Maharashtra,Ramtek APMC,Onion,2026-07-19,Unhali,3.3,1500.0,2500.0,2000.0
Maharashtra,Satara APMC,Onion,2026-07-19,Other,13.3,1000.0,2500.0,1700.0
Maharashtra,Vadgaonpeth APMC,Onion,2026-07-19,Local,26.0,1800.0,2500.0,2100.0
Maharashtra,Vaduj APMC,Onion,2026-07-19,Local,2.5,2000.0,2700.0,2400.0
Maharashtra,Vai APMC,Onion,2026-07-19,Local,9.0,1200.0,2700.0,2200.0
Maharashtra,Vita APMC,Onion,2026-07-19,Other,2.0,2000.0,2800.0,2500.0
Maharashtra,AGRICULTURE PRODUCE MARKET COMITEE CHANDWAD,Onion,2026-07-20,Unhali,604.0,690.0,2700.0,2080.0
Maharashtra,Ahilyanagar APMC,Onion,2026-07-20,Unhali,5987.7,400.0,2600.0,1500.0
Maharashtra,Akola APMC,Onion,2026-07-20,Other,36.6,1000.0,2600.0,1600.0
Maharashtra,Amrawati(Frui & Veg. Market) APMC,Onion,2026-07-20,Local,25.7,700.0,3500.0,2100.0
Maharashtra,Chandrapur(Ganjwad) APMC,Onion,2026-07-20,Other,44.0,2600.0,3750.0,3200.0
Maharashtra,Chattrapati Sambhajinagar APMC,Onion,2026-07-20,Other,279.3,1300.0,2500.0,1900.0
Maharashtra,Devala APMC,Onion,2026-07-20,Unhali,867.8,600.0,2570.0,2300.0
Maharashtra,Dhule APMC,Onion,2026-07-20,Red,97.3,700.0,2300.0,1800.0
Maharashtra,Dindori APMC,Onion,2026-07-20,Unhali,31.0,2100.0,2450.0,2200.0
Maharashtra,Dindori(Vani) APMC,Onion,2026-07-20,Unhali,239.8,1851.0,2641.0,2351.0
Maharashtra,Gangapur APMC,Onion,2026-07-20,Unhali,798.8,700.0,2400.0,1970.0
Maharashtra,HINGNA - APMC,Onion,2026-07-20,Red,1.1,2200.0,3000.0,2580.0
Maharashtra,Indapur APMC,Onion,2026-07-20,Red,10.4,500.0,2700.0,1200.0
Maharashtra,Jalgaon APMC,Onion,2026-07-20,Red,65.0,700.0,2625.0,1662.0
Maharashtra,Junnar(Narayangaon) APMC,Onion,2026-07-20,Chinchwad,1.2,700.0,2500.0,1600.0
Maharashtra,Kalvan APMC,Onion,2026-07-20,Unhali,1795.0,900.0,3501.0,2150.0
Maharashtra,Kalyan APMC,Onion,2026-07-20,1st Sort,0.3,2400.0,2700.0,2550.0
Maharashtra,Kamthi APMC,Onion,2026-07-20,Local,0.4,3020.0,3520.0,3270.0
Maharashtra,Karad APMC,Onion,2026-07-20,Halva,15.0,1000.0,2200.0,2200.0
Maharashtra,Khed APMC,Onion,2026-07-20,Fursungi,2.0,800.0,2500.0,1500.0
Maharashtra,Kolhapur APMC,Onion,2026-07-20,Other,404.7,600.0,2700.0,1700.0
Maharashtra,Kopargaon APMC,Onion,2026-07-20,Unhali,560.0,500.0,2526.0,1950.0
Maharashtra,Kurdwadi(Modnimb) APMC,Onion,2026-07-20,Red,3.2,800.0,2460.0,1900.0
Maharashtra,Lasalgaon APMC,Onion,2026-07-20,Unhali,1194.2,700.0,2800.0,2150.0
Maharashtra,Lasalgaon(Niphad) APMC,Onion,2026-07-20,Unhali,562.5,700.0,2483.0,2250.0
Maharashtra,Lasalgaon(Vinchur) APMC,Onion,2026-07-20,Unhali,865.9,700.0,2600.0,2100.0
Maharashtra,Lasur Station APMC,Onion,2026-07-20,Other,1350.0,200.0,2325.0,1700.0
Maharashtra,"Laxmi-Sopan Agriculture Produce Marketing Co Ltd, Barshi, Dist Solapur",Onion,2026-07-20,Other,9.0,400.0,2100.0,1600.0
Maharashtra,Lonand APMC,Onion,2026-07-20,Unhali,62.5,600.0,2410.0,2000.0
Maharashtra,"Malharshree Khajgi Krushi Utpann Bajar, Chandanpuri Tal Malegaon, Nashik",Onion,2026-07-20,Other,71.4,354.0,2315.0,1831.0
Maharashtra,Mangal Wedha APMC,Onion,2026-07-20,Local,13.8,550.0,2480.0,2200.0
Maharashtra,Manmad APMC,Onion,2026-07-20,Unhali,351.6,200.0,2490.0,2000.0
Maharashtra,Mumbai-Onion & Potato Market APMC,Onion,2026-07-20,Other,1273.0,1400.0,2300.0,1850.0
Maharashtra,Nagpur APMC,Onion,2026-07-20,Red,150.0,2000.0,2500.0,2375.0
Maharashtra,Nagpur APMC,Onion,2026-07-20,White,158.0,2500.0,3200.0,3025.0
Maharashtra,Nampur APMC,Onion,2026-07-20,Unhali,693.4,300.0,2405.0,2000.0
Maharashtra,Nandgaon APMC,Onion,2026-07-20,Unhali,1044.7,300.0,2480.0,1950.0
Maharashtra,Nasik APMC,Onion,2026-07-20,Unhali,416.3,710.0,2700.0,2150.0
Maharashtra,Navapur APMC,Onion,2026-07-20,Other,3.2,1000.0,2000.0,1438.0
Maharashtra,Newasa(Ghodegaon) APMC,Onion,2026-07-20,Unhali,2928.1,700.0,2500.0,1900.0
Maharashtra,Paithan APMC,Onion,2026-07-20,Unhali,64.2,500.0,2280.0,1850.0
Maharashtra,Paranda APMC,Onion,2026-07-20,Red,73.0,1000.0,2100.0,1480.0
Maharashtra,Pimpalgaon Baswant APMC,Onion,2026-07-20,Unhali,2017.8,700.0,3455.0,2350.0
Maharashtra,Pimpalgaon Baswant(Saykheda) APMC,Onion,2026-07-20,Unhali,316.4,1001.0,2600.0,2000.0
Maharashtra,"Prasanna Krushi Market, Tal Parnet, Dist Ahilyanagar",Onion,2026-07-20,Other,17.08,650.0,2510.0,1580.0
Maharashtra,Pune APMC,Onion,2026-07-20,Local,820.0,1000.0,2600.0,1800.0
Maharashtra,Pune(Khadiki) APMC,Onion,2026-07-20,Local,1.3,700.0,1400.0,1050.0
Maharashtra,Pune(Manjri) APMC,Onion,2026-07-20,Local,10.9,1100.0,2500.0,2000.0
Maharashtra,Pune(Moshi) APMC,Onion,2026-07-20,Local,53.6,800.0,2000.0,1400.0
Maharashtra,Pune(Pimpri) APMC,Onion,2026-07-20,Local,0.2,2200.0,2200.0,2200.0
Maharashtra,Rahuri(Vambori) APMC,Onion,2026-07-20,Unhali,697.7,200.0,2700.0,2000.0
Maharashtra,SHRI.SIDDHESHWAR  APMC,Onion,2026-07-20,Red,1522.6,200.0,3500.0,1850.0
Maharashtra,Sakri APMC,Onion,2026-07-20,Unhali,290.0,1400.0,2100.0,1800.0
Maharashtra,Sangamner APMC,Onion,2026-07-20,Unhali,473.6,400.0,2800.0,1600.0
Maharashtra,"Sangli(Phale, Bhajipala Market) APMC",Onion,2026-07-20,Local,254.2,1300.0,2700.0,1500.0
Maharashtra,Satana APMC,Onion,2026-07-20,Unhali,1080.5,400.0,2560.0,1950.0
Maharashtra,Satara APMC,Onion,2026-07-20,Other,3.6,1000.0,2500.0,1700.0
Maharashtra,Shevgaon APMC,Onion,2026-07-20,1st Sort,62.0,1800.0,2700.0,2450.0
Maharashtra,Shevgaon APMC,Onion,2026-07-20,2nd Sort,73.0,1200.0,1700.0,1500.0
Maharashtra,Shevgaon APMC,Onion,2026-07-20,Other,53.4,500.0,1100.0,850.0
Maharashtra,Shivsiddha Govind Producer Company Ltd Sanchalit Khajgi Krushi Utpann Bajar Samati-Abhona-Kalwan,Onion,2026-07-20,Other,1489.24,500.0,3530.0,2140.0
Maharashtra,"Shree Sairaj Krushi Market, Dist Ahilyanagar",Onion,2026-07-20,Local,50.4,200.0,2600.0,1400.0
Maharashtra,Shrirampur APMC,Onion,2026-07-20,Unhali,1224.5,900.0,3000.0,2150.0
Maharashtra,Sinner APMC,Onion,2026-07-20,Unhali,152.1,1000.0,2300.0,2050.0
Maharashtra,Umrane APMC,Onion,2026-07-20,Unhali,1450.0,900.0,2601.0,2100.0
Maharashtra,Vaduj APMC,Onion,2026-07-20,Local,2.5,2000.0,2800.0,2400.0
Maharashtra,Vai APMC,Onion,2026-07-20,Local,1.5,1200.0,2700.0,1602.0
Maharashtra,Vaijpur APMC,Onion,2026-07-20,Unhali,759.3,600.0,2300.0,1900.0
Maharashtra,Vita APMC,Onion,2026-07-20,Other,5.0,2000.0,2800.0,2600.0
Maharashtra,Yeola APMC,Onion,2026-07-20,Unhali,709.9,400.0,2400.0,1850.0
Maharashtra,AGRICULTURE PRODUCE MARKET COMITEE CHANDWAD,Onion,2026-07-21,Unhali,874.6,900.0,2675.0,2080.0
Maharashtra,Akola APMC,Onion,2026-07-21,Other,11.1,1000.0,2500.0,1600.0
Maharashtra,Akole APMC,Onion,2026-07-21,Unhali,131.3,500.0,2701.0,2151.0
Maharashtra,Amrawati(Frui & Veg. Market) APMC,Onion,2026-07-21,Local,21.0,800.0,3400.0,1600.0
Maharashtra,Bhusaval APMC,Onion,2026-07-21,Unhali,0.9,1500.0,2000.0,1800.0
Maharashtra,Chattrapati Sambhajinagar APMC,Onion,2026-07-21,Other,227.4,1700.0,2450.0,2075.0
Maharashtra,Devala APMC,Onion,2026-07-21,Unhali,847.5,550.0,2460.0,2275.0
Maharashtra,Dharashiv APMC,Onion,2026-07-21,Red,4.3,1200.0,2700.0,1950.0
Maharashtra,Dhule APMC,Onion,2026-07-21,Red,58.0,700.0,2300.0,1800.0
Maharashtra,Dindori APMC,Onion,2026-07-21,Unhali,32.2,2100.0,2550.0,2250.0
Maharashtra,Dindori(Vani) APMC,Onion,2026-07-21,Unhali,521.1,1891.0,2641.0,2211.0
Maharashtra,Gangapur APMC,Onion,2026-07-21,Unhali,557.5,300.0,2410.0,1901.0
Maharashtra,Gevrai APMC,Onion,2026-07-21,Red,14.6,1400.0,2650.0,1600.0
Maharashtra,HINGNA - APMC,Onion,2026-07-21,Red,0.2,2200.0,3000.0,2600.0
Maharashtra,Indapur APMC,Onion,2026-07-21,Red,5.5,500.0,2500.0,1300.0
Maharashtra,Jalgaon APMC,Onion,2026-07-21,Red,32.9,800.0,2187.0,1500.0
Maharashtra,Junnar(Alephata) APMC,Onion,2026-07-21,Chinchwad,632.0,1000.0,2800.0,2000.0
Maharashtra,Kada(Ashti) APMC,Onion,2026-07-21,Unhali,15.0,300.0,2200.0,2000.0
Maharashtra,Kalvan APMC,Onion,2026-07-21,Unhali,1430.0,700.0,3525.0,2150.0
Maharashtra,Kalyan APMC,Onion,2026-07-21,1st Sort,0.3,2200.0,2300.0,2250.0
Maharashtra,Kamthi APMC,Onion,2026-07-21,Local,0.1,3060.0,3560.0,3310.0
Maharashtra,Karad APMC,Onion,2026-07-21,Halva,15.0,2200.0,2600.0,2600.0
Maharashtra,Khed APMC,Onion,2026-07-21,Fursungi,3.5,1000.0,2200.0,1500.0
Maharashtra,Khed(Chakan) APMC,Onion,2026-07-21,Other,17.5,1000.0,2600.0,1800.0
Maharashtra,Kolhapur APMC,Onion,2026-07-21,Other,367.9,600.0,2700.0,1700.0
Maharashtra,Kopargaon APMC,Onion,2026-07-21,Unhali,908.0,500.0,2629.0,1950.0
Maharashtra,Lasalgaon APMC,Onion,2026-07-21,Unhali,1089.4,600.0,2590.0,2051.0
Maharashtra,Lasalgaon(Niphad) APMC,Onion,2026-07-21,Unhali,624.0,700.0,2442.0,2150.0
Maharashtra,Lasalgaon(Vinchur) APMC,Onion,2026-07-21,Unhali,975.2,700.0,2501.0,2025.0
Maharashtra,Lasur Station APMC,Onion,2026-07-21,Other,1020.0,200.0,2355.0,1725.0
Maharashtra,"Malharshree Khajgi Krushi Utpann Bajar, Chandanpuri Tal Malegaon, Nashik",Onion,2026-07-21,Other,86.3,378.0,2314.0,1899.0
Maharashtra,Manchar APMC,Onion,2026-07-21,Other,1062.0,2200.0,3000.0,2660.0
Maharashtra,Manmad APMC,Onion,2026-07-21,Unhali,391.0,300.0,2450.0,2050.0
Maharashtra,Mumbai-Onion & Potato Market APMC,Onion,2026-07-21,Other,869.3,1600.0,2500.0,2050.0
Maharashtra,Nagpur APMC,Onion,2026-07-21,Red,50.0,2000.0,2500.0,2375.0
Maharashtra,Nagpur APMC,Onion,2026-07-21,White,70.0,2500.0,3200.0,3025.0
Maharashtra,Nampur APMC,Onion,2026-07-21,Unhali,450.6,300.0,2350.0,1900.0
Maharashtra,Nandgaon APMC,Onion,2026-07-21,Unhali,449.1,300.0,2411.0,1850.0
Maharashtra,Nasik APMC,Onion,2026-07-21,Unhali,388.0,750.0,2750.0,2180.0
Maharashtra,Newasa APMC,Onion,2026-07-21,Unhali,116.5,1000.0,2400.0,1900.0
Maharashtra,"Omchatinya Multi State Agro Purpose Co-Op Society, Dist Ahilyanagar",Onion,2026-07-21,Other,364.43,500.0,3000.0,2000.0
Maharashtra,Pathardi APMC,Onion,2026-07-21,Red,11.0,400.0,2500.0,1550.0
Maharashtra,Phaltan APMC,Onion,2026-07-21,Hybrid,131.9,700.0,2746.0,1600.0
Maharashtra,Pimpalgaon Baswant APMC,Onion,2026-07-21,Unhali,1937.5,700.0,3336.0,2275.0
Maharashtra,Pimpalgaon Baswant(Saykheda) APMC,Onion,2026-07-21,Unhali,332.5,1000.0,2201.0,1950.0
Maharashtra,Pune APMC,Onion,2026-07-21,Local,935.3,1000.0,2600.0,1800.0
Maharashtra,Pune(Khadiki) APMC,Onion,2026-07-21,Local,1.5,800.0,1400.0,1100.0
Maharashtra,Pune(Manjri) APMC,Onion,2026-07-21,Local,10.4,1500.0,2800.0,2200.0
Maharashtra,Pune(Moshi) APMC,Onion,2026-07-21,Local,47.2,800.0,2000.0,1400.0
Maharashtra,Pune(Pimpri) APMC,Onion,2026-07-21,Local,1.4,1500.0,1900.0,1700.0
Maharashtra,Rahata APMC,Onion,2026-07-21,Unhali,494.9,500.0,3200.0,2350.0
Maharashtra,Rahuri APMC,Onion,2026-07-21,Other,2467.3,200.0,3050.0,1625.0
Maharashtra,Ramtek APMC,Onion,2026-07-21,Unhali,0.7,1500.0,2500.0,2000.0
Maharashtra,SHRI.SIDDHESHWAR  APMC,Onion,2026-07-21,Red,1728.2,200.0,3300.0,1800.0
Maharashtra,Sakri APMC,Onion,2026-07-21,Unhali,1155.0,1005.0,2410.0,1400.0
Maharashtra,Sangamner APMC,Onion,2026-07-21,Unhali,424.8,300.0,2600.0,1450.0
Maharashtra,"Sangli(Phale, Bhajipala Market) APMC",Onion,2026-07-21,Local,207.0,1000.0,3000.0,2000.0
Maharashtra,Satana APMC,Onion,2026-07-21,Unhali,798.0,300.0,2575.0,2125.0
Maharashtra,Satara APMC,Onion,2026-07-21,Other,6.6,1000.0,2500.0,1750.0
Maharashtra,Shivsiddha Govind Producer Company Ltd Sanchalit Khajgi Krushi Utpann Bajar Samati-Abhona-Kalwan,Onion,2026-07-21,Other,1288.23,500.0,3300.0,2130.0
Maharashtra,Sinner APMC,Onion,2026-07-21,Unhali,146.4,1000.0,2246.0,1950.0
Maharashtra,Umrane APMC,Onion,2026-07-21,Unhali,1650.0,900.0,2813.0,2100.0
Maharashtra,Vadgaonpeth APMC,Onion,2026-07-21,Local,29.0,2000.0,2700.0,2100.0
Maharashtra,Vaduj APMC,Onion,2026-07-21,Local,2.5,2000.0,2700.0,2300.0
Maharashtra,Vaijpur APMC,Onion,2026-07-21,Unhali,642.4,500.0,2250.0,1900.0
Maharashtra,AGRICULTURE PRODUCE MARKET COMITEE CHANDWAD,Onion,2026-07-22,Unhali,559.1,920.0,2745.0,2080.0
Maharashtra,Akluj APMC,Onion,2026-07-22,Other,31.5,200.0,2500.0,1500.0
Maharashtra,Akola APMC,Onion,2026-07-22,Other,16.5,800.0,2500.0,1500.0
Maharashtra,Amrawati(Frui & Veg. Market) APMC,Onion,2026-07-22,Local,24.9,700.0,3500.0,2100.0
Maharashtra,Bhusaval APMC,Onion,2026-07-22,Unhali,0.2,2500.0,2500.0,2500.0
Maharashtra,Chandrapur(Ganjwad) APMC,Onion,2026-07-22,Other,32.0,3000.0,4000.0,3500.0
Maharashtra,Chattrapati Sambhajinagar APMC,Onion,2026-07-22,Other,209.0,1300.0,2500.0,1900.0
Maharashtra,Devala APMC,Onion,2026-07-22,Unhali,631.9,550.0,2700.0,2300.0
Maharashtra,Dharashiv APMC,Onion,2026-07-22,Red,2.6,1550.0,2500.0,2025.0
Maharashtra,Dhule APMC,Onion,2026-07-22,Red,47.5,700.0,2200.0,1850.0
Maharashtra,Dindori APMC,Onion,2026-07-22,Unhali,31.0,2100.0,2450.0,2300.0
Maharashtra,Dindori(Vani) APMC,Onion,2026-07-22,Unhali,236.6,1891.0,2641.0,2250.0
Maharashtra,Gangapur APMC,Onion,2026-07-22,Unhali,499.2,855.0,2302.0,1925.0
Maharashtra,HINGNA - APMC,Onion,2026-07-22,Red,0.5,2800.0,3000.0,2900.0
Maharashtra,Indapur APMC,Onion,2026-07-22,Red,7.6,500.0,2600.0,1200.0
Maharashtra,Jalgaon APMC,Onion,2026-07-22,Red,31.1,750.0,2125.0,1450.0
Maharashtra,Junnar(Narayangaon) APMC,Onion,2026-07-22,Chinchwad,3.4,400.0,2500.0,1500.0
Maharashtra,Kada APMC,Onion,2026-07-22,Unhali,1178.8,400.0,2700.0,2200.0
Maharashtra,Kalvan APMC,Onion,2026-07-22,Unhali,510.0,700.0,3501.0,2150.0
Maharashtra,Kalyan APMC,Onion,2026-07-22,1st Sort,0.3,2200.0,2300.0,2250.0
Maharashtra,Karad APMC,Onion,2026-07-22,Halva,9.9,2000.0,2500.0,2500.0
Maharashtra,Khed APMC,Onion,2026-07-22,Fursungi,1.1,1800.0,2200.0,2000.0
Maharashtra,Khed(Chakan) APMC,Onion,2026-07-22,Other,100.0,1000.0,2500.0,2200.0
Maharashtra,Kolhapur APMC,Onion,2026-07-22,Other,488.5,600.0,2700.0,1700.0
Maharashtra,Kopargaon APMC,Onion,2026-07-22,Unhali,638.0,500.0,2451.0,1900.0
Maharashtra,Lasalgaon APMC,Onion,2026-07-22,Unhali,871.4,600.0,2601.0,2050.0
Maharashtra,Lasalgaon(Niphad) APMC,Onion,2026-07-22,Unhali,474.0,700.0,2760.0,2100.0
Maharashtra,Lasalgaon(Vinchur) APMC,Onion,2026-07-22,Unhali,818.8,700.0,2520.0,2000.0
Maharashtra,Lasur Station APMC,Onion,2026-07-22,Other,1250.0,200.0,2400.0,1725.0
Maharashtra,"Laxmi-Sopan Agriculture Produce Marketing Co Ltd, Barshi, Dist Solapur",Onion,2026-07-22,Other,13.1,500.0,2000.0,1500.0
Maharashtra,Mangal Wedha APMC,Onion,2026-07-22,Local,7.5,500.0,2720.0,2100.0
Maharashtra,Manmad APMC,Onion,2026-07-22,Unhali,213.7,375.0,3535.0,2150.0
Maharashtra,Mumbai-Onion & Potato Market APMC,Onion,2026-07-22,Other,712.6,1500.0,2500.0,2000.0
Maharashtra,Nagpur APMC,Onion,2026-07-22,Red,36.0,2000.0,2800.0,2600.0
Maharashtra,Nagpur APMC,Onion,2026-07-22,White,20.0,2400.0,3000.0,2850.0
Maharashtra,Nampur APMC,Onion,2026-07-22,Unhali,405.5,300.0,2300.0,1900.0
Maharashtra,Nandgaon APMC,Onion,2026-07-22,Unhali,689.7,561.0,2512.0,1950.0
Maharashtra,Nasik APMC,Onion,2026-07-22,Unhali,371.9,700.0,2651.0,2100.0
Maharashtra,Navapur APMC,Onion,2026-07-22,Other,3.0,1000.0,2000.0,1700.0
Maharashtra,Newasa(Ghodegaon) APMC,Onion,2026-07-22,Unhali,3100.8,500.0,2500.0,2000.0
Maharashtra,Paranda APMC,Onion,2026-07-22,Red,72.5,1000.0,2050.0,1280.0
Maharashtra,Parner APMC,Onion,2026-07-22,Unhali,1477.3,500.0,2700.0,1650.0
Maharashtra,Pathardi APMC,Onion,2026-07-22,Red,44.7,300.0,2400.0,1400.0
Maharashtra,Pimpalgaon Baswant APMC,Onion,2026-07-22,Unhali,1446.2,600.0,3276.0,2300.0
Maharashtra,Pimpalgaon Baswant(Saykheda) APMC,Onion,2026-07-22,Unhali,368.7,1000.0,2250.0,1975.0
Maharashtra,"Prasanna Krushi Market, Tal Parnet, Dist Ahilyanagar",Onion,2026-07-22,Other,29.94,750.0,2510.0,1630.0
Maharashtra,Pune APMC,Onion,2026-07-22,Local,903.7,1000.0,2600.0,1800.0
Maharashtra,Pune(Khadiki) APMC,Onion,2026-07-22,Local,1.2,900.0,1400.0,1150.0
Maharashtra,Pune(Manjri) APMC,Onion,2026-07-22,Local,8.8,1500.0,2800.0,2200.0
Maharashtra,Pune(Pimpri) APMC,Onion,2026-07-22,Local,1.1,1200.0,2300.0,1750.0
Maharashtra,Ramtek APMC,Onion,2026-07-22,Unhali,0.3,1500.0,2500.0,2000.0
Maharashtra,SHRI.SIDDHESHWAR  APMC,Onion,2026-07-22,Red,1726.8,200.0,3500.0,1800.0
Maharashtra,Sakri APMC,Onion,2026-07-22,Unhali,655.0,950.0,2435.0,1400.0
Maharashtra,Sangamner APMC,Onion,2026-07-22,Unhali,403.3,300.0,2500.0,1400.0
Maharashtra,"Sangli(Phale, Bhajipala Market) APMC",Onion,2026-07-22,Local,366.6,1100.0,2700.0,1900.0
Maharashtra,Satana APMC,Onion,2026-07-22,Unhali,1037.5,355.0,2605.0,2170.0
Maharashtra,Satara APMC,Onion,2026-07-22,Other,21.0,1000.0,2500.0,1750.0
Maharashtra,Shirpur APMC,Onion,2026-07-22,Red,13.9,600.0,2500.0,1850.0
Maharashtra,Shivsiddha Govind Producer Company Ltd Sanchalit Khajgi Krushi Utpann Bajar Samati-Abhona-Kalwan,Onion,2026-07-22,Other,906.07,400.0,3350.0,2170.0
Maharashtra,"Shree Sairaj Krushi Market, Dist Ahilyanagar",Onion,2026-07-22,Local,47.68,300.0,2600.0,1500.0
Maharashtra,Shrirampur APMC,Onion,2026-07-22,Unhali,978.8,700.0,3000.0,2150.0
Maharashtra,Sinner APMC,Onion,2026-07-22,Unhali,105.1,700.0,2200.0,1950.0
Maharashtra,Umrane APMC,Onion,2026-07-22,Unhali,1350.0,800.0,2701.0,2000.0
Maharashtra,Vadgaonpeth APMC,Onion,2026-07-22,Local,28.0,1900.0,2500.0,2200.0
Maharashtra,Vaduj APMC,Onion,2026-07-22,Local,4.0,2000.0,3000.0,2500.0
Maharashtra,Vai APMC,Onion,2026-07-22,Local,1.5,1200.0,2800.0,2000.0
Maharashtra,Vaijpur APMC,Onion,2026-07-22,Unhali,488.5,500.0,2199.0,1900.0
Maharashtra,Yeola APMC,Onion,2026-07-22,Unhali,674.4,451.0,2550.0,1975.0
Maharashtra,AGRICULTURE PRODUCE MARKET COMITEE CHANDWAD,Onion,2026-07-23,Unhali,437.3,910.0,2585.0,2150.0
Maharashtra,Ahilyanagar APMC,Onion,2026-07-23,Unhali,5507.7,400.0,2650.0,1525.0
Maharashtra,Akola APMC,Onion,2026-07-23,Other,14.0,1000.0,2500.0,1700.0
Maharashtra,Akole APMC,Onion,2026-07-23,Unhali,169.0,551.0,2701.0,2211.0
Maharashtra,Bhusaval APMC,Onion,2026-07-23,Unhali,0.9,2000.0,2500.0,2200.0
Maharashtra,Devala APMC,Onion,2026-07-23,Unhali,535.2,500.0,2400.0,2180.0
Maharashtra,Dharashiv APMC,Onion,2026-07-23,Red,4.0,1100.0,2800.0,1950.0
Maharashtra,Dindori APMC,Onion,2026-07-23,Unhali,16.2,2100.0,2450.0,2200.0
Maharashtra,Dindori(Vani) APMC,Onion,2026-07-23,Unhali,251.4,1951.0,2701.0,2351.0
Maharashtra,Gangapur APMC,Onion,2026-07-23,Unhali,660.5,445.0,2401.0,1910.0
Maharashtra,HINGNA - APMC,Onion,2026-07-23,Red,1.6,2000.0,3000.0,2433.0
Maharashtra,Islampur APMC,Onion,2026-07-23,Local,6.5,1000.0,2500.0,1750.0
Maharashtra,Jalgaon APMC,Onion,2026-07-23,Red,23.8,625.0,2127.0,1362.0
Maharashtra,Jamkhed APMC,Onion,2026-07-23,Local,19.8,500.0,2500.0,1500.0
Maharashtra,Junnar APMC,Onion,2026-07-23,Chinchwad,644.7,1000.0,2710.0,2200.0
Maharashtra,Junnar(Narayangaon) APMC,Onion,2026-07-23,Chinchwad,2.2,500.0,2600.0,1550.0
Maharashtra,Junnar(Otur) APMC,Onion,2026-07-23,Chinchwad,882.9,1000.0,2700.0,2100.0
Maharashtra,Kada(Ashti) APMC,Onion,2026-07-23,Unhali,9.8,250.0,2300.0,1900.0
Maharashtra,Kalvan APMC,Onion,2026-07-23,Unhali,1135.0,500.0,3535.0,2200.0
Maharashtra,Kalyan APMC,Onion,2026-07-23,1st Sort,0.3,2500.0,2700.0,2600.0
Maharashtra,Kamthi APMC,Onion,2026-07-23,Local,1.4,3060.0,3560.0,3310.0
Maharashtra,Karjat APMC,Onion,2026-07-23,Local,4.9,300.0,2300.0,1300.0
Maharashtra,Khed APMC,Onion,2026-07-23,Fursungi,2.3,1200.0,2400.0,1800.0
Maharashtra,Khed(Chakan) APMC,Onion,2026-07-23,Other,20.0,1000.0,2500.0,2000.0
Maharashtra,Kolhapur APMC,Onion,2026-07-23,Other,372.9,600.0,2600.0,1600.0
Maharashtra,Kopargaon APMC,Onion,2026-07-23,Unhali,650.0,500.0,2455.0,1900.0
Maharashtra,Kurdwadi(Modnimb) APMC,Onion,2026-07-23,Red,0.8,851.0,2100.0,1351.0
Maharashtra,Lasalgaon APMC,Onion,2026-07-23,Unhali,916.4,600.0,2602.0,2100.0
Maharashtra,Lasalgaon(Niphad) APMC,Onion,2026-07-23,Unhali,313.5,800.0,2301.0,2100.0
Maharashtra,Lasalgaon(Vinchur) APMC,Onion,2026-07-23,Unhali,380.0,700.0,2525.0,2050.0
Maharashtra,Lasur Station APMC,Onion,2026-07-23,Other,710.0,245.0,2293.0,1675.0
Maharashtra,"Laxmi-Sopan Agriculture Produce Marketing Co Ltd, Barshi, Dist Solapur",Onion,2026-07-23,Other,5.0,500.0,2000.0,1500.0
Maharashtra,Lonand APMC,Onion,2026-07-23,Unhali,50.0,500.0,2410.0,1950.0
Maharashtra,"Malharshree Khajgi Krushi Utpann Bajar, Chandanpuri Tal Malegaon, Nashik",Onion,2026-07-23,Other,52.3,321.0,2300.0,1691.0
Maharashtra,Malkapur APMC,Onion,2026-07-23,Local,14.1,1200.0,1800.0,1500.0
Maharashtra,Mangal Wedha APMC,Onion,2026-07-23,Local,0.2,1500.0,2520.0,2520.0
Maharashtra,Manmad APMC,Onion,2026-07-23,Unhali,261.1,500.0,2426.0,2100.0
Maharashtra,Mumbai-Onion & Potato Market APMC,Onion,2026-07-23,Other,720.2,1500.0,2500.0,2000.0
Maharashtra,Nagpur APMC,Onion,2026-07-23,Red,36.0,1500.0,2800.0,2475.0
Maharashtra,Nagpur APMC,Onion,2026-07-23,White,20.0,3000.0,3500.0,3375.0
Maharashtra,Nampur APMC,Onion,2026-07-23,Unhali,328.4,300.0,2300.0,1800.0
Maharashtra,Nasik APMC,Onion,2026-07-23,Unhali,280.0,675.0,2500.0,2050.0
Maharashtra,Newasa APMC,Onion,2026-07-23,Unhali,140.8,1000.0,2500.0,2100.0
Maharashtra,Paithan APMC,Onion,2026-07-23,Unhali,62.8,1180.0,2220.0,1850.0
Maharashtra,Paranda APMC,Onion,2026-07-23,Red,70.0,1000.0,2100.0,1850.0
Maharashtra,Pimpalgaon Baswant APMC,Onion,2026-07-23,Unhali,1376.4,600.0,3399.0,2225.0
Maharashtra,Pimpalgaon Baswant(Saykheda) APMC,Onion,2026-07-23,Unhali,62.1,1175.0,2270.0,1950.0
Maharashtra,Pune APMC,Onion,2026-07-23,Local,820.3,1000.0,2600.0,1800.0
Maharashtra,Pune(Khadiki) APMC,Onion,2026-07-23,Local,1.1,700.0,1400.0,1050.0
Maharashtra,Pune(Manjri) APMC,Onion,2026-07-23,Local,12.3,1300.0,3000.0,1700.0
Maharashtra,Pune(Moshi) APMC,Onion,2026-07-23,Local,45.7,1000.0,2000.0,1500.0
Maharashtra,Pune(Pimpri) APMC,Onion,2026-07-23,Local,1.1,1200.0,2000.0,1600.0
Maharashtra,Rahuri(Vambori) APMC,Onion,2026-07-23,Unhali,825.2,200.0,2600.0,1900.0
Maharashtra,Ramtek APMC,Onion,2026-07-23,Unhali,4.3,1000.0,2000.0,1500.0
Maharashtra,Sakri APMC,Onion,2026-07-23,Unhali,173.0,1800.0,2430.0,2100.0
Maharashtra,Sangamner APMC,Onion,2026-07-23,Unhali,487.5,300.0,2700.0,1500.0
Maharashtra,"Sangli(Phale, Bhajipala Market) APMC",Onion,2026-07-23,Local,194.0,1300.0,2700.0,2000.0
Maharashtra,Satana APMC,Onion,2026-07-23,Unhali,866.5,500.0,2720.0,2150.0
Maharashtra,Satara APMC,Onion,2026-07-23,Other,3.7,1000.0,2500.0,1700.0
Maharashtra,Shevgaon APMC,Onion,2026-07-23,1st Sort,96.5,1800.0,2600.0,2200.0
Maharashtra,Shevgaon APMC,Onion,2026-07-23,2nd Sort,85.0,1200.0,1700.0,1500.0
Maharashtra,Shevgaon APMC,Onion,2026-07-23,Other,73.0,500.0,1100.0,800.0
Maharashtra,Shivsiddha Govind Producer Company Ltd Sanchalit Khajgi Krushi Utpann Bajar Samati-Abhona-Kalwan,Onion,2026-07-23,Other,827.32,400.0,3300.0,2210.0
Maharashtra,Sinner APMC,Onion,2026-07-23,Unhali,123.0,700.0,2151.0,1950.0
Maharashtra,Umrane APMC,Onion,2026-07-23,Unhali,1250.0,900.0,2826.0,2100.0
Maharashtra,Vadgaonpeth APMC,Onion,2026-07-23,Local,27.0,2000.0,2800.0,2300.0
Maharashtra,Vaduj APMC,Onion,2026-07-23,Local,3.0,2000.0,2700.0,2400.0
Maharashtra,Vai APMC,Onion,2026-07-23,Local,1.7,1200.0,2800.0,2000.0
Maharashtra,Vaijpur APMC,Onion,2026-07-23,Unhali,734.3,600.0,2323.0,1950.0
Maharashtra,Vita APMC,Onion,2026-07-23,Other,5.0,2000.0,2800.0,2500.0
Maharashtra,Yeola APMC,Onion,2026-07-23,Unhali,695.6,357.0,2581.0,2000.0
Maharashtra,AGRICULTURE PRODUCE MARKET COMITEE CHANDWAD,Onion,2026-07-24,Unhali,404.0,575.0,2660.0,2100.0
Maharashtra,Akola APMC,Onion,2026-07-24,Other,42.7,1000.0,2500.0,1500.0
Maharashtra,Amrawati(Frui & Veg. Market) APMC,Onion,2026-07-24,Local,36.8,1000.0,3200.0,2100.0
Maharashtra,Bhusaval APMC,Onion,2026-07-24,Unhali,0.8,2000.0,2500.0,2200.0
Maharashtra,Chandrapur(Ganjwad) APMC,Onion,2026-07-24,Other,18.0,2750.0,3800.0,3400.0
Maharashtra,Devala APMC,Onion,2026-07-24,Unhali,528.7,600.0,2380.0,2200.0
Maharashtra,Dharashiv APMC,Onion,2026-07-24,Red,4.6,1700.0,2700.0,2200.0
Maharashtra,Gevrai APMC,Onion,2026-07-24,Red,11.0,800.0,2500.0,1650.0
Maharashtra,HINGNA - APMC,Onion,2026-07-24,Red,0.5,3000.0,3000.0,3000.0
Maharashtra,Jalgaon APMC,Onion,2026-07-24,Red,36.0,625.0,2300.0,1462.0
Maharashtra,Junnar(Alephata) APMC,Onion,2026-07-24,Chinchwad,661.3,1000.0,2700.0,2200.0
Maharashtra,Junnar(Narayangaon) APMC,Onion,2026-07-24,Chinchwad,0.5,600.0,2600.0,1550.0
Maharashtra,Kalvan APMC,Onion,2026-07-24,Unhali,640.0,700.0,2650.0,2050.0
Maharashtra,Kalyan APMC,Onion,2026-07-24,1st Sort,0.3,2000.0,2500.0,2250.0
Maharashtra,Kalyan APMC,Onion,2026-07-24,2nd Sort,0.3,800.0,1000.0,900.0
Maharashtra,Kamthi APMC,Onion,2026-07-24,Local,1.2,3020.0,3520.0,3270.0
Maharashtra,Khed APMC,Onion,2026-07-24,Fursungi,0.8,2000.0,2400.0,2200.0
Maharashtra,Khed(Chakan) APMC,Onion,2026-07-24,Other,15.0,1000.0,2500.0,1800.0
Maharashtra,Kolhapur APMC,Onion,2026-07-24,Other,406.7,600.0,2700.0,1700.0
Maharashtra,Kopargaon APMC,Onion,2026-07-24,Unhali,770.0,500.0,2356.0,2100.0
Maharashtra,Lasalgaon APMC,Onion,2026-07-24,Unhali,1056.6,600.0,2651.0,2100.0
Maharashtra,Lasalgaon(Niphad) APMC,Onion,2026-07-24,Unhali,387.0,700.0,2355.0,2100.0
Maharashtra,Lasalgaon(Vinchur) APMC,Onion,2026-07-24,Unhali,971.3,700.0,2396.0,2050.0
Maharashtra,Lasur Station APMC,Onion,2026-07-24,Other,1650.0,200.0,2415.0,1750.0
Maharashtra,"Laxmi-Sopan Agriculture Produce Marketing Co Ltd, Barshi, Dist Solapur",Onion,2026-07-24,Other,9.8,500.0,2300.0,1700.0
Maharashtra,"Malharshree Khajgi Krushi Utpann Bajar, Chandanpuri Tal Malegaon, Nashik",Onion,2026-07-24,Other,89.1,411.0,2301.0,1789.0
Maharashtra,Mangal Wedha APMC,Onion,2026-07-24,Local,12.8,700.0,2900.0,2350.0
Maharashtra,Manmad APMC,Onion,2026-07-24,Unhali,200.0,500.0,2282.0,2282.0
Maharashtra,Mumbai-Onion & Potato Market APMC,Onion,2026-07-24,Other,1348.4,1500.0,2600.0,2050.0
Maharashtra,Nampur APMC,Onion,2026-07-24,Unhali,809.0,300.0,2255.0,1900.0
Maharashtra,Nasik APMC,Onion,2026-07-24,Unhali,286.7,650.0,2400.0,1900.0
Maharashtra,"Omchatinya Multi State Agro Purpose Co-Op Society, Dist Ahilyanagar",Onion,2026-07-24,Other,398.57,500.0,2800.0,2000.0
Maharashtra,Paithan APMC,Onion,2026-07-24,Unhali,318.4,300.0,3100.0,2050.0
Maharashtra,Paranda APMC,Onion,2026-07-24,Red,57.3,1000.0,2150.0,1600.0
Maharashtra,Parner APMC,Onion,2026-07-24,Unhali,978.5,500.0,2800.0,1650.0
Maharashtra,Pathardi APMC,Onion,2026-07-24,Red,12.5,400.0,2600.0,1500.0
Maharashtra,Pimpalgaon Baswant APMC,Onion,2026-07-24,Unhali,1521.0,1000.0,3301.0,2300.0
Maharashtra,Pune(Khadiki) APMC,Onion,2026-07-24,Local,1.1,900.0,1400.0,1150.0
Maharashtra,Pune(Manjri) APMC,Onion,2026-07-24,Local,10.1,1100.0,2500.0,2200.0
Maharashtra,Pune(Moshi) APMC,Onion,2026-07-24,Local,51.8,800.0,2300.0,1550.0
Maharashtra,Pune(Pimpri) APMC,Onion,2026-07-24,Local,0.6,1100.0,2400.0,1750.0
Maharashtra,Rahuri APMC,Onion,2026-07-24,Other,2449.8,200.0,3005.0,1600.0
Maharashtra,SHRI.SIDDHESHWAR  APMC,Onion,2026-07-24,Red,1257.1,200.0,3300.0,1700.0
Maharashtra,Sangamner APMC,Onion,2026-07-24,Unhali,489.5,500.0,2500.0,1500.0
Maharashtra,Satana APMC,Onion,2026-07-24,Unhali,801.5,380.0,2730.0,2125.0
Maharashtra,Sinner APMC,Onion,2026-07-24,Unhali,105.4,700.0,2300.0,2000.0
Maharashtra,Umrane APMC,Onion,2026-07-24,Unhali,1150.0,700.0,2525.0,1900.0
Maharashtra,Vadgaonpeth APMC,Onion,2026-07-24,Local,27.0,1800.0,2800.0,2300.0
Maharashtra,Vai APMC,Onion,2026-07-24,Local,1.5,1200.0,2800.0,2000.0
Maharashtra,Vaijpur APMC,Onion,2026-07-24,Unhali,861.6,600.0,2351.0,1950.0
Maharashtra,Yeola APMC,Onion,2026-07-24,Unhali,700.0,369.0,2481.0,1950.0
Maharashtra,Ahilyanagar APMC,Onion,2026-07-25,Unhali,4446.7,400.0,2600.0,1500.0
Maharashtra,Amrawati(Frui & Veg. Market) APMC,Onion,2026-07-25,Local,38.9,1200.0,3200.0,2200.0
Maharashtra,Bhusaval APMC,Onion,2026-07-25,Unhali,0.3,2000.0,2200.0,2200.0
Maharashtra,Chandrapur(Ganjwad) APMC,Onion,2026-07-25,Other,39.0,2800.0,3800.0,3300.0
Maharashtra,Chattrapati Sambhajinagar APMC,Onion,2026-07-25,Other,273.0,1100.0,2100.0,1600.0
Maharashtra,Dharashiv APMC,Onion,2026-07-25,Red,0.8,1600.0,3500.0,2550.0
Maharashtra,Dindori APMC,Onion,2026-07-25,Unhali,33.0,2100.0,2711.0,2350.0
Maharashtra,HINGNA - APMC,Onion,2026-07-25,Red,0.3,2200.0,3000.0,2600.0
Maharashtra,Jamkhed APMC,Onion,2026-07-25,Local,12.0,500.0,2300.0,1400.0
Maharashtra,Junnar(Narayangaon) APMC,Onion,2026-07-25,Chinchwad,2.8,400.0,2580.0,1400.0
Maharashtra,Kalvan APMC,Onion,2026-07-25,Unhali,250.0,700.0,3250.0,2150.0
Maharashtra,Kolhapur APMC,Onion,2026-07-25,Other,404.6,600.0,2700.0,1600.0
Maharashtra,Lasalgaon(Niphad) APMC,Onion,2026-07-25,Unhali,195.0,700.0,2251.0,2051.0
Maharashtra,Mangal Wedha APMC,Onion,2026-07-25,Local,0.4,2500.0,2600.0,2500.0
Maharashtra,Nagpur APMC,Onion,2026-07-25,Red,100.0,1500.0,2800.0,2475.0
Maharashtra,Nagpur APMC,Onion,2026-07-25,White,68.0,3000.0,3500.0,3375.0
Maharashtra,Nasik APMC,Onion,2026-07-25,Unhali,261.5,620.0,2351.0,1850.0
Maharashtra,Newasa(Ghodegaon) APMC,Onion,2026-07-25,Unhali,2947.6,500.0,2500.0,2100.0
Maharashtra,Paithan APMC,Onion,2026-07-25,Unhali,45.0,1180.0,2230.0,1850.0
Maharashtra,"Prasanna Krushi Market, Tal Parnet, Dist Ahilyanagar",Onion,2026-07-25,Other,24.45,750.0,2400.0,1575.0
Maharashtra,Pune(Khadiki) APMC,Onion,2026-07-25,Local,1.0,700.0,1300.0,1000.0
Maharashtra,Pune(Manjri) APMC,Onion,2026-07-25,Local,6.3,1100.0,2500.0,2200.0
Maharashtra,Pune(Moshi) APMC,Onion,2026-07-25,Local,31.2,1000.0,2200.0,1600.0
Maharashtra,Rahuri(Vambori) APMC,Onion,2026-07-25,Unhali,518.4,200.0,2600.0,2000.0
Maharashtra,Ramtek APMC,Onion,2026-07-25,Unhali,1.7,1500.0,2500.0,2000.0
Maharashtra,SHRI.SIDDHESHWAR  APMC,Onion,2026-07-25,Red,1338.7,200.0,3200.0,1700.0
Maharashtra,Satara APMC,Onion,2026-07-25,Other,39.4,1000.0,2500.0,1750.0
Maharashtra,Shevgaon APMC,Onion,2026-07-25,1st Sort,450.0,1800.0,2500.0,1800.0
Maharashtra,Shevgaon APMC,Onion,2026-07-25,2nd Sort,420.0,1000.0,1700.0,1700.0
Maharashtra,Shevgaon APMC,Onion,2026-07-25,Other,200.0,500.0,900.0,900.0
Maharashtra,"Shree Sairaj Krushi Market, Dist Ahilyanagar",Onion,2026-07-25,Local,57.46,400.0,2600.0,1500.0
Maharashtra,Vaduj APMC,Onion,2026-07-25,Local,6.0,1500.0,2500.0,2000.0
Maharashtra,Akluj APMC,Onion,2026-07-26,Other,32.9,200.0,2300.0,1600.0
Maharashtra,Akole APMC,Onion,2026-07-26,Unhali,131.4,551.0,2651.0,2100.0
Maharashtra,Amrawati(Frui & Veg. Market) APMC,Onion,2026-07-26,Local,40.8,1000.0,3200.0,2100.0
Maharashtra,Bhusaval APMC,Onion,2026-07-26,Unhali,1.4,1800.0,2300.0,2200.0
Maharashtra,Chattrapati Sambhajinagar APMC,Onion,2026-07-26,Other,510.2,1200.0,2300.0,1750.0
Maharashtra,Dharashiv APMC,Onion,2026-07-26,Red,9.1,1500.0,3000.0,2250.0
Maharashtra,Junnar APMC,Onion,2026-07-26,Chinchwad,502.1,1000.0,2810.0,2200.0
Maharashtra,Junnar(Alephata) APMC,Onion,2026-07-26,Chinchwad,547.4,1000.0,2750.0,2200.0
Maharashtra,Junnar(Narayangaon) APMC,Onion,2026-07-26,Chinchwad,4.4,500.0,2550.0,1500.0
Maharashtra,Junnar(Otur) APMC,Onion,2026-07-26,Unhali,687.8,1000.0,2800.0,2300.0
Maharashtra,Kada APMC,Onion,2026-07-26,Unhali,1004.5,300.0,2600.0,2200.0
Maharashtra,Kamthi APMC,Onion,2026-07-26,Local,1.6,3020.0,3520.0,3270.0
Maharashtra,Khed APMC,Onion,2026-07-26,Fursungi,3.3,1000.0,2200.0,1500.0
Maharashtra,Khed(Chakan) APMC,Onion,2026-07-26,Other,22.5,1000.0,2400.0,1800.0
Maharashtra,Manchar APMC,Onion,2026-07-26,Other,1126.6,2200.0,3000.0,2600.0
Maharashtra,Mangal Wedha APMC,Onion,2026-07-26,Local,1.5,1420.0,2700.0,2500.0
Maharashtra,Newasa APMC,Onion,2026-07-26,Unhali,146.6,1000.0,2300.0,1900.0
Maharashtra,"Omchatinya Multi State Agro Purpose Co-Op Society, Dist Ahilyanagar",Onion,2026-07-26,Other,240.93,500.0,3000.0,2000.0
Maharashtra,Paithan APMC,Onion,2026-07-26,Unhali,176.2,300.0,3000.0,2150.0
Maharashtra,Paranda APMC,Onion,2026-07-26,Red,72.5,1000.0,2100.0,1550.0
Maharashtra,Parner APMC,Onion,2026-07-26,Unhali,975.9,500.0,2800.0,1600.0
Maharashtra,Pathardi APMC,Onion,2026-07-26,Red,15.0,300.0,2700.0,1500.0
Maharashtra,Pune APMC,Onion,2026-07-26,Local,755.2,900.0,2600.0,1750.0
Maharashtra,Pune(Khadiki) APMC,Onion,2026-07-26,Local,1.4,800.0,1300.0,1050.0
Maharashtra,Pune(Manjri) APMC,Onion,2026-07-26,Local,11.5,1500.0,2500.0,2200.0
Maharashtra,Pune(Moshi) APMC,Onion,2026-07-26,Local,54.2,1000.0,1600.0,1300.0
Maharashtra,Pune(Pimpri) APMC,Onion,2026-07-26,Local,0.6,1600.0,2600.0,2100.0
Maharashtra,Rahata APMC,Onion,2026-07-26,Unhali,470.7,500.0,3100.0,2150.0
Maharashtra,Rahuri APMC,Onion,2026-07-26,Other,874.9,200.0,2700.0,1450.0
Maharashtra,Ramtek APMC,Onion,2026-07-26,Unhali,3.7,1500.0,2500.0,2000.0
Maharashtra,Satara APMC,Onion,2026-07-26,Other,7.5,1000.0,2500.0,1750.0
Maharashtra,Vaduj APMC,Onion,2026-07-26,Local,3.0,2000.0,2800.0,2400.0
Maharashtra,Vai APMC,Onion,2026-07-26,Local,1.2,1500.0,2800.0,2300.0
Maharashtra,AGRICULTURE PRODUCE MARKET COMITEE CHANDWAD,Onion,2026-07-27,Unhali,546.6,385.0,2670.0,2118.0
Maharashtra,Ahilyanagar APMC,Onion,2026-07-27,Unhali,3990.2,400.0,2700.0,1550.0
Maharashtra,Akola APMC,Onion,2026-07-27,Other,11.0,1000.0,2600.0,1500.0
Maharashtra,Amrawati(Frui & Veg. Market) APMC,Onion,2026-07-27,Local,33.9,1200.0,3200.0,2200.0
Maharashtra,Chandrapur(Ganjwad) APMC,Onion,2026-07-27,Other,35.0,2800.0,3800.0,3400.0
Maharashtra,Chattrapati Sambhajinagar APMC,Onion,2026-07-27,Other,241.3,1300.0,2300.0,1800.0
Maharashtra,Devala APMC,Onion,2026-07-27,Unhali,962.6,500.0,2450.0,2200.0
Maharashtra,Dindori APMC,Onion,2026-07-27,Unhali,32.6,1900.0,2451.0,2250.0
Maharashtra,Dindori(Vani) APMC,Onion,2026-07-27,Unhali,210.9,1931.0,2551.0,2251.0
Maharashtra,Gangapur APMC,Onion,2026-07-27,Unhali,580.5,600.0,2430.0,1870.0
Maharashtra,HINGNA - APMC,Onion,2026-07-27,Red,2.5,2000.0,3000.0,2540.0
Maharashtra,Indapur APMC,Onion,2026-07-27,Red,8.7,400.0,2600.0,1200.0
Maharashtra,Jalgaon APMC,Onion,2026-07-27,Red,20.4,500.0,2450.0,1500.0
Maharashtra,Junnar(Narayangaon) APMC,Onion,2026-07-27,Chinchwad,4.8,400.0,2500.0,1500.0
Maharashtra,Kalvan APMC,Onion,2026-07-27,Unhali,1470.0,800.0,3250.0,2201.0
Maharashtra,Kalyan APMC,Onion,2026-07-27,1st Sort,0.3,2000.0,3000.0,2500.0
Maharashtra,Kalyan APMC,Onion,2026-07-27,2nd Sort,0.3,1500.0,1700.0,1600.0
Maharashtra,Karad APMC,Onion,2026-07-27,Halva,24.9,1800.0,2200.0,2200.0
Maharashtra,Khed APMC,Onion,2026-07-27,Fursungi,4.4,1200.0,2700.0,2000.0
Maharashtra,Kolhapur APMC,Onion,2026-07-27,Other,371.6,600.0,2500.0,1500.0
Maharashtra,Kopargaon APMC,Onion,2026-07-27,Unhali,588.0,500.0,2590.0,2100.0
Maharashtra,Kurdwadi(Modnimb) APMC,Onion,2026-07-27,Red,3.3,1101.0,2680.0,1700.0
Maharashtra,Lasalgaon APMC,Onion,2026-07-27,Unhali,1008.8,700.0,2600.0,2100.0
Maharashtra,Lasalgaon(Niphad) APMC,Onion,2026-07-27,Unhali,546.0,700.0,2340.0,2100.0
Maharashtra,Lasalgaon(Vinchur) APMC,Onion,2026-07-27,Unhali,1023.5,700.0,2355.0,2100.0
Maharashtra,Lasur Station APMC,Onion,2026-07-27,Other,1450.0,200.0,2400.0,1675.0
Maharashtra,"Laxmi-Sopan Agriculture Produce Marketing Co Ltd, Barshi, Dist Solapur",Onion,2026-07-27,Other,3.5,300.0,2100.0,1600.0
Maharashtra,Lonand APMC,Onion,2026-07-27,Unhali,33.0,500.0,2425.0,1850.0
Maharashtra,"Malharshree Khajgi Krushi Utpann Bajar, Chandanpuri Tal Malegaon, Nashik",Onion,2026-07-27,Other,93.9,455.0,2355.0,1854.0
Maharashtra,Mangal Wedha APMC,Onion,2026-07-27,Local,22.1,340.0,3100.0,2400.0
Maharashtra,Manmad APMC,Onion,2026-07-27,Unhali,360.5,200.0,2570.0,2201.0
Maharashtra,Mumbai-Onion & Potato Market APMC,Onion,2026-07-27,Other,1525.8,1300.0,2400.0,1850.0
Maharashtra,Nagpur APMC,Onion,2026-07-27,Red,110.0,1500.0,2500.0,2250.0
Maharashtra,Nagpur APMC,Onion,2026-07-27,White,86.0,3000.0,3500.0,3375.0
Maharashtra,Nampur APMC,Onion,2026-07-27,Unhali,732.3,300.0,2600.0,2000.0
Maharashtra,Nandgaon APMC,Onion,2026-07-27,Unhali,1047.3,200.0,2535.0,2050.0
Maharashtra,Nasik APMC,Onion,2026-07-27,Unhali,347.5,700.0,2400.0,1900.0
Maharashtra,Newasa(Ghodegaon) APMC,Onion,2026-07-27,Unhali,2456.5,500.0,2500.0,2000.0
Maharashtra,Pimpalgaon Baswant APMC,Onion,2026-07-27,Unhali,2127.6,700.0,3261.0,2350.0
Maharashtra,Pimpalgaon Baswant(Saykheda) APMC,Onion,2026-07-27,Unhali,294.0,1100.0,2272.0,1975.0
Maharashtra,"Prasanna Krushi Market, Tal Parnet, Dist Ahilyanagar",Onion,2026-07-27,Other,7.78,800.0,2750.0,1775.0
Maharashtra,Pune APMC,Onion,2026-07-27,Local,723.8,1000.0,2700.0,1850.0
Maharashtra,Pune(Khadiki) APMC,Onion,2026-07-27,Local,1.3,900.0,1400.0,1050.0
Maharashtra,Pune(Manjri) APMC,Onion,2026-07-27,Local,12.4,1000.0,2200.0,1700.0
Maharashtra,Pune(Moshi) APMC,Onion,2026-07-27,Local,47.3,1000.0,2200.0,1600.0
Maharashtra,Pune(Pimpri) APMC,Onion,2026-07-27,Local,0.3,2000.0,2200.0,2100.0
Maharashtra,Rahuri(Vambori) APMC,Onion,2026-07-27,Unhali,609.1,200.0,2700.0,2000.0
Maharashtra,SHRI.SIDDHESHWAR  APMC,Onion,2026-07-27,Red,1451.6,200.0,3200.0,1750.0
Maharashtra,Sakri APMC,Onion,2026-07-27,Unhali,435.0,400.0,2450.0,1650.0
Maharashtra,Sangamner APMC,Onion,2026-07-27,Unhali,481.7,300.0,2500.0,1400.0
Maharashtra,"Sangli(Phale, Bhajipala Market) APMC",Onion,2026-07-27,Local,280.0,1200.0,2600.0,1900.0
Maharashtra,Satana APMC,Onion,2026-07-27,Unhali,1079.5,410.0,2610.0,2100.0
Maharashtra,Satara APMC,Onion,2026-07-27,Other,16.2,1000.0,2500.0,1750.0
Maharashtra,Shevgaon APMC,Onion,2026-07-27,1st Sort,70.0,1800.0,2600.0,2300.0
Maharashtra,Shevgaon APMC,Onion,2026-07-27,2nd Sort,74.0,1200.0,1700.0,1500.0
Maharashtra,Shevgaon APMC,Onion,2026-07-27,Other,55.6,500.0,1300.0,900.0
Maharashtra,Shivsiddha Govind Producer Company Ltd Sanchalit Khajgi Krushi Utpann Bajar Samati-Abhona-Kalwan,Onion,2026-07-27,Other,1269.7,600.0,3150.0,2190.0
Maharashtra,"Shree Sairaj Krushi Market, Dist Ahilyanagar",Onion,2026-07-27,Local,41.31,800.0,2650.0,1725.0
Maharashtra,"Shri Rameshwar Krushi Market, M.Nagar, Tal Deola, Dist Nashik",Onion,2026-07-27,Other,1132.46,540.0,2812.0,2000.64
Maharashtra,Shrirampur APMC,Onion,2026-07-27,Unhali,1140.6,800.0,2800.0,1950.0
Maharashtra,Sinner APMC,Onion,2026-07-27,Unhali,121.8,700.0,2387.0,2100.0
Maharashtra,Umrane APMC,Onion,2026-07-27,Unhali,1650.0,900.0,2751.0,2100.0
Maharashtra,Vaduj APMC,Onion,2026-07-27,Local,4.0,2000.0,2600.0,2400.0
Maharashtra,Vaijpur APMC,Onion,2026-07-27,Unhali,888.6,800.0,2270.0,1950.0
Maharashtra,Vita APMC,Onion,2026-07-27,Other,5.0,2000.0,2800.0,2600.0
Maharashtra,Yeola APMC,Onion,2026-07-27,Unhali,971.2,450.0,2475.0,2000.0
Maharashtra,AGRICULTURE PRODUCE MARKET COMITEE CHANDWAD,Onion,2026-07-28,Unhali,796.3,1305.0,2675.0,2200.0
Maharashtra,Akola APMC,Onion,2026-07-28,Other,22.2,1000.0,2500.0,1500.0
Maharashtra,Akole APMC,Onion,2026-07-28,Unhali,171.9,500.0,2651.0,2111.0
Maharashtra,Amrawati(Frui & Veg. Market) APMC,Onion,2026-07-28,Local,37.8,1000.0,3000.0,2000.0
Maharashtra,Chandrapur(Ganjwad) APMC,Onion,2026-07-28,Other,55.0,2600.0,4000.0,3400.0
Maharashtra,Chattrapati Sambhajinagar APMC,Onion,2026-07-28,Other,243.5,950.0,2350.0,1650.0
Maharashtra,Devala APMC,Onion,2026-07-28,Unhali,1003.6,500.0,2400.0,2175.0
Maharashtra,Dharashiv APMC,Onion,2026-07-28,Red,7.9,1000.0,3500.0,2250.0
Maharashtra,Dhule APMC,Onion,2026-07-28,Red,68.8,1260.0,2450.0,1500.0
Maharashtra,Dindori APMC,Onion,2026-07-28,Unhali,52.7,1900.0,2451.0,2250.0
Maharashtra,Dindori(Vani) APMC,Onion,2026-07-28,Unhali,303.9,1945.0,2591.0,2271.0
Maharashtra,Gangapur APMC,Onion,2026-07-28,Unhali,673.0,305.0,2380.0,1880.0
Maharashtra,Gevrai APMC,Onion,2026-07-28,Red,11.0,1500.0,2800.0,2200.0
Maharashtra,HINGNA - APMC,Onion,2026-07-28,Red,0.3,3000.0,3500.0,3250.0
Maharashtra,Indapur APMC,Onion,2026-07-28,Red,7.8,500.0,2500.0,1300.0
Maharashtra,Islampur APMC,Onion,2026-07-28,Local,7.5,1000.0,2500.0,1750.0
Maharashtra,Jalgaon APMC,Onion,2026-07-28,Red,20.1,627.0,2427.0,1550.0
Maharashtra,Jamkhed APMC,Onion,2026-07-28,Local,18.1,500.0,2500.0,1500.0
Maharashtra,Junnar(Alephata) APMC,Onion,2026-07-28,Chinchwad,665.3,1000.0,2750.0,2100.0
Maharashtra,Kalvan APMC,Onion,2026-07-28,Unhali,1750.0,700.0,3250.0,2150.0
Maharashtra,Kalyan APMC,Onion,2026-07-28,1st Sort,0.3,1800.0,2300.0,2050.0
Maharashtra,Kalyan APMC,Onion,2026-07-28,2nd Sort,0.3,1500.0,1700.0,1600.0
Maharashtra,Kamthi APMC,Onion,2026-07-28,Local,0.4,3020.0,3520.0,3270.0
Maharashtra,Karad APMC,Onion,2026-07-28,Halva,24.9,2000.0,2300.0,2300.0
Maharashtra,Khed APMC,Onion,2026-07-28,Fursungi,1.8,1000.0,2400.0,1600.0
Maharashtra,Khed(Chakan) APMC,Onion,2026-07-28,Other,25.0,1000.0,2500.0,2000.0
Maharashtra,Kolhapur APMC,Onion,2026-07-28,Other,294.0,600.0,2700.0,1600.0
Maharashtra,Kopargaon APMC,Onion,2026-07-28,Unhali,1058.0,500.0,2400.0,2100.0
Maharashtra,Lasalgaon APMC,Onion,2026-07-28,Unhali,1214.8,700.0,2600.0,2110.0
Maharashtra,Lasalgaon(Niphad) APMC,Onion,2026-07-28,Unhali,574.5,700.0,2352.0,2050.0
Maharashtra,Lasalgaon(Vinchur) APMC,Onion,2026-07-28,Unhali,1080.0,700.0,2376.0,2050.0
Maharashtra,Lasur Station APMC,Onion,2026-07-28,Other,1520.0,300.0,2301.0,1600.0
Maharashtra,"Laxmi-Sopan Agriculture Produce Marketing Co Ltd, Barshi, Dist Solapur",Onion,2026-07-28,Other,6.0,500.0,2300.0,1800.0
Maharashtra,"Malharshree Khajgi Krushi Utpann Bajar, Chandanpuri Tal Malegaon, Nashik",Onion,2026-07-28,Other,79.1,398.0,2310.0,1855.0
Maharashtra,Malkapur APMC,Onion,2026-07-28,Local,23.0,800.0,2175.0,1700.0
Maharashtra,Manchar APMC,Onion,2026-07-28,Other,1174.2,2110.0,3000.0,2560.0
Maharashtra,Mumbai-Onion & Potato Market APMC,Onion,2026-07-28,Other,925.6,1400.0,2500.0,1950.0
Maharashtra,Nagpur APMC,Onion,2026-07-28,Red,130.0,1700.0,2800.0,2525.0
Maharashtra,Nagpur APMC,Onion,2026-07-28,White,80.0,3000.0,3500.0,3375.0
Maharashtra,Nampur APMC,Onion,2026-07-28,Unhali,671.0,300.0,2500.0,2000.0
Maharashtra,Nandgaon APMC,Onion,2026-07-28,Unhali,970.9,400.0,2500.0,2050.0
Maharashtra,Nasik APMC,Onion,2026-07-28,Unhali,344.9,650.0,2351.0,1850.0
Maharashtra,Newasa APMC,Onion,2026-07-28,Unhali,161.6,1000.0,2500.0,2000.0
Maharashtra,"Omchatinya Multi State Agro Purpose Co-Op Society, Dist Ahilyanagar",Onion,2026-07-28,Other,286.63,500.0,3000.0,2100.0
Maharashtra,Pathardi APMC,Onion,2026-07-28,Red,16.8,300.0,2500.0,1450.0
Maharashtra,Pimpalgaon Baswant APMC,Onion,2026-07-28,Unhali,1977.5,1000.0,3135.0,2250.0
Maharashtra,Pimpalgaon Baswant(Saykheda) APMC,Onion,2026-07-28,Unhali,341.6,1200.0,2200.0,1925.0
Maharashtra,Pune(Khadiki) APMC,Onion,2026-07-28,Local,0.9,800.0,1300.0,1050.0
Maharashtra,Pune(Manjri) APMC,Onion,2026-07-28,Local,11.7,1500.0,2500.0,2200.0
Maharashtra,Pune(Moshi) APMC,Onion,2026-07-28,Local,43.8,1000.0,2500.0,1750.0
Maharashtra,Pune(Pimpri) APMC,Onion,2026-07-28,Local,0.5,1500.0,2500.0,2000.0
Maharashtra,Rahata APMC,Onion,2026-07-28,Other,542.4,400.0,3000.0,1800.0
Maharashtra,Rahuri APMC,Onion,2026-07-28,Other,2356.3,200.0,3100.0,1650.0
Maharashtra,Ramtek APMC,Onion,2026-07-28,Unhali,2.7,1500.0,2500.0,2000.0
Maharashtra,SHRI.SIDDHESHWAR  APMC,Onion,2026-07-28,Red,1337.8,200.0,3300.0,1700.0
Maharashtra,Sakri APMC,Onion,2026-07-28,Unhali,745.0,800.0,2375.0,1650.0
Maharashtra,Sangamner APMC,Onion,2026-07-28,Unhali,487.3,400.0,2611.0,1505.0
Maharashtra,"Sangli(Phale, Bhajipala Market) APMC",Onion,2026-07-28,Local,166.9,700.0,2800.0,1750.0
Maharashtra,Satana APMC,Onion,2026-07-28,Unhali,1127.0,505.0,2800.0,2150.0
Maharashtra,Satara APMC,Onion,2026-07-28,Other,0.2,1000.0,2500.0,1700.0
Maharashtra,Shivsiddha Govind Producer Company Ltd Sanchalit Khajgi Krushi Utpann Bajar Samati-Abhona-Kalwan,Onion,2026-07-28,Other,1229.42,500.0,3000.0,2140.0
Maharashtra,Sinner APMC,Onion,2026-07-28,Unhali,149.1,700.0,2386.0,2100.0
Maharashtra,Vadgaonpeth APMC,Onion,2026-07-28,Local,37.0,1900.0,2900.0,2400.0
Maharashtra,Vaduj APMC,Onion,2026-07-28,Local,3.5,2000.0,3000.0,2500.0
Maharashtra,Vai APMC,Onion,2026-07-28,Local,1.5,1300.0,2800.0,2000.0
Maharashtra,Vaijpur APMC,Onion,2026-07-28,Unhali,979.5,800.0,2405.0,2000.0
Maharashtra,AGRICULTURE PRODUCE MARKET COMITEE CHANDWAD,Onion,2026-07-29,Unhali,658.5,1025.0,2690.0,2180.0
Maharashtra,Akola APMC,Onion,2026-07-29,Other,26.5,800.0,2500.0,1600.0
Maharashtra,Amrawati(Frui & Veg. Market) APMC,Onion,2026-07-29,Local,34.8,1000.0,3200.0,2100.0
Maharashtra,Bhusaval APMC,Onion,2026-07-29,Unhali,1.1,2000.0,2500.0,2200.0
Maharashtra,Chandrapur(Ganjwad) APMC,Onion,2026-07-29,Other,39.8,2600.0,4000.0,3400.0
Maharashtra,Chattrapati Sambhajinagar APMC,Onion,2026-07-29,Other,225.9,1200.0,2400.0,1800.0
Maharashtra,Devala APMC,Onion,2026-07-29,Unhali,745.3,550.0,2320.0,2100.0
Maharashtra,Dharashiv APMC,Onion,2026-07-29,Red,4.6,800.0,2800.0,1800.0
Maharashtra,Dhule APMC,Onion,2026-07-29,Red,14.1,700.0,2250.0,1850.0
Maharashtra,Dindori APMC,Onion,2026-07-29,Unhali,47.5,1900.0,2451.0,2250.0
Maharashtra,Dindori(Vani) APMC,Onion,2026-07-29,Unhali,204.1,1941.0,2621.0,2311.0
Maharashtra,Gangapur APMC,Onion,2026-07-29,Unhali,652.5,205.0,2450.0,1825.0
Maharashtra,HINGNA - APMC,Onion,2026-07-29,Red,0.3,3000.0,3000.0,3000.0
Maharashtra,Junnar(Narayangaon) APMC,Onion,2026-07-29,Chinchwad,3.8,500.0,2500.0,1500.0
Maharashtra,Kada APMC,Onion,2026-07-29,Unhali,1251.4,400.0,2500.0,2350.0
Maharashtra,Kalvan APMC,Onion,2026-07-29,Unhali,375.0,600.0,3501.0,2201.0
Maharashtra,Kalyan APMC,Onion,2026-07-29,1st Sort,0.3,2000.0,2800.0,2400.0
Maharashtra,Kamthi APMC,Onion,2026-07-29,Local,0.3,3020.0,3520.0,3270.0
Maharashtra,Karad APMC,Onion,2026-07-29,Halva,15.0,1800.0,2400.0,2400.0
Maharashtra,Khed APMC,Onion,2026-07-29,Fursungi,1.4,1000.0,2200.0,1500.0
Maharashtra,Khed(Chakan) APMC,Onion,2026-07-29,Other,100.0,1000.0,2500.0,2000.0
Maharashtra,Kolhapur APMC,Onion,2026-07-29,Other,437.7,600.0,2600.0,1600.0
Maharashtra,Lasalgaon APMC,Onion,2026-07-29,Unhali,1046.2,600.0,2570.0,2000.0
Maharashtra,Lasalgaon(Niphad) APMC,Onion,2026-07-29,Unhali,591.0,800.0,2382.0,2050.0
Maharashtra,Lasalgaon(Vinchur) APMC,Onion,2026-07-29,Unhali,932.6,700.0,2303.0,2000.0
Maharashtra,Lasur Station APMC,Onion,2026-07-29,Other,1350.0,220.0,2284.0,1675.0
Maharashtra,"Malharshree Khajgi Krushi Utpann Bajar, Chandanpuri Tal Malegaon, Nashik",Onion,2026-07-29,Other,60.5,461.0,2305.0,1974.0
Maharashtra,Mangal Wedha APMC,Onion,2026-07-29,Local,21.1,1020.0,3000.0,2350.0
Maharashtra,Manmad APMC,Onion,2026-07-29,Unhali,350.0,600.0,2233.0,2050.0
Maharashtra,Mumbai-Onion & Potato Market APMC,Onion,2026-07-29,Other,1061.3,1300.0,2400.0,1850.0
Maharashtra,Nagpur APMC,Onion,2026-07-29,Red,110.0,1700.0,2800.0,2525.0
Maharashtra,Nagpur APMC,Onion,2026-07-29,White,58.0,3000.0,3500.0,3375.0
Maharashtra,Nampur APMC,Onion,2026-07-29,Unhali,719.2,300.0,2380.0,2000.0
Maharashtra,Nandgaon APMC,Onion,2026-07-29,Unhali,801.2,400.0,2452.0,2150.0
Maharashtra,Nasik APMC,Onion,2026-07-29,Unhali,313.5,700.0,2500.0,2000.0
Maharashtra,Newasa(Ghodegaon) APMC,Onion,2026-07-29,Unhali,3314.5,500.0,2500.0,2000.0
Maharashtra,Paithan APMC,Onion,2026-07-29,Unhali,378.6,300.0,2900.0,2100.0
Maharashtra,Paranda APMC,Onion,2026-07-29,Red,52.5,1000.0,2150.0,1480.0
Maharashtra,Parner APMC,Onion,2026-07-29,Unhali,1140.2,500.0,2800.0,2100.0
Maharashtra,Pathardi APMC,Onion,2026-07-29,Red,28.3,300.0,2500.0,1400.0
Maharashtra,Pimpalgaon Baswant APMC,Onion,2026-07-29,Unhali,1662.7,500.0,3280.0,2301.0
Maharashtra,Pimpalgaon Baswant(Saykheda) APMC,Onion,2026-07-29,Unhali,366.9,1100.0,2300.0,1875.0
Maharashtra,"Prasanna Krushi Market, Tal Parnet, Dist Ahilyanagar",Onion,2026-07-29,Other,18.61,700.0,2500.0,1600.0
Maharashtra,Pune APMC,Onion,2026-07-29,Local,936.1,1000.0,2600.0,1800.0
Maharashtra,Pune(Khadiki) APMC,Onion,2026-07-29,Local,1.2,700.0,1300.0,1000.0
Maharashtra,Pune(Manjri) APMC,Onion,2026-07-29,Local,8.0,1300.0,2400.0,1800.0
Maharashtra,Pune(Pimpri) APMC,Onion,2026-07-29,Local,1.3,1500.0,2800.0,2150.0
Maharashtra,Ramtek APMC,Onion,2026-07-29,Unhali,1.9,1500.0,2500.0,2000.0
Maharashtra,SHRI.SIDDHESHWAR  APMC,Onion,2026-07-29,Red,1452.0,200.0,3400.0,1800.0
Maharashtra,Sakri APMC,Onion,2026-07-29,Unhali,601.0,400.0,2390.0,1800.0
Maharashtra,Sangamner APMC,Onion,2026-07-29,Unhali,390.5,400.0,2600.0,1500.0
Maharashtra,"Sangli(Phale, Bhajipala Market) APMC",Onion,2026-07-29,Local,372.3,1000.0,2700.0,1850.0
Maharashtra,Satana APMC,Onion,2026-07-29,Unhali,1149.5,300.0,2820.0,2120.0
Maharashtra,Satara APMC,Onion,2026-07-29,Other,27.5,1000.0,2500.0,1750.0
Maharashtra,Shirpur APMC,Onion,2026-07-29,Red,13.4,600.0,2800.0,2250.0
Maharashtra,Shivsiddha Govind Producer Company Ltd Sanchalit Khajgi Krushi Utpann Bajar Samati-Abhona-Kalwan,Onion,2026-07-29,Other,910.62,500.0,3005.0,2120.0
Maharashtra,"Shree Sairaj Krushi Market, Dist Ahilyanagar",Onion,2026-07-29,Local,48.73,600.0,2700.0,1700.0
Maharashtra,Shrirampur APMC,Onion,2026-07-29,Unhali,1124.5,800.0,3000.0,2150.0
Maharashtra,Sinner APMC,Onion,2026-07-29,Unhali,149.0,700.0,2275.0,2125.0
Maharashtra,Umrane APMC,Onion,2026-07-29,Unhali,1350.0,900.0,2851.0,2100.0
Maharashtra,Vadgaonpeth APMC,Onion,2026-07-29,Local,28.0,1800.0,2800.0,2000.0
Maharashtra,Vaduj APMC,Onion,2026-07-29,Local,5.0,1000.0,2800.0,2000.0
Maharashtra,Vai APMC,Onion,2026-07-29,Local,1.5,1300.0,2800.0,2000.0
Maharashtra,Vaijpur APMC,Onion,2026-07-29,Unhali,783.6,500.0,2202.0,1900.0
Maharashtra,Yeola APMC,Onion,2026-07-29,Unhali,755.0,415.0,2488.0,1900.0
Maharashtra,AGRICULTURE PRODUCE MARKET COMITEE CHANDWAD,Onion,2026-07-30,Unhali,804.5,615.0,2570.0,2150.0
Maharashtra,Ahilyanagar APMC,Onion,2026-07-30,Unhali,4258.4,400.0,2700.0,1550.0
Maharashtra,Akola APMC,Onion,2026-07-30,Other,16.0,1000.0,2500.0,1500.0
Maharashtra,Akole APMC,Onion,2026-07-30,Unhali,166.8,500.0,2701.0,2101.0
Maharashtra,Bhusaval APMC,Onion,2026-07-30,Unhali,0.2,2500.0,2500.0,2500.0
Maharashtra,Chandrapur(Ganjwad) APMC,Onion,2026-07-30,Other,28.0,3000.0,4000.0,3500.0
Maharashtra,Chattrapati Sambhajinagar APMC,Onion,2026-07-30,Other,671.3,900.0,2000.0,1450.0
Maharashtra,Devala APMC,Onion,2026-07-30,Unhali,838.3,600.0,2475.0,2200.0
Maharashtra,Dharashiv APMC,Onion,2026-07-30,Red,4.3,1700.0,3300.0,2500.0
Maharashtra,Dindori APMC,Onion,2026-07-30,Unhali,51.9,1900.0,2451.0,2250.0
Maharashtra,Dindori(Vani) APMC,Onion,2026-07-30,Unhali,227.3,2001.0,2765.0,2375.0
Maharashtra,Gangapur APMC,Onion,2026-07-30,Unhali,498.0,500.0,2370.0,1865.0
Maharashtra,HINGNA - APMC,Onion,2026-07-30,Red,2.2,3000.0,3000.0,3000.0
Maharashtra,Islampur APMC,Onion,2026-07-30,Local,4.0,1000.0,2500.0,1750.0
Maharashtra,Jamkhed APMC,Onion,2026-07-30,Local,10.5,600.0,2500.0,1550.0
Maharashtra,Junnar APMC,Onion,2026-07-30,Chinchwad,629.2,800.0,2750.0,2200.0
Maharashtra,Junnar(Narayangaon) APMC,Onion,2026-07-30,Chinchwad,1.5,500.0,2500.0,1500.0
Maharashtra,Junnar(Otur) APMC,Onion,2026-07-30,Chinchwad,1011.2,1000.0,2710.0,2200.0
Maharashtra,Kada(Ashti) APMC,Onion,2026-07-30,Unhali,17.5,400.0,2200.0,1850.0
Maharashtra,Kalyan APMC,Onion,2026-07-30,1st Sort,0.3,2100.0,2400.0,2250.0
Maharashtra,Kalyan APMC,Onion,2026-07-30,2nd Sort,0.3,1200.0,1800.0,1500.0
Maharashtra,Kamthi APMC,Onion,2026-07-30,Local,0.6,3020.0,3520.0,3270.0
Maharashtra,Karad APMC,Onion,2026-07-30,Halva,19.8,500.0,2500.0,2500.0
Maharashtra,Karjat APMC,Onion,2026-07-30,Local,4.4,300.0,2200.0,1300.0
Maharashtra,Khed APMC,Onion,2026-07-30,Fursungi,2.8,1000.0,2200.0,1500.0
Maharashtra,Khed(Chakan) APMC,Onion,2026-07-30,Other,20.0,1000.0,2500.0,1800.0
Maharashtra,Kolhapur APMC,Onion,2026-07-30,Other,237.3,600.0,2800.0,1700.0
Maharashtra,Kopargaon APMC,Onion,2026-07-30,Unhali,946.0,500.0,2500.0,2000.0
Maharashtra,Kurdwadi(Modnimb) APMC,Onion,2026-07-30,Red,0.9,1000.0,2225.0,1600.0
Maharashtra,Lasalgaon APMC,Onion,2026-07-30,Unhali,1141.6,700.0,2470.0,2151.0
Maharashtra,Lasalgaon(Niphad) APMC,Onion,2026-07-30,Unhali,666.0,800.0,2400.0,2100.0
Maharashtra,Lasalgaon(Vinchur) APMC,Onion,2026-07-30,Unhali,881.1,600.0,2425.0,2050.0
Maharashtra,Lasur Station APMC,Onion,2026-07-30,Other,1150.0,400.0,2368.0,1700.0
Maharashtra,"Laxmi-Sopan Agriculture Produce Marketing Co Ltd, Barshi, Dist Solapur",Onion,2026-07-30,Other,2.5,300.0,2000.0,1500.0
Maharashtra,Lonand APMC,Onion,2026-07-30,Unhali,47.5,400.0,2240.0,1900.0
Maharashtra,"Malharshree Khajgi Krushi Utpann Bajar, Chandanpuri Tal Malegaon, Nashik",Onion,2026-07-30,Other,85.8,399.0,2258.0,1896.0
Maharashtra,Malkapur APMC,Onion,2026-07-30,Local,7.9,1200.0,2115.0,1900.0
Maharashtra,Manchar APMC,Onion,2026-07-30,Other,1310.4,1700.0,3000.0,2360.0
Maharashtra,Mangal Wedha APMC,Onion,2026-07-30,Local,2.2,1650.0,2600.0,2400.0
Maharashtra,Manmad APMC,Onion,2026-07-30,Unhali,323.3,300.0,2471.0,2100.0
Maharashtra,Mumbai-Onion & Potato Market APMC,Onion,2026-07-30,Other,892.1,1200.0,2400.0,1800.0
Maharashtra,Nagpur APMC,Onion,2026-07-30,Red,130.0,1700.0,2800.0,2525.0
Maharashtra,Nagpur APMC,Onion,2026-07-30,White,80.0,3000.0,3500.0,3375.0
Maharashtra,Nampur APMC,Onion,2026-07-30,Unhali,680.6,300.0,2325.0,1800.0
Maharashtra,Nandgaon APMC,Onion,2026-07-30,Unhali,883.4,500.0,2501.0,2050.0
Maharashtra,Nasik APMC,Onion,2026-07-30,Unhali,394.0,650.0,2451.0,1900.0
Maharashtra,Newasa APMC,Onion,2026-07-30,Unhali,188.8,700.0,2300.0,2000.0
Maharashtra,Paithan APMC,Onion,2026-07-30,Unhali,83.9,850.0,2190.0,1800.0
Maharashtra,Paranda APMC,Onion,2026-07-30,Red,54.0,1000.0,2100.0,1580.0
Maharashtra,Pimpalgaon Baswant APMC,Onion,2026-07-30,Unhali,1686.8,600.0,3100.0,2250.0
Maharashtra,Pimpalgaon Baswant(Saykheda) APMC,Onion,2026-07-30,Unhali,167.5,1000.0,2121.0,1800.0
Maharashtra,Pune APMC,Onion,2026-07-30,Local,773.8,1000.0,2600.0,1800.0
Maharashtra,Pune(Khadiki) APMC,Onion,2026-07-30,Local,0.8,700.0,1300.0,1000.0
Maharashtra,Pune(Manjri) APMC,Onion,2026-07-30,Local,9.9,1300.0,2600.0,2000.0
Maharashtra,Pune(Moshi) APMC,Onion,2026-07-30,Local,78.2,800.0,1500.0,1150.0
Maharashtra,Pune(Pimpri) APMC,Onion,2026-07-30,Local,0.3,1600.0,2500.0,2050.0
Maharashtra,Rahuri(Vambori) APMC,Onion,2026-07-30,Unhali,810.2,200.0,2600.0,2000.0
Maharashtra,SHRI.SIDDHESHWAR  APMC,Onion,2026-07-30,Red,1045.2,200.0,3300.0,1800.0
Maharashtra,Sakri APMC,Onion,2026-07-30,Unhali,900.0,655.0,2350.0,1600.0
Maharashtra,Sangamner APMC,Onion,2026-07-30,Unhali,423.5,400.0,2651.0,1525.0
Maharashtra,"Sangli(Phale, Bhajipala Market) APMC",Onion,2026-07-30,Local,197.7,900.0,2600.0,1750.0
Maharashtra,Satana APMC,Onion,2026-07-30,Unhali,1031.0,450.0,2800.0,2100.0
Maharashtra,Satara APMC,Onion,2026-07-30,Other,12.0,1000.0,2500.0,1750.0
Maharashtra,Shevgaon APMC,Onion,2026-07-30,1st Sort,148.0,1800.0,2600.0,2000.0
Maharashtra,Shevgaon APMC,Onion,2026-07-30,2nd Sort,132.0,1300.0,1700.0,1500.0
Maharashtra,Shevgaon APMC,Onion,2026-07-30,Other,110.0,400.0,1200.0,950.0
Maharashtra,Shivsiddha Govind Producer Company Ltd Sanchalit Khajgi Krushi Utpann Bajar Samati-Abhona-Kalwan,Onion,2026-07-30,Other,1067.93,500.0,3500.0,2190.0
Maharashtra,Sinner APMC,Onion,2026-07-30,Unhali,174.4,700.0,2360.0,2100.0
Maharashtra,Umrane APMC,Onion,2026-07-30,Unhali,1650.0,900.0,2750.0,2100.0
Maharashtra,Vaduj APMC,Onion,2026-07-30,Local,2.5,1000.0,2600.0,1800.0
Maharashtra,Vita APMC,Onion,2026-07-30,Other,5.0,2000.0,3000.0,2700.0
Maharashtra,Yeola APMC,Onion,2026-07-30,Unhali,626.1,200.0,2421.0,1975.0
Maharashtra,AGRICULTURE PRODUCE MARKET COMITEE CHANDWAD,Onion,2026-07-31,Unhali,531.6,300.0,2805.0,2040.0
Maharashtra,Akluj APMC,Onion,2026-07-31,Red,27.6,300.0,2400.0,1800.0
Maharashtra,Akola APMC,Onion,2026-07-31,Other,6.5,1000.0,2600.0,1600.0
Maharashtra,Amrawati(Frui & Veg. Market) APMC,Onion,2026-07-31,Local,0.1,1000.0,3000.0,2000.0
Maharashtra,Bhusaval APMC,Onion,2026-07-31,Unhali,0.2,2500.0,2500.0,2500.0
Maharashtra,Chandrapur(Ganjwad) APMC,Onion,2026-07-31,Other,31.0,2700.0,4000.0,3200.0
Maharashtra,Devala APMC,Onion,2026-07-31,Unhali,414.3,500.0,2400.0,2150.0
Maharashtra,Dharashiv APMC,Onion,2026-07-31,Red,1.4,2000.0,3000.0,2500.0
Maharashtra,Dindori APMC,Onion,2026-07-31,Unhali,40.3,2000.0,2353.0,2100.0
Maharashtra,Dindori(Vani) APMC,Onion,2026-07-31,Unhali,249.7,2000.0,2400.0,2215.0
Maharashtra,Gangapur APMC,Onion,2026-07-31,Unhali,451.5,400.0,2371.0,1915.0
Maharashtra,Gevrai APMC,Onion,2026-07-31,Red,8.7,1000.0,2500.0,1750.0
Maharashtra,Jalgaon APMC,Onion,2026-07-31,Red,17.0,950.0,2277.0,1600.0
Maharashtra,Junnar(Alephata) APMC,Onion,2026-07-31,Chinchwad,642.3,1000.0,2750.0,2100.0
Maharashtra,Junnar(Narayangaon) APMC,Onion,2026-07-31,Chinchwad,2.5,300.0,2500.0,1400.0
Maharashtra,Kalvan APMC,Onion,2026-07-31,Unhali,670.0,800.0,2700.0,2150.0
Maharashtra,Kamthi APMC,Onion,2026-07-31,Local,0.8,3070.0,3570.0,3320.0
Maharashtra,Khed APMC,Onion,2026-07-31,Fursungi,1.3,1000.0,2200.0,1500.0
Maharashtra,Khed(Chakan) APMC,Onion,2026-07-31,Other,15.0,1000.0,2500.0,1800.0
Maharashtra,Kolhapur APMC,Onion,2026-07-31,Other,319.8,600.0,2800.0,1700.0
Maharashtra,Kopargaon APMC,Onion,2026-07-31,Unhali,556.0,500.0,2535.0,2050.0
Maharashtra,Lasalgaon APMC,Onion,2026-07-31,Unhali,823.2,700.0,2471.0,2100.0
Maharashtra,Lasalgaon(Niphad) APMC,Onion,2026-07-31,Unhali,324.0,700.0,2312.0,2050.0
Maharashtra,Lasalgaon(Vinchur) APMC,Onion,2026-07-31,Unhali,614.5,600.0,2560.0,2100.0
Maharashtra,Lasur Station APMC,Onion,2026-07-31,Other,550.0,300.0,2325.0,1700.0
Maharashtra,"Laxmi-Sopan Agriculture Produce Marketing Co Ltd, Barshi, Dist Solapur",Onion,2026-07-31,Other,6.3,500.0,2000.0,1600.0
Maharashtra,"Malharshree Khajgi Krushi Utpann Bajar, Chandanpuri Tal Malegaon, Nashik",Onion,2026-07-31,Other,55.2,550.0,2219.0,1894.0
Maharashtra,Mangal Wedha APMC,Onion,2026-07-31,Local,18.3,500.0,2700.0,2400.0
Maharashtra,Manmad APMC,Onion,2026-07-31,Unhali,264.5,500.0,2388.0,2100.0
Maharashtra,Mumbai-Onion & Potato Market APMC,Onion,2026-07-31,Other,1037.1,1200.0,2400.0,1800.0
Maharashtra,Nasik APMC,Onion,2026-07-31,Unhali,240.5,600.0,2400.0,1850.0
Maharashtra,"Omchatinya Multi State Agro Purpose Co-Op Society, Dist Ahilyanagar",Onion,2026-07-31,Other,245.81,500.0,3000.0,2000.0
Maharashtra,Parner APMC,Onion,2026-07-31,Unhali,820.4,500.0,2800.0,2150.0
Maharashtra,Pathardi APMC,Onion,2026-07-31,Red,10.0,300.0,2600.0,1500.0
Maharashtra,Pimpalgaon Baswant APMC,Onion,2026-07-31,Unhali,1387.4,500.0,3135.0,2200.0
Maharashtra,Pimpalgaon Baswant(Saykheda) APMC,Onion,2026-07-31,Unhali,200.0,1000.0,2200.0,1825.0
Maharashtra,Pune(Khadiki) APMC,Onion,2026-07-31,Local,1.3,900.0,1300.0,1100.0
Maharashtra,Pune(Manjri) APMC,Onion,2026-07-31,Local,5.7,1500.0,2600.0,2200.0
Maharashtra,Pune(Moshi) APMC,Onion,2026-07-31,Local,42.5,1000.0,2500.0,1750.0
Maharashtra,Pune(Pimpri) APMC,Onion,2026-07-31,Local,0.2,2300.0,2300.0,2300.0
Maharashtra,Rahata APMC,Onion,2026-07-31,Unhali,526.1,500.0,3000.0,1750.0
Maharashtra,SHRI.SIDDHESHWAR  APMC,Onion,2026-07-31,Red,1161.0,200.0,3300.0,1800.0
Maharashtra,Sangamner APMC,Onion,2026-07-31,Unhali,378.3,400.0,2651.0,1525.0
Maharashtra,"Shri Rameshwar Krushi Market, M.Nagar, Tal Deola, Dist Nashik",Onion,2026-07-31,Other,653.75,455.0,2828.0,1985.12
Maharashtra,Shrirampur APMC,Onion,2026-07-31,Unhali,1015.5,800.0,3000.0,2000.0
Maharashtra,Umrane APMC,Onion,2026-07-31,Unhali,1550.0,700.0,2551.0,2100.0
Maharashtra,Vadgaonpeth APMC,Onion,2026-07-31,Local,29.0,1900.0,2900.0,2000.0
Maharashtra,Vai APMC,Onion,2026-07-31,Local,1.5,1200.0,2800.0,2000.0
Maharashtra,Vaijpur APMC,Onion,2026-07-31,Unhali,451.4,500.0,2225.0,1900.0
Maharashtra,Vita APMC,Onion,2026-07-31,Other,1.5,2000.0,3000.0,2600.0
Maharashtra,Yeola APMC,Onion,2026-07-31,Unhali,469.1,651.0,2481.0,2000.0
