state,market,commodity,arrival_date,variety,arrivals_mt,min_price,max_price,modal_price
Maharashtra,Alibagh APMC,Rice,2026-02-01,Other,1.0,2500.0,2700.0,2600.0
Maharashtra,Kalyan APMC,Rice,2026-02-01,Other,0.3,6500.0,8500.0,7500.0
Maharashtra,Murud APMC,Rice,2026-02-01,Other,1.0,2500.0,2700.0,2600.0
Maharashtra,Palghar APMC,Rice,2026-02-01,1009 Kar,12.0,4851.0,4851.0,4851.0
Maharashtra,Tumsar APMC,Rice,2026-02-01,Other,0.3,4800.0,4800.0,4800.0
Maharashtra,Ulhasnagar APMC,Rice,2026-02-01,Other,61.0,4500.0,6500.0,5000.0
Maharashtra,APMC VASAI,Rice,2026-02-02,1009 Kar,33.0,3750.0,4850.0,3950.0
Maharashtra,Alibagh APMC,Rice,2026-02-02,Other,1.0,2500.0,2700.0,2600.0
Maharashtra,Kalyan APMC,Rice,2026-02-02,Other,0.3,3000.0,4000.0,3500.0
Maharashtra,Karjat(Raigad) APMC,Rice,2026-02-02,Other,3.9,4000.0,5700.0,5200.0
Maharashtra,Kolhapur(Laxmipuri) APMC,Rice,2026-02-02,1009 Kar,36.0,2500.0,9200.0,5800.0
Maharashtra,Mangaon APMC,Rice,2026-02-02,Other,9.8,1900.0,4800.0,3800.0
Maharashtra,Mumbai APMC,Rice,2026-02-02,Other,282.9,6000.0,10200.0,9250.0
Maharashtra,Murud APMC,Rice,2026-02-02,Other,1.0,2500.0,2700.0,2600.0
Maharashtra,Nagpur APMC,Rice,2026-02-02,Other,10.0,3500.0,3800.0,3725.0
Maharashtra,Palghar APMC,Rice,2026-02-02,1009 Kar,27.0,4550.0,4550.0,4550.0
Maharashtra,Pune APMC,Rice,2026-02-02,Other,4.7,7100.0,11600.0,9350.0
Maharashtra,SHRI.SIDDHESHWAR  APMC,Rice,2026-02-02,Other,68.9,3670.0,6590.0,3965.0
Maharashtra,Sangli APMC,Rice,2026-02-02,Other,36.0,4000.0,8000.0,6000.0
Maharashtra,Ulhasnagar APMC,Rice,2026-02-02,Other,56.0,4000.0,5000.0,4500.0
Maharashtra,APMC VASAI,Rice,2026-02-03,1009 Kar,32.5,2860.0,4920.0,3790.0
Maharashtra,Alibagh APMC,Rice,2026-02-03,Other,1.0,2500.0,2700.0,2600.0
Maharashtra,Bhandara APMC,Rice,2026-02-03,1009 Kar,4.5,4350.0,4700.0,4600.0
Maharashtra,Kalyan APMC,Rice,2026-02-03,Other,0.3,6500.0,8500.0,7500.0
Maharashtra,Karjat(Raigad) APMC,Rice,2026-02-03,Other,18.4,4200.0,5800.0,5200.0
Maharashtra,Kolhapur(Laxmipuri) APMC,Rice,2026-02-03,1009 Kar,13.5,2500.0,9500.0,6000.0
Maharashtra,Mangaon APMC,Rice,2026-02-03,Other,4.1,1900.0,4800.0,3800.0
Maharashtra,Mumbai APMC,Rice,2026-02-03,Other,346.9,6000.0,10200.0,9250.0
Maharashtra,Murud APMC,Rice,2026-02-03,Other,1.0,2500.0,2700.0,2600.0
Maharashtra,Nagpur APMC,Rice,2026-02-03,Other,10.0,3500.0,3800.0,3725.0
Maharashtra,Palghar APMC,Rice,2026-02-03,1009 Kar,20.0,4215.0,4215.0,4215.0
Maharashtra,Pune APMC,Rice,2026-02-03,Other,54.0,4700.0,6900.0,5800.0
Maharashtra,SHRI.SIDDHESHWAR  APMC,Rice,2026-02-03,Other,71.8,3675.0,6575.0,3970.0
Maharashtra,Ulhasnagar APMC,Rice,2026-02-03,Other,57.0,4000.0,6000.0,5000.0
Maharashtra,APMC VASAI,Rice,2026-02-04,1009 Kar,32.5,2980.0,4920.0,3350.0
Maharashtra,Alibagh APMC,Rice,2026-02-04,Other,1.0,2500.0,2700.0,2600.0
Maharashtra,Kalyan APMC,Rice,2026-02-04,Other,0.3,4000.0,9000.0,6500.0
Maharashtra,Karjat(Raigad) APMC,Rice,2026-02-04,Other,5.8,4100.0,5700.0,5000.0
Maharashtra,Kolhapur(Laxmipuri) APMC,Rice,2026-02-04,1009 Kar,24.0,2600.0,9500.0,6000.0
Maharashtra,Mangaon APMC,Rice,2026-02-04,Other,3.8,2000.0,4800.0,3800.0
Maharashtra,Mumbai APMC,Rice,2026-02-04,Other,306.3,6000.0,10200.0,9250.0
Maharashtra,Murud APMC,Rice,2026-02-04,Other,1.0,2500.0,2700.0,2600.0
Maharashtra,Nagpur APMC,Rice,2026-02-04,Other,20.0,6200.0,6500.0,6425.0
Maharashtra,Palghar APMC,Rice,2026-02-04,1009 Kar,26.0,4075.0,4075.0,4075.0
Maharashtra,Pune APMC,Rice,2026-02-04,Other,5.1,7000.0,11600.0,9300.0
Maharashtra,SHRI.SIDDHESHWAR  APMC,Rice,2026-02-04,Other,72.9,3680.0,6580.0,3975.0
Maharashtra,Sangli APMC,Rice,2026-02-04,Other,41.7,4000.0,8000.0,6000.0
Maharashtra,Tumsar APMC,Rice,2026-02-04,Other,0.6,4000.0,5000.0,4251.0
Maharashtra,Ulhasnagar APMC,Rice,2026-02-04,Other,56.0,4000.0,5000.0,4500.0
Maharashtra,APMC VASAI,Rice,2026-02-05,1009 Kar,35.0,3750.0,4960.0,3950.0
Maharashtra,Alibagh APMC,Rice,2026-02-05,Other,1.0,2500.0,2700.0,2600.0
Maharashtra,Bhandara APMC,Rice,2026-02-05,1009 Kar,0.1,4000.0,4000.0,4000.0
Maharashtra,Kalyan APMC,Rice,2026-02-05,Other,0.3,4000.0,9000.0,6500.0
Maharashtra,Karjat(Raigad) APMC,Rice,2026-02-05,Other,51.6,4100.0,5600.0,5200.0
Maharashtra,Kolhapur(Laxmipuri) APMC,Rice,2026-02-05,1009 Kar,20.1,2500.0,9900.0,6100.0
Maharashtra,Mangaon APMC,Rice,2026-02-05,Other,5.8,1900.0,4800.0,3800.0
Maharashtra,Mumbai APMC,Rice,2026-02-05,Other,1157.2,3000.0,6000.0,4500.0
Maharashtra,Murud APMC,Rice,2026-02-05,Other,1.0,2500.0,2700.0,2600.0
Maharashtra,Nagpur APMC,Rice,2026-02-05,Other,10.0,3500.0,3800.0,3725.0
Maharashtra,Palghar APMC,Rice,2026-02-05,1009 Kar,31.0,4035.0,4035.0,4035.0
Maharashtra,Pune APMC,Rice,2026-02-05,Other,54.3,4600.0,7000.0,5800.0
Maharashtra,SHRI.SIDDHESHWAR  APMC,Rice,2026-02-05,Other,75.3,3685.0,6570.0,3980.0
Maharashtra,Sangli APMC,Rice,2026-02-05,Other,43.9,4000.0,6000.0,5000.0
Maharashtra,Umared APMC,Rice,2026-02-05,Other,38.7,3400.0,4850.0,4350.0
Maharashtra,APMC VASAI,Rice,2026-02-06,1009 Kar,47.5,3150.0,4850.0,3860.0
Maharashtra,Alibagh APMC,Rice,2026-02-06,Other,1.0,2500.0,2700.0,2600.0
Maharashtra,Bhandara APMC,Rice,2026-02-06,1009 Kar,3.5,4800.0,4800.0,4800.0
Maharashtra,Kalyan APMC,Rice,2026-02-06,Other,0.3,4000.0,9000.0,6500.0
Maharashtra,Kolhapur(Laxmipuri) APMC,Rice,2026-02-06,1009 Kar,22.8,2500.0,9500.0,6000.0
Maharashtra,Mangaon APMC,Rice,2026-02-06,Other,3.8,1900.0,4800.0,3800.0
Maharashtra,Mumbai APMC,Rice,2026-02-06,Other,1875.0,3000.0,6000.0,4500.0
Maharashtra,Murud APMC,Rice,2026-02-06,Other,1.0,2500.0,2700.0,2600.0
Maharashtra,Nagpur APMC,Rice,2026-02-06,Other,5.0,3000.0,3200.0,3150.0
Maharashtra,Palghar APMC,Rice,2026-02-06,1009 Kar,34.0,3905.0,3905.0,3905.0
Maharashtra,Pune APMC,Rice,2026-02-06,Other,54.5,4700.0,7000.0,5850.0
Maharashtra,Sangli APMC,Rice,2026-02-06,Other,57.2,3500.0,7500.0,5500.0
Maharashtra,APMC VASAI,Rice,2026-02-07,1009 Kar,37.5,3800.0,4850.0,4450.0
Maharashtra,Alibagh APMC,Rice,2026-02-07,Other,1.0,2500.0,2700.0,2600.0
Maharashtra,Bhandara APMC,Rice,2026-02-07,1009 Kar,1.0,4600.0,4600.0,4600.0
Maharashtra,Karjat(Raigad) APMC,Rice,2026-02-07,Other,30.1,4000.0,5700.0,5200.0
Maharashtra,Mangaon APMC,Rice,2026-02-07,Other,7.8,1900.0,4800.0,3800.0
Maharashtra,Murud APMC,Rice,2026-02-07,Other,1.0,2500.0,2700.0,2600.0
Maharashtra,Nagpur APMC,Rice,2026-02-07,Other,3.0,3500.0,3800.0,3725.0
Maharashtra,Palghar APMC,Rice,2026-02-07,1009 Kar,20.0,4295.0,4295.0,4295.0
Maharashtra,Pune APMC,Rice,2026-02-07,Other,4.8,7000.0,11600.0,9300.0
Maharashtra,Tumsar APMC,Rice,2026-02-07,Other,0.2,4500.0,4500.0,4500.0
Maharashtra,Umared APMC,Rice,2026-02-07,Other,22.2,3300.0,4800.0,4250.0
Maharashtra,Alibagh APMC,Rice,2026-02-08,Other,1.0,2500.0,2700.0,2600.0
Maharashtra,Kalyan APMC,Rice,2026-02-08,Other,0.3,4000.0,9000.0,6500.0
Maharashtra,Mangaon APMC,Rice,2026-02-08,Other,5.6,1900.0,4800.0,3800.0
Maharashtra,Murud APMC,Rice,2026-02-08,Other,1.0,2500.0,2700.0,2600.0
Maharashtra,Palghar APMC,Rice,2026-02-08,1009 Kar,11.0,4400.0,4400.0,4400.0
Maharashtra,Tumsar APMC,Rice,2026-02-08,Other,0.2,3200.0,3200.0,3200.0
Maharashtra,Ulhasnagar APMC,Rice,2026-02-08,Other,56.0,4000.0,6000.0,5000.0
Maharashtra,APMC VASAI,Rice,2026-02-09,1009 Kar,42.5,3150.0,4850.0,3860.0
Maharashtra,Alibagh APMC,Rice,2026-02-09,Other,1.0,2500.0,2700.0,2600.0
Maharashtra,Bhandara APMC,Rice,2026-02-09,1009 Kar,0.3,4300.0,4600.0,4500.0
Maharashtra,Kalyan APMC,Rice,2026-02-09,Other,0.3,4000.0,9000.0,6500.0
Maharashtra,Karjat(Raigad) APMC,Rice,2026-02-09,Other,44.1,4000.0,5900.0,5200.0
Maharashtra,Kolhapur(Laxmipuri) APMC,Rice,2026-02-09,1009 Kar,42.9,2600.0,9200.0,5900.0
Maharashtra,Mangaon APMC,Rice,2026-02-09,Other,5.8,1900.0,4800.0,3800.0
Maharashtra,Mumbai APMC,Rice,2026-02-09,Other,401.3,6000.0,10200.0,9250.0
Maharashtra,Murud APMC,Rice,2026-02-09,Other,1.0,2500.0,2700.0,2600.0
Maharashtra,Palghar APMC,Rice,2026-02-09,1009 Kar,19.0,4080.0,4080.0,4080.0
Maharashtra,Pune APMC,Rice,2026-02-09,Other,54.0,4700.0,7000.0,5850.0
Maharashtra,SHRI.SIDDHESHWAR  APMC,Rice,2026-02-09,Other,78.9,3695.0,6550.0,3990.0
Maharashtra,Sangli APMC,Rice,2026-02-09,Other,57.6,4000.0,8000.0,6000.0
Maharashtra,Ulhasnagar APMC,Rice,2026-02-09,Other,57.0,4000.0,6000.0,5000.0
Maharashtra,APMC VASAI,Rice,2026-02-10,1009 Kar,34.0,3450.0,4960.0,4260.0
Maharashtra,Alibagh APMC,Rice,2026-02-10,Other,4.5,2500.0,2700.0,2600.0
Maharashtra,Bhandara APMC,Rice,2026-02-10,1009 Kar,0.2,4100.0,4100.0,4100.0
Maharashtra,Kalyan APMC,Rice,2026-02-10,Other,0.3,4000.0,9000.0,6000.0
Maharashtra,Karjat(Raigad) APMC,Rice,2026-02-10,Other,10.5,4100.0,5800.0,5200.0
Maharashtra,Kolhapur(Laxmipuri) APMC,Rice,2026-02-10,1009 Kar,3.0,2600.0,9800.0,6200.0
Maharashtra,Mangaon APMC,Rice,2026-02-10,Other,2.5,2000.0,4800.0,3800.0
Maharashtra,Mumbai APMC,Rice,2026-02-10,Other,256.5,6000.0,10200.0,9250.0
Maharashtra,Murud APMC,Rice,2026-02-10,Other,1.0,2500.0,2700.0,2600.0
Maharashtra,Nagpur APMC,Rice,2026-02-10,Other,10.0,3500.0,3800.0,3725.0
Maharashtra,Palghar APMC,Rice,2026-02-10,1009 Kar,25.0,4700.0,4700.0,4700.0
Maharashtra,Pune APMC,Rice,2026-02-10,Other,53.9,4500.0,6800.0,5650.0
Maharashtra,SHRI.SIDDHESHWAR  APMC,Rice,2026-02-10,Other,80.4,3700.0,6540.0,3995.0
Maharashtra,Sangli APMC,Rice,2026-02-10,Other,27.2,4000.0,8000.0,6000.0
Maharashtra,Ulhasnagar APMC,Rice,2026-02-10,Other,57.0,4000.0,5000.0,4500.0
Maharashtra,APMC VASAI,Rice,2026-02-11,1009 Kar,35.5,3560.0,4750.0,4450.0
Maharashtra,Alibagh APMC,Rice,2026-02-11,Other,1.0,2500.0,2700.0,2600.0
Maharashtra,Kalyan APMC,Rice,2026-02-11,Other,0.3,4000.0,9000.0,6000.0
Maharashtra,Karjat(Raigad) APMC,Rice,2026-02-11,Other,55.2,4000.0,5600.0,5000.0
Maharashtra,Kolhapur(Laxmipuri) APMC,Rice,2026-02-11,1009 Kar,45.7,2500.0,9500.0,6000.0
Maharashtra,Mangaon APMC,Rice,2026-02-11,Other,5.8,2000.0,4800.0,3800.0
Maharashtra,Mumbai APMC,Rice,2026-02-11,Other,1689.0,3000.0,6000.0,4500.0
Maharashtra,Murud APMC,Rice,2026-02-11,Other,1.0,2500.0,2700.0,2600.0
Maharashtra,Nagpur APMC,Rice,2026-02-11,Other,10.0,6200.0,6500.0,6425.0
Maharashtra,Palghar APMC,Rice,2026-02-11,1009 Kar,34.0,4600.0,4600.0,4600.0
Maharashtra,Pune APMC,Rice,2026-02-11,Other,53.2,4300.0,6600.0,5450.0
Maharashtra,SHRI.SIDDHESHWAR  APMC,Rice,2026-02-11,Other,81.8,3700.0,6535.0,4000.0
Maharashtra,Sangli APMC,Rice,2026-02-11,Other,117.9,3500.0,7500.0,5500.0
Maharashtra,APMC VASAI,Rice,2026-02-12,1009 Kar,33.5,3450.0,4960.0,4260.0
Maharashtra,Alibagh APMC,Rice,2026-02-12,Other,1.0,2500.0,2700.0,2600.0
Maharashtra,Kalyan APMC,Rice,2026-02-12,Other,0.3,4000.0,9000.0,6000.0
Maharashtra,Karjat(Raigad) APMC,Rice,2026-02-12,Other,5.4,4100.0,5700.0,5200.0
Maharashtra,Kolhapur(Laxmipuri) APMC,Rice,2026-02-12,1009 Kar,19.6,2600.0,9500.0,6050.0
Maharashtra,Mangaon APMC,Rice,2026-02-12,Other,8.3,2000.0,4800.0,3800.0
Maharashtra,Mumbai APMC,Rice,2026-02-12,Other,359.4,6000.0,10200.0,9250.0
Maharashtra,Murud APMC,Rice,2026-02-12,Other,1.0,2500.0,2700.0,2600.0
Maharashtra,Nagpur APMC,Rice,2026-02-12,Other,10.0,3500.0,3800.0,3725.0
Maharashtra,Palghar APMC,Rice,2026-02-12,1009 Kar,21.0,4950.0,4950.0,4950.0
Maharashtra,Pune APMC,Rice,2026-02-12,Other,5.3,7300.0,11300.0,9300.0
Maharashtra,SHRI.SIDDHESHWAR  APMC,Rice,2026-02-12,Other,83.6,3705.0,6345.0,3990.0
Maharashtra,Sangli APMC,Rice,2026-02-12,Other,65.8,4000.0,8000.0,6000.0
Maharashtra,Ulhasnagar APMC,Rice,2026-02-12,Other,54.0,4000.0,5000.0,4500.0
Maharashtra,Umared APMC,Rice,2026-02-12,Other,22.2,3450.0,4850.0,4450.0
Maharashtra,APMC VASAI,Rice,2026-02-13,1009 Kar,39.5,3150.0,4850.0,3790.0
Maharashtra,Alibagh APMC,Rice,2026-02-13,Other,1.0,2500.0,2700.0,2600.0
Maharashtra,Bhandara APMC,Rice,2026-02-13,1009 Kar,3.8,4000.0,5000.0,4500.0
Maharashtra,Kalyan APMC,Rice,2026-02-13,Other,0.3,4000.0,9000.0,6000.0
Maharashtra,Kolhapur(Laxmipuri) APMC,Rice,2026-02-13,1009 Kar,8.3,2600.0,9600.0,6100.0
Maharashtra,Mangaon APMC,Rice,2026-02-13,Other,5.8,1900.0,4800.0,3800.0
Maharashtra,Mumbai APMC,Rice,2026-02-13,Other,1549.8,3000.0,6000.0,4500.0
Maharashtra,Murud APMC,Rice,2026-02-13,Other,1.0,2500.0,2700.0,2600.0
Maharashtra,Nagpur APMC,Rice,2026-02-13,Other,40.0,3000.0,3200.0,3150.0
Maharashtra,Palghar APMC,Rice,2026-02-13,1009 Kar,29.0,4700.0,4700.0,4700.0
Maharashtra,Pune APMC,Rice,2026-02-13,Other,53.1,4300.0,6600.0,5450.0
Maharashtra,SHRI.SIDDHESHWAR  APMC,Rice,2026-02-13,Other,84.8,3710.0,6340.0,3995.0
Maharashtra,Ulhasnagar APMC,Rice,2026-02-13,Other,56.0,4500.0,6500.0,5500.0
Maharashtra,Alibagh APMC,Rice,2026-02-14,Other,1.0,2500.0,2700.0,2600.0
Maharashtra,Bhandara APMC,Rice,2026-02-14,1009 Kar,0.2,4200.0,4600.0,4400.0
Maharashtra,Karjat(Raigad) APMC,Rice,2026-02-14,Other,10.8,4000.0,5800.0,5200.0
Maharashtra,Kolhapur(Laxmipuri) APMC,Rice,2026-02-14,1009 Kar,5.7,2600.0,9700.0,6100.0
Maharashtra,Murud APMC,Rice,2026-02-14,Other,1.0,2500.0,2700.0,2600.0
Maharashtra,Nagpur APMC,Rice,2026-02-14,Other,10.0,3500.0,3800.0,3725.0
Maharashtra,Pune APMC,Rice,2026-02-14,Other,5.1,7300.0,11300.0,9300.0
Maharashtra,SHRI.SIDDHESHWAR  APMC,Rice,2026-02-14,Other,84.3,3715.0,6355.0,4000.0
Maharashtra,Umared APMC,Rice,2026-02-14,Other,20.8,3450.0,5000.0,4550.0
Maharashtra,Alibagh APMC,Rice,2026-02-15,Other,1.0,2500.0,2700.0,2600.0
Maharashtra,Murud APMC,Rice,2026-02-15,Other,1.0,2500.0,2700.0,2600.0
Maharashtra,Palghar APMC,Rice,2026-02-15,1009 Kar,11.5,5320.0,5320.0,5320.0
Maharashtra,Ulhasnagar APMC,Rice,2026-02-15,Other,58.0,3500.0,4500.0,4000.0
Maharashtra,APMC VASAI,Rice,2026-02-16,1009 Kar,32.5,3750.0,4960.0,4450.0
Maharashtra,Alibagh APMC,Rice,2026-02-16,Other,1.0,2500.0,2700.0,2600.0
Maharashtra,Bhandara APMC,Rice,2026-02-16,1009 Kar,0.5,4200.0,5100.0,4600.0
Maharashtra,Kalyan APMC,Rice,2026-02-16,Other,0.3,4000.0,9000.0,6000.0
Maharashtra,Karjat(Raigad) APMC,Rice,2026-02-16,Other,27.3,4100.0,5600.0,5200.0
Maharashtra,Kolhapur(Laxmipuri) APMC,Rice,2026-02-16,1009 Kar,23.6,2600.0,9200.0,5900.0
Maharashtra,Mangaon APMC,Rice,2026-02-16,Other,10.7,1900.0,4800.0,3800.0
Maharashtra,Mumbai APMC,Rice,2026-02-16,Other,615.4,6000.0,10200.0,9250.0
Maharashtra,Murud APMC,Rice,2026-02-16,Other,1.0,2500.0,2700.0,2600.0
Maharashtra,Nagpur APMC,Rice,2026-02-16,Other,10.0,3500.0,3800.0,3725.0
Maharashtra,Palghar APMC,Rice,2026-02-16,1009 Kar,24.7,5270.0,5270.0,5270.0
Maharashtra,Pune APMC,Rice,2026-02-16,Other,5.5,7300.0,11300.0,9300.0
Maharashtra,SHRI.SIDDHESHWAR  APMC,Rice,2026-02-16,Other,88.2,3720.0,6350.0,3980.0
Maharashtra,Sangli APMC,Rice,2026-02-16,Other,41.1,3500.0,7500.0,5500.0
Maharashtra,Ulhasnagar APMC,Rice,2026-02-16,Other,64.0,4000.0,6000.0,5000.0
Maharashtra,APMC VASAI,Rice,2026-02-17,1009 Kar,32.0,2860.0,4960.0,3790.0
Maharashtra,Alibagh APMC,Rice,2026-02-17,Other,1.0,2500.0,2700.0,2600.0
Maharashtra,Kalyan APMC,Rice,2026-02-17,Other,0.3,4000.0,9000.0,6000.0
Maharashtra,Karjat(Raigad) APMC,Rice,2026-02-17,Other,31.1,4300.0,5700.0,5100.0
Maharashtra,Kolhapur(Laxmipuri) APMC,Rice,2026-02-17,1009 Kar,38.6,2500.0,9200.0,5900.0
Maharashtra,Mangaon APMC,Rice,2026-02-17,Other,0.5,1900.0,4800.0,3800.0
Maharashtra,Mumbai APMC,Rice,2026-02-17,Other,1611.7,3000.0,6000.0,4500.0
Maharashtra,Murud APMC,Rice,2026-02-17,Other,1.0,2500.0,2700.0,2600.0
Maharashtra,Palghar APMC,Rice,2026-02-17,1009 Kar,31.0,5345.0,5345.0,5345.0
Maharashtra,Pune APMC,Rice,2026-02-17,Other,4.7,7600.0,11200.0,9400.0
Maharashtra,SHRI.SIDDHESHWAR  APMC,Rice,2026-02-17,Other,89.1,3705.0,6345.0,3985.0
Maharashtra,Sangli APMC,Rice,2026-02-17,Other,54.6,4000.0,8000.0,6000.0
Maharashtra,Ulhasnagar APMC,Rice,2026-02-17,Other,56.0,4000.0,6000.0,5000.0
Maharashtra,APMC VASAI,Rice,2026-02-18,1009 Kar,36.5,2980.0,3960.0,3540.0
Maharashtra,Alibagh APMC,Rice,2026-02-18,Other,1.0,2500.0,2700.0,2600.0
Maharashtra,Karjat(Raigad) APMC,Rice,2026-02-18,Other,4.0,4000.0,5800.0,5200.0
Maharashtra,Mangaon APMC,Rice,2026-02-18,Other,5.8,1900.0,4800.0,3800.0
Maharashtra,Mumbai APMC,Rice,2026-02-18,Other,256.9,6000.0,10200.0,9250.0
Maharashtra,Murud APMC,Rice,2026-02-18,Other,1.0,2500.0,2700.0,2600.0
Maharashtra,Nagpur APMC,Rice,2026-02-18,Other,10.0,3500.0,3800.0,3725.0
Maharashtra,Palghar APMC,Rice,2026-02-18,1009 Kar,22.0,4950.0,4950.0,4950.0
Maharashtra,Pune APMC,Rice,2026-02-18,Other,4.8,7500.0,11200.0,9350.0
Maharashtra,SHRI.SIDDHESHWAR  APMC,Rice,2026-02-18,Other,90.2,3700.0,6340.0,3970.0
Maharashtra,Sangli APMC,Rice,2026-02-18,Other,26.1,3500.0,7500.0,5500.0
Maharashtra,Ulhasnagar APMC,Rice,2026-02-18,Other,57.0,4000.0,5000.0,4500.0
Maharashtra,Alibagh APMC,Rice,2026-02-19,Other,1.0,2500.0,2700.0,2600.0
Maharashtra,Kalyan APMC,Rice,2026-02-19,Other,0.3,3500.0,9000.0,6250.0
Maharashtra,Kolhapur(Laxmipuri) APMC,Rice,2026-02-19,1009 Kar,12.4,2500.0,9500.0,6000.0
Maharashtra,Murud APMC,Rice,2026-02-19,Other,1.0,2500.0,2700.0,2600.0
Maharashtra,Nagpur APMC,Rice,2026-02-19,Other,15.0,3500.0,3800.0,3725.0
Maharashtra,Palghar APMC,Rice,2026-02-19,1009 Kar,16.0,5270.0,5270.0,5270.0
Maharashtra,APMC VASAI,Rice,2026-02-20,1009 Kar,35.5,3560.0,4960.0,4260.0
Maharashtra,Alibagh APMC,Rice,2026-02-20,Other,1.0,2500.0,2700.0,2600.0
Maharashtra,Bhandara APMC,Rice,2026-02-20,1009 Kar,2.4,4300.0,4600.0,4550.0
Maharashtra,Kalyan APMC,Rice,2026-02-20,Other,0.3,3500.0,9000.0,6250.0
Maharashtra,Kolhapur(Laxmipuri) APMC,Rice,2026-02-20,1009 Kar,8.4,2600.0,9600.0,6100.0
Maharashtra,Mangaon APMC,Rice,2026-02-20,Other,5.6,1900.0,4800.0,3800.0
Maharashtra,Mumbai APMC,Rice,2026-02-20,Other,299.1,6000.0,10200.0,9250.0
Maharashtra,Murud APMC,Rice,2026-02-20,Other,1.0,2500.0,2700.0,2600.0
Maharashtra,Nagpur APMC,Rice,2026-02-20,Other,20.0,6200.0,6500.0,6425.0
Maharashtra,Palghar APMC,Rice,2026-02-20,1009 Kar,25.0,4700.0,4700.0,4700.0
Maharashtra,Pune APMC,Rice,2026-02-20,Other,4.6,7600.0,11000.0,9300.0
Maharashtra,SHRI.SIDDHESHWAR  APMC,Rice,2026-02-20,Other,91.1,3690.0,6350.0,3940.0
Maharashtra,Sangli APMC,Rice,2026-02-20,Other,22.2,4000.0,8000.0,6000.0
Maharashtra,APMC VASAI,Rice,2026-02-21,1009 Kar,34.0,3450.0,4750.0,4260.0
Maharashtra,Alibagh APMC,Rice,2026-02-21,Other,1.0,2500.0,2700.0,2600.0
Maharashtra,Bhandara APMC,Rice,2026-02-21,1009 Kar,0.4,4280.0,4280.0,4280.0
Maharashtra,Bhandara APMC,Rice,2026-02-21,Other,1.7,2680.0,2680.0,2680.0
Maharashtra,Karjat(Raigad) APMC,Rice,2026-02-21,Other,28.5,4000.0,5800.0,5200.0
Maharashtra,Kolhapur(Laxmipuri) APMC,Rice,2026-02-21,1009 Kar,7.6,2600.0,9800.0,6200.0
Maharashtra,Mangaon APMC,Rice,2026-02-21,Other,9.2,2000.0,4800.0,3800.0
Maharashtra,Murud APMC,Rice,2026-02-21,Other,1.0,2500.0,2700.0,2600.0
Maharashtra,Nagpur APMC,Rice,2026-02-21,Other,10.0,6500.0,7000.0,6875.0
Maharashtra,Palghar APMC,Rice,2026-02-21,1009 Kar,29.0,4500.0,4500.0,4500.0
Maharashtra,Pune APMC,Rice,2026-02-21,Other,52.7,4200.0,6600.0,5400.0
Maharashtra,SHRI.SIDDHESHWAR  APMC,Rice,2026-02-21,Other,91.8,3675.0,6355.0,3900.0
Maharashtra,Sangli APMC,Rice,2026-02-21,Other,137.4,3800.0,7600.0,5700.0
Maharashtra,Tumsar APMC,Rice,2026-02-21,Other,0.8,3225.0,3225.0,3225.0
Maharashtra,Umared APMC,Rice,2026-02-21,Other,14.7,3400.0,4800.0,4250.0
Maharashtra,Alibagh APMC,Rice,2026-02-22,Other,1.0,2500.0,2700.0,2600.0
Maharashtra,Kalyan APMC,Rice,2026-02-22,Other,0.3,3500.0,9000.0,6250.0
Maharashtra,Murud APMC,Rice,2026-02-22,Other,1.0,2500.0,2700.0,2600.0
Maharashtra,Palghar APMC,Rice,2026-02-22,1009 Kar,19.6,4025.0,4025.0,4025.0
Maharashtra,Tumsar APMC,Rice,2026-02-22,Other,0.5,4500.0,4500.0,4500.0
Maharashtra,Ulhasnagar APMC,Rice,2026-02-22,Other,40.0,4000.0,6000.0,5000.0
Maharashtra,APMC VASAI,Rice,2026-02-23,1009 Kar,39.0,3750.0,4850.0,3950.0
Maharashtra,Alibagh APMC,Rice,2026-02-23,Other,1.0,2500.0,2700.0,2600.0
Maharashtra,Bhandara APMC,Rice,2026-02-23,1009 Kar,2.6,4600.0,4700.0,4600.0
Maharashtra,Kalyan APMC,Rice,2026-02-23,Other,0.3,3500.0,9000.0,6250.0
Maharashtra,Karjat(Raigad) APMC,Rice,2026-02-23,Other,16.5,4000.0,5800.0,5200.0
Maharashtra,Kolhapur(Laxmipuri) APMC,Rice,2026-02-23,1009 Kar,36.8,2500.0,9500.0,6000.0
Maharashtra,Mangaon APMC,Rice,2026-02-23,Other,6.0,2000.0,4800.0,3800.0
Maharashtra,Mumbai APMC,Rice,2026-02-23,Other,2351.4,3000.0,6000.0,4500.0
Maharashtra,Murud APMC,Rice,2026-02-23,Other,1.0,2500.0,2700.0,2600.0
Maharashtra,Nagpur APMC,Rice,2026-02-23,Other,5.6,3500.0,3800.0,3725.0
Maharashtra,Palghar APMC,Rice,2026-02-23,1009 Kar,41.0,4125.0,4125.0,4125.0
Maharashtra,Pune APMC,Rice,2026-02-23,Other,4.9,7600.0,11000.0,9300.0
Maharashtra,SHRI.SIDDHESHWAR  APMC,Rice,2026-02-23,Other,92.9,3665.0,6360.0,3890.0
Maharashtra,Sangli APMC,Rice,2026-02-23,Other,91.4,4000.0,8000.0,6000.0
Maharashtra,Ulhasnagar APMC,Rice,2026-02-23,Other,33.0,4000.0,5000.0,4500.0
Maharashtra,APMC VASAI,Rice,2026-02-24,1009 Kar,23.0,3860.0,5280.0,4540.0
Maharashtra,Alibagh APMC,Rice,2026-02-24,Other,1.0,2500.0,2700.0,2600.0
Maharashtra,Bhandara APMC,Rice,2026-02-24,1009 Kar,3.5,4500.0,4500.0,4500.0
Maharashtra,Bhandara APMC,Rice,2026-02-24,Other,0.9,3200.0,3200.0,3200.0
Maharashtra,Kalyan APMC,Rice,2026-02-24,Other,0.3,3500.0,9000.0,6250.0
Maharashtra,Kolhapur(Laxmipuri) APMC,Rice,2026-02-24,1009 Kar,6.8,2600.0,9700.0,6100.0
Maharashtra,Mangaon APMC,Rice,2026-02-24,Other,5.8,2000.0,4900.0,3900.0
Maharashtra,Mumbai APMC,Rice,2026-02-24,Other,2053.6,3000.0,6000.0,4500.0
Maharashtra,Murud APMC,Rice,2026-02-24,Other,1.0,2500.0,2700.0,2600.0
Maharashtra,Nagpur APMC,Rice,2026-02-24,Other,20.0,6200.0,6500.0,6425.0
Maharashtra,Palghar APMC,Rice,2026-02-24,1009 Kar,54.0,4413.0,4413.0,4413.0
Maharashtra,Pune APMC,Rice,2026-02-24,Other,5.1,7800.0,11000.0,9400.0
Maharashtra,SHRI.SIDDHESHWAR  APMC,Rice,2026-02-24,Other,94.3,3655.0,6365.0,3870.0
Maharashtra,Sangli APMC,Rice,2026-02-24,Other,41.0,3500.0,7500.0,5500.0
Maharashtra,Ulhasnagar APMC,Rice,2026-02-24,Other,49.0,4000.0,5000.0,4500.0
Maharashtra,APMC VASAI,Rice,2026-02-25,1009 Kar,36.5,2980.0,4850.0,3540.0
Maharashtra,Alibagh APMC,Rice,2026-02-25,Other,1.0,2500.0,2700.0,2600.0
Maharashtra,Kalyan APMC,Rice,2026-02-25,Other,0.3,3500.0,9000.0,6250.0
Maharashtra,Karjat(Raigad) APMC,Rice,2026-02-25,Other,35.7,3800.0,5600.0,5000.0
Maharashtra,Kolhapur(Laxmipuri) APMC,Rice,2026-02-25,1009 Kar,6.6,2600.0,9500.0,6000.0
Maharashtra,Mangaon APMC,Rice,2026-02-25,Other,6.1,1900.0,4800.0,3800.0
Maharashtra,Mumbai APMC,Rice,2026-02-25,Other,1495.4,3000.0,6000.0,4500.0
Maharashtra,Murud APMC,Rice,2026-02-25,Other,1.0,2500.0,2700.0,2600.0
Maharashtra,Nagpur APMC,Rice,2026-02-25,Other,6.0,3500.0,3800.0,3725.0
Maharashtra,Palghar APMC,Rice,2026-02-25,1009 Kar,27.0,4550.0,4550.0,4550.0
Maharashtra,Pune APMC,Rice,2026-02-25,Other,53.1,3800.0,6500.0,5150.0
Maharashtra,SHRI.SIDDHESHWAR  APMC,Rice,2026-02-25,Other,93.3,3650.0,6370.0,3865.0
Maharashtra,Tumsar APMC,Rice,2026-02-25,Other,4.3,4551.0,4551.0,4551.0
Maharashtra,Ulhasnagar APMC,Rice,2026-02-25,Other,53.0,4500.0,6500.0,5000.0
Maharashtra,APMC VASAI,Rice,2026-02-26,1009 Kar,35.5,3250.0,4750.0,3950.0
Maharashtra,Alibagh APMC,Rice,2026-02-26,Other,1.0,2500.0,2700.0,2600.0
Maharashtra,Kalyan APMC,Rice,2026-02-26,Other,0.3,3500.0,9000.0,6250.0
Maharashtra,Karjat(Raigad) APMC,Rice,2026-02-26,Other,14.3,3800.0,5600.0,5000.0
Maharashtra,Kolhapur(Laxmipuri) APMC,Rice,2026-02-26,1009 Kar,12.0,2600.0,9500.0,6050.0
Maharashtra,Mangaon APMC,Rice,2026-02-26,Other,4.5,1900.0,4800.0,3800.0
Maharashtra,Mumbai APMC,Rice,2026-02-26,Other,1280.9,3000.0,6000.0,4500.0
Maharashtra,Murud APMC,Rice,2026-02-26,Other,1.0,2500.0,2700.0,2600.0
Maharashtra,Nagpur APMC,Rice,2026-02-26,Other,8.0,3500.0,3800.0,3725.0
Maharashtra,Palghar APMC,Rice,2026-02-26,1009 Kar,31.0,4450.0,4450.0,4450.0
Maharashtra,Pune APMC,Rice,2026-02-26,Other,53.7,4000.0,6700.0,5350.0
Maharashtra,SHRI.SIDDHESHWAR  APMC,Rice,2026-02-26,Other,94.2,3640.0,6375.0,3850.0
Maharashtra,Sangli APMC,Rice,2026-02-26,Other,37.3,4500.0,7500.0,6000.0
Maharashtra,Ulhasnagar APMC,Rice,2026-02-26,Other,56.0,3000.0,5000.0,4000.0
Maharashtra,Umared APMC,Rice,2026-02-26,Other,10.6,3300.0,4850.0,4420.0
Maharashtra,APMC VASAI,Rice,2026-02-27,1009 Kar,15.0,3250.0,4750.0,3950.0
Maharashtra,Alibagh APMC,Rice,2026-02-27,Other,1.0,2500.0,2700.0,2600.0
Maharashtra,Bhandara APMC,Rice,2026-02-27,1009 Kar,0.1,4700.0,4700.0,4700.0
Maharashtra,Bhandara APMC,Rice,2026-02-27,Other,0.8,3100.0,3100.0,3100.0
Maharashtra,Kalyan APMC,Rice,2026-02-27,Other,0.3,3500.0,9000.0,6250.0
Maharashtra,Kolhapur(Laxmipuri) APMC,Rice,2026-02-27,1009 Kar,22.5,2500.0,9500.0,6000.0
Maharashtra,Mangaon APMC,Rice,2026-02-27,Other,8.9,1900.0,4800.0,3800.0
Maharashtra,Mumbai APMC,Rice,2026-02-27,Other,715.8,6000.0,10200.0,9250.0
Maharashtra,Murud APMC,Rice,2026-02-27,Other,1.0,2500.0,2700.0,2600.0
Maharashtra,Nagpur APMC,Rice,2026-02-27,Other,6.5,5000.0,5400.0,5200.0
Maharashtra,Palghar APMC,Rice,2026-02-27,1009 Kar,24.0,4545.0,4545.0,4545.0
Maharashtra,Pune APMC,Rice,2026-02-27,Other,53.4,3800.0,6500.0,5150.0
Maharashtra,SHRI.SIDDHESHWAR  APMC,Rice,2026-02-27,Other,63.1,3630.0,6380.0,3830.0
Maharashtra,Sangli APMC,Rice,2026-02-27,Other,58.1,4000.0,8000.0,6000.0
Maharashtra,Ulhasnagar APMC,Rice,2026-02-27,Other,50.0,4000.0,5000.0,4500.0
Maharashtra,Alibagh APMC,Rice,2026-02-28,Other,1.0,2500.0,2700.0,2600.0
Maharashtra,Karjat(Raigad) APMC,Rice,2026-02-28,Other,12.1,3900.0,5700.0,5200.0
Maharashtra,Kolhapur(Laxmipuri) APMC,Rice,2026-02-28,1009 Kar,24.3,2600.0,9500.0,6050.0
Maharashtra,Mangaon APMC,Rice,2026-02-28,Other,5.5,1900.0,4800.0,3800.0
Maharashtra,Murud APMC,Rice,2026-02-28,Other,1.0,2500.0,2700.0,2600.0
Maharashtra,Nagpur APMC,Rice,2026-02-28,Other,7.0,5000.0,5400.0,5300.0
Maharashtra,Pune APMC,Rice,2026-02-28,Other,52.8,4000.0,6500.0,5250.0
Maharashtra,SHRI.SIDDHESHWAR  APMC,Rice,2026-02-28,Other,96.1,3620.0,6385.0,3800.0
Maharashtra,Sangli APMC,Rice,2026-02-28,Other,23.3,4000.0,8000.0,6000.0
Maharashtra,Tumsar APMC,Rice,2026-02-28,Other,1.3,4001.0,4001.0,4001.0
Maharashtra,Umared APMC,Rice,2026-02-28,Other,4.7,3450.0,4850.0,4450.0
Maharashtra,Alibagh APMC,Rice,2026-03-01,Other,1.0,2500.0,2700.0,2600.0
Maharashtra,Kalyan APMC,Rice,2026-03-01,Other,0.3,3500.0,9000.0,6250.0
Maharashtra,Murud APMC,Rice,2026-03-01,Other,1.0,2500.0,2700.0,2600.0
Maharashtra,Palghar APMC,Rice,2026-03-01,1009 Kar,12.0,4100.0,4100.0,4100.0
Maharashtra,Ulhasnagar APMC,Rice,2026-03-01,Other,56.0,4000.0,6000.0,5000.0
Maharashtra,APMC VASAI,Rice,2026-03-02,1009 Kar,33.5,3800.0,4750.0,4150.0
Maharashtra,Alibagh APMC,Rice,2026-03-02,Other,1.0,2500.0,2700.0,2600.0
Maharashtra,Kalyan APMC,Rice,2026-03-02,Other,0.3,3500.0,9000.0,6250.0
Maharashtra,Karjat(Raigad) APMC,Rice,2026-03-02,Other,21.7,3800.0,5700.0,5000.0
Maharashtra,Kolhapur(Laxmipuri) APMC,Rice,2026-03-02,1009 Kar,27.9,2500.0,9500.0,6000.0
Maharashtra,Mangaon APMC,Rice,2026-03-02,Other,7.1,1900.0,4800.0,3800.0
Maharashtra,Mumbai APMC,Rice,2026-03-02,Other,462.6,6000.0,10200.0,9250.0
Maharashtra,Murud APMC,Rice,2026-03-02,Other,1.0,2500.0,2700.0,2600.0
Maharashtra,Palghar APMC,Rice,2026-03-02,1009 Kar,21.0,4600.0,4600.0,4600.0
Maharashtra,Pune APMC,Rice,2026-03-02,Other,43.8,3100.0,3500.0,3300.0
Maharashtra,SHRI.SIDDHESHWAR  APMC,Rice,2026-03-02,Other,94.8,3600.0,6390.0,3780.0
Maharashtra,Sangli APMC,Rice,2026-03-02,Other,38.6,4500.0,7500.0,6000.0
Maharashtra,Ulhasnagar APMC,Rice,2026-03-02,Other,46.0,4000.0,5000.0,4500.0
Maharashtra,Alibagh APMC,Rice,2026-03-03,Other,1.0,2500.0,2700.0,2600.0
Maharashtra,Kalyan APMC,Rice,2026-03-03,Other,0.3,3500.0,9000.0,6250.0
Maharashtra,Kolhapur(Laxmipuri) APMC,Rice,2026-03-03,1009 Kar,18.1,2600.0,9500.0,6050.0
Maharashtra,Mangaon APMC,Rice,2026-03-03,Other,6.4,1900.0,4800.0,3800.0
Maharashtra,Murud APMC,Rice,2026-03-03,Other,1.0,2500.0,2700.0,2600.0
Maharashtra,Pune APMC,Rice,2026-03-03,Other,53.7,3800.0,6500.0,5150.0
Maharashtra,APMC VASAI,Rice,2026-03-04,1009 Kar,34.0,3250.0,4750.0,4450.0
Maharashtra,Alibagh APMC,Rice,2026-03-04,Other,1.0,2500.0,2700.0,2600.0
Maharashtra,Kalyan APMC,Rice,2026-03-04,Other,0.3,3500.0,9000.0,6250.0
Maharashtra,Kolhapur(Laxmipuri) APMC,Rice,2026-03-04,1009 Kar,7.4,2600.0,9600.0,6100.0
Maharashtra,Mangaon APMC,Rice,2026-03-04,Other,5.8,2000.0,4800.0,3800.0
Maharashtra,Mumbai APMC,Rice,2026-03-04,Other,376.0,6000.0,10200.0,9250.0
Maharashtra,Murud APMC,Rice,2026-03-04,Other,1.0,2500.0,2700.0,2600.0
Maharashtra,Palghar APMC,Rice,2026-03-04,1009 Kar,25.0,4545.0,4545.0,4545.0
Maharashtra,Pune APMC,Rice,2026-03-04,Other,52.9,4200.0,7000.0,5600.0
Maharashtra,SHRI.SIDDHESHWAR  APMC,Rice,2026-03-04,Other,96.1,3590.0,6395.0,3760.0
Maharashtra,Sangli APMC,Rice,2026-03-04,Other,51.6,4000.0,8000.0,6000.0
Maharashtra,Ulhasnagar APMC,Rice,2026-03-04,Other,57.0,4000.0,5000.0,4500.0
Maharashtra,APMC VASAI,Rice,2026-03-05,1009 Kar,36.5,2980.0,4920.0,3860.0
Maharashtra,Alibagh APMC,Rice,2026-03-05,Other,1.0,2500.0,2700.0,2600.0
Maharashtra,Bhandara APMC,Rice,2026-03-05,1009 Kar,0.1,4850.0,4850.0,4850.0
Maharashtra,Bhandara APMC,Rice,2026-03-05,Other,0.4,3100.0,3100.0,3100.0
Maharashtra,Kalyan APMC,Rice,2026-03-05,Other,0.3,3500.0,9000.0,6250.0
Maharashtra,Karjat(Raigad) APMC,Rice,2026-03-05,Other,3.7,4000.0,5700.0,5200.0
Maharashtra,Kolhapur(Laxmipuri) APMC,Rice,2026-03-05,1009 Kar,3.5,2600.0,9800.0,6200.0
Maharashtra,Mangaon APMC,Rice,2026-03-05,Other,4.8,1900.0,4800.0,3800.0
Maharashtra,Mumbai APMC,Rice,2026-03-05,Other,146.0,6000.0,10200.0,9250.0
Maharashtra,Murud APMC,Rice,2026-03-05,Other,1.0,2500.0,2700.0,2600.0
Maharashtra,Palghar APMC,Rice,2026-03-05,1009 Kar,31.0,4400.0,4400.0,4400.0
Maharashtra,Pune APMC,Rice,2026-03-05,Other,52.9,4300.0,7000.0,5650.0
Maharashtra,SHRI.SIDDHESHWAR  APMC,Rice,2026-03-05,Other,97.3,3560.0,6400.0,3745.0
Maharashtra,Sangli APMC,Rice,2026-03-05,Other,58.0,4500.0,8000.0,6250.0
Maharashtra,Ulhasnagar APMC,Rice,2026-03-05,Other,52.0,4000.0,6000.0,5000.0
Maharashtra,Umared APMC,Rice,2026-03-05,Other,10.5,3450.0,4850.0,4430.0
Maharashtra,APMC VASAI,Rice,2026-03-06,1009 Kar,39.5,3560.0,4250.0,4150.0
Maharashtra,Alibagh APMC,Rice,2026-03-06,Other,1.0,2500.0,2700.0,2600.0
Maharashtra,Bhandara APMC,Rice,2026-03-06,1009 Kar,0.3,4500.0,4600.0,4580.0
Maharashtra,Bhandara APMC,Rice,2026-03-06,Other,1.3,2700.0,3100.0,2950.0
Maharashtra,Kalyan APMC,Rice,2026-03-06,Other,0.3,3500.0,9000.0,6250.0
Maharashtra,Kolhapur(Laxmipuri) APMC,Rice,2026-03-06,1009 Kar,7.8,2500.0,9500.0,6000.0
Maharashtra,Mangaon APMC,Rice,2026-03-06,Other,7.6,2000.0,4800.0,3800.0
Maharashtra,Mumbai APMC,Rice,2026-03-06,Other,161.0,6000.0,10200.0,9250.0
Maharashtra,Murud APMC,Rice,2026-03-06,Other,1.0,2500.0,2700.0,2600.0
Maharashtra,Palghar APMC,Rice,2026-03-06,1009 Kar,19.0,4450.0,4450.0,4450.0
Maharashtra,Pune APMC,Rice,2026-03-06,Other,53.1,4000.0,6700.0,5350.0
Maharashtra,SHRI.SIDDHESHWAR  APMC,Rice,2026-03-06,Other,96.6,3550.0,6410.0,3735.0
Maharashtra,Sangli APMC,Rice,2026-03-06,Other,53.4,3800.0,7500.0,5650.0
Maharashtra,Ulhasnagar APMC,Rice,2026-03-06,Other,57.0,4000.0,5000.0,4500.0
Maharashtra,APMC VASAI,Rice,2026-03-07,1009 Kar,34.5,3750.0,4750.0,4450.0
Maharashtra,Alibagh APMC,Rice,2026-03-07,Other,1.0,2500.0,2700.0,2600.0
Maharashtra,Bhandara APMC,Rice,2026-03-07,1009 Kar,0.5,4400.0,4500.0,4460.0
Maharashtra,Bhandara APMC,Rice,2026-03-07,Other,1.0,3100.0,3100.0,3100.0
Maharashtra,Karjat(Raigad) APMC,Rice,2026-03-07,Other,38.5,4000.0,5700.0,5200.0
Maharashtra,Kolhapur(Laxmipuri) APMC,Rice,2026-03-07,1009 Kar,2.4,2600.0,9500.0,6000.0
Maharashtra,Mangaon APMC,Rice,2026-03-07,Other,6.0,1900.0,4800.0,3800.0
Maharashtra,Murud APMC,Rice,2026-03-07,Other,1.0,2500.0,2700.0,2600.0
Maharashtra,Palghar APMC,Rice,2026-03-07,1009 Kar,34.0,4950.0,4950.0,4950.0
Maharashtra,Pune APMC,Rice,2026-03-07,Other,52.7,4200.0,7000.0,5600.0
Maharashtra,SHRI.SIDDHESHWAR  APMC,Rice,2026-03-07,Other,95.1,3540.0,6400.0,3715.0
Maharashtra,Sangli APMC,Rice,2026-03-07,Other,10.5,4000.0,8000.0,6000.0
Maharashtra,Umared APMC,Rice,2026-03-07,Other,8.7,3450.0,4850.0,4260.0
Maharashtra,Alibagh APMC,Rice,2026-03-08,Other,1.0,2500.0,2700.0,2600.0
Maharashtra,Kalyan APMC,Rice,2026-03-08,Other,0.3,3500.0,9000.0,6250.0
Maharashtra,Karjat(Raigad) APMC,Rice,2026-03-08,Other,13.5,3800.0,5700.0,5100.0
Maharashtra,Murud APMC,Rice,2026-03-08,Other,1.0,2500.0,2700.0,2600.0
Maharashtra,Palghar APMC,Rice,2026-03-08,1009 Kar,11.0,5201.0,5201.0,5201.0
Maharashtra,Tumsar APMC,Rice,2026-03-08,Other,1.1,3851.0,3851.0,3851.0
Maharashtra,Ulhasnagar APMC,Rice,2026-03-08,Other,55.0,4500.0,6500.0,5500.0
Maharashtra,APMC VASAI,Rice,2026-03-09,1009 Kar,37.0,3750.0,4960.0,4450.0
Maharashtra,Alibagh APMC,Rice,2026-03-09,Other,1.0,2500.0,2700.0,2600.0
Maharashtra,Bhandara APMC,Rice,2026-03-09,Other,1.4,3000.0,4000.0,3030.0
Maharashtra,Kalyan APMC,Rice,2026-03-09,Other,0.3,3400.0,9000.0,6250.0
Maharashtra,Karjat(Raigad) APMC,Rice,2026-03-09,Other,7.9,3800.0,5800.0,5200.0
Maharashtra,Kolhapur(Laxmipuri) APMC,Rice,2026-03-09,1009 Kar,10.0,2600.0,9500.0,6050.0
Maharashtra,Mangaon APMC,Rice,2026-03-09,Other,6.8,2000.0,4800.0,3800.0
Maharashtra,Mumbai APMC,Rice,2026-03-09,Other,1478.4,3000.0,6000.0,4500.0
Maharashtra,Murud APMC,Rice,2026-03-09,Other,1.0,2500.0,2700.0,2600.0
Maharashtra,Nagpur APMC,Rice,2026-03-09,Other,10.0,6200.0,6500.0,6425.0
Maharashtra,Palghar APMC,Rice,2026-03-09,1009 Kar,24.0,4825.0,4825.0,4825.0
Maharashtra,Pune APMC,Rice,2026-03-09,Other,5.4,8200.0,11200.0,9700.0
Maharashtra,SHRI.SIDDHESHWAR  APMC,Rice,2026-03-09,Other,93.5,3525.0,6410.0,3700.0
Maharashtra,Sangli APMC,Rice,2026-03-09,Other,35.6,4000.0,8000.0,6000.0
Maharashtra,Ulhasnagar APMC,Rice,2026-03-09,Other,50.0,4000.0,5000.0,4500.0
Maharashtra,APMC VASAI,Rice,2026-03-10,1009 Kar,37.5,3750.0,4250.0,4150.0
Maharashtra,Alibagh APMC,Rice,2026-03-10,Other,1.0,2500.0,2700.0,2600.0
Maharashtra,Bhandara APMC,Rice,2026-03-10,Other,2.4,3000.0,3000.0,3000.0
Maharashtra,Kalyan APMC,Rice,2026-03-10,Other,0.3,3600.0,8800.0,6200.0
Maharashtra,Karjat(Raigad) APMC,Rice,2026-03-10,Other,9.0,3900.0,5600.0,5200.0
Maharashtra,Kolhapur(Laxmipuri) APMC,Rice,2026-03-10,1009 Kar,12.1,2600.0,9500.0,6100.0
Maharashtra,Mangaon APMC,Rice,2026-03-10,Other,8.0,1900.0,4800.0,3800.0
Maharashtra,Mumbai APMC,Rice,2026-03-10,Other,56.4,6000.0,10200.0,9250.0
Maharashtra,Murud APMC,Rice,2026-03-10,Other,1.0,2500.0,2700.0,2600.0
Maharashtra,Palghar APMC,Rice,2026-03-10,1009 Kar,62.6,4725.0,4725.0,4725.0
Maharashtra,Pune APMC,Rice,2026-03-10,Other,53.1,4400.0,7000.0,5650.0
Maharashtra,SHRI.SIDDHESHWAR  APMC,Rice,2026-03-10,Other,91.0,3500.0,6415.0,3690.0
Maharashtra,Sangli APMC,Rice,2026-03-10,Other,47.8,3800.0,7500.0,5650.0
Maharashtra,APMC VASAI,Rice,2026-03-11,1009 Kar,37.0,3750.0,4750.0,4450.0
Maharashtra,Alibagh APMC,Rice,2026-03-11,Other,1.0,2500.0,2700.0,2600.0
Maharashtra,Kalyan APMC,Rice,2026-03-11,Other,0.3,3600.0,8800.0,6200.0
Maharashtra,Karjat(Raigad) APMC,Rice,2026-03-11,Other,6.8,3700.0,5600.0,5000.0
Maharashtra,Mangaon APMC,Rice,2026-03-11,Other,6.8,1900.0,4800.0,3800.0
Maharashtra,Mumbai APMC,Rice,2026-03-11,Other,230.7,6000.0,10200.0,9250.0
Maharashtra,Murud APMC,Rice,2026-03-11,Other,1.0,2500.0,2700.0,2600.0
Maharashtra,Nagpur APMC,Rice,2026-03-11,Other,10.0,6200.0,6500.0,6425.0
Maharashtra,Palghar APMC,Rice,2026-03-11,1009 Kar,31.0,4600.0,4600.0,4600.0
Maharashtra,Pune APMC,Rice,2026-03-11,Other,53.3,4400.0,7000.0,5650.0
Maharashtra,SHRI.SIDDHESHWAR  APMC,Rice,2026-03-11,Other,90.1,3490.0,6425.0,3680.0
Maharashtra,Sangli APMC,Rice,2026-03-11,Other,43.6,4000.0,8000.0,6000.0
Maharashtra,Tumsar APMC,Rice,2026-03-11,Other,0.1,5500.0,5500.0,5500.0
Maharashtra,APMC VASAI,Rice,2026-03-12,1009 Kar,32.5,2860.0,4960.0,3540.0
Maharashtra,Alibagh APMC,Rice,2026-03-12,Other,1.0,2500.0,2700.0,2600.0
Maharashtra,Bhandara APMC,Rice,2026-03-12,1009 Kar,2.5,4200.0,4700.0,4600.0
Maharashtra,Bhandara APMC,Rice,2026-03-12,Other,3.6,3000.0,3050.0,3010.0
Maharashtra,Kalyan APMC,Rice,2026-03-12,Other,0.3,3600.0,8800.0,6200.0
Maharashtra,Karjat(Raigad) APMC,Rice,2026-03-12,Other,31.7,3800.0,5600.0,5100.0
Maharashtra,Kolhapur(Laxmipuri) APMC,Rice,2026-03-12,1009 Kar,13.6,2600.0,9700.0,6200.0
Maharashtra,Mangaon APMC,Rice,2026-03-12,Other,5.8,2000.0,4800.0,3800.0
Maharashtra,Mumbai APMC,Rice,2026-03-12,Other,1475.9,3000.0,6000.0,4500.0
Maharashtra,Murud APMC,Rice,2026-03-12,Other,1.0,2500.0,2700.0,2600.0
Maharashtra,Nagpur APMC,Rice,2026-03-12,Other,4.8,3000.0,3200.0,3150.0
Maharashtra,Palghar APMC,Rice,2026-03-12,1009 Kar,34.5,4450.0,4450.0,4450.0
Maharashtra,Pune APMC,Rice,2026-03-12,Other,5.5,8200.0,11000.0,9600.0
Maharashtra,SHRI.SIDDHESHWAR  APMC,Rice,2026-03-12,Other,87.6,3470.0,6435.0,3670.0
Maharashtra,Sangli APMC,Rice,2026-03-12,Other,15.9,4000.0,8000.0,6000.0
Maharashtra,Ulhasnagar APMC,Rice,2026-03-12,Other,61.0,4000.0,5000.0,4500.0
Maharashtra,Umared APMC,Rice,2026-03-12,Other,16.0,3400.0,4800.0,4150.0
Maharashtra,APMC VASAI,Rice,2026-03-13,1009 Kar,37.5,2980.0,4920.0,3790.0
Maharashtra,Alibagh APMC,Rice,2026-03-13,Other,1.0,2500.0,2700.0,2600.0
Maharashtra,Bhandara APMC,Rice,2026-03-13,Other,1.1,3040.0,3040.0,3040.0
Maharashtra,Kalyan APMC,Rice,2026-03-13,Other,0.3,3600.0,8800.0,6200.0
Maharashtra,Mangaon APMC,Rice,2026-03-13,Other,5.8,1900.0,4800.0,3800.0
Maharashtra,Mumbai APMC,Rice,2026-03-13,Other,1517.5,3000.0,6000.0,4500.0
Maharashtra,Murud APMC,Rice,2026-03-13,Other,1.0,2500.0,2700.0,2600.0
Maharashtra,Nagpur APMC,Rice,2026-03-13,Other,10.0,3500.0,3800.0,3725.0
Maharashtra,Palghar APMC,Rice,2026-03-13,1009 Kar,27.0,4545.0,4545.0,4545.0
Maharashtra,Pune APMC,Rice,2026-03-13,Other,53.4,4300.0,7200.0,5750.0
Maharashtra,SHRI.SIDDHESHWAR  APMC,Rice,2026-03-13,Other,84.8,3460.0,6445.0,3660.0
Maharashtra,Sangli APMC,Rice,2026-03-13,Other,11.4,4000.0,8000.0,6000.0
Maharashtra,Ulhasnagar APMC,Rice,2026-03-13,Other,51.0,4000.0,6000.0,5000.0
Maharashtra,Alibagh APMC,Rice,2026-03-14,Other,1.0,2500.0,2700.0,2600.0
Maharashtra,Bhandara APMC,Rice,2026-03-14,1009 Kar,0.1,4500.0,4500.0,4500.0
Maharashtra,Bhandara APMC,Rice,2026-03-14,Other,1.8,3100.0,3100.0,3100.0
Maharashtra,Karjat(Raigad) APMC,Rice,2026-03-14,Other,29.9,4000.0,5700.0,5200.0
Maharashtra,Murud APMC,Rice,2026-03-14,Other,1.0,2500.0,2700.0,2600.0
Maharashtra,Nagpur APMC,Rice,2026-03-14,Other,8.7,3500.0,3800.0,3725.0
Maharashtra,Pune APMC,Rice,2026-03-14,Other,53.6,4400.0,7000.0,5650.0
Maharashtra,SHRI.SIDDHESHWAR  APMC,Rice,2026-03-14,Other,86.1,3450.0,6455.0,3655.0
Maharashtra,Sangli APMC,Rice,2026-03-14,Other,14.1,4000.0,8000.0,6000.0
Maharashtra,Umared APMC,Rice,2026-03-14,Other,5.4,3400.0,4800.0,4250.0
Maharashtra,Alibagh APMC,Rice,2026-03-15,Other,1.0,2500.0,2700.0,2600.0
Maharashtra,Kalyan APMC,Rice,2026-03-15,Other,0.3,3600.0,8800.0,6200.0
Maharashtra,Murud APMC,Rice,2026-03-15,Other,1.0,2500.0,2700.0,2600.0
Maharashtra,Palghar APMC,Rice,2026-03-15,1009 Kar,11.5,4601.0,4601.0,4601.0
Maharashtra,Tumsar APMC,Rice,2026-03-15,Other,1.8,4200.0,4200.0,4200.0
Maharashtra,APMC VASAI,Rice,2026-03-16,1009 Kar,35.0,3450.0,4850.0,4260.0
Maharashtra,Alibagh APMC,Rice,2026-03-16,Other,1.0,2500.0,2700.0,2600.0
Maharashtra,Bhandara APMC,Rice,2026-03-16,1009 Kar,0.1,4000.0,4000.0,4000.0
Maharashtra,Kalyan APMC,Rice,2026-03-16,Other,0.3,3600.0,8800.0,6200.0
Maharashtra,Karjat(Raigad) APMC,Rice,2026-03-16,Other,10.5,4000.0,5600.0,5200.0
Maharashtra,Kolhapur(Laxmipuri) APMC,Rice,2026-03-16,1009 Kar,13.0,2400.0,9500.0,5950.0
Maharashtra,Mangaon APMC,Rice,2026-03-16,Other,4.8,1900.0,4800.0,3800.0
Maharashtra,Mumbai APMC,Rice,2026-03-16,Other,205.5,6000.0,10200.0,9250.0
Maharashtra,Murud APMC,Rice,2026-03-16,Other,1.0,2500.0,2700.0,2600.0
Maharashtra,Nagpur APMC,Rice,2026-03-16,Other,5.0,3000.0,3200.0,3150.0
Maharashtra,Palghar APMC,Rice,2026-03-16,1009 Kar,21.0,4801.0,4801.0,4801.0
Maharashtra,Pune APMC,Rice,2026-03-16,Other,46.2,3200.0,3600.0,3400.0
Maharashtra,SHRI.SIDDHESHWAR  APMC,Rice,2026-03-16,Other,84.6,3430.0,6465.0,3650.0
Maharashtra,Sangli APMC,Rice,2026-03-16,Other,5.6,4000.0,8000.0,6000.0
Maharashtra,APMC VASAI,Rice,2026-03-17,1009 Kar,39.5,3750.0,4850.0,4450.0
Maharashtra,Alibagh APMC,Rice,2026-03-17,Other,1.0,2500.0,2700.0,2600.0
Maharashtra,Bhandara APMC,Rice,2026-03-17,1009 Kar,1.0,3100.0,3100.0,3100.0
Maharashtra,Kalyan APMC,Rice,2026-03-17,Other,0.3,3600.0,8800.0,6200.0
Maharashtra,Karjat(Raigad) APMC,Rice,2026-03-17,Other,6.1,4000.0,5500.0,5000.0
Maharashtra,Kolhapur(Laxmipuri) APMC,Rice,2026-03-17,1009 Kar,6.0,2600.0,8500.0,5550.0
Maharashtra,Mangaon APMC,Rice,2026-03-17,Other,5.8,1900.0,4800.0,3800.0
Maharashtra,Mumbai APMC,Rice,2026-03-17,Other,177.4,6000.0,10200.0,9250.0
Maharashtra,Murud APMC,Rice,2026-03-17,Other,1.0,2500.0,2700.0,2600.0
Maharashtra,Nagpur APMC,Rice,2026-03-17,Other,7.0,3000.0,3200.0,3150.0
Maharashtra,Palghar APMC,Rice,2026-03-17,1009 Kar,71.0,4650.0,4650.0,4650.0
Maharashtra,Pune APMC,Rice,2026-03-17,Other,5.5,8400.0,11200.0,9800.0
Maharashtra,SHRI.SIDDHESHWAR  APMC,Rice,2026-03-17,Other,83.2,3420.0,6475.0,3670.0
Maharashtra,Sangli APMC,Rice,2026-03-17,Other,104.5,4000.0,8000.0,6000.0
Maharashtra,APMC VASAI,Rice,2026-03-18,1009 Kar,36.5,3250.0,4250.0,3950.0
Maharashtra,Alibagh APMC,Rice,2026-03-18,Other,1.0,2500.0,2700.0,2600.0
Maharashtra,Kalyan APMC,Rice,2026-03-18,Other,0.3,3600.0,8800.0,6200.0
Maharashtra,Karjat(Raigad) APMC,Rice,2026-03-18,Other,7.8,3800.0,5700.0,5100.0
Maharashtra,Mangaon APMC,Rice,2026-03-18,Other,5.8,2000.0,4800.0,3800.0
Maharashtra,Mumbai APMC,Rice,2026-03-18,Other,1509.6,3000.0,6000.0,4500.0
Maharashtra,Murud APMC,Rice,2026-03-18,Other,1.0,2500.0,2700.0,2600.0
Maharashtra,Nagpur APMC,Rice,2026-03-18,Other,10.0,6500.0,7000.0,6875.0
Maharashtra,Palghar APMC,Rice,2026-03-18,1009 Kar,34.0,4550.0,4550.0,4550.0
Maharashtra,Pune APMC,Rice,2026-03-18,Other,5.6,8200.0,11200.0,9700.0
Maharashtra,SHRI.SIDDHESHWAR  APMC,Rice,2026-03-18,Other,82.4,3410.0,6485.0,3660.0
Maharashtra,Sangli APMC,Rice,2026-03-18,Other,26.1,3800.0,7500.0,5650.0
Maharashtra,Alibagh APMC,Rice,2026-03-19,Other,1.0,2500.0,2700.0,2600.0
Maharashtra,Kalyan APMC,Rice,2026-03-19,Other,0.3,3600.0,8800.0,6200.0
Maharashtra,Karjat(Raigad) APMC,Rice,2026-03-19,Other,11.9,3800.0,5000.0,4600.0
Maharashtra,Kolhapur(Laxmipuri) APMC,Rice,2026-03-19,1009 Kar,25.2,2500.0,9100.0,5800.0
Maharashtra,Mangaon APMC,Rice,2026-03-19,Other,5.8,2000.0,4800.0,3800.0
Maharashtra,Murud APMC,Rice,2026-03-19,Other,1.0,2500.0,2700.0,2600.0
Maharashtra,Palghar APMC,Rice,2026-03-19,1009 Kar,14.0,4801.0,4801.0,4801.0
Maharashtra,Pune APMC,Rice,2026-03-19,Other,53.8,4200.0,7200.0,5700.0
Maharashtra,APMC VASAI,Rice,2026-03-20,1009 Kar,15.0,3250.0,4960.0,4260.0
Maharashtra,Alibagh APMC,Rice,2026-03-20,Other,1.0,2500.0,2700.0,2600.0
Maharashtra,Bhandara APMC,Rice,2026-03-20,1009 Kar,0.2,4600.0,4600.0,4600.0
Maharashtra,Bhandara APMC,Rice,2026-03-20,Other,4.3,3000.0,3100.0,3080.0
Maharashtra,Kalyan APMC,Rice,2026-03-20,Other,0.3,3600.0,8800.0,6200.0
Maharashtra,Kolhapur(Laxmipuri) APMC,Rice,2026-03-20,1009 Kar,18.3,2400.0,8900.0,5650.0
Maharashtra,Mangaon APMC,Rice,2026-03-20,Other,6.9,1900.0,4800.0,3800.0
Maharashtra,Mumbai APMC,Rice,2026-03-20,Other,296.5,6000.0,10200.0,9250.0
Maharashtra,Murud APMC,Rice,2026-03-20,Other,1.0,2500.0,2700.0,2600.0
Maharashtra,Nagpur APMC,Rice,2026-03-20,Other,12.2,3000.0,3200.0,3150.0
Maharashtra,Palghar APMC,Rice,2026-03-20,1009 Kar,25.0,4825.0,4825.0,4825.0
Maharashtra,Pune APMC,Rice,2026-03-20,Other,5.7,8200.0,11300.0,9750.0
Maharashtra,SHRI.SIDDHESHWAR  APMC,Rice,2026-03-20,Other,40.1,3400.0,6500.0,3640.0
Maharashtra,Sangli APMC,Rice,2026-03-20,Other,13.7,3800.0,7500.0,5650.0
Maharashtra,Alibagh APMC,Rice,2026-03-21,Other,1.0,2500.0,2700.0,2600.0
Maharashtra,Karjat(Raigad) APMC,Rice,2026-03-21,Other,5.9,3700.0,5500.0,4800.0
Maharashtra,Mangaon APMC,Rice,2026-03-21,Other,5.9,1900.0,4800.0,3800.0
Maharashtra,Mumbai APMC,Rice,2026-03-21,Other,163.3,6000.0,10200.0,9250.0
Maharashtra,Murud APMC,Rice,2026-03-21,Other,1.0,2500.0,2700.0,2600.0
Maharashtra,Palghar APMC,Rice,2026-03-21,1009 Kar,16.0,4725.0,4725.0,4725.0
Maharashtra,Pune APMC,Rice,2026-03-21,Other,54.2,4200.0,7300.0,5750.0
Maharashtra,Umared APMC,Rice,2026-03-21,Other,5.8,3650.0,4800.0,4350.0
Maharashtra,Alibagh APMC,Rice,2026-03-22,Other,1.0,2500.0,2700.0,2600.0
Maharashtra,Kalyan APMC,Rice,2026-03-22,Other,0.3,3600.0,8800.0,6200.0
Maharashtra,Murud APMC,Rice,2026-03-22,Other,1.0,2500.0,2700.0,2600.0
Maharashtra,Palghar APMC,Rice,2026-03-22,1009 Kar,10.0,4400.0,4400.0,4400.0
Maharashtra,APMC VASAI,Rice,2026-03-23,1009 Kar,37.5,3450.0,4250.0,3950.0
Maharashtra,Alibagh APMC,Rice,2026-03-23,Other,1.0,2500.0,2700.0,2600.0
Maharashtra,Bhandara APMC,Rice,2026-03-23,1009 Kar,0.1,4600.0,4600.0,4600.0
Maharashtra,Bhandara APMC,Rice,2026-03-23,Other,1.3,3080.0,3080.0,3080.0
Maharashtra,Kalyan APMC,Rice,2026-03-23,Other,0.3,4000.0,8000.0,6000.0
Maharashtra,Karjat(Raigad) APMC,Rice,2026-03-23,Other,26.6,4000.0,5500.0,5000.0
Maharashtra,Mangaon APMC,Rice,2026-03-23,Other,6.2,1900.0,4800.0,3800.0
Maharashtra,Murud APMC,Rice,2026-03-23,Other,1.0,2500.0,2700.0,2600.0
Maharashtra,Nagpur APMC,Rice,2026-03-23,Other,5.0,3000.0,3200.0,3150.0
Maharashtra,Palghar APMC,Rice,2026-03-23,1009 Kar,30.0,4500.0,4500.0,4500.0
Maharashtra,Pune APMC,Rice,2026-03-23,Other,5.3,8200.0,11400.0,9800.0
Maharashtra,SHRI.SIDDHESHWAR  APMC,Rice,2026-03-23,Other,63.9,3380.0,6510.0,3645.0
Maharashtra,Sangli APMC,Rice,2026-03-23,Other,43.6,4000.0,8000.0,6000.0
Maharashtra,Tumsar APMC,Rice,2026-03-23,Other,0.5,4200.0,4800.0,4600.0
Maharashtra,APMC VASAI,Rice,2026-03-24,1009 Kar,37.0,3560.0,4850.0,4260.0
Maharashtra,Alibagh APMC,Rice,2026-03-24,Other,1.0,2500.0,2700.0,2600.0
Maharashtra,Bhandara APMC,Rice,2026-03-24,1009 Kar,1.1,3100.0,3100.0,3100.0
Maharashtra,Kalyan APMC,Rice,2026-03-24,Other,0.3,4000.0,8000.0,6000.0
Maharashtra,Karjat(Raigad) APMC,Rice,2026-03-24,Other,14.5,3800.0,5500.0,5000.0
Maharashtra,Mangaon APMC,Rice,2026-03-24,Other,4.8,1900.0,4800.0,3800.0
Maharashtra,Mumbai APMC,Rice,2026-03-24,Other,374.8,6000.0,10200.0,9250.0
Maharashtra,Murud APMC,Rice,2026-03-24,Other,1.0,2500.0,2700.0,2600.0
Maharashtra,Nagpur APMC,Rice,2026-03-24,Other,10.0,3500.0,3800.0,3725.0
Maharashtra,Palghar APMC,Rice,2026-03-24,1009 Kar,32.2,4825.0,4825.0,4825.0
Maharashtra,Pune APMC,Rice,2026-03-24,Other,5.5,8200.0,11300.0,9750.0
Maharashtra,SHRI.SIDDHESHWAR  APMC,Rice,2026-03-24,Other,71.1,3370.0,6520.0,3630.0
Maharashtra,Sangli APMC,Rice,2026-03-24,Other,48.2,3800.0,7500.0,5650.0
Maharashtra,APMC VASAI,Rice,2026-03-25,1009 Kar,34.0,3450.0,4850.0,3950.0
Maharashtra,Alibagh APMC,Rice,2026-03-25,Other,5.0,2500.0,2700.0,2600.0
Maharashtra,Karjat(Raigad) APMC,Rice,2026-03-25,Other,13.8,3800.0,5500.0,4800.0
Maharashtra,Kolhapur(Laxmipuri) APMC,Rice,2026-03-25,1009 Kar,8.2,2600.0,9800.0,6200.0
Maharashtra,Mangaon APMC,Rice,2026-03-25,Other,6.2,1900.0,4800.0,3800.0
Maharashtra,Mumbai APMC,Rice,2026-03-25,Other,254.4,6000.0,10200.0,9250.0
Maharashtra,Murud APMC,Rice,2026-03-25,Other,1.0,2500.0,2700.0,2600.0
Maharashtra,Nagpur APMC,Rice,2026-03-25,Other,10.0,3500.0,3800.0,3650.0
Maharashtra,Palghar APMC,Rice,2026-03-25,1009 Kar,34.0,4900.0,4900.0,4900.0
Maharashtra,Pune APMC,Rice,2026-03-25,Other,5.8,8200.0,11300.0,9750.0
Maharashtra,SHRI.SIDDHESHWAR  APMC,Rice,2026-03-25,Other,72.6,3355.0,6530.0,3620.0
Maharashtra,Sangli APMC,Rice,2026-03-25,Other,15.3,3800.0,7500.0,5650.0
Maharashtra,Alibagh APMC,Rice,2026-03-26,Other,1.0,2500.0,2700.0,2600.0
Maharashtra,Kalyan APMC,Rice,2026-03-26,Other,0.3,4000.0,8000.0,6000.0
Maharashtra,Karjat(Raigad) APMC,Rice,2026-03-26,Other,41.3,3800.0,5600.0,5200.0
Maharashtra,Mangaon APMC,Rice,2026-03-26,Other,5.6,1900.0,4800.0,3800.0
Maharashtra,Mumbai APMC,Rice,2026-03-26,Other,1571.3,3000.0,6000.0,4500.0
Maharashtra,Murud APMC,Rice,2026-03-26,Other,1.0,2500.0,2700.0,2600.0
Maharashtra,Palghar APMC,Rice,2026-03-26,1009 Kar,16.0,4439.0,4439.0,4439.0
Maharashtra,Pune APMC,Rice,2026-03-26,Other,54.9,4300.0,7200.0,5750.0
Maharashtra,APMC VASAI,Rice,2026-03-27,1009 Kar,37.0,3750.0,4850.0,4260.0
Maharashtra,Alibagh APMC,Rice,2026-03-27,Other,1.0,2500.0,2700.0,2600.0
Maharashtra,Kalyan APMC,Rice,2026-03-27,Other,0.3,4000.0,8000.0,6000.0
Maharashtra,Mangaon APMC,Rice,2026-03-27,Other,5.8,1900.0,4800.0,3800.0
Maharashtra,Mumbai APMC,Rice,2026-03-27,Other,291.8,6000.0,10200.0,9250.0
Maharashtra,Murud APMC,Rice,2026-03-27,Other,1.0,2500.0,2700.0,2600.0
Maharashtra,Nagpur APMC,Rice,2026-03-27,Other,10.0,3500.0,3800.0,3650.0
Maharashtra,Palghar APMC,Rice,2026-03-27,1009 Kar,26.0,4250.0,4250.0,4250.0
Maharashtra,Pune APMC,Rice,2026-03-27,Other,54.8,4200.0,7000.0,5600.0
Maharashtra,SHRI.SIDDHESHWAR  APMC,Rice,2026-03-27,Other,73.9,3350.0,6540.0,3610.0
Maharashtra,Sangli APMC,Rice,2026-03-27,Other,12.9,4000.0,8000.0,6000.0
Maharashtra,Alibagh APMC,Rice,2026-03-28,Other,1.0,2500.0,2700.0,2600.0
Maharashtra,Bhandara APMC,Rice,2026-03-28,1009 Kar,0.8,3100.0,3100.0,3100.0
Maharashtra,Bhandara APMC,Rice,2026-03-28,Other,0.6,2500.0,2700.0,2530.0
Maharashtra,Karjat(Raigad) APMC,Rice,2026-03-28,Other,8.5,3700.0,5700.0,5000.0
Maharashtra,Mangaon APMC,Rice,2026-03-28,Other,5.8,1900.0,4800.0,3800.0
Maharashtra,Mumbai APMC,Rice,2026-03-28,Other,309.0,6000.0,10200.0,9250.0
Maharashtra,Murud APMC,Rice,2026-03-28,Other,1.0,2500.0,2700.0,2600.0
Maharashtra,Nagpur APMC,Rice,2026-03-28,Other,10.0,5000.0,5400.0,5300.0
Maharashtra,Palghar APMC,Rice,2026-03-28,1009 Kar,31.0,4274.0,4274.0,4274.0
Maharashtra,Pune APMC,Rice,2026-03-28,Other,54.5,4200.0,7200.0,5700.0
Maharashtra,SHRI.SIDDHESHWAR  APMC,Rice,2026-03-28,Other,75.1,3360.0,6550.0,3620.0
Maharashtra,Sangli APMC,Rice,2026-03-28,Other,33.9,3800.0,7500.0,5650.0
Maharashtra,Umared APMC,Rice,2026-03-28,Other,24.9,3400.0,4850.0,4420.0
Maharashtra,Alibagh APMC,Rice,2026-03-29,Other,1.0,2500.0,2700.0,2600.0
Maharashtra,Kalyan APMC,Rice,2026-03-29,Other,0.3,4000.0,8000.0,6000.0
Maharashtra,Karjat(Raigad) APMC,Rice,2026-03-29,Other,70.0,3600.0,5500.0,4900.0
Maharashtra,Murud APMC,Rice,2026-03-29,Other,1.0,2500.0,2700.0,2600.0
Maharashtra,Palghar APMC,Rice,2026-03-29,1009 Kar,11.5,4400.0,4400.0,4400.0
Maharashtra,Tumsar APMC,Rice,2026-03-29,Other,0.1,4100.0,4100.0,4100.0
Maharashtra,APMC VASAI,Rice,2026-03-30,1009 Kar,23.0,3450.0,4970.0,4490.0
Maharashtra,Alibagh APMC,Rice,2026-03-30,Other,1.0,2500.0,2700.0,2600.0
Maharashtra,Bhandara APMC,Rice,2026-03-30,Other,0.1,3100.0,3100.0,3100.0
Maharashtra,Kalyan APMC,Rice,2026-03-30,Other,0.3,4000.0,8000.0,6000.0
Maharashtra,Karjat(Raigad) APMC,Rice,2026-03-30,Other,44.6,3600.0,5200.0,4700.0
Maharashtra,Kolhapur(Laxmipuri) APMC,Rice,2026-03-30,1009 Kar,4.2,2700.0,8900.0,5800.0
Maharashtra,Mangaon APMC,Rice,2026-03-30,Other,5.6,1900.0,4800.0,3800.0
Maharashtra,Mumbai APMC,Rice,2026-03-30,Other,2492.6,3000.0,6000.0,4500.0
Maharashtra,Murud APMC,Rice,2026-03-30,Other,1.0,2500.0,2700.0,2600.0
Maharashtra,Nagpur APMC,Rice,2026-03-30,Other,10.0,3500.0,3800.0,3725.0
Maharashtra,Palghar APMC,Rice,2026-03-30,1009 Kar,24.0,4600.0,4600.0,4600.0
Maharashtra,Pune APMC,Rice,2026-03-30,Other,54.2,4200.0,7200.0,5700.0
Maharashtra,SHRI.SIDDHESHWAR  APMC,Rice,2026-03-30,Other,72.9,3365.0,6570.0,3600.0
Maharashtra,Ulhasnagar APMC,Rice,2026-03-30,Other,56.0,4000.0,5000.0,4500.0
Maharashtra,Alibagh APMC,Rice,2026-03-31,Other,1.0,2500.0,2700.0,2600.0
Maharashtra,Kalyan APMC,Rice,2026-03-31,Other,0.3,4000.0,8000.0,6000.0
Maharashtra,Karjat(Raigad) APMC,Rice,2026-03-31,Other,7.2,3700.0,5500.0,4800.0
Maharashtra,Mangaon APMC,Rice,2026-03-31,Other,5.8,1900.0,4800.0,3800.0
Maharashtra,Mumbai APMC,Rice,2026-03-31,Other,1866.0,3000.0,6000.0,4500.0
Maharashtra,Murud APMC,Rice,2026-03-31,Other,1.0,2500.0,2700.0,2600.0
Maharashtra,Pune APMC,Rice,2026-03-31,Other,54.5,4200.0,7000.0,5600.0
Maharashtra,SHRI.SIDDHESHWAR  APMC,Rice,2026-03-31,Other,70.1,3370.0,6580.0,3605.0
Maharashtra,Ulhasnagar APMC,Rice,2026-03-31,Other,50.0,3500.0,4500.0,4000.0
Maharashtra,APMC VASAI,Rice,2026-04-01,1009 Kar,21.5,3750.0,4960.0,4260.0
Maharashtra,Alibagh APMC,Rice,2026-04-01,Other,1.0,2500.0,2700.0,2600.0
Maharashtra,Kalyan APMC,Rice,2026-04-01,Other,0.3,4000.0,8000.0,6000.0
Maharashtra,Mangaon APMC,Rice,2026-04-01,Other,2.0,1900.0,4800.0,3800.0
Maharashtra,Mumbai APMC,Rice,2026-04-01,Other,242.6,6000.0,10200.0,9250.0
Maharashtra,Murud APMC,Rice,2026-04-01,Other,1.0,2500.0,2700.0,2600.0
Maharashtra,Palghar APMC,Rice,2026-04-01,1009 Kar,68.5,5245.0,5245.0,5245.0
Maharashtra,SHRI.SIDDHESHWAR  APMC,Rice,2026-04-01,Other,71.6,3360.0,6570.0,3600.0
Maharashtra,Ulhasnagar APMC,Rice,2026-04-01,Other,57.0,4000.0,6000.0,5000.0
Maharashtra,APMC VASAI,Rice,2026-04-02,1009 Kar,36.5,3250.0,4850.0,4450.0
Maharashtra,Alibagh APMC,Rice,2026-04-02,Other,1.0,2500.0,2700.0,2600.0
Maharashtra,Karjat(Raigad) APMC,Rice,2026-04-02,Other,3.5,3800.0,5200.0,4700.0
Maharashtra,Mangaon APMC,Rice,2026-04-02,Other,2.1,1900.0,4800.0,3800.0
Maharashtra,Mumbai APMC,Rice,2026-04-02,Other,371.2,6000.0,10200.0,9250.0
Maharashtra,Murud APMC,Rice,2026-04-02,Other,1.0,2500.0,2700.0,2600.0
Maharashtra,Nagpur APMC,Rice,2026-04-02,Other,6.0,3500.0,3800.0,3725.0
Maharashtra,Palghar APMC,Rice,2026-04-02,1009 Kar,34.0,4950.0,4950.0,4950.0
Maharashtra,SHRI.SIDDHESHWAR  APMC,Rice,2026-04-02,Other,73.2,3365.0,6580.0,3610.0
Maharashtra,Ulhasnagar APMC,Rice,2026-04-02,Other,55.0,4000.0,5000.0,4500.0
Maharashtra,Alibagh APMC,Rice,2026-04-03,Other,1.0,2500.0,2700.0,2600.0
Maharashtra,Mangaon APMC,Rice,2026-04-03,Other,2.0,1900.0,4800.0,3800.0
Maharashtra,Mumbai APMC,Rice,2026-04-03,Other,180.7,6000.0,10200.0,9250.0
Maharashtra,Murud APMC,Rice,2026-04-03,Other,1.0,2500.0,2700.0,2600.0
Maharashtra,Palghar APMC,Rice,2026-04-03,1009 Kar,19.0,4575.0,4575.0,4575.0
Maharashtra,Pune APMC,Rice,2026-04-03,Other,54.8,4000.0,7000.0,5500.0
Maharashtra,SHRI.SIDDHESHWAR  APMC,Rice,2026-04-03,Other,74.8,3360.0,6585.0,3615.0
Maharashtra,APMC VASAI,Rice,2026-04-04,1009 Kar,37.0,3560.0,4850.0,4450.0
Maharashtra,Alibagh APMC,Rice,2026-04-04,Other,1.0,2500.0,2700.0,2600.0
Maharashtra,Karjat(Raigad) APMC,Rice,2026-04-04,Other,25.7,3700.0,5600.0,5100.0
Maharashtra,Mangaon APMC,Rice,2026-04-04,Other,5.5,1900.0,4800.0,3800.0
Maharashtra,Mumbai APMC,Rice,2026-04-04,Other,83.7,6000.0,10200.0,9250.0
Maharashtra,Murud APMC,Rice,2026-04-04,Other,1.0,2500.0,2700.0,2600.0
Maharashtra,Nagpur APMC,Rice,2026-04-04,Other,3.0,3500.0,3800.0,3725.0
Maharashtra,Palghar APMC,Rice,2026-04-04,1009 Kar,30.0,4700.0,4700.0,4700.0
Maharashtra,Pune APMC,Rice,2026-04-04,Other,55.7,4000.0,7200.0,5600.0
Maharashtra,SHRI.SIDDHESHWAR  APMC,Rice,2026-04-04,Other,77.1,3350.0,6590.0,3620.0
Maharashtra,Umared APMC,Rice,2026-04-04,Other,12.6,3600.0,5000.0,4450.0
Maharashtra,Alibagh APMC,Rice,2026-04-05,Other,1.0,2500.0,2700.0,2600.0
Maharashtra,Murud APMC,Rice,2026-04-05,Other,1.0,2500.0,2700.0,2600.0
Maharashtra,Tumsar APMC,Rice,2026-04-05,Other,1.2,4251.0,4251.0,4251.0
Maharashtra,Ulhasnagar APMC,Rice,2026-04-05,Other,57.0,4000.0,6000.0,5000.0
Maharashtra,APMC VASAI,Rice,2026-04-06,1009 Kar,32.5,3750.0,4850.0,4260.0
Maharashtra,Alibagh APMC,Rice,2026-04-06,Other,1.0,2500.0,2700.0,2600.0
Maharashtra,Bhandara APMC,Rice,2026-04-06,Other,3.9,3100.0,3100.0,3100.0
Maharashtra,Karjat(Raigad) APMC,Rice,2026-04-06,Other,28.5,4000.0,5700.0,5200.0
Maharashtra,Kolhapur(Laxmipuri) APMC,Rice,2026-04-06,1009 Kar,6.6,2700.0,9100.0,5900.0
Maharashtra,Mangaon APMC,Rice,2026-04-06,Other,4.8,2000.0,4800.0,3800.0
Maharashtra,Mumbai APMC,Rice,2026-04-06,Other,722.2,6000.0,10200.0,9250.0
Maharashtra,Murud APMC,Rice,2026-04-06,Other,1.0,2500.0,2700.0,2600.0
Maharashtra,Nagpur APMC,Rice,2026-04-06,Other,10.0,3000.0,3200.0,3150.0
Maharashtra,Palghar APMC,Rice,2026-04-06,1009 Kar,26.0,4950.0,4950.0,4950.0
Maharashtra,Pune APMC,Rice,2026-04-06,Other,55.4,4200.0,7200.0,5700.0
Maharashtra,SHRI.SIDDHESHWAR  APMC,Rice,2026-04-06,Other,78.1,3355.0,6595.0,3615.0
Maharashtra,Tumsar APMC,Rice,2026-04-06,Other,0.5,4251.0,4251.0,4251.0
Maharashtra,Ulhasnagar APMC,Rice,2026-04-06,Other,50.0,4000.0,5000.0,4500.0
Maharashtra,APMC VASAI,Rice,2026-04-07,1009 Kar,35.0,3450.0,4960.0,4260.0
Maharashtra,Alibagh APMC,Rice,2026-04-07,Other,1.0,2500.0,2700.0,2600.0
Maharashtra,Bhandara APMC,Rice,2026-04-07,1009 Kar,0.1,4400.0,4400.0,4400.0
Maharashtra,Bhandara APMC,Rice,2026-04-07,Other,0.5,3100.0,3100.0,3100.0
Maharashtra,Kalyan APMC,Rice,2026-04-07,Other,0.3,2800.0,3200.0,3000.0
Maharashtra,Karjat(Raigad) APMC,Rice,2026-04-07,Other,24.2,3800.0,5800.0,5200.0
Maharashtra,Kolhapur(Laxmipuri) APMC,Rice,2026-04-07,1009 Kar,14.1,2600.0,8900.0,5750.0
Maharashtra,Mangaon APMC,Rice,2026-04-07,Other,1.8,1900.0,4800.0,3800.0
Maharashtra,Mumbai APMC,Rice,2026-04-07,Other,629.7,6000.0,10200.0,9250.0
Maharashtra,Murud APMC,Rice,2026-04-07,Other,1.0,2500.0,2700.0,2600.0
Maharashtra,Nagpur APMC,Rice,2026-04-07,Other,10.0,3000.0,3200.0,3150.0
Maharashtra,Palghar APMC,Rice,2026-04-07,1009 Kar,31.0,5320.0,5320.0,5320.0
Maharashtra,Pune APMC,Rice,2026-04-07,Other,5.7,8200.0,11400.0,9800.0
Maharashtra,SHRI.SIDDHESHWAR  APMC,Rice,2026-04-07,Other,90.0,3360.0,6600.0,3620.0
Maharashtra,Sangli APMC,Rice,2026-04-07,Other,84.0,4000.0,7000.0,5500.0
Maharashtra,Ulhasnagar APMC,Rice,2026-04-07,Other,49.0,4000.0,5000.0,4500.0
Maharashtra,APMC VASAI,Rice,2026-04-08,1009 Kar,33.5,3250.0,4850.0,3860.0
Maharashtra,Alibagh APMC,Rice,2026-04-08,Other,1.0,2500.0,2700.0,2600.0
Maharashtra,Kalyan APMC,Rice,2026-04-08,Other,0.3,2800.0,3200.0,3000.0
Maharashtra,Karjat(Raigad) APMC,Rice,2026-04-08,Other,6.0,3800.0,5700.0,5200.0
Maharashtra,Mangaon APMC,Rice,2026-04-08,Other,4.8,1900.0,4800.0,3900.0
Maharashtra,Mumbai APMC,Rice,2026-04-08,Other,2324.3,3000.0,6000.0,4500.0
Maharashtra,Murud APMC,Rice,2026-04-08,Other,1.0,2500.0,2700.0,2600.0
Maharashtra,Nagpur APMC,Rice,2026-04-08,Other,10.0,3500.0,3800.0,3725.0
Maharashtra,Palghar APMC,Rice,2026-04-08,1009 Kar,91.0,5051.0,5051.0,5051.0
Maharashtra,Pune APMC,Rice,2026-04-08,Other,5.5,8000.0,11300.0,9650.0
Maharashtra,SHRI.SIDDHESHWAR  APMC,Rice,2026-04-08,Other,87.8,3365.0,6610.0,3625.0
Maharashtra,Sangli APMC,Rice,2026-04-08,Other,57.9,3800.0,7500.0,5650.0
Maharashtra,Tumsar APMC,Rice,2026-04-08,Other,0.1,4800.0,4800.0,4800.0
Maharashtra,Ulhasnagar APMC,Rice,2026-04-08,Other,59.0,4000.0,5000.0,4500.0
Maharashtra,APMC VASAI,Rice,2026-04-09,1009 Kar,37.0,3560.0,4850.0,4260.0
Maharashtra,Alibagh APMC,Rice,2026-04-09,Other,1.0,2500.0,2700.0,2600.0
Maharashtra,Bhandara APMC,Rice,2026-04-09,Other,2.6,3050.0,3050.0,3050.0
Maharashtra,Kalyan APMC,Rice,2026-04-09,Other,0.3,4000.0,8000.0,6000.0
Maharashtra,Karjat(Raigad) APMC,Rice,2026-04-09,Other,6.1,3800.0,5600.0,4800.0
Maharashtra,Kolhapur(Laxmipuri) APMC,Rice,2026-04-09,1009 Kar,6.0,2800.0,9000.0,5900.0
Maharashtra,Mangaon APMC,Rice,2026-04-09,Other,5.8,1900.0,4800.0,3800.0
Maharashtra,Mumbai APMC,Rice,2026-04-09,Other,241.9,6000.0,10200.0,9250.0
Maharashtra,Murud APMC,Rice,2026-04-09,Other,1.0,2500.0,2700.0,2600.0
Maharashtra,Nagpur APMC,Rice,2026-04-09,Other,12.2,3000.0,3200.0,3150.0
Maharashtra,Palghar APMC,Rice,2026-04-09,1009 Kar,56.0,5500.0,5500.0,5500.0
Maharashtra,Pune APMC,Rice,2026-04-09,Other,5.4,8000.0,11400.0,9700.0
Maharashtra,SHRI.SIDDHESHWAR  APMC,Rice,2026-04-09,Other,82.1,3370.0,6615.0,3630.0
Maharashtra,Sangli APMC,Rice,2026-04-09,Other,73.1,3800.0,7500.0,5650.0
Maharashtra,Ulhasnagar APMC,Rice,2026-04-09,Other,57.0,4000.0,6000.0,5000.0
Maharashtra,Umared APMC,Rice,2026-04-09,Other,16.0,3800.0,5000.0,4560.0
Maharashtra,APMC VASAI,Rice,2026-04-10,1009 Kar,23.0,3150.0,4960.0,3790.0
Maharashtra,Alibagh APMC,Rice,2026-04-10,Other,1.0,2500.0,2700.0,2600.0
Maharashtra,Bhandara APMC,Rice,2026-04-10,1009 Kar,2.5,3100.0,3100.0,3100.0
Maharashtra,Kolhapur(Laxmipuri) APMC,Rice,2026-04-10,1009 Kar,12.9,2800.0,9100.0,5950.0
Maharashtra,Mangaon APMC,Rice,2026-04-10,Other,2.0,1900.0,4800.0,3800.0
Maharashtra,Mumbai APMC,Rice,2026-04-10,Other,2293.1,3000.0,6000.0,4500.0
Maharashtra,Murud APMC,Rice,2026-04-10,Other,1.0,2500.0,2700.0,2600.0
Maharashtra,Nagpur APMC,Rice,2026-04-10,Other,10.0,3000.0,3200.0,3150.0
Maharashtra,Palghar APMC,Rice,2026-04-10,1009 Kar,23.9,5475.0,5475.0,5475.0
Maharashtra,Pune APMC,Rice,2026-04-10,Other,5.7,8000.0,11300.0,9650.0
Maharashtra,SHRI.SIDDHESHWAR  APMC,Rice,2026-04-10,Other,80.9,3375.0,6620.0,3635.0
Maharashtra,Ulhasnagar APMC,Rice,2026-04-10,Other,56.0,4000.0,5000.0,4500.0
Maharashtra,APMC VASAI,Rice,2026-04-11,1009 Kar,21.0,3450.0,4690.0,4250.0
Maharashtra,Alibagh APMC,Rice,2026-04-11,Other,1.0,2500.0,2700.0,2600.0
Maharashtra,Bhandara APMC,Rice,2026-04-11,1009 Kar,0.1,4700.0,4700.0,4700.0
Maharashtra,Bhandara APMC,Rice,2026-04-11,Other,1.2,3050.0,3050.0,3050.0
Maharashtra,Karjat(Raigad) APMC,Rice,2026-04-11,Other,43.2,3800.0,5500.0,4900.0
Maharashtra,Mumbai APMC,Rice,2026-04-11,Other,230.2,6000.0,10200.0,9250.0
Maharashtra,Murud APMC,Rice,2026-04-11,Other,1.0,2500.0,2700.0,2600.0
Maharashtra,Nagpur APMC,Rice,2026-04-11,Other,10.0,3500.0,3800.0,3725.0
Maharashtra,SHRI.SIDDHESHWAR  APMC,Rice,2026-04-11,Other,79.3,3380.0,6625.0,3640.0
Maharashtra,Tumsar APMC,Rice,2026-04-11,Other,0.5,4600.0,5200.0,5000.0
Maharashtra,Umared APMC,Rice,2026-04-11,Other,16.3,3800.0,5200.0,4500.0
Maharashtra,Alibagh APMC,Rice,2026-04-12,Other,1.0,2500.0,2700.0,2600.0
Maharashtra,Karjat(Raigad) APMC,Rice,2026-04-12,Other,19.9,3700.0,5600.0,4900.0
Maharashtra,Mangaon APMC,Rice,2026-04-12,Other,1.9,1900.0,4800.0,3800.0
Maharashtra,Murud APMC,Rice,2026-04-12,Other,1.0,2500.0,2700.0,2600.0
Maharashtra,Palghar APMC,Rice,2026-04-12,1009 Kar,12.0,5250.0,5250.0,5250.0
Maharashtra,Ulhasnagar APMC,Rice,2026-04-12,Other,55.0,4000.0,6000.0,5000.0
Maharashtra,APMC VASAI,Rice,2026-04-13,1009 Kar,24.0,3390.0,4750.0,4150.0
Maharashtra,Alibagh APMC,Rice,2026-04-13,Other,1.0,2500.0,2700.0,2600.0
Maharashtra,Bhandara APMC,Rice,2026-04-13,1009 Kar,2.8,3050.0,3050.0,3050.0
Maharashtra,Karjat(Raigad) APMC,Rice,2026-04-13,Other,9.3,3600.0,5200.0,4400.0
Maharashtra,Mangaon APMC,Rice,2026-04-13,Other,6.2,1900.0,4800.0,3800.0
Maharashtra,Mumbai APMC,Rice,2026-04-13,Other,3020.5,3000.0,6000.0,4500.0
Maharashtra,Murud APMC,Rice,2026-04-13,Other,1.0,2500.0,2700.0,2600.0
Maharashtra,Nagpur APMC,Rice,2026-04-13,Other,10.0,3500.0,3800.0,3725.0
Maharashtra,Palghar APMC,Rice,2026-04-13,1009 Kar,26.0,5320.0,5320.0,5320.0
Maharashtra,SHRI.SIDDHESHWAR  APMC,Rice,2026-04-13,Other,75.2,3385.0,6650.0,3645.0
Maharashtra,Ulhasnagar APMC,Rice,2026-04-13,Other,57.0,4000.0,5000.0,4500.0
Maharashtra,Alibagh APMC,Rice,2026-04-14,Other,1.0,2500.0,2700.0,2600.0
Maharashtra,Karjat(Raigad) APMC,Rice,2026-04-14,Other,12.7,3700.0,6000.0,5100.0
Maharashtra,Mumbai APMC,Rice,2026-04-14,Other,2490.1,3000.0,6000.0,4500.0
Maharashtra,Murud APMC,Rice,2026-04-14,Other,1.0,2500.0,2700.0,2600.0
Maharashtra,Palghar APMC,Rice,2026-04-14,1009 Kar,15.0,5501.0,5501.0,5501.0
Maharashtra,Pune APMC,Rice,2026-04-14,Other,55.1,4200.0,7200.0,5700.0
Maharashtra,Ulhasnagar APMC,Rice,2026-04-14,Other,35.0,4000.0,5000.0,4500.0
Maharashtra,APMC VASAI,Rice,2026-04-15,1009 Kar,20.7,3505.0,4760.0,4250.0
Maharashtra,Alibagh APMC,Rice,2026-04-15,Other,1.0,2500.0,2700.0,2600.0
Maharashtra,Kalyan APMC,Rice,2026-04-15,Other,0.3,2800.0,3000.0,2900.0
Maharashtra,Karjat(Raigad) APMC,Rice,2026-04-15,Other,14.8,3800.0,5600.0,5100.0
Maharashtra,Kolhapur(Laxmipuri) APMC,Rice,2026-04-15,1009 Kar,26.0,3000.0,8900.0,5950.0
Maharashtra,Mangaon APMC,Rice,2026-04-15,Other,12.1,1900.0,4800.0,3800.0
Maharashtra,Mumbai APMC,Rice,2026-04-15,Other,155.6,6000.0,10200.0,9250.0
Maharashtra,Murud APMC,Rice,2026-04-15,Other,1.0,2500.0,2700.0,2600.0
Maharashtra,Nagpur APMC,Rice,2026-04-15,Other,20.0,6200.0,6500.0,6425.0
Maharashtra,Palghar APMC,Rice,2026-04-15,1009 Kar,21.0,5475.0,5475.0,5475.0
Maharashtra,Pune APMC,Rice,2026-04-15,Other,56.2,4200.0,7300.0,5750.0
Maharashtra,SHRI.SIDDHESHWAR  APMC,Rice,2026-04-15,Other,70.4,3390.0,6670.0,3650.0
Maharashtra,Sangli APMC,Rice,2026-04-15,Other,26.7,4000.0,8000.0,6000.0
Maharashtra,Tumsar APMC,Rice,2026-04-15,Other,0.1,4300.0,4300.0,4300.0
Maharashtra,Ulhasnagar APMC,Rice,2026-04-15,Other,56.0,4500.0,6500.0,5500.0
Maharashtra,APMC VASAI,Rice,2026-04-16,1009 Kar,34.0,3750.0,4960.0,4260.0
Maharashtra,Alibagh APMC,Rice,2026-04-16,Other,1.0,2500.0,2700.0,2600.0
Maharashtra,Bhandara APMC,Rice,2026-04-16,1009 Kar,0.5,4600.0,5000.0,4850.0
Maharashtra,Bhandara APMC,Rice,2026-04-16,Other,1.7,3000.0,3000.0,3000.0
Maharashtra,Kalyan APMC,Rice,2026-04-16,Other,0.3,3600.0,8800.0,6200.0
Maharashtra,Karjat(Raigad) APMC,Rice,2026-04-16,Other,4.7,3800.0,5600.0,5000.0
Maharashtra,Kolhapur(Laxmipuri) APMC,Rice,2026-04-16,1009 Kar,11.5,2950.0,8800.0,5875.0
Maharashtra,Mangaon APMC,Rice,2026-04-16,Other,6.0,1900.0,4800.0,3800.0
Maharashtra,Mumbai APMC,Rice,2026-04-16,Other,244.1,6000.0,10200.0,9250.0
Maharashtra,Murud APMC,Rice,2026-04-16,Other,1.0,2500.0,2700.0,2600.0
Maharashtra,Nagpur APMC,Rice,2026-04-16,Other,4.0,3500.0,3800.0,3725.0
Maharashtra,Palghar APMC,Rice,2026-04-16,1009 Kar,34.0,4700.0,4700.0,4700.0
Maharashtra,Pune APMC,Rice,2026-04-16,Other,6.1,8300.0,11500.0,9900.0
Maharashtra,SHRI.SIDDHESHWAR  APMC,Rice,2026-04-16,Other,73.5,3395.0,6680.0,3665.0
Maharashtra,Sangli APMC,Rice,2026-04-16,Other,19.1,4000.0,7100.0,5550.0
Maharashtra,Ulhasnagar APMC,Rice,2026-04-16,Other,54.0,4000.0,6000.0,5000.0
Maharashtra,Umared APMC,Rice,2026-04-16,Other,15.1,3600.0,5100.0,4350.0
Maharashtra,APMC VASAI,Rice,2026-04-17,1009 Kar,33.5,2980.0,4920.0,3860.0
Maharashtra,Alibagh APMC,Rice,2026-04-17,Other,1.0,2500.0,2700.0,2600.0
Maharashtra,Bhandara APMC,Rice,2026-04-17,1009 Kar,0.1,5000.0,5000.0,5000.0
Maharashtra,Bhandara APMC,Rice,2026-04-17,Other,2.9,3000.0,3000.0,3000.0
Maharashtra,Kalyan APMC,Rice,2026-04-17,Other,0.3,3500.0,8500.0,6000.0
Maharashtra,Mangaon APMC,Rice,2026-04-17,Other,5.8,1900.0,4800.0,3800.0
Maharashtra,Mumbai APMC,Rice,2026-04-17,Other,195.9,6000.0,10200.0,9250.0
Maharashtra,Murud APMC,Rice,2026-04-17,Other,1.0,2500.0,2700.0,2600.0
Maharashtra,Nagpur APMC,Rice,2026-04-17,Other,10.0,3500.0,3800.0,3725.0
Maharashtra,Palghar APMC,Rice,2026-04-17,1009 Kar,32.0,4500.0,4500.0,4500.0
Maharashtra,SHRI.SIDDHESHWAR  APMC,Rice,2026-04-17,Other,81.2,3400.0,6680.0,3660.0
Maharashtra,Sangli APMC,Rice,2026-04-17,Other,17.4,4000.0,8000.0,6000.0
Maharashtra,Ulhasnagar APMC,Rice,2026-04-17,Other,57.0,4000.0,5000.0,4500.0
Maharashtra,APMC VASAI,Rice,2026-04-18,1009 Kar,23.5,3450.0,5350.0,4450.0
Maharashtra,Alibagh APMC,Rice,2026-04-18,Other,1.0,2500.0,2700.0,2600.0
Maharashtra,Bhandara APMC,Rice,2026-04-18,1009 Kar,0.8,3010.0,3010.0,3010.0
Maharashtra,Karjat(Raigad) APMC,Rice,2026-04-18,Other,41.3,3800.0,5600.0,4900.0
Maharashtra,Mangaon APMC,Rice,2026-04-18,Other,7.7,1900.0,4800.0,3800.0
Maharashtra,Mumbai APMC,Rice,2026-04-18,Other,1585.1,3000.0,6000.0,4500.0
Maharashtra,Murud APMC,Rice,2026-04-18,Other,1.0,2500.0,2700.0,2600.0
Maharashtra,Nagpur APMC,Rice,2026-04-18,Other,10.0,4200.0,4500.0,4425.0
Maharashtra,Palghar APMC,Rice,2026-04-18,1009 Kar,26.0,4450.0,4450.0,4450.0
Maharashtra,Pune APMC,Rice,2026-04-18,Other,5.8,8200.0,11500.0,9850.0
Maharashtra,SHRI.SIDDHESHWAR  APMC,Rice,2026-04-18,Other,83.5,3410.0,6690.0,3665.0
Maharashtra,Sangli APMC,Rice,2026-04-18,Other,63.3,4100.0,8000.0,6050.0
Maharashtra,Umared APMC,Rice,2026-04-18,Other,11.0,3600.0,5000.0,4300.0
Maharashtra,Alibagh APMC,Rice,2026-04-19,Other,1.0,2500.0,2700.0,2600.0
Maharashtra,Kalyan APMC,Rice,2026-04-19,Other,0.3,3500.0,4500.0,3650.0
Maharashtra,Karjat(Raigad) APMC,Rice,2026-04-19,Other,4.8,3700.0,5600.0,5200.0
Maharashtra,Mangaon APMC,Rice,2026-04-19,Other,2.0,1900.0,4800.0,3800.0
Maharashtra,Murud APMC,Rice,2026-04-19,Other,1.0,2500.0,2700.0,2600.0
Maharashtra,Palghar APMC,Rice,2026-04-19,1009 Kar,13.0,4400.0,4400.0,4400.0
Maharashtra,Ulhasnagar APMC,Rice,2026-04-19,Other,60.0,3500.0,5500.0,4500.0
Maharashtra,APMC VASAI,Rice,2026-04-20,1009 Kar,21.0,3750.0,4750.0,4150.0
Maharashtra,Alibagh APMC,Rice,2026-04-20,Other,1.0,2500.0,2700.0,2600.0
Maharashtra,Bhandara APMC,Rice,2026-04-20,Other,1.5,2900.0,3000.0,2960.0
Maharashtra,Kalyan APMC,Rice,2026-04-20,Other,0.3,3500.0,4500.0,4000.0
Maharashtra,Mangaon APMC,Rice,2026-04-20,Other,11.8,1900.0,4800.0,3800.0
Maharashtra,Mumbai APMC,Rice,2026-04-20,Other,426.7,6000.0,10200.0,9250.0
Maharashtra,Murud APMC,Rice,2026-04-20,Other,1.0,2500.0,2700.0,2600.0
Maharashtra,Nagpur APMC,Rice,2026-04-20,Other,5.0,2700.0,3000.0,2925.0
Maharashtra,Palghar APMC,Rice,2026-04-20,1009 Kar,25.0,4125.0,4125.0,4125.0
Maharashtra,SHRI.SIDDHESHWAR  APMC,Rice,2026-04-20,Other,85.1,3415.0,6700.0,3675.0
Maharashtra,Tumsar APMC,Rice,2026-04-20,Other,0.8,3200.0,4500.0,3500.0
Maharashtra,Ulhasnagar APMC,Rice,2026-04-20,Other,56.0,4000.0,5000.0,4500.0
Maharashtra,APMC VASAI,Rice,2026-04-21,1009 Kar,33.0,3250.0,4920.0,3540.0
Maharashtra,Alibagh APMC,Rice,2026-04-21,Other,1.0,2500.0,2700.0,2600.0
Maharashtra,Bhandara APMC,Rice,2026-04-21,Other,0.9,2950.0,2950.0,2950.0
Maharashtra,Kalyan APMC,Rice,2026-04-21,Other,0.3,3500.0,4500.0,4000.0
Maharashtra,Karjat(Raigad) APMC,Rice,2026-04-21,Other,18.8,3700.0,5600.0,4900.0
Maharashtra,Mangaon APMC,Rice,2026-04-21,Other,5.8,1900.0,4800.0,3800.0
Maharashtra,Mumbai APMC,Rice,2026-04-21,Other,1258.4,3000.0,6000.0,4500.0
Maharashtra,Murud APMC,Rice,2026-04-21,Other,1.0,2500.0,2700.0,2600.0
Maharashtra,Nagpur APMC,Rice,2026-04-21,Other,5.0,3500.0,3800.0,3725.0
Maharashtra,Palghar APMC,Rice,2026-04-21,1009 Kar,29.0,4025.0,4025.0,4025.0
Maharashtra,Pune APMC,Rice,2026-04-21,Other,55.7,4000.0,6900.0,5450.0
Maharashtra,SHRI.SIDDHESHWAR  APMC,Rice,2026-04-21,Other,79.0,3420.0,6710.0,3685.0
Maharashtra,Sangli APMC,Rice,2026-04-21,Other,73.1,4000.0,8000.0,6000.0
Maharashtra,Ulhasnagar APMC,Rice,2026-04-21,Other,54.0,4000.0,6000.0,5000.0
Maharashtra,APMC VASAI,Rice,2026-04-22,1009 Kar,33.5,2980.0,4850.0,4050.0
Maharashtra,Alibagh APMC,Rice,2026-04-22,Other,1.0,2500.0,2700.0,2600.0
Maharashtra,Kalyan APMC,Rice,2026-04-22,Other,0.3,3500.0,4500.0,4000.0
Maharashtra,Kolhapur(Laxmipuri) APMC,Rice,2026-04-22,1009 Kar,33.1,2975.0,9300.0,6137.0
Maharashtra,Mangaon APMC,Rice,2026-04-22,Other,9.2,1900.0,4800.0,3800.0
Maharashtra,Mumbai APMC,Rice,2026-04-22,Other,252.0,6000.0,10200.0,9250.0
Maharashtra,Murud APMC,Rice,2026-04-22,Other,1.0,2500.0,2700.0,2600.0
Maharashtra,Nagpur APMC,Rice,2026-04-22,Other,10.0,3500.0,3800.0,3725.0
Maharashtra,Palghar APMC,Rice,2026-04-22,1009 Kar,24.0,4250.0,4250.0,4250.0
Maharashtra,Pune APMC,Rice,2026-04-22,Other,55.7,4000.0,7000.0,5500.0
Maharashtra,SHRI.SIDDHESHWAR  APMC,Rice,2026-04-22,Other,80.1,3425.0,6720.0,3695.0
Maharashtra,Sangli APMC,Rice,2026-04-22,Other,95.8,4000.0,8000.0,6000.0
Maharashtra,Ulhasnagar APMC,Rice,2026-04-22,Other,57.0,4000.0,5000.0,4500.0
Maharashtra,APMC VASAI,Rice,2026-04-23,1009 Kar,31.0,2795.0,3860.0,3425.0
Maharashtra,Alibagh APMC,Rice,2026-04-23,Other,1.0,2500.0,2700.0,2600.0
Maharashtra,Bhandara APMC,Rice,2026-04-23,1009 Kar,0.4,4900.0,4900.0,4900.0
Maharashtra,Bhandara APMC,Rice,2026-04-23,Other,0.9,2950.0,2950.0,2950.0
Maharashtra,Kalyan APMC,Rice,2026-04-23,Other,0.3,3500.0,4500.0,4000.0
Maharashtra,Karjat(Raigad) APMC,Rice,2026-04-23,Other,6.9,3700.0,5700.0,4800.0
Maharashtra,Kolhapur(Laxmipuri) APMC,Rice,2026-04-23,1009 Kar,14.1,3000.0,9400.0,6200.0
Maharashtra,Mangaon APMC,Rice,2026-04-23,Other,5.5,1900.0,4800.0,3800.0
Maharashtra,Mumbai APMC,Rice,2026-04-23,Other,171.5,6000.0,10200.0,9250.0
Maharashtra,Murud APMC,Rice,2026-04-23,Other,1.0,2500.0,2700.0,2600.0
Maharashtra,Nagpur APMC,Rice,2026-04-23,Other,6.7,6500.0,7000.0,6875.0
Maharashtra,Palghar APMC,Rice,2026-04-23,1009 Kar,31.0,4125.0,4125.0,4125.0
Maharashtra,Pune APMC,Rice,2026-04-23,Other,55.2,4200.0,7200.0,5700.0
Maharashtra,SHRI.SIDDHESHWAR  APMC,Rice,2026-04-23,Other,81.1,3430.0,6730.0,3700.0
Maharashtra,Sangli APMC,Rice,2026-04-23,Other,34.9,4200.0,8000.0,6100.0
Maharashtra,Umared APMC,Rice,2026-04-23,Other,4.9,3600.0,5200.0,4400.0
Maharashtra,APMC VASAI,Rice,2026-04-24,1009 Kar,36.5,3150.0,4960.0,3790.0
Maharashtra,Alibagh APMC,Rice,2026-04-24,Other,1.0,2500.0,2700.0,2600.0
Maharashtra,Kalyan APMC,Rice,2026-04-24,Other,0.3,3500.0,4500.0,4000.0
Maharashtra,Mangaon APMC,Rice,2026-04-24,Other,5.8,1900.0,4800.0,3800.0
Maharashtra,Mumbai APMC,Rice,2026-04-24,Other,197.7,6000.0,10200.0,9250.0
Maharashtra,Murud APMC,Rice,2026-04-24,Other,1.0,2500.0,2700.0,2600.0
Maharashtra,Nagpur APMC,Rice,2026-04-24,Other,3.6,3500.0,4200.0,4025.0
Maharashtra,Palghar APMC,Rice,2026-04-24,1009 Kar,19.0,3850.0,3850.0,3850.0
Maharashtra,Pune APMC,Rice,2026-04-24,Other,5.9,8500.0,11500.0,10000.0
Maharashtra,SHRI.SIDDHESHWAR  APMC,Rice,2026-04-24,Other,81.9,3435.0,6750.0,3710.0
Maharashtra,Sangli APMC,Rice,2026-04-24,Other,46.7,4000.0,8000.0,6000.0
Maharashtra,Ulhasnagar APMC,Rice,2026-04-24,Other,45.0,4000.0,5000.0,4500.0
Maharashtra,Alibagh APMC,Rice,2026-04-25,Other,1.0,2500.0,2700.0,2600.0
Maharashtra,Bhandara APMC,Rice,2026-04-25,Other,1.6,2950.0,3000.0,2980.0
Maharashtra,Karjat(Raigad) APMC,Rice,2026-04-25,Other,12.5,3800.0,5700.0,5100.0
Maharashtra,Mumbai APMC,Rice,2026-04-25,Other,99.8,6000.0,10200.0,9250.0
Maharashtra,Murud APMC,Rice,2026-04-25,Other,1.0,2500.0,2700.0,2600.0
Maharashtra,SHRI.SIDDHESHWAR  APMC,Rice,2026-04-25,Other,80.8,3440.0,6760.0,3715.0
Maharashtra,Sangli APMC,Rice,2026-04-25,Other,90.8,4000.0,8000.0,6000.0
Maharashtra,Umared APMC,Rice,2026-04-25,Other,5.0,3600.0,5100.0,4400.0
Maharashtra,Alibagh APMC,Rice,2026-04-26,Other,1.0,2500.0,2700.0,2600.0
Maharashtra,Kalyan APMC,Rice,2026-04-26,Other,0.3,3500.0,4500.0,4000.0
Maharashtra,Murud APMC,Rice,2026-04-26,Other,1.0,2500.0,2700.0,2600.0
Maharashtra,Palghar APMC,Rice,2026-04-26,1009 Kar,11.5,4025.0,4025.0,4025.0
Maharashtra,Ulhasnagar APMC,Rice,2026-04-26,Other,58.0,3500.0,5500.0,4500.0
Maharashtra,APMC VASAI,Rice,2026-04-27,1009 Kar,34.5,3450.0,4750.0,4450.0
Maharashtra,Alibagh APMC,Rice,2026-04-27,Other,1.0,2500.0,2700.0,2600.0
Maharashtra,Bhandara APMC,Rice,2026-04-27,Other,5.0,3000.0,3000.0,3000.0
Maharashtra,Karjat(Raigad) APMC,Rice,2026-04-27,Other,12.5,3600.0,5600.0,4800.0
Maharashtra,Kolhapur(Laxmipuri) APMC,Rice,2026-04-27,1009 Kar,22.9,2900.0,8700.0,5800.0
Maharashtra,Mangaon APMC,Rice,2026-04-27,Other,6.5,1900.0,4800.0,3800.0
Maharashtra,Mumbai APMC,Rice,2026-04-27,Other,228.5,6000.0,10200.0,9250.0
Maharashtra,Murud APMC,Rice,2026-04-27,Other,1.0,2500.0,2700.0,2600.0
Maharashtra,Nagpur APMC,Rice,2026-04-27,Other,3.0,3800.0,4200.0,4100.0
Maharashtra,Palghar APMC,Rice,2026-04-27,1009 Kar,31.0,4125.0,4125.0,4125.0
Maharashtra,SHRI.SIDDHESHWAR  APMC,Rice,2026-04-27,Other,79.2,3445.0,6775.0,3725.0
Maharashtra,Ulhasnagar APMC,Rice,2026-04-27,Other,56.0,4000.0,5000.0,4500.0
Maharashtra,APMC VASAI,Rice,2026-04-28,1009 Kar,34.0,3250.0,4250.0,3890.0
Maharashtra,Alibagh APMC,Rice,2026-04-28,Other,1.0,2500.0,2700.0,2600.0
Maharashtra,Bhandara APMC,Rice,2026-04-28,1009 Kar,1.6,2960.0,2960.0,2960.0
Maharashtra,Kalyan APMC,Rice,2026-04-28,Other,0.3,3500.0,8500.0,6000.0
Maharashtra,Karjat(Raigad) APMC,Rice,2026-04-28,Other,4.5,3700.0,5500.0,4700.0
Maharashtra,Kolhapur(Laxmipuri) APMC,Rice,2026-04-28,1009 Kar,6.0,2800.0,8800.0,5800.0
Maharashtra,Mangaon APMC,Rice,2026-04-28,Other,5.8,2000.0,4800.0,3800.0
Maharashtra,Mumbai APMC,Rice,2026-04-28,Other,75.0,6000.0,10200.0,9250.0
Maharashtra,Murud APMC,Rice,2026-04-28,Other,1.0,2500.0,2700.0,2600.0
Maharashtra,Palghar APMC,Rice,2026-04-28,1009 Kar,21.0,4250.0,4250.0,4250.0
Maharashtra,Pune APMC,Rice,2026-04-28,Other,55.0,4000.0,7200.0,5600.0
Maharashtra,SHRI.SIDDHESHWAR  APMC,Rice,2026-04-28,Other,70.5,3450.0,6785.0,3735.0
Maharashtra,Sangli APMC,Rice,2026-04-28,Other,158.7,4000.0,8000.0,6000.0
Maharashtra,Ulhasnagar APMC,Rice,2026-04-28,Other,56.0,4000.0,5000.0,4500.0
Maharashtra,APMC VASAI,Rice,2026-04-29,1009 Kar,34.5,2980.0,4850.0,3860.0
Maharashtra,Alibagh APMC,Rice,2026-04-29,Other,1.0,2500.0,2700.0,2600.0
Maharashtra,Kalyan APMC,Rice,2026-04-29,Other,0.3,3500.0,8500.0,6000.0
Maharashtra,Karjat(Raigad) APMC,Rice,2026-04-29,Other,20.4,3600.0,5500.0,4700.0
Maharashtra,Kolhapur(Laxmipuri) APMC,Rice,2026-04-29,1009 Kar,25.5,2950.0,9100.0,6025.0
Maharashtra,Mangaon APMC,Rice,2026-04-29,Other,8.9,1900.0,4800.0,3800.0
Maharashtra,Mumbai APMC,Rice,2026-04-29,Other,970.1,3000.0,6000.0,4500.0
Maharashtra,Murud APMC,Rice,2026-04-29,Other,1.0,2500.0,2700.0,2600.0
Maharashtra,Nagpur APMC,Rice,2026-04-29,Other,3.0,4500.0,4700.0,4650.0
Maharashtra,Palghar APMC,Rice,2026-04-29,1009 Kar,26.0,4500.0,4500.0,4500.0
Maharashtra,Pune APMC,Rice,2026-04-29,Other,55.6,4200.0,7200.0,5700.0
Maharashtra,SHRI.SIDDHESHWAR  APMC,Rice,2026-04-29,Other,75.6,3460.0,6795.0,3750.0
Maharashtra,Sangli APMC,Rice,2026-04-29,Other,54.9,4000.0,8000.0,6000.0
Maharashtra,Ulhasnagar APMC,Rice,2026-04-29,Other,55.0,3500.0,4500.0,4000.0
Maharashtra,APMC VASAI,Rice,2026-04-30,1009 Kar,32.5,3560.0,4850.0,4450.0
Maharashtra,Alibagh APMC,Rice,2026-04-30,Other,1.0,2500.0,2700.0,2600.0
Maharashtra,Bhandara APMC,Rice,2026-04-30,1009 Kar,0.7,4800.0,4900.0,4805.0
Maharashtra,Bhandara APMC,Rice,2026-04-30,Other,0.5,2950.0,2950.0,2950.0
Maharashtra,Kalyan APMC,Rice,2026-04-30,Other,0.3,3500.0,8500.0,6000.0
Maharashtra,Karjat(Raigad) APMC,Rice,2026-04-30,Other,39.0,3600.0,5200.0,4500.0
Maharashtra,Mangaon APMC,Rice,2026-04-30,Other,6.8,1900.0,4800.0,3500.0
Maharashtra,Mumbai APMC,Rice,2026-04-30,Other,859.7,3000.0,6000.0,4500.0
Maharashtra,Murud APMC,Rice,2026-04-30,Other,1.0,2500.0,2700.0,2600.0
Maharashtra,Nagpur APMC,Rice,2026-04-30,Other,3.0,4500.0,4700.0,4650.0
Maharashtra,Palghar APMC,Rice,2026-04-30,1009 Kar,34.0,4350.0,4350.0,4350.0
Maharashtra,Pune APMC,Rice,2026-04-30,Other,5.9,8300.0,11000.0,9650.0
Maharashtra,SHRI.SIDDHESHWAR  APMC,Rice,2026-04-30,Other,76.9,3465.0,6800.0,3755.0
Maharashtra,Sangli APMC,Rice,2026-04-30,Other,55.6,3500.0,7500.0,5500.0
Maharashtra,Umared APMC,Rice,2026-04-30,Other,14.6,3600.0,5000.0,4300.0
Maharashtra,Alibagh APMC,Rice,2026-05-01,Other,1.0,2500.0,2700.0,2600.0
Maharashtra,Mangaon APMC,Rice,2026-05-01,Other,5.9,1900.0,4800.0,3500.0
Maharashtra,Murud APMC,Rice,2026-05-01,Other,1.0,2500.0,2700.0,2600.0
Maharashtra,Palghar APMC,Rice,2026-05-01,1009 Kar,14.0,4700.0,4700.0,4700.0
Maharashtra,APMC VASAI,Rice,2026-05-02,1009 Kar,33.5,2860.0,4850.0,3540.0
Maharashtra,Alibagh APMC,Rice,2026-05-02,Other,1.0,2500.0,2700.0,2600.0
Maharashtra,Bhandara APMC,Rice,2026-05-02,1009 Kar,0.5,4800.0,4800.0,4800.0
Maharashtra,Karjat(Raigad) APMC,Rice,2026-05-02,Other,23.4,3700.0,5600.0,4600.0
Maharashtra,Mangaon APMC,Rice,2026-05-02,Other,1.4,2000.0,4800.0,3800.0
Maharashtra,Murud APMC,Rice,2026-05-02,Other,1.0,2500.0,2700.0,2600.0
Maharashtra,Nagpur APMC,Rice,2026-05-02,Other,0.8,3000.0,3200.0,3150.0
Maharashtra,Palghar APMC,Rice,2026-05-02,1009 Kar,36.0,4600.0,4600.0,4600.0
Maharashtra,Pune APMC,Rice,2026-05-02,Other,55.4,4000.0,7200.0,5600.0
Maharashtra,SHRI.SIDDHESHWAR  APMC,Rice,2026-05-02,Other,80.1,3470.0,6810.0,3765.0
Maharashtra,Sangli APMC,Rice,2026-05-02,Other,28.8,4000.0,8000.0,6000.0
Maharashtra,Umared APMC,Rice,2026-05-02,Other,9.0,3800.0,5000.0,4400.0
Maharashtra,Alibagh APMC,Rice,2026-05-03,Other,1.0,2500.0,2700.0,2600.0
Maharashtra,Mangaon APMC,Rice,2026-05-03,Other,2.0,2000.0,4800.0,3800.0
Maharashtra,Murud APMC,Rice,2026-05-03,Other,1.0,2500.0,2700.0,2600.0
Maharashtra,Palghar APMC,Rice,2026-05-03,1009 Kar,9.0,4950.0,4950.0,4950.0
Maharashtra,Tumsar APMC,Rice,2026-05-03,Other,0.4,4350.0,4350.0,4350.0
Maharashtra,APMC VASAI,Rice,2026-05-04,1009 Kar,33.5,3250.0,4850.0,4260.0
Maharashtra,Alibagh APMC,Rice,2026-05-04,Other,1.0,2500.0,2700.0,2600.0
Maharashtra,Bhandara APMC,Rice,2026-05-04,1009 Kar,0.1,4800.0,4800.0,4800.0
Maharashtra,Bhandara APMC,Rice,2026-05-04,Other,0.1,2950.0,2950.0,2950.0
Maharashtra,Karjat(Raigad) APMC,Rice,2026-05-04,Other,4.8,3800.0,5600.0,4800.0
Maharashtra,Mangaon APMC,Rice,2026-05-04,Other,5.8,1900.0,4800.0,3800.0
Maharashtra,Mumbai APMC,Rice,2026-05-04,Other,2395.0,3000.0,6000.0,4500.0
Maharashtra,Murud APMC,Rice,2026-05-04,Other,1.0,2500.0,2700.0,2600.0
Maharashtra,Palghar APMC,Rice,2026-05-04,1009 Kar,27.0,4700.0,4700.0,4700.0
Maharashtra,Pune APMC,Rice,2026-05-04,Other,55.3,4200.0,7200.0,5700.0
Maharashtra,SHRI.SIDDHESHWAR  APMC,Rice,2026-05-04,Other,81.0,3475.0,6825.0,3775.0
Maharashtra,Sangli APMC,Rice,2026-05-04,Other,47.2,4000.0,8000.0,6000.0
Maharashtra,Tumsar APMC,Rice,2026-05-04,Other,0.5,4400.0,4400.0,4400.0
Maharashtra,APMC VASAI,Rice,2026-05-05,1009 Kar,20.0,2980.0,3960.0,3540.0
Maharashtra,Alibagh APMC,Rice,2026-05-05,Other,1.0,2500.0,2700.0,2600.0
Maharashtra,Bhandara APMC,Rice,2026-05-05,Other,0.3,2950.0,2950.0,2950.0
Maharashtra,Karjat(Raigad) APMC,Rice,2026-05-05,Other,12.6,3700.0,5500.0,4600.0
Maharashtra,Mangaon APMC,Rice,2026-05-05,Other,7.2,2000.0,4800.0,3800.0
Maharashtra,Mumbai APMC,Rice,2026-05-05,Other,122.0,6000.0,10200.0,9250.0
Maharashtra,Murud APMC,Rice,2026-05-05,Other,1.0,2500.0,2700.0,2600.0
Maharashtra,Nagpur APMC,Rice,2026-05-05,Other,1.7,3800.0,4200.0,4100.0
Maharashtra,Palghar APMC,Rice,2026-05-05,1009 Kar,31.0,4750.0,4750.0,4750.0
Maharashtra,Pune APMC,Rice,2026-05-05,Other,6.2,8300.0,11000.0,9650.0
Maharashtra,SHRI.SIDDHESHWAR  APMC,Rice,2026-05-05,Other,82.5,3485.0,6835.0,3785.0
Maharashtra,Sangli APMC,Rice,2026-05-05,Other,47.6,4000.0,8000.0,6000.0
Maharashtra,APMC VASAI,Rice,2026-05-06,1009 Kar,20.0,3250.0,4350.0,3790.0
Maharashtra,Alibagh APMC,Rice,2026-05-06,Other,1.0,2500.0,2700.0,2600.0
Maharashtra,Kalyan APMC,Rice,2026-05-06,Other,0.3,3500.0,8500.0,6000.0
Maharashtra,Karjat(Raigad) APMC,Rice,2026-05-06,Other,25.1,3600.0,5200.0,4600.0
Maharashtra,Mangaon APMC,Rice,2026-05-06,Other,3.2,1900.0,4800.0,3800.0
Maharashtra,Mumbai APMC,Rice,2026-05-06,Other,139.1,6000.0,10200.0,9250.0
Maharashtra,Murud APMC,Rice,2026-05-06,Other,1.0,2500.0,2700.0,2600.0
Maharashtra,Nagpur APMC,Rice,2026-05-06,Other,2.6,3800.0,4200.0,4100.0
Maharashtra,Palghar APMC,Rice,2026-05-06,1009 Kar,34.0,4851.0,4851.0,4851.0
Maharashtra,Pune APMC,Rice,2026-05-06,Other,55.9,4200.0,7200.0,5700.0
Maharashtra,SHRI.SIDDHESHWAR  APMC,Rice,2026-05-06,Other,84.1,3490.0,6845.0,3795.0
Maharashtra,Sangli APMC,Rice,2026-05-06,Other,42.5,3800.0,7800.0,5800.0
Maharashtra,Tumsar APMC,Rice,2026-05-06,Other,0.1,4600.0,4600.0,4600.0
Maharashtra,Ulhasnagar APMC,Rice,2026-05-06,Other,60.0,4000.0,6000.0,5000.0
Maharashtra,APMC VASAI,Rice,2026-05-07,1009 Kar,33.5,2980.0,4850.0,3860.0
Maharashtra,Alibagh APMC,Rice,2026-05-07,Other,1.0,2500.0,2700.0,2600.0
Maharashtra,Bhandara APMC,Rice,2026-05-07,Other,0.1,2950.0,2950.0,2950.0
Maharashtra,Kalyan APMC,Rice,2026-05-07,Other,0.3,2800.0,3200.0,3000.0
Maharashtra,Mangaon APMC,Rice,2026-05-07,Other,5.8,2000.0,4800.0,3800.0
Maharashtra,Mumbai APMC,Rice,2026-05-07,Other,1161.2,3000.0,6000.0,4500.0
Maharashtra,Murud APMC,Rice,2026-05-07,Other,1.0,2500.0,2700.0,2600.0
Maharashtra,Nagpur APMC,Rice,2026-05-07,Other,1.8,3000.0,3200.0,3150.0
Maharashtra,Palghar APMC,Rice,2026-05-07,1009 Kar,37.6,4801.0,4801.0,4801.0
Maharashtra,Pune APMC,Rice,2026-05-07,Other,46.4,3300.0,3500.0,3400.0
Maharashtra,SHRI.SIDDHESHWAR  APMC,Rice,2026-05-07,Other,82.9,3495.0,6855.0,3805.0
Maharashtra,Sangli APMC,Rice,2026-05-07,Other,49.7,4000.0,8000.0,6000.0
Maharashtra,Ulhasnagar APMC,Rice,2026-05-07,Other,60.0,3500.0,4500.0,4000.0
Maharashtra,APMC VASAI,Rice,2026-05-08,1009 Kar,31.0,3450.0,4920.0,3860.0
Maharashtra,Alibagh APMC,Rice,2026-05-08,Other,1.0,2500.0,2700.0,2600.0
Maharashtra,Bhandara APMC,Rice,2026-05-08,1009 Kar,0.1,4000.0,4000.0,4000.0
Maharashtra,Bhandara APMC,Rice,2026-05-08,Other,0.5,2970.0,2970.0,2970.0
Maharashtra,Kalyan APMC,Rice,2026-05-08,Other,0.3,3500.0,8500.0,6000.0
Maharashtra,Mangaon APMC,Rice,2026-05-08,Other,5.8,1900.0,4800.0,3800.0
Maharashtra,Mumbai APMC,Rice,2026-05-08,Other,1552.6,3000.0,6000.0,4500.0
Maharashtra,Murud APMC,Rice,2026-05-08,Other,1.0,2500.0,2700.0,2600.0
Maharashtra,Nagpur APMC,Rice,2026-05-08,Other,3.0,5000.0,5400.0,5250.0
Maharashtra,Palghar APMC,Rice,2026-05-08,1009 Kar,55.0,4601.0,4601.0,4601.0
Maharashtra,Pune APMC,Rice,2026-05-08,Other,46.8,3200.0,3400.0,3300.0
Maharashtra,SHRI.SIDDHESHWAR  APMC,Rice,2026-05-08,Other,81.2,3485.0,6865.0,3810.0
Maharashtra,Sangli APMC,Rice,2026-05-08,Other,56.4,3800.0,7500.0,5650.0
Maharashtra,Ulhasnagar APMC,Rice,2026-05-08,Other,56.0,4000.0,5000.0,4500.0
Maharashtra,Alibagh APMC,Rice,2026-05-09,Other,1.0,2500.0,2700.0,2600.0
Maharashtra,Bhandara APMC,Rice,2026-05-09,Other,0.1,2950.0,2950.0,2950.0
Maharashtra,Karjat(Raigad) APMC,Rice,2026-05-09,Other,28.2,4000.0,5600.0,5000.0
Maharashtra,Mumbai APMC,Rice,2026-05-09,Other,1132.7,3000.0,6000.0,4500.0
Maharashtra,Murud APMC,Rice,2026-05-09,Other,1.0,2500.0,2700.0,2600.0
Maharashtra,Nagpur APMC,Rice,2026-05-09,Other,3.0,5000.0,5400.0,5300.0
Maharashtra,Pune APMC,Rice,2026-05-09,Other,55.9,4200.0,7000.0,5600.0
Maharashtra,SHRI.SIDDHESHWAR  APMC,Rice,2026-05-09,Other,79.6,3490.0,6875.0,3815.0
Maharashtra,Tumsar APMC,Rice,2026-05-09,Other,0.1,4200.0,4200.0,4200.0
Maharashtra,Umared APMC,Rice,2026-05-09,Other,8.0,3800.0,4800.0,4300.0
Maharashtra,Alibagh APMC,Rice,2026-05-10,Other,1.0,2500.0,2700.0,2600.0
Maharashtra,Kalyan APMC,Rice,2026-05-10,Other,0.3,2800.0,3200.0,3000.0
Maharashtra,Mangaon APMC,Rice,2026-05-10,Other,8.8,1900.0,4800.0,3800.0
Maharashtra,Murud APMC,Rice,2026-05-10,Other,1.0,2500.0,2700.0,2600.0
Maharashtra,Palghar APMC,Rice,2026-05-10,1009 Kar,11.0,4400.0,4400.0,4400.0
Maharashtra,Tumsar APMC,Rice,2026-05-10,Other,0.1,4400.0,4400.0,4400.0
Maharashtra,APMC VASAI,Rice,2026-05-11,1009 Kar,33.5,3450.0,4850.0,3950.0
Maharashtra,Alibagh APMC,Rice,2026-05-11,Other,1.0,2500.0,2700.0,2600.0
Maharashtra,Bhandara APMC,Rice,2026-05-11,1009 Kar,0.6,2950.0,2950.0,2950.0
Maharashtra,Karjat(Raigad) APMC,Rice,2026-05-11,Other,12.0,3700.0,5600.0,5200.0
Maharashtra,Kolhapur(Laxmipuri) APMC,Rice,2026-05-11,1009 Kar,6.0,2850.0,9100.0,5975.0
Maharashtra,Mangaon APMC,Rice,2026-05-11,Other,4.3,1900.0,4800.0,3800.0
Maharashtra,Mumbai APMC,Rice,2026-05-11,Other,192.3,6000.0,10200.0,9250.0
Maharashtra,Murud APMC,Rice,2026-05-11,Other,1.0,2500.0,2700.0,2600.0
Maharashtra,Nagpur APMC,Rice,2026-05-11,Other,1.0,3800.0,4200.0,4100.0
Maharashtra,Palghar APMC,Rice,2026-05-11,1009 Kar,34.0,4450.0,4450.0,4450.0
Maharashtra,Pune APMC,Rice,2026-05-11,Other,55.6,4200.0,7200.0,5700.0
Maharashtra,SHRI.SIDDHESHWAR  APMC,Rice,2026-05-11,Other,90.9,3495.0,6885.0,3825.0
Maharashtra,Sangli APMC,Rice,2026-05-11,Other,48.9,4000.0,8000.0,6000.0
Maharashtra,Tumsar APMC,Rice,2026-05-11,Other,0.3,4225.0,4225.0,4225.0
Maharashtra,Ulhasnagar APMC,Rice,2026-05-11,Other,55.0,3500.0,5500.0,4500.0
Maharashtra,APMC VASAI,Rice,2026-05-12,1009 Kar,17.0,3390.0,4250.0,3750.0
Maharashtra,Alibagh APMC,Rice,2026-05-12,Other,1.0,2500.0,2700.0,2600.0
Maharashtra,Bhandara APMC,Rice,2026-05-12,Other,0.1,2950.0,2950.0,2950.0
Maharashtra,Kalyan APMC,Rice,2026-05-12,Other,0.3,3500.0,8500.0,6000.0
Maharashtra,Karjat(Raigad) APMC,Rice,2026-05-12,Other,19.9,3700.0,5300.0,4600.0
Maharashtra,Kolhapur(Laxmipuri) APMC,Rice,2026-05-12,1009 Kar,14.5,2800.0,9300.0,6050.0
Maharashtra,Mangaon APMC,Rice,2026-05-12,Other,6.0,1900.0,4800.0,3800.0
Maharashtra,Mumbai APMC,Rice,2026-05-12,Other,269.9,6000.0,10200.0,9250.0
Maharashtra,Murud APMC,Rice,2026-05-12,Other,1.0,2500.0,2700.0,2600.0
Maharashtra,Nagpur APMC,Rice,2026-05-12,Other,2.1,3800.0,4200.0,4100.0
Maharashtra,Navapur APMC,Rice,2026-05-12,1009 Kar,0.6,2300.0,2300.0,2300.0
Maharashtra,Palghar APMC,Rice,2026-05-12,1009 Kar,19.0,4600.0,4600.0,4600.0
Maharashtra,Pune APMC,Rice,2026-05-12,Other,55.0,4200.0,7400.0,5800.0
Maharashtra,SHRI.SIDDHESHWAR  APMC,Rice,2026-05-12,Other,81.5,3480.0,6895.0,3830.0
Maharashtra,Sangli APMC,Rice,2026-05-12,Other,61.0,4000.0,8000.0,6000.0
Maharashtra,Ulhasnagar APMC,Rice,2026-05-12,Other,60.0,4000.0,5000.0,4500.0
Maharashtra,APMC VASAI,Rice,2026-05-13,1009 Kar,24.5,2980.0,4920.0,3540.0
Maharashtra,Alibagh APMC,Rice,2026-05-13,Other,1.0,2500.0,2700.0,2600.0
Maharashtra,Kalyan APMC,Rice,2026-05-13,Other,0.3,3500.0,8500.0,6000.0
Maharashtra,Karjat(Raigad) APMC,Rice,2026-05-13,Other,5.1,3700.0,5600.0,4600.0
Maharashtra,Kolhapur(Laxmipuri) APMC,Rice,2026-05-13,1009 Kar,7.5,2800.0,9400.0,6100.0
Maharashtra,Mangaon APMC,Rice,2026-05-13,Other,6.0,1900.0,4800.0,3800.0
Maharashtra,Mumbai APMC,Rice,2026-05-13,Other,1431.3,3000.0,6000.0,4500.0
Maharashtra,Murud APMC,Rice,2026-05-13,Other,1.0,2500.0,2700.0,2600.0
Maharashtra,Nagpur APMC,Rice,2026-05-13,Other,3.0,5000.0,5400.0,5300.0
Maharashtra,Palghar APMC,Rice,2026-05-13,1009 Kar,36.0,4550.0,4550.0,4550.0
Maharashtra,Pune APMC,Rice,2026-05-13,Other,46.9,3300.0,3500.0,3400.0
Maharashtra,SHRI.SIDDHESHWAR  APMC,Rice,2026-05-13,Other,82.2,3485.0,6900.0,3840.0
Maharashtra,Sangli APMC,Rice,2026-05-13,Other,37.1,3800.0,7800.0,5800.0
Maharashtra,Ulhasnagar APMC,Rice,2026-05-13,Other,50.0,4000.0,5000.0,4500.0
Maharashtra,APMC VASAI,Rice,2026-05-14,1009 Kar,27.0,2980.0,3960.0,3350.0
Maharashtra,Alibagh APMC,Rice,2026-05-14,Other,1.0,2500.0,2700.0,2600.0
Maharashtra,Bhandara APMC,Rice,2026-05-14,Other,0.4,2950.0,2950.0,2950.0
Maharashtra,Kalyan APMC,Rice,2026-05-14,Other,0.3,3500.0,8500.0,6000.0
Maharashtra,Kolhapur(Laxmipuri) APMC,Rice,2026-05-14,1009 Kar,26.6,2900.0,9300.0,6100.0
Maharashtra,Mangaon APMC,Rice,2026-05-14,Other,12.4,1900.0,4800.0,3800.0
Maharashtra,Mumbai APMC,Rice,2026-05-14,Other,1588.2,3000.0,6000.0,4500.0
Maharashtra,Murud APMC,Rice,2026-05-14,Other,1.0,2500.0,2700.0,2600.0
Maharashtra,Nagpur APMC,Rice,2026-05-14,Other,6.2,6200.0,6500.0,6425.0
Maharashtra,Palghar APMC,Rice,2026-05-14,1009 Kar,25.0,4305.0,4305.0,4305.0
Maharashtra,Pune APMC,Rice,2026-05-14,Other,46.5,3000.0,3300.0,3150.0
Maharashtra,SHRI.SIDDHESHWAR  APMC,Rice,2026-05-14,Other,80.9,3480.0,6910.0,3845.0
Maharashtra,Sangli APMC,Rice,2026-05-14,Other,59.1,4000.0,8000.0,6000.0
Maharashtra,Ulhasnagar APMC,Rice,2026-05-14,Other,34.5,4000.0,5000.0,4500.0
Maharashtra,Umared APMC,Rice,2026-05-14,Other,7.1,3800.0,5000.0,4450.0
Maharashtra,APMC VASAI,Rice,2026-05-15,1009 Kar,35.5,2795.0,3960.0,3540.0
Maharashtra,Alibagh APMC,Rice,2026-05-15,Other,1.0,2500.0,2700.0,2600.0
Maharashtra,Bhandara APMC,Rice,2026-05-15,1009 Kar,1.1,2670.0,2670.0,2670.0
Maharashtra,Kalyan APMC,Rice,2026-05-15,Other,0.3,3500.0,8500.0,6000.0
Maharashtra,Mangaon APMC,Rice,2026-05-15,Other,5.8,2000.0,4800.0,3800.0
Maharashtra,Mumbai APMC,Rice,2026-05-15,Other,1532.0,3000.0,6000.0,4500.0
Maharashtra,Murud APMC,Rice,2026-05-15,Other,1.0,2500.0,2700.0,2600.0
Maharashtra,Nagpur APMC,Rice,2026-05-15,Other,7.0,6200.0,6500.0,6425.0
Maharashtra,Palghar APMC,Rice,2026-05-15,1009 Kar,31.0,4125.0,4125.0,4125.0
Maharashtra,SHRI.SIDDHESHWAR  APMC,Rice,2026-05-15,Other,81.6,3485.0,6915.0,3850.0
Maharashtra,Sangli APMC,Rice,2026-05-15,Other,49.4,4000.0,8000.0,6000.0
Maharashtra,Ulhasnagar APMC,Rice,2026-05-15,Other,59.0,4000.0,5000.0,4500.0
Maharashtra,Alibagh APMC,Rice,2026-05-16,Other,1.0,2500.0,2700.0,2600.0
Maharashtra,Bhandara APMC,Rice,2026-05-16,1009 Kar,0.3,4700.0,4700.0,4700.0
Maharashtra,Mangaon APMC,Rice,2026-05-16,Other,9.0,2000.0,4800.0,3800.0
Maharashtra,Murud APMC,Rice,2026-05-16,Other,1.0,2500.0,2700.0,2600.0
Maharashtra,Nagpur APMC,Rice,2026-05-16,Other,4.0,6200.0,6500.0,6350.0
Maharashtra,Palghar APMC,Rice,2026-05-16,1009 Kar,26.0,4500.0,4500.0,4500.0
Maharashtra,SHRI.SIDDHESHWAR  APMC,Rice,2026-05-16,Other,80.5,3490.0,6925.0,3860.0
Maharashtra,Sangli APMC,Rice,2026-05-16,Other,36.6,4000.0,8000.0,6000.0
Maharashtra,Umared APMC,Rice,2026-05-16,Other,8.5,3800.0,5000.0,4400.0
Maharashtra,Alibagh APMC,Rice,2026-05-17,Other,1.0,2500.0,2700.0,2600.0
Maharashtra,Kalyan APMC,Rice,2026-05-17,Other,0.3,3500.0,8500.0,6000.0
Maharashtra,Mangaon APMC,Rice,2026-05-17,Other,6.4,1900.0,4800.0,3800.0
Maharashtra,Murud APMC,Rice,2026-05-17,Other,1.0,2500.0,2700.0,2600.0
Maharashtra,Palghar APMC,Rice,2026-05-17,1009 Kar,10.0,4500.0,4500.0,4500.0
Maharashtra,Tumsar APMC,Rice,2026-05-17,Other,0.2,4200.0,4200.0,4200.0
Maharashtra,Ulhasnagar APMC,Rice,2026-05-17,Other,62.0,4500.0,6500.0,5500.0
Maharashtra,APMC VASAI,Rice,2026-05-18,1009 Kar,31.0,3250.0,4920.0,3540.0
Maharashtra,Alibagh APMC,Rice,2026-05-18,Other,1.0,2500.0,2700.0,2600.0
Maharashtra,Bhandara APMC,Rice,2026-05-18,Other,0.7,2950.0,2950.0,2950.0
Maharashtra,Kalyan APMC,Rice,2026-05-18,Other,0.3,3500.0,8500.0,6000.0
Maharashtra,Karjat(Raigad) APMC,Rice,2026-05-18,Other,32.1,3700.0,5500.0,4600.0
Maharashtra,Kolhapur(Laxmipuri) APMC,Rice,2026-05-18,1009 Kar,65.2,2900.0,9350.0,6125.0
Maharashtra,Mangaon APMC,Rice,2026-05-18,Other,6.8,2000.0,4800.0,3800.0
Maharashtra,Mumbai APMC,Rice,2026-05-18,Other,2016.5,3000.0,6000.0,4500.0
Maharashtra,Murud APMC,Rice,2026-05-18,Other,1.0,2500.0,2700.0,2600.0
Maharashtra,Nagpur APMC,Rice,2026-05-18,Other,2.0,5000.0,5400.0,5300.0
Maharashtra,Palghar APMC,Rice,2026-05-18,1009 Kar,57.8,4550.0,4550.0,4550.0
Maharashtra,Pune APMC,Rice,2026-05-18,Other,45.9,3000.0,3300.0,3150.0
Maharashtra,SHRI.SIDDHESHWAR  APMC,Rice,2026-05-18,Other,78.2,3500.0,6940.0,3870.0
Maharashtra,Sangli APMC,Rice,2026-05-18,Other,8.4,4000.0,8500.0,6250.0
Maharashtra,Tumsar APMC,Rice,2026-05-18,Other,0.4,4300.0,4300.0,4300.0
Maharashtra,Ulhasnagar APMC,Rice,2026-05-18,Other,57.0,4000.0,5000.0,4500.0
Maharashtra,APMC VASAI,Rice,2026-05-19,1009 Kar,23.5,2980.0,3960.0,3425.0
Maharashtra,Alibagh APMC,Rice,2026-05-19,Other,1.0,2500.0,2700.0,2600.0
Maharashtra,Bhandara APMC,Rice,2026-05-19,Other,0.1,2950.0,2950.0,2950.0
Maharashtra,Kalyan APMC,Rice,2026-05-19,Other,0.3,4000.0,8500.0,6250.0
Maharashtra,Kolhapur(Laxmipuri) APMC,Rice,2026-05-19,1009 Kar,14.1,2900.0,9400.0,6150.0
Maharashtra,Mangaon APMC,Rice,2026-05-19,Other,5.7,1900.0,4800.0,3800.0
Maharashtra,Mumbai APMC,Rice,2026-05-19,Other,2105.5,3000.0,6000.0,4500.0
Maharashtra,Murud APMC,Rice,2026-05-19,Other,1.0,2500.0,2700.0,2600.0
Maharashtra,Nagpur APMC,Rice,2026-05-19,Other,0.8,3800.0,4200.0,4100.0
Maharashtra,Palghar APMC,Rice,2026-05-19,1009 Kar,24.0,4350.0,4350.0,4350.0
Maharashtra,Pune APMC,Rice,2026-05-19,Other,55.8,4200.0,7100.0,5650.0
Maharashtra,SHRI.SIDDHESHWAR  APMC,Rice,2026-05-19,Other,78.9,3510.0,6950.0,3875.0
Maharashtra,Sangli APMC,Rice,2026-05-19,Other,67.5,4000.0,8200.0,6100.0
Maharashtra,APMC VASAI,Rice,2026-05-20,1009 Kar,21.0,3390.0,4750.0,3950.0
Maharashtra,Alibagh APMC,Rice,2026-05-20,Other,1.0,2500.0,2700.0,2600.0
Maharashtra,Kalyan APMC,Rice,2026-05-20,Other,0.3,3500.0,8500.0,6000.0
Maharashtra,Karjat(Raigad) APMC,Rice,2026-05-20,Other,6.0,3800.0,5600.0,4900.0
Maharashtra,Kolhapur(Laxmipuri) APMC,Rice,2026-05-20,1009 Kar,12.1,2900.0,9400.0,6150.0
Maharashtra,Mangaon APMC,Rice,2026-05-20,Other,5.6,1900.0,4800.0,3800.0
Maharashtra,Mumbai APMC,Rice,2026-05-20,Other,244.7,6000.0,10200.0,9250.0
Maharashtra,Murud APMC,Rice,2026-05-20,Other,1.0,2500.0,2700.0,2600.0
Maharashtra,Nagpur APMC,Rice,2026-05-20,Other,1.0,3800.0,4200.0,4100.0
Maharashtra,Palghar APMC,Rice,2026-05-20,1009 Kar,30.0,4305.0,4305.0,4305.0
Maharashtra,Pune APMC,Rice,2026-05-20,Other,56.5,4200.0,7300.0,5750.0
Maharashtra,SHRI.SIDDHESHWAR  APMC,Rice,2026-05-20,Other,79.6,3515.0,6960.0,3885.0
Maharashtra,Sangli APMC,Rice,2026-05-20,Other,31.1,4000.0,8000.0,6000.0
Maharashtra,Tumsar APMC,Rice,2026-05-20,Other,0.2,3700.0,3700.0,3700.0
Maharashtra,Ulhasnagar APMC,Rice,2026-05-20,Other,57.0,3500.0,5500.0,4500.0
Maharashtra,APMC VASAI,Rice,2026-05-21,1009 Kar,16.0,3150.0,4850.0,3540.0
Maharashtra,Alibagh APMC,Rice,2026-05-21,Other,1.0,2500.0,2700.0,2600.0
Maharashtra,Bhandara APMC,Rice,2026-05-21,1009 Kar,0.8,4400.0,4800.0,4600.0
Maharashtra,Bhandara APMC,Rice,2026-05-21,Other,0.1,2950.0,2950.0,2950.0
Maharashtra,Kalyan APMC,Rice,2026-05-21,Other,0.3,3000.0,3200.0,3100.0
Maharashtra,Karjat(Raigad) APMC,Rice,2026-05-21,Other,12.0,3700.0,5600.0,4700.0
Maharashtra,Mangaon APMC,Rice,2026-05-21,Other,5.9,1900.0,4800.0,3800.0
Maharashtra,Mumbai APMC,Rice,2026-05-21,Other,144.7,6000.0,10200.0,9250.0
Maharashtra,Murud APMC,Rice,2026-05-21,Other,1.0,2500.0,2700.0,2600.0
Maharashtra,Nagpur APMC,Rice,2026-05-21,Other,3.0,3800.0,4200.0,4100.0
Maharashtra,Palghar APMC,Rice,2026-05-21,1009 Kar,47.6,4275.0,4275.0,4275.0
Maharashtra,Pune APMC,Rice,2026-05-21,Other,56.2,4300.0,7300.0,5800.0
Maharashtra,SHRI.SIDDHESHWAR  APMC,Rice,2026-05-21,Other,79.1,3520.0,6975.0,3895.0
Maharashtra,Sangli APMC,Rice,2026-05-21,Other,48.0,4000.0,8000.0,6000.0
Maharashtra,Ulhasnagar APMC,Rice,2026-05-21,Other,57.0,4000.0,5000.0,4500.0
Maharashtra,Umared APMC,Rice,2026-05-21,Other,4.5,3800.0,5000.0,4400.0
Maharashtra,APMC VASAI,Rice,2026-05-22,1009 Kar,34.5,2980.0,4960.0,3860.0
Maharashtra,Alibagh APMC,Rice,2026-05-22,Other,1.0,2500.0,2700.0,2600.0
Maharashtra,Bhandara APMC,Rice,2026-05-22,Other,1.0,2950.0,2950.0,2950.0
Maharashtra,Kalyan APMC,Rice,2026-05-22,Other,0.3,3400.0,8500.0,5900.0
Maharashtra,Mangaon APMC,Rice,2026-05-22,Other,5.8,1900.0,4800.0,3800.0
Maharashtra,Mumbai APMC,Rice,2026-05-22,Other,1262.3,3000.0,6000.0,4500.0
Maharashtra,Murud APMC,Rice,2026-05-22,Other,1.0,2500.0,2700.0,2600.0
Maharashtra,Nagpur APMC,Rice,2026-05-22,Other,5.0,6200.0,6500.0,6425.0
Maharashtra,Palghar APMC,Rice,2026-05-22,1009 Kar,25.0,4400.0,4400.0,4400.0
Maharashtra,SHRI.SIDDHESHWAR  APMC,Rice,2026-05-22,Other,80.5,3510.0,6985.0,3900.0
Maharashtra,Sangli APMC,Rice,2026-05-22,Other,30.8,4500.0,8000.0,6250.0
Maharashtra,Ulhasnagar APMC,Rice,2026-05-22,Other,57.0,4000.0,5000.0,4500.0
Maharashtra,Alibagh APMC,Rice,2026-05-23,Other,1.0,2500.0,2700.0,2600.0
Maharashtra,Bhandara APMC,Rice,2026-05-23,1009 Kar,0.2,2950.0,2950.0,2950.0
Maharashtra,Karjat(Raigad) APMC,Rice,2026-05-23,Other,12.0,3800.0,5800.0,5200.0
Maharashtra,Mangaon APMC,Rice,2026-05-23,Other,9.9,1900.0,4800.0,3800.0
Maharashtra,Mumbai APMC,Rice,2026-05-23,Other,127.9,6000.0,10200.0,9250.0
Maharashtra,Murud APMC,Rice,2026-05-23,Other,1.0,2500.0,2700.0,2600.0
Maharashtra,SHRI.SIDDHESHWAR  APMC,Rice,2026-05-23,Other,81.1,3505.0,6995.0,3905.0
Maharashtra,Sangli APMC,Rice,2026-05-23,Other,71.4,4000.0,8000.0,6000.0
Maharashtra,Umared APMC,Rice,2026-05-23,Other,5.2,3800.0,4800.0,4350.0
Maharashtra,Alibagh APMC,Rice,2026-05-24,Other,1.0,2500.0,2700.0,2600.0
Maharashtra,Mangaon APMC,Rice,2026-05-24,Other,10.2,1900.0,4800.0,3800.0
Maharashtra,Murud APMC,Rice,2026-05-24,Other,1.0,2500.0,2700.0,2600.0
Maharashtra,Palghar APMC,Rice,2026-05-24,1009 Kar,12.0,4550.0,4550.0,4550.0
Maharashtra,Ulhasnagar APMC,Rice,2026-05-24,Other,37.0,4000.0,5000.0,4500.0
Maharashtra,APMC VASAI,Rice,2026-05-25,1009 Kar,16.2,3450.0,5280.0,4540.0
Maharashtra,Alibagh APMC,Rice,2026-05-25,Other,1.0,2500.0,2700.0,2600.0
Maharashtra,Kalyan APMC,Rice,2026-05-25,Other,0.3,7000.0,9000.0,8000.0
Maharashtra,Karjat(Raigad) APMC,Rice,2026-05-25,Other,38.2,3700.0,5600.0,4700.0
Maharashtra,Kolhapur(Laxmipuri) APMC,Rice,2026-05-25,1009 Kar,9.6,3050.0,9500.0,6275.0
Maharashtra,Mangaon APMC,Rice,2026-05-25,Other,5.8,1900.0,4800.0,3800.0
Maharashtra,Mumbai APMC,Rice,2026-05-25,Other,386.2,6000.0,10200.0,9250.0
Maharashtra,Murud APMC,Rice,2026-05-25,Other,1.0,2500.0,2700.0,2600.0
Maharashtra,Palghar APMC,Rice,2026-05-25,1009 Kar,50.1,4575.0,4575.0,4575.0
Maharashtra,Pune APMC,Rice,2026-05-25,Other,56.4,4200.0,7000.0,5600.0
Maharashtra,SHRI.SIDDHESHWAR  APMC,Rice,2026-05-25,Other,83.6,3510.0,7000.0,3910.0
Maharashtra,Ulhasnagar APMC,Rice,2026-05-25,Other,57.0,4000.0,5000.0,4500.0
Maharashtra,APMC VASAI,Rice,2026-05-26,1009 Kar,27.5,2860.0,3960.0,3350.0
Maharashtra,Alibagh APMC,Rice,2026-05-26,Other,1.0,2500.0,2700.0,2600.0
Maharashtra,Bhandara APMC,Rice,2026-05-26,1009 Kar,0.3,4900.0,4900.0,4900.0
Maharashtra,Bhandara APMC,Rice,2026-05-26,Other,0.2,2950.0,2950.0,2950.0
Maharashtra,Kalyan APMC,Rice,2026-05-26,Other,0.3,7000.0,9000.0,8000.0
Maharashtra,Karjat(Raigad) APMC,Rice,2026-05-26,Other,22.3,3600.0,5600.0,4600.0
Maharashtra,Kolhapur(Laxmipuri) APMC,Rice,2026-05-26,1009 Kar,7.5,2900.0,9400.0,6150.0
Maharashtra,Mangaon APMC,Rice,2026-05-26,Other,6.1,1900.0,4800.0,3800.0
Maharashtra,Mumbai APMC,Rice,2026-05-26,Other,198.4,6000.0,10200.0,9250.0
Maharashtra,Murud APMC,Rice,2026-05-26,Other,1.0,2500.0,2700.0,2600.0
Maharashtra,Nagpur APMC,Rice,2026-05-26,Other,10.8,6200.0,6500.0,6425.0
Maharashtra,Palghar APMC,Rice,2026-05-26,1009 Kar,39.0,4725.0,4725.0,4725.0
Maharashtra,SHRI.SIDDHESHWAR  APMC,Rice,2026-05-26,Other,82.1,3515.0,6990.0,3915.0
Maharashtra,Sangli APMC,Rice,2026-05-26,Other,67.9,4000.0,8000.0,6000.0
Maharashtra,Ulhasnagar APMC,Rice,2026-05-26,Other,57.0,4000.0,5000.0,4500.0
Maharashtra,APMC VASAI,Rice,2026-05-27,1009 Kar,32.5,3250.0,4250.0,3890.0
Maharashtra,Alibagh APMC,Rice,2026-05-27,Other,1.0,2500.0,2700.0,2600.0
Maharashtra,Kalyan APMC,Rice,2026-05-27,Other,0.3,4500.0,8500.0,6500.0
Maharashtra,Karjat(Raigad) APMC,Rice,2026-05-27,Other,1.4,3600.0,5500.0,4600.0
Maharashtra,Mumbai APMC,Rice,2026-05-27,Other,1498.9,3000.0,6000.0,4500.0
Maharashtra,Murud APMC,Rice,2026-05-27,Other,1.0,2500.0,2700.0,2600.0
Maharashtra,Nagpur APMC,Rice,2026-05-27,Other,0.3,3000.0,3200.0,3150.0
Maharashtra,Palghar APMC,Rice,2026-05-27,1009 Kar,21.0,4601.0,4601.0,4601.0
Maharashtra,SHRI.SIDDHESHWAR  APMC,Rice,2026-05-27,Other,55.1,3520.0,3985.0,3920.0
Maharashtra,Sangli APMC,Rice,2026-05-27,Other,32.1,4000.0,8000.0,6000.0
Maharashtra,Alibagh APMC,Rice,2026-05-28,Other,1.0,2500.0,2700.0,2600.0
Maharashtra,Bhandara APMC,Rice,2026-05-28,1009 Kar,0.6,4400.0,4400.0,4400.0
Maharashtra,Bhandara APMC,Rice,2026-05-28,Other,0.4,2950.0,2950.0,2950.0
Maharashtra,Mangaon APMC,Rice,2026-05-28,Other,1.9,1900.0,4800.0,3800.0
Maharashtra,Mumbai APMC,Rice,2026-05-28,Other,340.6,6000.0,10200.0,9250.0
Maharashtra,Murud APMC,Rice,2026-05-28,Other,1.0,2500.0,2700.0,2600.0
Maharashtra,Palghar APMC,Rice,2026-05-28,1009 Kar,24.0,4851.0,4851.0,4851.0
Maharashtra,Pune APMC,Rice,2026-05-28,Other,46.1,3000.0,3300.0,3150.0
Maharashtra,Ulhasnagar APMC,Rice,2026-05-28,Other,59.0,4000.0,5000.0,4500.0
Maharashtra,APMC VASAI,Rice,2026-05-29,1009 Kar,34.0,3250.0,4750.0,3890.0
Maharashtra,Alibagh APMC,Rice,2026-05-29,Other,1.0,2500.0,2700.0,2600.0
Maharashtra,Mangaon APMC,Rice,2026-05-29,Other,6.8,1900.0,4800.0,3800.0
Maharashtra,Mumbai APMC,Rice,2026-05-29,Other,78.0,6000.0,10200.0,9250.0
Maharashtra,Murud APMC,Rice,2026-05-29,Other,1.0,2500.0,2700.0,2600.0
Maharashtra,Nagpur APMC,Rice,2026-05-29,Other,10.0,3500.0,3800.0,3725.0
Maharashtra,Palghar APMC,Rice,2026-05-29,1009 Kar,29.0,4901.0,4901.0,4901.0
Maharashtra,SHRI.SIDDHESHWAR  APMC,Rice,2026-05-29,Other,70.2,3525.0,3980.0,3925.0
Maharashtra,Ulhasnagar APMC,Rice,2026-05-29,Other,54.0,4000.0,5000.0,4500.0
Maharashtra,APMC VASAI,Rice,2026-05-30,1009 Kar,32.0,3150.0,3960.0,3425.0
Maharashtra,Alibagh APMC,Rice,2026-05-30,Other,1.0,2500.0,2700.0,2600.0
Maharashtra,Bhandara APMC,Rice,2026-05-30,1009 Kar,0.3,4400.0,4500.0,4480.0
Maharashtra,Karjat(Raigad) APMC,Rice,2026-05-30,Other,24.2,3800.0,5700.0,4800.0
Maharashtra,Mangaon APMC,Rice,2026-05-30,Other,5.5,1900.0,4800.0,3800.0
Maharashtra,Mumbai APMC,Rice,2026-05-30,Other,152.3,6000.0,10200.0,9250.0
Maharashtra,Murud APMC,Rice,2026-05-30,Other,1.0,2500.0,2700.0,2600.0
Maharashtra,Nagpur APMC,Rice,2026-05-30,Other,6.0,6200.0,6500.0,6425.0
Maharashtra,Palghar APMC,Rice,2026-05-30,1009 Kar,31.0,4850.0,4850.0,4850.0
Maharashtra,Pune APMC,Rice,2026-05-30,Other,56.4,4200.0,7100.0,5650.0
Maharashtra,SHRI.SIDDHESHWAR  APMC,Rice,2026-05-30,Other,67.7,3520.0,6990.0,3930.0
Maharashtra,Alibagh APMC,Rice,2026-05-31,Other,1.0,2500.0,2700.0,2600.0
Maharashtra,Murud APMC,Rice,2026-05-31,Other,1.0,2500.0,2700.0,2600.0
Maharashtra,Palghar APMC,Rice,2026-05-31,1009 Kar,11.0,4600.0,4600.0,4600.0
Maharashtra,Ulhasnagar APMC,Rice,2026-05-31,Other,56.0,4500.0,5500.0,5000.0
Maharashtra,APMC VASAI,Rice,2026-06-01,1009 Kar,37.0,3250.0,4850.0,3890.0
Maharashtra,Alibagh APMC,Rice,2026-06-01,Other,1.0,2500.0,2700.0,2600.0
Maharashtra,Bhandara APMC,Rice,2026-06-01,1009 Kar,0.2,4800.0,4800.0,4800.0
Maharashtra,Bhandara APMC,Rice,2026-06-01,Other,0.3,2950.0,2950.0,2950.0
Maharashtra,Karjat(Raigad) APMC,Rice,2026-06-01,Other,5.2,3800.0,5400.0,4700.0
Maharashtra,Mangaon APMC,Rice,2026-06-01,Other,5.8,1900.0,4800.0,3800.0
Maharashtra,Mumbai APMC,Rice,2026-06-01,Other,223.1,6000.0,10200.0,9250.0
Maharashtra,Murud APMC,Rice,2026-06-01,Other,1.0,2500.0,2700.0,2600.0
Maharashtra,Nagpur APMC,Rice,2026-06-01,Other,1.5,3000.0,3200.0,3150.0
Maharashtra,Palghar APMC,Rice,2026-06-01,1009 Kar,24.0,4700.0,4700.0,4700.0
Maharashtra,Pune APMC,Rice,2026-06-01,Other,56.4,4200.0,7000.0,5600.0
Maharashtra,SHRI.SIDDHESHWAR  APMC,Rice,2026-06-01,Other,71.5,3525.0,6985.0,3935.0
Maharashtra,Tumsar APMC,Rice,2026-06-01,Other,0.1,3800.0,3800.0,3800.0
Maharashtra,Ulhasnagar APMC,Rice,2026-06-01,Other,57.0,4000.0,5000.0,4500.0
Maharashtra,APMC VASAI,Rice,2026-06-02,1009 Kar,30.0,3250.0,4920.0,3750.0
Maharashtra,Alibagh APMC,Rice,2026-06-02,Other,1.0,2500.0,2700.0,2600.0
Maharashtra,Karjat(Raigad) APMC,Rice,2026-06-02,Other,55.3,3700.0,5400.0,4700.0
Maharashtra,Kolhapur(Laxmipuri) APMC,Rice,2026-06-02,1009 Kar,7.2,2900.0,9200.0,6050.0
Maharashtra,Mangaon APMC,Rice,2026-06-02,Other,14.9,1900.0,4800.0,3800.0
Maharashtra,Mumbai APMC,Rice,2026-06-02,Other,372.5,6000.0,10200.0,9250.0
Maharashtra,Murud APMC,Rice,2026-06-02,Other,1.0,2500.0,2700.0,2600.0
Maharashtra,Nagpur APMC,Rice,2026-06-02,Other,10.9,3000.0,3200.0,3150.0
Maharashtra,Palghar APMC,Rice,2026-06-02,1009 Kar,34.0,4901.0,4901.0,4901.0
Maharashtra,Pune APMC,Rice,2026-06-02,Other,7.1,8400.0,11400.0,9900.0
Maharashtra,SHRI.SIDDHESHWAR  APMC,Rice,2026-06-02,Other,72.3,3530.0,6990.0,3940.0
Maharashtra,Sangli APMC,Rice,2026-06-02,Other,18.5,3800.0,7800.0,5800.0
Maharashtra,Ulhasnagar APMC,Rice,2026-06-02,Other,57.0,4000.0,5000.0,4500.0
Maharashtra,APMC VASAI,Rice,2026-06-03,1009 Kar,36.5,3560.0,5350.0,4150.0
Maharashtra,Alibagh APMC,Rice,2026-06-03,Other,1.0,2500.0,2700.0,2600.0
Maharashtra,Karjat(Raigad) APMC,Rice,2026-06-03,Other,22.6,3800.0,5600.0,4800.0
Maharashtra,Kolhapur(Laxmipuri) APMC,Rice,2026-06-03,1009 Kar,7.5,2950.0,9400.0,6175.0
Maharashtra,Mangaon APMC,Rice,2026-06-03,Other,5.8,2000.0,4800.0,3800.0
Maharashtra,Mumbai APMC,Rice,2026-06-03,Other,129.9,6000.0,10200.0,9250.0
Maharashtra,Murud APMC,Rice,2026-06-03,Other,1.0,2500.0,2700.0,2600.0
Maharashtra,Nagpur APMC,Rice,2026-06-03,Other,0.6,3000.0,3200.0,3150.0
Maharashtra,Palghar APMC,Rice,2026-06-03,1009 Kar,25.0,4550.0,4550.0,4550.0
Maharashtra,Pune APMC,Rice,2026-06-03,Other,56.3,4300.0,7100.0,5700.0
Maharashtra,SHRI.SIDDHESHWAR  APMC,Rice,2026-06-03,Other,69.7,3515.0,7000.0,3945.0
Maharashtra,Sangli APMC,Rice,2026-06-03,Other,24.5,4000.0,8000.0,6000.0
Maharashtra,Ulhasnagar APMC,Rice,2026-06-03,Other,57.0,4000.0,5000.0,4500.0
Maharashtra,APMC VASAI,Rice,2026-06-04,1009 Kar,34.0,3560.0,4960.0,4450.0
Maharashtra,Alibagh APMC,Rice,2026-06-04,Other,1.0,2500.0,2700.0,2600.0
Maharashtra,Kalyan APMC,Rice,2026-06-04,Other,0.3,4500.0,8500.0,6500.0
Maharashtra,Karjat(Raigad) APMC,Rice,2026-06-04,Other,7.5,3600.0,5600.0,4800.0
Maharashtra,Mangaon APMC,Rice,2026-06-04,Other,5.8,1900.0,4800.0,3800.0
Maharashtra,Mumbai APMC,Rice,2026-06-04,Other,283.1,6000.0,10200.0,9250.0
Maharashtra,Murud APMC,Rice,2026-06-04,Other,1.0,2500.0,2700.0,2600.0
Maharashtra,Nagpur APMC,Rice,2026-06-04,Other,6.0,6200.0,6500.0,6425.0
Maharashtra,Palghar APMC,Rice,2026-06-04,1009 Kar,21.0,4600.0,4600.0,4600.0
Maharashtra,Pune APMC,Rice,2026-06-04,Other,56.2,4200.0,7000.0,5600.0
Maharashtra,SHRI.SIDDHESHWAR  APMC,Rice,2026-06-04,Other,71.0,3540.0,6995.0,3930.0
Maharashtra,Sangli APMC,Rice,2026-06-04,Other,37.4,4500.0,8000.0,6250.0
Maharashtra,Ulhasnagar APMC,Rice,2026-06-04,Other,57.0,4000.0,6000.0,5000.0
Maharashtra,Umared APMC,Rice,2026-06-04,Other,3.1,3800.0,4800.0,4450.0
Maharashtra,APMC VASAI,Rice,2026-06-05,1009 Kar,33.5,3150.0,3960.0,3540.0
Maharashtra,Alibagh APMC,Rice,2026-06-05,Other,1.0,2500.0,2700.0,2600.0
Maharashtra,Kalyan APMC,Rice,2026-06-05,Other,0.3,3000.0,3400.0,3200.0
Maharashtra,Kolhapur(Laxmipuri) APMC,Rice,2026-06-05,1009 Kar,33.3,2850.0,9400.0,6125.0
Maharashtra,Mangaon APMC,Rice,2026-06-05,Other,10.0,1900.0,4800.0,3800.0
Maharashtra,Mumbai APMC,Rice,2026-06-05,Other,107.9,6000.0,10200.0,9250.0
Maharashtra,Murud APMC,Rice,2026-06-05,Other,1.0,2500.0,2700.0,2600.0
Maharashtra,Nagpur APMC,Rice,2026-06-05,Other,1.6,6200.0,6500.0,6425.0
Maharashtra,Palghar APMC,Rice,2026-06-05,1009 Kar,47.0,4825.0,4825.0,4825.0
Maharashtra,Pune APMC,Rice,2026-06-05,Other,56.1,4200.0,7000.0,5600.0
Maharashtra,SHRI.SIDDHESHWAR  APMC,Rice,2026-06-05,Other,72.2,3520.0,6980.0,3940.0
Maharashtra,Sangli APMC,Rice,2026-06-05,Other,23.1,4000.0,8000.0,6000.0
Maharashtra,Ulhasnagar APMC,Rice,2026-06-05,Other,57.0,4000.0,6000.0,5000.0
Maharashtra,APMC VASAI,Rice,2026-06-06,1009 Kar,34.0,3450.0,4920.0,3540.0
Maharashtra,Alibagh APMC,Rice,2026-06-06,Other,1.0,2500.0,2700.0,2600.0
Maharashtra,Karjat(Raigad) APMC,Rice,2026-06-06,Other,18.8,4000.0,5800.0,5200.0
Maharashtra,Mangaon APMC,Rice,2026-06-06,Other,6.8,2000.0,4800.0,3900.0
Maharashtra,Murud APMC,Rice,2026-06-06,Other,1.0,2500.0,2700.0,2600.0
Maharashtra,Nagpur APMC,Rice,2026-06-06,Other,5.0,6200.0,6500.0,6425.0
Maharashtra,Palghar APMC,Rice,2026-06-06,1009 Kar,34.0,4851.0,4851.0,4851.0
Maharashtra,Pune APMC,Rice,2026-06-06,Other,56.0,4300.0,7100.0,5700.0
Maharashtra,SHRI.SIDDHESHWAR  APMC,Rice,2026-06-06,Other,70.9,3515.0,6975.0,3945.0
Maharashtra,Umared APMC,Rice,2026-06-06,Other,4.6,3800.0,5000.0,4450.0
Maharashtra,Alibagh APMC,Rice,2026-06-07,Other,1.0,2500.0,2700.0,2600.0
Maharashtra,Karjat(Raigad) APMC,Rice,2026-06-07,Other,9.0,3800.0,5400.0,4600.0
Maharashtra,Murud APMC,Rice,2026-06-07,Other,1.0,2500.0,2700.0,2600.0
Maharashtra,Palghar APMC,Rice,2026-06-07,1009 Kar,11.5,4540.0,4540.0,4540.0
Maharashtra,Ulhasnagar APMC,Rice,2026-06-07,Other,59.0,4500.0,6500.0,5500.0
Maharashtra,APMC VASAI,Rice,2026-06-08,1009 Kar,32.0,2980.0,4850.0,3790.0
Maharashtra,Alibagh APMC,Rice,2026-06-08,Other,1.0,2500.0,2700.0,2600.0
Maharashtra,Bhandara APMC,Rice,2026-06-08,1009 Kar,0.1,4800.0,4800.0,4800.0
Maharashtra,Bhandara APMC,Rice,2026-06-08,Other,0.3,2950.0,2950.0,2950.0
Maharashtra,Karjat(Raigad) APMC,Rice,2026-06-08,Other,18.7,3800.0,5600.0,4700.0
Maharashtra,Kolhapur(Laxmipuri) APMC,Rice,2026-06-08,1009 Kar,30.0,2900.0,9400.0,6150.0
Maharashtra,Mangaon APMC,Rice,2026-06-08,Other,5.8,1900.0,4800.0,3800.0
Maharashtra,Murud APMC,Rice,2026-06-08,Other,1.0,2500.0,2700.0,2600.0
Maharashtra,Palghar APMC,Rice,2026-06-08,1009 Kar,26.0,4500.0,4500.0,4500.0
Maharashtra,Pune APMC,Rice,2026-06-08,Other,48.1,3100.0,3400.0,3250.0
Maharashtra,SHRI.SIDDHESHWAR  APMC,Rice,2026-06-08,Other,58.9,3500.0,6085.0,3950.0
Maharashtra,Sangli APMC,Rice,2026-06-08,Other,22.7,4000.0,9000.0,6500.0
Maharashtra,Ulhasnagar APMC,Rice,2026-06-08,Other,57.0,5000.0,6000.0,5500.0
Maharashtra,APMC VASAI,Rice,2026-06-09,1009 Kar,35.5,3450.0,4250.0,3890.0
Maharashtra,Alibagh APMC,Rice,2026-06-09,Other,1.0,2500.0,2700.0,2600.0
Maharashtra,Bhandara APMC,Rice,2026-06-09,Other,0.8,2950.0,2950.0,2950.0
Maharashtra,Karjat(Raigad) APMC,Rice,2026-06-09,Other,5.4,3700.0,5300.0,4600.0
Maharashtra,Kolhapur(Laxmipuri) APMC,Rice,2026-06-09,1009 Kar,20.7,2950.0,9450.0,6200.0
Maharashtra,Mangaon APMC,Rice,2026-06-09,Other,1.9,1900.0,4800.0,3800.0
Maharashtra,Murud APMC,Rice,2026-06-09,Other,1.0,2500.0,2700.0,2600.0
Maharashtra,Nagpur APMC,Rice,2026-06-09,Other,10.0,6200.0,6500.0,6425.0
Maharashtra,Palghar APMC,Rice,2026-06-09,1009 Kar,31.0,4035.0,4035.0,4035.0
Maharashtra,Pune APMC,Rice,2026-06-09,Other,56.6,4300.0,7100.0,5700.0
Maharashtra,SHRI.SIDDHESHWAR  APMC,Rice,2026-06-09,Other,63.6,3525.0,6990.0,3955.0
Maharashtra,Sangli APMC,Rice,2026-06-09,Other,120.0,4000.0,8500.0,6250.0
Maharashtra,Ulhasnagar APMC,Rice,2026-06-09,Other,57.0,4000.0,6000.0,5000.0
Maharashtra,APMC VASAI,Rice,2026-06-10,1009 Kar,35.5,3560.0,4850.0,4450.0
Maharashtra,Alibagh APMC,Rice,2026-06-10,Other,1.0,2500.0,2700.0,2600.0
Maharashtra,Kalyan APMC,Rice,2026-06-10,Other,0.3,4500.0,8500.0,6500.0
Maharashtra,Karjat(Raigad) APMC,Rice,2026-06-10,Other,9.4,3800.0,5600.0,4800.0
Maharashtra,Kolhapur(Laxmipuri) APMC,Rice,2026-06-10,1009 Kar,13.5,3025.0,9450.0,6237.0
Maharashtra,Mangaon APMC,Rice,2026-06-10,Other,2.8,2000.0,4800.0,3800.0
Maharashtra,Mumbai APMC,Rice,2026-06-10,Other,255.4,6000.0,10200.0,9250.0
Maharashtra,Murud APMC,Rice,2026-06-10,Other,1.0,2500.0,2700.0,2600.0
Maharashtra,Nagpur APMC,Rice,2026-06-10,Other,3.0,3000.0,3200.0,3150.0
Maharashtra,Palghar APMC,Rice,2026-06-10,1009 Kar,24.0,4305.0,4305.0,4305.0
Maharashtra,Pune APMC,Rice,2026-06-10,Other,56.6,4500.0,7200.0,5850.0
Maharashtra,SHRI.SIDDHESHWAR  APMC,Rice,2026-06-10,Other,70.1,3530.0,6995.0,3960.0
Maharashtra,Sangli APMC,Rice,2026-06-10,Other,18.3,4000.0,8000.0,6000.0
Maharashtra,Tumsar APMC,Rice,2026-06-10,Other,0.1,3700.0,3700.0,3700.0
Maharashtra,Ulhasnagar APMC,Rice,2026-06-10,Other,58.0,5000.0,6000.0,5500.0
Maharashtra,APMC VASAI,Rice,2026-06-11,1009 Kar,38.5,3560.0,4960.0,4260.0
Maharashtra,Alibagh APMC,Rice,2026-06-11,Other,1.0,2500.0,2700.0,2600.0
Maharashtra,Bhandara APMC,Rice,2026-06-11,1009 Kar,0.3,5000.0,5200.0,5150.0
Maharashtra,Bhandara APMC,Rice,2026-06-11,Other,0.6,2900.0,2900.0,2900.0
Maharashtra,Kalyan APMC,Rice,2026-06-11,Other,0.3,3500.0,8500.0,6000.0
Maharashtra,Karjat(Raigad) APMC,Rice,2026-06-11,Other,31.7,3500.0,5400.0,4600.0
Maharashtra,Kolhapur(Laxmipuri) APMC,Rice,2026-06-11,1009 Kar,15.9,3000.0,9500.0,6250.0
Maharashtra,Mangaon APMC,Rice,2026-06-11,Other,6.2,1900.0,4800.0,3800.0
Maharashtra,Mumbai APMC,Rice,2026-06-11,Other,163.0,6000.0,10200.0,9250.0
Maharashtra,Murud APMC,Rice,2026-06-11,Other,1.0,2500.0,2700.0,2600.0
Maharashtra,Nagpur APMC,Rice,2026-06-11,Other,5.3,3000.0,3200.0,3150.0
Maharashtra,Palghar APMC,Rice,2026-06-11,1009 Kar,46.0,4295.0,4295.0,4295.0
Maharashtra,Pune APMC,Rice,2026-06-11,Other,56.3,4500.0,7300.0,5900.0
Maharashtra,SHRI.SIDDHESHWAR  APMC,Rice,2026-06-11,Other,68.9,3535.0,7000.0,3970.0
Maharashtra,Sangli APMC,Rice,2026-06-11,Other,79.4,4000.0,8000.0,6000.0
Maharashtra,Ulhasnagar APMC,Rice,2026-06-11,Other,58.0,4000.0,6000.0,5000.0
Maharashtra,Umared APMC,Rice,2026-06-11,Other,2.8,3800.0,5000.0,4450.0
Maharashtra,APMC VASAI,Rice,2026-06-12,1009 Kar,18.0,3250.0,3950.0,3450.0
Maharashtra,Alibagh APMC,Rice,2026-06-12,Other,1.0,4000.0,4500.0,4250.0
Maharashtra,Bhandara APMC,Rice,2026-06-12,Other,0.1,2900.0,2900.0,2900.0
Maharashtra,Kalyan APMC,Rice,2026-06-12,Other,0.3,3500.0,8500.0,6000.0
Maharashtra,Mangaon APMC,Rice,2026-06-12,Other,6.8,1900.0,4800.0,3800.0
Maharashtra,Murud APMC,Rice,2026-06-12,Other,1.0,4000.0,4500.0,4250.0
Maharashtra,Nagpur APMC,Rice,2026-06-12,Other,0.5,3000.0,3200.0,3150.0
Maharashtra,Palghar APMC,Rice,2026-06-12,1009 Kar,25.0,4400.0,4400.0,4400.0
Maharashtra,Pune APMC,Rice,2026-06-12,Other,48.3,3000.0,3400.0,3200.0
Maharashtra,SHRI.SIDDHESHWAR  APMC,Rice,2026-06-12,Other,69.6,3540.0,7005.0,3975.0
Maharashtra,Sangli APMC,Rice,2026-06-12,Other,31.4,4200.0,8000.0,6100.0
Maharashtra,Ulhasnagar APMC,Rice,2026-06-12,Other,57.0,4000.0,5000.0,4500.0
Maharashtra,Alibagh APMC,Rice,2026-06-13,Other,1.0,4000.0,4500.0,4250.0
Maharashtra,Bhandara APMC,Rice,2026-06-13,1009 Kar,0.2,5100.0,5100.0,5100.0
Maharashtra,Bhandara APMC,Rice,2026-06-13,Other,0.5,3000.0,3000.0,3000.0
Maharashtra,Karjat(Raigad) APMC,Rice,2026-06-13,Other,36.8,3600.0,5600.0,4600.0
Maharashtra,Mangaon APMC,Rice,2026-06-13,Other,5.8,1900.0,4800.0,3800.0
Maharashtra,Mumbai APMC,Rice,2026-06-13,Other,133.0,6000.0,10200.0,9250.0
Maharashtra,Murud APMC,Rice,2026-06-13,Other,1.0,4000.0,4500.0,4250.0
Maharashtra,Nagpur APMC,Rice,2026-06-13,Other,0.7,3000.0,3200.0,3150.0
Maharashtra,Palghar APMC,Rice,2026-06-13,1009 Kar,31.0,4450.0,4450.0,4450.0
Maharashtra,Pune APMC,Rice,2026-06-13,Other,56.6,4500.0,7300.0,5900.0
Maharashtra,SHRI.SIDDHESHWAR  APMC,Rice,2026-06-13,Other,68.8,3545.0,7010.0,3985.0
Maharashtra,Sangli APMC,Rice,2026-06-13,Other,14.7,4000.0,8000.0,6000.0
Maharashtra,Umared APMC,Rice,2026-06-13,Other,3.1,3800.0,5000.0,4450.0
Maharashtra,Alibagh APMC,Rice,2026-06-14,Other,1.0,4000.0,4500.0,4250.0
Maharashtra,Mangaon APMC,Rice,2026-06-14,Other,11.7,1900.0,4800.0,3800.0
Maharashtra,Murud APMC,Rice,2026-06-14,Other,1.0,4000.0,4500.0,4250.0
Maharashtra,Palghar APMC,Rice,2026-06-14,1009 Kar,12.0,4600.0,4600.0,4600.0
Maharashtra,Tumsar APMC,Rice,2026-06-14,Other,0.1,3800.0,3800.0,3800.0
Maharashtra,APMC VASAI,Rice,2026-06-15,1009 Kar,35.5,3450.0,4960.0,3790.0
Maharashtra,Alibagh APMC,Rice,2026-06-15,Other,1.0,4000.0,4500.0,4250.0
Maharashtra,Bhandara APMC,Rice,2026-06-15,1009 Kar,0.1,5000.0,5000.0,5000.0
Maharashtra,Karjat(Raigad) APMC,Rice,2026-06-15,Other,15.1,4000.0,5800.0,5200.0
Maharashtra,Kolhapur(Laxmipuri) APMC,Rice,2026-06-15,1009 Kar,20.4,3050.0,9550.0,6300.0
Maharashtra,Mangaon APMC,Rice,2026-06-15,Other,6.1,1900.0,4800.0,3800.0
Maharashtra,Murud APMC,Rice,2026-06-15,Other,1.0,4000.0,4500.0,4250.0
Maharashtra,Nagpur APMC,Rice,2026-06-15,Other,3.6,6200.0,6500.0,6425.0
Maharashtra,Palghar APMC,Rice,2026-06-15,1009 Kar,24.0,4550.0,4550.0,4550.0
Maharashtra,Pune APMC,Rice,2026-06-15,Other,48.4,3100.0,3400.0,3250.0
Maharashtra,SHRI.SIDDHESHWAR  APMC,Rice,2026-06-15,Other,68.6,3550.0,7005.0,3990.0
Maharashtra,Sangli APMC,Rice,2026-06-15,Other,23.1,4500.0,8500.0,6500.0
Maharashtra,APMC VASAI,Rice,2026-06-16,1009 Kar,24.5,3450.0,4920.0,3860.0
Maharashtra,Alibagh APMC,Rice,2026-06-16,Other,1.0,4000.0,4500.0,4250.0
Maharashtra,Kalyan APMC,Rice,2026-06-16,Other,0.3,3500.0,8500.0,6000.0
Maharashtra,Karjat(Raigad) APMC,Rice,2026-06-16,Other,10.4,3800.0,5700.0,5200.0
Maharashtra,Kolhapur(Laxmipuri) APMC,Rice,2026-06-16,1009 Kar,15.7,2900.0,9500.0,6200.0
Maharashtra,Mangaon APMC,Rice,2026-06-16,Other,10.3,2000.0,4800.0,3800.0
Maharashtra,Mumbai APMC,Rice,2026-06-16,Other,174.2,6000.0,10200.0,9250.0
Maharashtra,Murud APMC,Rice,2026-06-16,Other,1.0,4000.0,4500.0,4250.0
Maharashtra,Nagpur APMC,Rice,2026-06-16,Other,1.2,3000.0,3200.0,3150.0
Maharashtra,Palghar APMC,Rice,2026-06-16,1009 Kar,34.0,4700.0,4700.0,4700.0
Maharashtra,SHRI.SIDDHESHWAR  APMC,Rice,2026-06-16,Other,70.4,3555.0,7010.0,3995.0
Maharashtra,Sangli APMC,Rice,2026-06-16,Other,88.4,4200.0,8000.0,6100.0
Maharashtra,Ulhasnagar APMC,Rice,2026-06-16,Other,64.0,4000.0,6000.0,5000.0
Maharashtra,APMC VASAI,Rice,2026-06-17,1009 Kar,34.0,3450.0,4960.0,3790.0
Maharashtra,Alibagh APMC,Rice,2026-06-17,Other,1.0,4000.0,4500.0,4250.0
Maharashtra,Kalyan APMC,Rice,2026-06-17,Other,0.3,3500.0,8500.0,6000.0
Maharashtra,Kolhapur(Laxmipuri) APMC,Rice,2026-06-17,1009 Kar,16.9,2800.0,9600.0,6200.0
Maharashtra,Mangaon APMC,Rice,2026-06-17,Other,6.8,2000.0,4900.0,4000.0
Maharashtra,Mumbai APMC,Rice,2026-06-17,Other,287.5,6000.0,10200.0,9250.0
Maharashtra,Murud APMC,Rice,2026-06-17,Other,1.0,4000.0,4500.0,4250.0
Maharashtra,Nagpur APMC,Rice,2026-06-17,Other,1.9,3000.0,3200.0,3150.0
Maharashtra,Palghar APMC,Rice,2026-06-17,1009 Kar,29.0,4605.0,4605.0,4605.0
Maharashtra,Pune APMC,Rice,2026-06-17,Other,48.1,3100.0,3400.0,3250.0
Maharashtra,SHRI.SIDDHESHWAR  APMC,Rice,2026-06-17,Other,70.5,3555.0,7010.0,3995.0
Maharashtra,Sangli APMC,Rice,2026-06-17,Other,18.3,4200.0,8000.0,6100.0
Maharashtra,Tumsar APMC,Rice,2026-06-17,Other,0.1,5112.0,5112.0,5112.0
Maharashtra,Ulhasnagar APMC,Rice,2026-06-17,Other,58.0,4000.0,5000.0,4500.0
Maharashtra,APMC VASAI,Rice,2026-06-18,1009 Kar,23.0,2795.0,3890.0,3350.0
Maharashtra,Alibagh APMC,Rice,2026-06-18,Other,1.0,4000.0,4500.0,4250.0
Maharashtra,Bhandara APMC,Rice,2026-06-18,1009 Kar,0.2,5000.0,5000.0,5000.0
Maharashtra,Bhandara APMC,Rice,2026-06-18,Other,0.4,2900.0,2900.0,2900.0
Maharashtra,Kalyan APMC,Rice,2026-06-18,Other,0.3,3500.0,8500.0,6000.0
Maharashtra,Karjat(Raigad) APMC,Rice,2026-06-18,Other,27.1,4100.0,5600.0,4600.0
Maharashtra,Kolhapur(Laxmipuri) APMC,Rice,2026-06-18,1009 Kar,21.9,3000.0,9700.0,6350.0
Maharashtra,Mangaon APMC,Rice,2026-06-18,Other,6.8,2000.0,4800.0,3800.0
Maharashtra,Murud APMC,Rice,2026-06-18,Other,1.0,4000.0,4500.0,4250.0
Maharashtra,Nagpur APMC,Rice,2026-06-18,Other,7.0,6500.0,7000.0,6875.0
Maharashtra,Palghar APMC,Rice,2026-06-18,1009 Kar,26.0,4851.0,4851.0,4851.0
Maharashtra,Pune APMC,Rice,2026-06-18,Other,48.3,3100.0,3400.0,3250.0
Maharashtra,SHRI.SIDDHESHWAR  APMC,Rice,2026-06-18,Other,71.2,3550.0,7005.0,4000.0
Maharashtra,Sangli APMC,Rice,2026-06-18,Other,43.0,4500.0,8500.0,6500.0
Maharashtra,Ulhasnagar APMC,Rice,2026-06-18,Other,57.0,4000.0,5000.0,4500.0
Maharashtra,Umared APMC,Rice,2026-06-18,Other,3.8,3800.0,5000.0,4450.0
Maharashtra,APMC VASAI,Rice,2026-06-19,1009 Kar,25.5,3450.0,4250.0,3950.0
Maharashtra,Alibagh APMC,Rice,2026-06-19,Other,1.0,4000.0,4500.0,4250.0
Maharashtra,Bhandara APMC,Rice,2026-06-19,1009 Kar,0.2,5000.0,5000.0,5000.0
Maharashtra,Kolhapur(Laxmipuri) APMC,Rice,2026-06-19,1009 Kar,4.2,3000.0,9600.0,6300.0
Maharashtra,Mangaon APMC,Rice,2026-06-19,Other,6.3,2000.0,4800.0,3900.0
Maharashtra,Mumbai APMC,Rice,2026-06-19,Other,290.2,6000.0,10200.0,9250.0
Maharashtra,Murud APMC,Rice,2026-06-19,Other,1.0,4000.0,4500.0,4250.0
Maharashtra,Nagpur APMC,Rice,2026-06-19,Other,3.0,3000.0,3200.0,3150.0
Maharashtra,Palghar APMC,Rice,2026-06-19,1009 Kar,35.0,4545.0,4545.0,4545.0
Maharashtra,SHRI.SIDDHESHWAR  APMC,Rice,2026-06-19,Other,72.2,3555.0,7010.0,4005.0
Maharashtra,Sangli APMC,Rice,2026-06-19,Other,14.7,4000.0,8000.0,6000.0
Maharashtra,APMC VASAI,Rice,2026-06-20,1009 Kar,22.5,3560.0,4750.0,3950.0
Maharashtra,Alibagh APMC,Rice,2026-06-20,Other,1.0,4000.0,4500.0,4250.0
Maharashtra,Bhandara APMC,Rice,2026-06-20,1009 Kar,0.1,4000.0,4000.0,4000.0
Maharashtra,Karjat(Raigad) APMC,Rice,2026-06-20,Other,29.4,3800.0,5400.0,4500.0
Maharashtra,Mangaon APMC,Rice,2026-06-20,Other,5.8,1900.0,4800.0,3800.0
Maharashtra,Murud APMC,Rice,2026-06-20,Other,1.0,4000.0,4500.0,4250.0
Maharashtra,Nagpur APMC,Rice,2026-06-20,Other,1.4,6500.0,7000.0,6875.0
Maharashtra,Palghar APMC,Rice,2026-06-20,1009 Kar,31.0,4601.0,4601.0,4601.0
Maharashtra,Pune APMC,Rice,2026-06-20,Other,56.9,4600.0,7500.0,6050.0
Maharashtra,SHRI.SIDDHESHWAR  APMC,Rice,2026-06-20,Other,73.1,3560.0,7015.0,4010.0
Maharashtra,Umared APMC,Rice,2026-06-20,Other,1.5,3800.0,5000.0,4450.0
Maharashtra,Alibagh APMC,Rice,2026-06-21,Other,1.0,4000.0,4500.0,4250.0
Maharashtra,Mangaon APMC,Rice,2026-06-21,Other,5.7,1900.0,4800.0,3800.0
Maharashtra,Murud APMC,Rice,2026-06-21,Other,1.0,4000.0,4500.0,4250.0
Maharashtra,Palghar APMC,Rice,2026-06-21,1009 Kar,12.0,4540.0,4540.0,4540.0
Maharashtra,APMC VASAI,Rice,2026-06-22,1009 Kar,37.0,3750.0,4960.0,4260.0
Maharashtra,Alibagh APMC,Rice,2026-06-22,Other,1.0,4000.0,4500.0,4250.0
Maharashtra,Karjat(Raigad) APMC,Rice,2026-06-22,Other,22.4,3600.0,5300.0,4700.0
Maharashtra,Kolhapur(Laxmipuri) APMC,Rice,2026-06-22,1009 Kar,26.5,2900.0,9500.0,6200.0
Maharashtra,Mangaon APMC,Rice,2026-06-22,Other,2.5,1900.0,4800.0,3800.0
Maharashtra,Mumbai APMC,Rice,2026-06-22,Other,238.6,7200.0,11000.0,9500.0
Maharashtra,Murud APMC,Rice,2026-06-22,Other,1.0,4000.0,4500.0,4250.0
Maharashtra,Nagpur APMC,Rice,2026-06-22,Other,10.0,6200.0,6500.0,6425.0
Maharashtra,Palghar APMC,Rice,2026-06-22,1009 Kar,25.0,4450.0,4450.0,4450.0
Maharashtra,Pune APMC,Rice,2026-06-22,Other,48.7,3100.0,3400.0,3250.0
Maharashtra,SHRI.SIDDHESHWAR  APMC,Rice,2026-06-22,Other,74.4,3565.0,7020.0,4015.0
Maharashtra,APMC VASAI,Rice,2026-06-23,1009 Kar,34.5,2980.0,4920.0,3540.0
Maharashtra,Alibagh APMC,Rice,2026-06-23,Other,1.0,4000.0,4500.0,4250.0
Maharashtra,Bhandara APMC,Rice,2026-06-23,Other,0.6,2850.0,2900.0,2880.0
Maharashtra,Kalyan APMC,Rice,2026-06-23,Other,0.3,3500.0,8500.0,6000.0
Maharashtra,Karjat(Raigad) APMC,Rice,2026-06-23,Other,30.2,3600.0,5500.0,4700.0
Maharashtra,Kolhapur(Laxmipuri) APMC,Rice,2026-06-23,1009 Kar,30.5,2950.0,9600.0,6275.0
Maharashtra,Mangaon APMC,Rice,2026-06-23,Other,1.8,1900.0,4800.0,3800.0
Maharashtra,Mumbai APMC,Rice,2026-06-23,Other,2098.2,3000.0,6300.0,4650.0
Maharashtra,Murud APMC,Rice,2026-06-23,Other,1.0,4000.0,4500.0,4250.0
Maharashtra,Nagpur APMC,Rice,2026-06-23,Other,2.5,6200.0,6500.0,6425.0
Maharashtra,Palghar APMC,Rice,2026-06-23,1009 Kar,36.3,4575.0,4575.0,4575.0
Maharashtra,SHRI.SIDDHESHWAR  APMC,Rice,2026-06-23,Other,73.8,3570.0,7025.0,4020.0
Maharashtra,Sangli APMC,Rice,2026-06-23,Other,30.0,4500.0,8500.0,6500.0
Maharashtra,APMC VASAI,Rice,2026-06-24,1009 Kar,37.0,3450.0,4750.0,4260.0
Maharashtra,Alibagh APMC,Rice,2026-06-24,Other,1.0,4000.0,4500.0,4250.0
Maharashtra,Karjat(Raigad) APMC,Rice,2026-06-24,Other,11.9,4000.0,5800.0,5200.0
Maharashtra,Mangaon APMC,Rice,2026-06-24,Other,4.5,1900.0,4800.0,3800.0
Maharashtra,Mumbai APMC,Rice,2026-06-24,Other,373.0,7200.0,11000.0,9500.0
Maharashtra,Murud APMC,Rice,2026-06-24,Other,1.0,4000.0,4500.0,4250.0
Maharashtra,Nagpur APMC,Rice,2026-06-24,Other,2.1,3000.0,3200.0,3150.0
Maharashtra,Palghar APMC,Rice,2026-06-24,1009 Kar,19.0,4350.0,4350.0,4350.0
Maharashtra,SHRI.SIDDHESHWAR  APMC,Rice,2026-06-24,Other,74.2,3560.0,7030.0,4025.0
Maharashtra,Sangli APMC,Rice,2026-06-24,Other,60.8,4500.0,8500.0,6500.0
Maharashtra,APMC VASAI,Rice,2026-06-25,1009 Kar,36.0,3560.0,4960.0,4150.0
Maharashtra,Alibagh APMC,Rice,2026-06-25,Other,1.0,4000.0,4500.0,4250.0
Maharashtra,Bhandara APMC,Rice,2026-06-25,1009 Kar,0.2,4900.0,4900.0,4900.0
Maharashtra,Bhandara APMC,Rice,2026-06-25,Other,0.1,2900.0,2900.0,2900.0
Maharashtra,Karjat(Raigad) APMC,Rice,2026-06-25,Other,29.4,3600.0,5600.0,4600.0
Maharashtra,Mangaon APMC,Rice,2026-06-25,Other,5.8,1900.0,4800.0,3800.0
Maharashtra,Mumbai APMC,Rice,2026-06-25,Other,129.2,7200.0,11000.0,9500.0
Maharashtra,Murud APMC,Rice,2026-06-25,Other,1.0,4000.0,4500.0,4250.0
Maharashtra,Nagpur APMC,Rice,2026-06-25,Other,3.0,3000.0,3200.0,3150.0
Maharashtra,Navapur APMC,Rice,2026-06-25,1009 Kar,2.7,2200.0,2400.0,2326.0
Maharashtra,Palghar APMC,Rice,2026-06-25,1009 Kar,35.5,4295.0,4295.0,4295.0
Maharashtra,SHRI.SIDDHESHWAR  APMC,Rice,2026-06-25,Other,73.3,3570.0,7035.0,4030.0
Maharashtra,Sangli APMC,Rice,2026-06-25,Other,67.1,4500.0,8500.0,6500.0
Maharashtra,Umared APMC,Rice,2026-06-25,Other,0.7,4000.0,5000.0,4520.0
Maharashtra,Alibagh APMC,Rice,2026-06-26,Other,1.0,4000.0,4500.0,4250.0
Maharashtra,Mumbai APMC,Rice,2026-06-26,Other,1280.0,3000.0,6300.0,4650.0
Maharashtra,Murud APMC,Rice,2026-06-26,Other,1.0,4000.0,4500.0,4250.0
Maharashtra,Pune APMC,Rice,2026-06-26,Other,49.5,3200.0,3400.0,3300.0
Maharashtra,Alibagh APMC,Rice,2026-06-27,Other,1.0,4000.0,4500.0,4250.0
Maharashtra,Karjat(Raigad) APMC,Rice,2026-06-27,Other,34.7,3700.0,5500.0,4800.0
Maharashtra,Mumbai APMC,Rice,2026-06-27,Other,254.2,7200.0,11000.0,9500.0
Maharashtra,Murud APMC,Rice,2026-06-27,Other,1.0,4000.0,4500.0,4250.0
Maharashtra,Nagpur APMC,Rice,2026-06-27,Other,2.1,6200.0,6500.0,6425.0
Maharashtra,Pune APMC,Rice,2026-06-27,Other,56.1,4500.0,7500.0,6000.0
Maharashtra,SHRI.SIDDHESHWAR  APMC,Rice,2026-06-27,Other,71.8,3575.0,7040.0,4040.0
Maharashtra,Sangli APMC,Rice,2026-06-27,Other,37.6,4000.0,8000.0,6000.0
Maharashtra,Tumsar APMC,Rice,2026-06-27,Other,0.3,4700.0,4700.0,4700.0
Maharashtra,Umared APMC,Rice,2026-06-27,Other,2.3,3500.0,5000.0,4450.0
Maharashtra,Alibagh APMC,Rice,2026-06-28,Other,1.0,4000.0,4500.0,4250.0
Maharashtra,Kalyan APMC,Rice,2026-06-28,Other,0.3,2800.0,3200.0,3000.0
Maharashtra,Murud APMC,Rice,2026-06-28,Other,1.0,4000.0,4500.0,4250.0
Maharashtra,Palghar APMC,Rice,2026-06-28,1009 Kar,12.0,4650.0,4650.0,4650.0
Maharashtra,Ulhasnagar APMC,Rice,2026-06-28,Other,50.0,4500.0,5500.0,5000.0
Maharashtra,APMC VASAI,Rice,2026-06-29,1009 Kar,33.0,3450.0,4750.0,3950.0
Maharashtra,Alibagh APMC,Rice,2026-06-29,Other,1.0,4000.0,4500.0,4250.0
Maharashtra,Bhandara APMC,Rice,2026-06-29,Other,1.0,3200.0,3200.0,3200.0
Maharashtra,Kalyan APMC,Rice,2026-06-29,Other,0.3,2800.0,3200.0,3000.0
Maharashtra,Karjat(Raigad) APMC,Rice,2026-06-29,Other,34.7,3700.0,5400.0,4700.0
Maharashtra,Kolhapur(Laxmipuri) APMC,Rice,2026-06-29,1009 Kar,12.3,2850.0,9600.0,6225.0
Maharashtra,Mangaon APMC,Rice,2026-06-29,Other,5.9,1900.0,4800.0,3800.0
Maharashtra,Mumbai APMC,Rice,2026-06-29,Other,2210.0,3000.0,6300.0,4650.0
Maharashtra,Murud APMC,Rice,2026-06-29,Other,1.0,4000.0,4500.0,4250.0
Maharashtra,Nagpur APMC,Rice,2026-06-29,Other,7.3,6200.0,6500.0,6425.0
Maharashtra,Palghar APMC,Rice,2026-06-29,1009 Kar,19.0,4550.0,4550.0,4550.0
Maharashtra,Pune APMC,Rice,2026-06-29,Other,55.2,4600.0,7700.0,6150.0
Maharashtra,SHRI.SIDDHESHWAR  APMC,Rice,2026-06-29,Other,60.9,3580.0,7045.0,4045.0
Maharashtra,Ulhasnagar APMC,Rice,2026-06-29,Other,57.0,4000.0,5000.0,4500.0
Maharashtra,APMC VASAI,Rice,2026-06-30,1009 Kar,33.5,3250.0,4850.0,3790.0
Maharashtra,Alibagh APMC,Rice,2026-06-30,Other,1.0,4000.0,4500.0,4250.0
Maharashtra,Kalyan APMC,Rice,2026-06-30,Other,0.3,2400.0,3000.0,2700.0
Maharashtra,Karjat(Raigad) APMC,Rice,2026-06-30,Other,17.0,4000.0,5600.0,5200.0
Maharashtra,Kolhapur(Laxmipuri) APMC,Rice,2026-06-30,1009 Kar,15.0,2850.0,9700.0,6275.0
Maharashtra,Mangaon APMC,Rice,2026-06-30,Other,5.0,1900.0,4800.0,3800.0
Maharashtra,Mumbai APMC,Rice,2026-06-30,Other,1967.6,3000.0,6300.0,4650.0
Maharashtra,Murud APMC,Rice,2026-06-30,Other,1.0,4000.0,4500.0,4250.0
Maharashtra,Nagpur APMC,Rice,2026-06-30,Other,10.1,3000.0,3200.0,3150.0
Maharashtra,Palghar APMC,Rice,2026-06-30,1009 Kar,26.0,4601.0,4601.0,4601.0
Maharashtra,Pune APMC,Rice,2026-06-30,Other,56.1,4600.0,7600.0,6100.0
Maharashtra,SHRI.SIDDHESHWAR  APMC,Rice,2026-06-30,Other,68.2,3560.0,7050.0,4050.0
Maharashtra,Ulhasnagar APMC,Rice,2026-06-30,Other,58.0,4000.0,6000.0,5000.0
Maharashtra,APMC VASAI,Rice,2026-07-01,1009 Kar,31.5,2795.0,3960.0,3540.0
Maharashtra,Alibagh APMC,Rice,2026-07-01,Other,1.0,4000.0,4500.0,4250.0
Maharashtra,Kalyan APMC,Rice,2026-07-01,Other,0.3,3500.0,8500.0,6000.0
Maharashtra,Karjat(Raigad) APMC,Rice,2026-07-01,Other,16.8,3700.0,5700.0,4800.0
Maharashtra,Kolhapur(Laxmipuri) APMC,Rice,2026-07-01,1009 Kar,8.7,2900.0,9600.0,6250.0
Maharashtra,Mangaon APMC,Rice,2026-07-01,Other,1.8,1900.0,4800.0,3800.0
Maharashtra,Mumbai APMC,Rice,2026-07-01,Other,181.4,7200.0,11000.0,9500.0
Maharashtra,Murud APMC,Rice,2026-07-01,Other,1.0,4000.0,4500.0,4250.0
Maharashtra,Nagpur APMC,Rice,2026-07-01,Other,9.1,3000.0,3200.0,3150.0
Maharashtra,Palghar APMC,Rice,2026-07-01,1009 Kar,21.0,4305.0,4305.0,4305.0
Maharashtra,Pune APMC,Rice,2026-07-01,Other,50.2,3100.0,3300.0,3200.0
Maharashtra,SHRI.SIDDHESHWAR  APMC,Rice,2026-07-01,Other,70.2,3565.0,7055.0,4055.0
Maharashtra,Sangli APMC,Rice,2026-07-01,Other,36.0,4000.0,8000.0,6000.0
Maharashtra,Ulhasnagar APMC,Rice,2026-07-01,Other,60.0,4500.0,5500.0,5000.0
Maharashtra,APMC VASAI,Rice,2026-07-02,1009 Kar,36.5,3150.0,4850.0,3350.0
Maharashtra,Alibagh APMC,Rice,2026-07-02,Other,1.0,4000.0,4500.0,4250.0
Maharashtra,Bhandara APMC,Rice,2026-07-02,1009 Kar,0.1,5300.0,5300.0,5300.0
Maharashtra,Bhandara APMC,Rice,2026-07-02,Other,0.3,2850.0,2850.0,2850.0
Maharashtra,Kalyan APMC,Rice,2026-07-02,Other,0.3,3500.0,8500.0,6000.0
Maharashtra,Karjat(Raigad) APMC,Rice,2026-07-02,Other,25.2,3600.0,5300.0,4700.0
Maharashtra,Kolhapur(Laxmipuri) APMC,Rice,2026-07-02,1009 Kar,9.7,2900.0,9650.0,6275.0
Maharashtra,Mangaon APMC,Rice,2026-07-02,Other,5.8,1900.0,4800.0,3800.0
Maharashtra,Mumbai APMC,Rice,2026-07-02,Other,1478.3,3000.0,6300.0,4650.0
Maharashtra,Murud APMC,Rice,2026-07-02,Other,1.0,4000.0,4500.0,4250.0
Maharashtra,Nagpur APMC,Rice,2026-07-02,Other,1.0,6200.0,6500.0,6425.0
Maharashtra,Navapur APMC,Rice,2026-07-02,1009 Kar,0.8,2400.0,2400.0,2400.0
Maharashtra,Palghar APMC,Rice,2026-07-02,1009 Kar,16.0,4500.0,4500.0,4500.0
Maharashtra,Pune APMC,Rice,2026-07-02,Other,55.4,4600.0,7700.0,6150.0
Maharashtra,SHRI.SIDDHESHWAR  APMC,Rice,2026-07-02,Other,73.9,3570.0,7060.0,4065.0
Maharashtra,Sangli APMC,Rice,2026-07-02,Other,51.1,4500.0,8500.0,6500.0
Maharashtra,Ulhasnagar APMC,Rice,2026-07-02,Other,57.0,4000.0,6000.0,5000.0
Maharashtra,Umared APMC,Rice,2026-07-02,Other,1.1,3500.0,5500.0,4800.0
Maharashtra,APMC VASAI,Rice,2026-07-03,1009 Kar,37.0,3390.0,4750.0,3950.0
Maharashtra,Alibagh APMC,Rice,2026-07-03,Other,1.0,4000.0,4500.0,4250.0
Maharashtra,Bhandara APMC,Rice,2026-07-03,Other,0.2,2050.0,2050.0,2050.0
Maharashtra,Kalyan APMC,Rice,2026-07-03,Other,0.3,2400.0,3000.0,2900.0
Maharashtra,Kolhapur(Laxmipuri) APMC,Rice,2026-07-03,1009 Kar,8.1,2900.0,9700.0,6300.0
Maharashtra,Mangaon APMC,Rice,2026-07-03,Other,5.8,2000.0,4800.0,3800.0
Maharashtra,Mumbai APMC,Rice,2026-07-03,Other,307.4,7200.0,11000.0,9500.0
Maharashtra,Murud APMC,Rice,2026-07-03,Other,1.0,4000.0,4500.0,4250.0
Maharashtra,Nagpur APMC,Rice,2026-07-03,Other,2.3,6200.0,6500.0,6425.0
Maharashtra,Palghar APMC,Rice,2026-07-03,1009 Kar,47.0,4551.0,4551.0,4551.0
Maharashtra,Pune APMC,Rice,2026-07-03,Other,55.8,4600.0,7600.0,6100.0
Maharashtra,SHRI.SIDDHESHWAR  APMC,Rice,2026-07-03,Other,71.1,3565.0,7065.0,4070.0
Maharashtra,Sangli APMC,Rice,2026-07-03,Other,18.2,4500.0,8500.0,6500.0
Maharashtra,Ulhasnagar APMC,Rice,2026-07-03,Other,57.0,4000.0,5000.0,4500.0
Maharashtra,Alibagh APMC,Rice,2026-07-04,Other,1.0,4000.0,4500.0,4250.0
Maharashtra,Bhandara APMC,Rice,2026-07-04,Other,0.4,2850.0,2850.0,2850.0
Maharashtra,Karjat(Raigad) APMC,Rice,2026-07-04,Other,33.1,3700.0,5700.0,4600.0
Maharashtra,Mangaon APMC,Rice,2026-07-04,Other,8.6,1900.0,4800.0,3800.0
Maharashtra,Mumbai APMC,Rice,2026-07-04,Other,1437.0,3000.0,6300.0,4650.0
Maharashtra,Murud APMC,Rice,2026-07-04,Other,1.0,4000.0,4500.0,4250.0
Maharashtra,Nagpur APMC,Rice,2026-07-04,Other,1.5,6200.0,6500.0,6425.0
Maharashtra,Palghar APMC,Rice,2026-07-04,1009 Kar,14.0,4540.0,4540.0,4540.0
Maharashtra,Pune APMC,Rice,2026-07-04,Other,55.9,4800.0,7600.0,6200.0
Maharashtra,SHRI.SIDDHESHWAR  APMC,Rice,2026-07-04,Other,80.1,3570.0,7070.0,4075.0
Maharashtra,Sangli APMC,Rice,2026-07-04,Other,70.6,4500.0,9000.0,6750.0
Maharashtra,Umared APMC,Rice,2026-07-04,Other,1.3,3600.0,5200.0,4650.0
Maharashtra,Alibagh APMC,Rice,2026-07-05,Other,1.0,4000.0,4500.0,4250.0
Maharashtra,Murud APMC,Rice,2026-07-05,Other,1.0,4000.0,4500.0,4250.0
Maharashtra,Palghar APMC,Rice,2026-07-05,1009 Kar,10.0,4350.0,4350.0,4350.0
Maharashtra,Alibagh APMC,Rice,2026-07-06,Other,1.0,4000.0,4500.0,4250.0
Maharashtra,Bhandara APMC,Rice,2026-07-06,Other,3.3,2850.0,2850.0,2850.0
Maharashtra,Kalyan APMC,Rice,2026-07-06,Other,0.3,3500.0,8500.0,6000.0
Maharashtra,Karjat(Raigad) APMC,Rice,2026-07-06,Other,8.6,3700.0,5600.0,4800.0
Maharashtra,Kolhapur(Laxmipuri) APMC,Rice,2026-07-06,1009 Kar,8.4,2850.0,9700.0,6275.0
Maharashtra,Mangaon APMC,Rice,2026-07-06,Other,2.1,1900.0,4800.0,3800.0
Maharashtra,Mumbai APMC,Rice,2026-07-06,Other,255.4,7200.0,11000.0,9500.0
Maharashtra,Murud APMC,Rice,2026-07-06,Other,1.0,4000.0,4500.0,4250.0
Maharashtra,Nagpur APMC,Rice,2026-07-06,Other,2.0,6200.0,6500.0,6425.0
Maharashtra,Palghar APMC,Rice,2026-07-06,1009 Kar,19.0,4275.0,4275.0,4275.0
Maharashtra,Pune APMC,Rice,2026-07-06,Other,56.2,4600.0,7400.0,6000.0
Maharashtra,SHRI.SIDDHESHWAR  APMC,Rice,2026-07-06,Other,78.9,3575.0,7075.0,4080.0
Maharashtra,Alibagh APMC,Rice,2026-07-07,Other,1.0,4000.0,4500.0,4250.0
Maharashtra,Kalyan APMC,Rice,2026-07-07,Other,0.3,3500.0,8500.0,6000.0
Maharashtra,Kolhapur(Laxmipuri) APMC,Rice,2026-07-07,1009 Kar,22.5,2850.0,9500.0,5000.0
Maharashtra,Mangaon APMC,Rice,2026-07-07,Other,6.8,1900.0,4800.0,3800.0
Maharashtra,Mumbai APMC,Rice,2026-07-07,Other,137.2,7200.0,11000.0,9500.0
Maharashtra,Murud APMC,Rice,2026-07-07,Other,1.0,4000.0,4500.0,4250.0
Maharashtra,Nagpur APMC,Rice,2026-07-07,Other,2.3,6200.0,6500.0,6425.0
Maharashtra,Palghar APMC,Rice,2026-07-07,1009 Kar,14.0,4350.0,4350.0,4350.0
Maharashtra,Pune APMC,Rice,2026-07-07,Other,55.7,4500.0,7200.0,5850.0
Maharashtra,SHRI.SIDDHESHWAR  APMC,Rice,2026-07-07,Other,81.2,3580.0,7080.0,4085.0
Maharashtra,Sangli APMC,Rice,2026-07-07,Other,26.7,4500.0,8500.0,6500.0
Maharashtra,Alibagh APMC,Rice,2026-07-08,Other,1.0,4000.0,4500.0,4250.0
Maharashtra,Kalyan APMC,Rice,2026-07-08,Other,0.3,3400.0,9000.0,6000.0
Maharashtra,Kolhapur(Laxmipuri) APMC,Rice,2026-07-08,1009 Kar,3.3,2900.0,9550.0,6225.0
Maharashtra,Mumbai APMC,Rice,2026-07-08,Other,1761.2,3000.0,6300.0,4650.0
Maharashtra,Murud APMC,Rice,2026-07-08,Other,1.0,4000.0,4500.0,4250.0
Maharashtra,Nagpur APMC,Rice,2026-07-08,Other,1.7,3000.0,3200.0,3150.0
Maharashtra,Palghar APMC,Rice,2026-07-08,1009 Kar,16.0,4400.0,4400.0,4400.0
Maharashtra,Pune APMC,Rice,2026-07-08,Other,55.7,4400.0,7200.0,5800.0
Maharashtra,SHRI.SIDDHESHWAR  APMC,Rice,2026-07-08,Other,79.3,3560.0,7085.0,4090.0
Maharashtra,Sangli APMC,Rice,2026-07-08,Other,99.5,4500.0,8500.0,6500.0
Maharashtra,Tumsar APMC,Rice,2026-07-08,Other,0.6,5500.0,5500.0,5500.0
Maharashtra,APMC VASAI,Rice,2026-07-09,1009 Kar,23.0,3505.0,4760.0,4250.0
Maharashtra,Alibagh APMC,Rice,2026-07-09,Other,1.0,4000.0,4500.0,4250.0
Maharashtra,Kalyan APMC,Rice,2026-07-09,Other,0.3,3500.0,8500.0,6000.0
Maharashtra,Karjat(Raigad) APMC,Rice,2026-07-09,Other,8.7,3800.0,5600.0,5000.0
Maharashtra,Mangaon APMC,Rice,2026-07-09,Other,5.8,1900.0,4800.0,3800.0
Maharashtra,Mumbai APMC,Rice,2026-07-09,Other,1239.6,3000.0,6300.0,4650.0
Maharashtra,Murud APMC,Rice,2026-07-09,Other,1.0,4000.0,4500.0,4250.0
Maharashtra,Nagpur APMC,Rice,2026-07-09,Other,1.7,3000.0,3200.0,3150.0
Maharashtra,Palghar APMC,Rice,2026-07-09,1009 Kar,24.0,4450.0,4450.0,4450.0
Maharashtra,Pune APMC,Rice,2026-07-09,Other,51.1,3100.0,3400.0,3250.0
Maharashtra,SHRI.SIDDHESHWAR  APMC,Rice,2026-07-09,Other,81.6,3565.0,7090.0,4100.0
Maharashtra,Sangli APMC,Rice,2026-07-09,Other,155.9,4200.0,8500.0,6350.0
Maharashtra,Shirpur APMC,Rice,2026-07-09,1009 Kar,0.3,2801.0,2801.0,2801.0
Maharashtra,Umared APMC,Rice,2026-07-09,Other,1.5,3800.0,5200.0,4750.0
Maharashtra,APMC VASAI,Rice,2026-07-10,1009 Kar,34.5,3250.0,4920.0,3790.0
Maharashtra,Alibagh APMC,Rice,2026-07-10,Other,1.0,4000.0,4500.0,4250.0
Maharashtra,Bhandara APMC,Rice,2026-07-10,1009 Kar,0.2,4000.0,4000.0,4000.0
Maharashtra,Kalyan APMC,Rice,2026-07-10,Other,0.3,3500.0,8500.0,6000.0
Maharashtra,Kolhapur(Laxmipuri) APMC,Rice,2026-07-10,1009 Kar,7.5,2950.0,9550.0,6250.0
Maharashtra,Mangaon APMC,Rice,2026-07-10,Other,6.1,1900.0,4800.0,3800.0
Maharashtra,Mumbai APMC,Rice,2026-07-10,Other,148.2,7200.0,11000.0,9500.0
Maharashtra,Murud APMC,Rice,2026-07-10,Other,1.0,4000.0,4500.0,4250.0
Maharashtra,Nagpur APMC,Rice,2026-07-10,Other,6.7,3000.0,3200.0,3150.0
Maharashtra,Palghar APMC,Rice,2026-07-10,1009 Kar,31.0,4575.0,4575.0,4575.0
Maharashtra,Pune APMC,Rice,2026-07-10,Other,56.0,4400.0,7200.0,5800.0
Maharashtra,SHRI.SIDDHESHWAR  APMC,Rice,2026-07-10,Other,78.0,3570.0,7095.0,4105.0
Maharashtra,Sangli APMC,Rice,2026-07-10,Other,66.3,4500.0,8500.0,6500.0
Maharashtra,Alibagh APMC,Rice,2026-07-11,Other,1.0,4000.0,4500.0,4250.0
Maharashtra,Mumbai APMC,Rice,2026-07-11,Other,206.2,7200.0,11000.0,9500.0
Maharashtra,Murud APMC,Rice,2026-07-11,Other,1.0,4000.0,4500.0,4250.0
Maharashtra,Nagpur APMC,Rice,2026-07-11,Other,1.0,6200.0,6500.0,6425.0
Maharashtra,Pune APMC,Rice,2026-07-11,Other,55.9,4600.0,7400.0,6000.0
Maharashtra,SHRI.SIDDHESHWAR  APMC,Rice,2026-07-11,Other,76.9,3575.0,7100.0,4110.0
Maharashtra,Sangli APMC,Rice,2026-07-11,Other,102.0,4000.0,8000.0,6000.0
Maharashtra,Tumsar APMC,Rice,2026-07-11,Other,0.1,4700.0,4700.0,4700.0
Maharashtra,Umared APMC,Rice,2026-07-11,Other,2.0,3800.0,5500.0,5000.0
Maharashtra,Alibagh APMC,Rice,2026-07-12,Other,1.0,4000.0,4500.0,4250.0
Maharashtra,Kalyan APMC,Rice,2026-07-12,Other,0.3,3000.0,9000.0,6000.0
Maharashtra,Karjat(Raigad) APMC,Rice,2026-07-12,Other,26.6,3600.0,5600.0,4700.0
Maharashtra,Murud APMC,Rice,2026-07-12,Other,1.0,4000.0,4500.0,4250.0
Maharashtra,Palghar APMC,Rice,2026-07-12,1009 Kar,12.0,4600.0,4600.0,4600.0
Maharashtra,APMC VASAI,Rice,2026-07-13,1009 Kar,33.0,2980.0,4850.0,3425.0
Maharashtra,Alibagh APMC,Rice,2026-07-13,Other,1.0,4000.0,4500.0,4250.0
Maharashtra,Bhandara APMC,Rice,2026-07-13,1009 Kar,0.1,5200.0,5200.0,5200.0
Maharashtra,Bhandara APMC,Rice,2026-07-13,Other,0.3,2900.0,2900.0,2900.0
Maharashtra,Kalyan APMC,Rice,2026-07-13,Other,0.3,3000.0,9000.0,6000.0
Maharashtra,Kolhapur(Laxmipuri) APMC,Rice,2026-07-13,1009 Kar,18.4,3050.0,9700.0,6375.0
Maharashtra,Mangaon APMC,Rice,2026-07-13,Other,6.5,1900.0,4800.0,3800.0
Maharashtra,Mumbai APMC,Rice,2026-07-13,Other,251.3,7200.0,11000.0,9500.0
Maharashtra,Murud APMC,Rice,2026-07-13,Other,1.0,4000.0,4500.0,4250.0
Maharashtra,Nagpur APMC,Rice,2026-07-13,Other,2.5,6200.0,6500.0,6425.0
Maharashtra,Palghar APMC,Rice,2026-07-13,1009 Kar,34.0,4605.0,4605.0,4605.0
Maharashtra,Pune APMC,Rice,2026-07-13,Other,51.5,3300.0,3600.0,3450.0
Maharashtra,SHRI.SIDDHESHWAR  APMC,Rice,2026-07-13,Other,79.0,3560.0,7105.0,4115.0
Maharashtra,Sangli APMC,Rice,2026-07-13,Other,14.7,4500.0,8500.0,6500.0
Maharashtra,APMC VASAI,Rice,2026-07-14,1009 Kar,36.5,3250.0,3960.0,3350.0
Maharashtra,Alibagh APMC,Rice,2026-07-14,Other,1.0,4000.0,4500.0,4250.0
Maharashtra,Karjat(Raigad) APMC,Rice,2026-07-14,Other,10.0,4200.0,5800.0,5200.0
Maharashtra,Kolhapur(Laxmipuri) APMC,Rice,2026-07-14,1009 Kar,30.0,3050.0,9700.0,6375.0
Maharashtra,Mangaon APMC,Rice,2026-07-14,Other,5.8,1900.0,4800.0,3800.0
Maharashtra,Mumbai APMC,Rice,2026-07-14,Other,2098.8,3000.0,6300.0,4650.0
Maharashtra,Murud APMC,Rice,2026-07-14,Other,1.0,4000.0,4500.0,4250.0
Maharashtra,Nagpur APMC,Rice,2026-07-14,Other,3.0,6200.0,6500.0,6425.0
Maharashtra,Palghar APMC,Rice,2026-07-14,1009 Kar,27.0,4850.0,4850.0,4850.0
Maharashtra,Pune APMC,Rice,2026-07-14,Other,55.8,4500.0,6800.0,5650.0
Maharashtra,SHRI.SIDDHESHWAR  APMC,Rice,2026-07-14,Other,80.9,3565.0,7110.0,4120.0
Maharashtra,Sangli APMC,Rice,2026-07-14,Other,83.7,4000.0,8000.0,6000.0
Maharashtra,APMC VASAI,Rice,2026-07-15,1009 Kar,34.0,2795.0,3890.0,3350.0
Maharashtra,Alibagh APMC,Rice,2026-07-15,Other,1.0,4000.0,4500.0,4250.0
Maharashtra,Kalyan APMC,Rice,2026-07-15,Other,3.0,3500.0,8500.0,6000.0
Maharashtra,Karjat(Raigad) APMC,Rice,2026-07-15,Other,34.6,3800.0,5700.0,5000.0
Maharashtra,Kolhapur(Laxmipuri) APMC,Rice,2026-07-15,1009 Kar,17.7,3050.0,9700.0,6375.0
Maharashtra,Mangaon APMC,Rice,2026-07-15,Other,6.3,1900.0,4800.0,3800.0
Maharashtra,Mumbai APMC,Rice,2026-07-15,Other,1301.2,3000.0,6300.0,4650.0
Maharashtra,Murud APMC,Rice,2026-07-15,Other,1.0,4000.0,4500.0,4250.0
Maharashtra,Nagpur APMC,Rice,2026-07-15,Other,1.0,3000.0,3200.0,3150.0
Maharashtra,Palghar APMC,Rice,2026-07-15,1009 Kar,25.0,5275.0,5275.0,5275.0
Maharashtra,Pune APMC,Rice,2026-07-15,Other,50.2,3200.0,3500.0,3350.0
Maharashtra,SHRI.SIDDHESHWAR  APMC,Rice,2026-07-15,Other,81.6,3560.0,7115.0,4125.0
Maharashtra,Sangli APMC,Rice,2026-07-15,Other,38.7,4500.0,9000.0,6750.0
Maharashtra,Tumsar APMC,Rice,2026-07-15,Other,0.1,3400.0,3400.0,3400.0
Maharashtra,APMC VASAI,Rice,2026-07-16,1009 Kar,33.5,3250.0,4960.0,3790.0
Maharashtra,Alibagh APMC,Rice,2026-07-16,Other,1.0,4000.0,4500.0,4250.0
Maharashtra,Bhandara APMC,Rice,2026-07-16,Other,0.9,2900.0,3000.0,2980.0
Maharashtra,Kalyan APMC,Rice,2026-07-16,Other,0.3,3500.0,8500.0,6000.0
Maharashtra,Kolhapur(Laxmipuri) APMC,Rice,2026-07-16,1009 Kar,8.2,3000.0,9650.0,6325.0
Maharashtra,Mangaon APMC,Rice,2026-07-16,Other,5.8,2000.0,4800.0,3800.0
Maharashtra,Mumbai APMC,Rice,2026-07-16,Other,144.5,7200.0,11000.0,9500.0
Maharashtra,Murud APMC,Rice,2026-07-16,Other,1.0,4000.0,4500.0,4250.0
Maharashtra,Nagpur APMC,Rice,2026-07-16,Other,1.5,6200.0,6500.0,6425.0
Maharashtra,Palghar APMC,Rice,2026-07-16,1009 Kar,30.0,5151.0,5151.0,5151.0
Maharashtra,Pune APMC,Rice,2026-07-16,Other,55.6,4500.0,7000.0,5750.0
Maharashtra,SHRI.SIDDHESHWAR  APMC,Rice,2026-07-16,Other,79.6,3555.0,7120.0,4130.0
Maharashtra,Sangli APMC,Rice,2026-07-16,Other,207.2,4000.0,8000.0,6000.0
Maharashtra,Umared APMC,Rice,2026-07-16,Other,2.6,3800.0,5000.0,4450.0
Maharashtra,APMC VASAI,Rice,2026-07-17,1009 Kar,34.0,3250.0,4250.0,3950.0
Maharashtra,Bhandara APMC,Rice,2026-07-17,Other,1.0,3000.0,3000.0,3000.0
Maharashtra,Kalyan APMC,Rice,2026-07-17,Other,0.3,2800.0,3500.0,3100.0
Maharashtra,Kolhapur(Laxmipuri) APMC,Rice,2026-07-17,1009 Kar,11.1,3000.0,9800.0,6400.0
Maharashtra,Mangaon APMC,Rice,2026-07-17,Other,2.9,1900.0,4800.0,3800.0
Maharashtra,Nagpur APMC,Rice,2026-07-17,Other,0.8,6200.0,6500.0,6425.0
Maharashtra,Palghar APMC,Rice,2026-07-17,1009 Kar,34.0,5250.0,5250.0,5250.0
Maharashtra,Pune APMC,Rice,2026-07-17,Other,55.5,4500.0,6800.0,5650.0
Maharashtra,SHRI.SIDDHESHWAR  APMC,Rice,2026-07-17,Other,77.8,3550.0,7125.0,4135.0
Maharashtra,Sangli APMC,Rice,2026-07-17,Other,55.7,4500.0,9000.0,6750.0
Maharashtra,APMC VASAI,Rice,2026-07-18,1009 Kar,40.5,3560.0,5350.0,4450.0
Maharashtra,Alibagh APMC,Rice,2026-07-18,Other,1.0,4000.0,4500.0,4250.0
Maharashtra,Karjat(Raigad) APMC,Rice,2026-07-18,Other,24.8,3800.0,5600.0,5200.0
Maharashtra,Mangaon APMC,Rice,2026-07-18,Other,5.8,2000.0,4800.0,3800.0
Maharashtra,Mumbai APMC,Rice,2026-07-18,Other,99.5,7200.0,11000.0,9500.0
Maharashtra,Murud APMC,Rice,2026-07-18,Other,1.0,4000.0,4500.0,4250.0
Maharashtra,Nagpur APMC,Rice,2026-07-18,Other,2.7,6500.0,7000.0,6875.0
Maharashtra,Palghar APMC,Rice,2026-07-18,1009 Kar,26.0,4825.0,4825.0,4825.0
Maharashtra,Pune APMC,Rice,2026-07-18,Other,55.1,4500.0,6600.0,5550.0
Maharashtra,SHRI.SIDDHESHWAR  APMC,Rice,2026-07-18,Other,75.3,3545.0,7130.0,4140.0
Maharashtra,Sangli APMC,Rice,2026-07-18,Other,73.9,4200.0,8000.0,6100.0
Maharashtra,Umared APMC,Rice,2026-07-18,Other,1.3,3800.0,5000.0,4560.0
Maharashtra,Alibagh APMC,Rice,2026-07-19,Other,1.0,4000.0,4500.0,4250.0
Maharashtra,Karjat(Raigad) APMC,Rice,2026-07-19,Other,26.7,4000.0,5600.0,4800.0
Maharashtra,Murud APMC,Rice,2026-07-19,Other,1.0,4000.0,4500.0,4250.0
Maharashtra,Palghar APMC,Rice,2026-07-19,1009 Kar,11.5,4831.0,4831.0,4831.0
Maharashtra,APMC VASAI,Rice,2026-07-20,1009 Kar,22.5,3250.0,4750.0,4150.0
Maharashtra,Alibagh APMC,Rice,2026-07-20,Other,1.0,4000.0,4500.0,4250.0
Maharashtra,Kalyan APMC,Rice,2026-07-20,Other,0.3,3500.0,8500.0,6000.0
Maharashtra,Kolhapur(Laxmipuri) APMC,Rice,2026-07-20,1009 Kar,40.7,3050.0,9700.0,6375.0
Maharashtra,Mangaon APMC,Rice,2026-07-20,Other,1.9,1900.0,4800.0,3800.0
Maharashtra,Mumbai APMC,Rice,2026-07-20,Other,2889.6,3000.0,6300.0,4650.0
Maharashtra,Murud APMC,Rice,2026-07-20,Other,1.0,4000.0,4500.0,4250.0
Maharashtra,Nagpur APMC,Rice,2026-07-20,Other,1.0,3000.0,3200.0,3150.0
Maharashtra,Palghar APMC,Rice,2026-07-20,1009 Kar,19.0,5001.0,5001.0,5001.0
Maharashtra,Pune APMC,Rice,2026-07-20,Other,50.2,3000.0,3400.0,3200.0
Maharashtra,SHRI.SIDDHESHWAR  APMC,Rice,2026-07-20,Other,77.3,3550.0,7135.0,4145.0
Maharashtra,APMC VASAI,Rice,2026-07-21,1009 Kar,34.0,3390.0,4250.0,3890.0
Maharashtra,Alibagh APMC,Rice,2026-07-21,Other,1.0,4000.0,4500.0,4250.0
Maharashtra,Bhandara APMC,Rice,2026-07-21,Other,0.9,3000.0,3000.0,3000.0
Maharashtra,Kalyan APMC,Rice,2026-07-21,Other,0.3,3500.0,8500.0,6000.0
Maharashtra,Karjat(Raigad) APMC,Rice,2026-07-21,Other,16.0,4000.0,5600.0,5200.0
Maharashtra,Kolhapur(Laxmipuri) APMC,Rice,2026-07-21,1009 Kar,44.2,2900.0,9700.0,6300.0
Maharashtra,Mangaon APMC,Rice,2026-07-21,Other,5.8,2000.0,4800.0,3800.0
Maharashtra,Mumbai APMC,Rice,2026-07-21,Other,366.9,7200.0,11000.0,9500.0
Maharashtra,Murud APMC,Rice,2026-07-21,Other,1.0,4000.0,4500.0,4250.0
Maharashtra,Nagpur APMC,Rice,2026-07-21,Other,2.9,3000.0,3200.0,3150.0
Maharashtra,Palghar APMC,Rice,2026-07-21,1009 Kar,26.0,5245.0,5245.0,5245.0
Maharashtra,Pune APMC,Rice,2026-07-21,Other,55.1,4500.0,6600.0,5550.0
Maharashtra,SHRI.SIDDHESHWAR  APMC,Rice,2026-07-21,Other,75.0,3550.0,7140.0,4150.0
Maharashtra,Sangli APMC,Rice,2026-07-21,Other,134.0,5000.0,9000.0,7000.0
Maharashtra,APMC VASAI,Rice,2026-07-22,1009 Kar,22.5,3750.0,4960.0,4450.0
Maharashtra,Alibagh APMC,Rice,2026-07-22,Other,1.0,4000.0,4500.0,4250.0
Maharashtra,Kalyan APMC,Rice,2026-07-22,Other,0.3,2800.0,3500.0,3100.0
Maharashtra,Karjat(Raigad) APMC,Rice,2026-07-22,Other,18.0,3600.0,5600.0,4200.0
Maharashtra,Kolhapur(Laxmipuri) APMC,Rice,2026-07-22,1009 Kar,6.0,2875.0,9800.0,6337.0
Maharashtra,Mangaon APMC,Rice,2026-07-22,Other,9.3,1900.0,4800.0,3800.0
Maharashtra,Mumbai APMC,Rice,2026-07-22,Other,201.6,8000.0,11000.0,10200.0
Maharashtra,Murud APMC,Rice,2026-07-22,Other,1.0,4000.0,4500.0,4250.0
Maharashtra,Nagpur APMC,Rice,2026-07-22,Other,10.0,6200.0,6500.0,6425.0
Maharashtra,Palghar APMC,Rice,2026-07-22,1009 Kar,31.0,5410.0,5410.0,5410.0
Maharashtra,SHRI.SIDDHESHWAR  APMC,Rice,2026-07-22,Other,71.8,3555.0,7145.0,4155.0
Maharashtra,Sangli APMC,Rice,2026-07-22,Other,29.9,4500.0,9000.0,6750.0
Maharashtra,Ulhasnagar APMC,Rice,2026-07-22,Other,56.0,4500.0,6500.0,5500.0
Maharashtra,Alibagh APMC,Rice,2026-07-23,Other,1.0,4000.0,4500.0,4250.0
Maharashtra,Kalyan APMC,Rice,2026-07-23,Other,0.3,3500.0,8500.0,6000.0
Maharashtra,Karjat(Raigad) APMC,Rice,2026-07-23,Other,11.7,3800.0,5500.0,4800.0
Maharashtra,Kolhapur(Laxmipuri) APMC,Rice,2026-07-23,1009 Kar,57.7,3000.0,9700.0,6350.0
Maharashtra,Mangaon APMC,Rice,2026-07-23,Other,1.8,1900.0,4800.0,3800.0
Maharashtra,Mumbai APMC,Rice,2026-07-23,Other,107.0,8000.0,11000.0,10200.0
Maharashtra,Murud APMC,Rice,2026-07-23,Other,1.0,4000.0,4500.0,4250.0
Maharashtra,Nagpur APMC,Rice,2026-07-23,Other,0.4,6200.0,6500.0,6425.0
Maharashtra,Palghar APMC,Rice,2026-07-23,1009 Kar,19.0,5320.0,5320.0,5320.0
Maharashtra,SHRI.SIDDHESHWAR  APMC,Rice,2026-07-23,Other,73.5,3550.0,7150.0,4160.0
Maharashtra,Sangli APMC,Rice,2026-07-23,Other,68.7,4500.0,9000.0,6750.0
Maharashtra,Ulhasnagar APMC,Rice,2026-07-23,Other,57.0,4000.0,5000.0,4500.0
Maharashtra,Umared APMC,Rice,2026-07-23,Other,0.6,3800.0,5000.0,4450.0
Maharashtra,APMC VASAI,Rice,2026-07-24,1009 Kar,34.5,3150.0,4850.0,3540.0
Maharashtra,Alibagh APMC,Rice,2026-07-24,Other,1.0,4000.0,4500.0,4250.0
Maharashtra,Kalyan APMC,Rice,2026-07-24,Other,0.3,2800.0,3500.0,3100.0
Maharashtra,Kolhapur(Laxmipuri) APMC,Rice,2026-07-24,1009 Kar,4.2,2850.0,9700.0,6275.0
Maharashtra,Mangaon APMC,Rice,2026-07-24,Other,9.9,1900.0,4800.0,3800.0
Maharashtra,Mumbai APMC,Rice,2026-07-24,Other,284.1,8000.0,11000.0,10500.0
Maharashtra,Murud APMC,Rice,2026-07-24,Other,1.0,4000.0,4500.0,4250.0
Maharashtra,Nagpur APMC,Rice,2026-07-24,Other,1.6,6600.0,6800.0,6750.0
Maharashtra,Palghar APMC,Rice,2026-07-24,1009 Kar,16.0,5650.0,5650.0,5650.0
Maharashtra,Pune APMC,Rice,2026-07-24,Other,50.9,3100.0,3400.0,3250.0
Maharashtra,SHRI.SIDDHESHWAR  APMC,Rice,2026-07-24,Other,75.9,3555.0,7160.0,4165.0
Maharashtra,Sangli APMC,Rice,2026-07-24,Other,52.6,4500.0,9000.0,6750.0
Maharashtra,Ulhasnagar APMC,Rice,2026-07-24,Other,55.0,4000.0,5000.0,4500.0
Maharashtra,Alibagh APMC,Rice,2026-07-25,Other,1.0,4000.0,4500.0,4250.0
Maharashtra,Karjat(Raigad) APMC,Rice,2026-07-25,Other,31.6,3800.0,5500.0,4600.0
Maharashtra,Mangaon APMC,Rice,2026-07-25,Other,5.8,2000.0,4800.0,3800.0
Maharashtra,Murud APMC,Rice,2026-07-25,Other,1.0,4000.0,4500.0,4250.0
Maharashtra,Nagpur APMC,Rice,2026-07-25,Other,8.0,6200.0,6500.0,6425.0
Maharashtra,Pune APMC,Rice,2026-07-25,Other,55.0,4600.0,6600.0,5550.0
Maharashtra,SHRI.SIDDHESHWAR  APMC,Rice,2026-07-25,Other,76.4,3560.0,7165.0,4170.0
Maharashtra,Sangli APMC,Rice,2026-07-25,Other,80.3,5000.0,9000.0,7000.0
Maharashtra,Umared APMC,Rice,2026-07-25,Other,1.9,3800.0,5000.0,4450.0
Maharashtra,Alibagh APMC,Rice,2026-07-26,Other,1.0,4000.0,4500.0,4250.0
Maharashtra,Karjat(Raigad) APMC,Rice,2026-07-26,Other,6.5,3600.0,5600.0,4700.0
Maharashtra,Murud APMC,Rice,2026-07-26,Other,1.0,4000.0,4500.0,4250.0
Maharashtra,Palghar APMC,Rice,2026-07-26,1009 Kar,11.2,5500.0,5500.0,5500.0
Maharashtra,Ulhasnagar APMC,Rice,2026-07-26,Other,59.0,3500.0,5500.0,4500.0
Maharashtra,APMC VASAI,Rice,2026-07-27,1009 Kar,33.5,3800.0,4250.0,4150.0
Maharashtra,Alibagh APMC,Rice,2026-07-27,Other,1.0,4000.0,4500.0,4250.0
Maharashtra,Bhandara APMC,Rice,2026-07-27,1009 Kar,0.2,5400.0,5400.0,5400.0
Maharashtra,Bhandara APMC,Rice,2026-07-27,Other,0.3,3100.0,3100.0,3100.0
Maharashtra,Kalyan APMC,Rice,2026-07-27,Other,0.3,3500.0,8500.0,6000.0
Maharashtra,Karjat(Raigad) APMC,Rice,2026-07-27,Other,36.5,3600.0,5500.0,4700.0
Maharashtra,Kolhapur(Laxmipuri) APMC,Rice,2026-07-27,1009 Kar,15.3,3000.0,9800.0,6400.0
Maharashtra,Mangaon APMC,Rice,2026-07-27,Other,2.0,1900.0,4800.0,3900.0
Maharashtra,Mumbai APMC,Rice,2026-07-27,Other,633.6,3200.0,5000.0,4700.0
Maharashtra,Murud APMC,Rice,2026-07-27,Other,1.0,4000.0,4500.0,4250.0
Maharashtra,Nagpur APMC,Rice,2026-07-27,Other,1.0,3000.0,3200.0,3150.0
Maharashtra,Palghar APMC,Rice,2026-07-27,1009 Kar,19.0,5101.0,5101.0,5101.0
Maharashtra,Pune APMC,Rice,2026-07-27,Other,51.4,3100.0,3400.0,3250.0
Maharashtra,SHRI.SIDDHESHWAR  APMC,Rice,2026-07-27,Other,80.2,3500.0,7170.0,4175.0
Maharashtra,Tumsar APMC,Rice,2026-07-27,Other,0.2,4065.0,4065.0,4065.0
Maharashtra,Ulhasnagar APMC,Rice,2026-07-27,Other,57.0,4000.0,6000.0,5000.0
Maharashtra,APMC VASAI,Rice,2026-07-28,1009 Kar,37.5,3390.0,4960.0,4150.0
Maharashtra,Alibagh APMC,Rice,2026-07-28,Other,1.0,4000.0,4500.0,4250.0
Maharashtra,Bhandara APMC,Rice,2026-07-28,1009 Kar,0.1,5200.0,5200.0,5200.0
Maharashtra,Kalyan APMC,Rice,2026-07-28,Other,0.3,3400.0,3600.0,3500.0
Maharashtra,Karjat(Raigad) APMC,Rice,2026-07-28,Other,23.3,3800.0,5600.0,5000.0
Maharashtra,Kolhapur(Laxmipuri) APMC,Rice,2026-07-28,1009 Kar,26.2,2900.0,9650.0,6275.0
Maharashtra,Mangaon APMC,Rice,2026-07-28,Other,5.0,1900.0,4800.0,3800.0
Maharashtra,Mumbai APMC,Rice,2026-07-28,Other,257.5,7800.0,13000.0,11100.0
Maharashtra,Murud APMC,Rice,2026-07-28,Other,1.0,4000.0,4500.0,4250.0
Maharashtra,Nagpur APMC,Rice,2026-07-28,Other,2.0,6200.0,6500.0,6425.0
Maharashtra,Palghar APMC,Rice,2026-07-28,1009 Kar,25.0,4950.0,4950.0,4950.0
Maharashtra,Pune APMC,Rice,2026-07-28,Other,55.8,4600.0,6700.0,5650.0
Maharashtra,SHRI.SIDDHESHWAR  APMC,Rice,2026-07-28,Other,80.6,3555.0,7075.0,4180.0
Maharashtra,Sangli APMC,Rice,2026-07-28,Other,138.7,5000.0,9000.0,7000.0
Maharashtra,Ulhasnagar APMC,Rice,2026-07-28,Other,60.0,4000.0,5000.0,4500.0
Maharashtra,Alibagh APMC,Rice,2026-07-29,Other,1.0,4000.0,4500.0,4250.0
Maharashtra,Kalyan APMC,Rice,2026-07-29,Other,0.3,3400.0,3600.0,3500.0
Maharashtra,Karjat(Raigad) APMC,Rice,2026-07-29,Other,12.8,4000.0,5600.0,4700.0
Maharashtra,Kolhapur(Laxmipuri) APMC,Rice,2026-07-29,1009 Kar,1.6,2950.0,9750.0,6350.0
Maharashtra,Mangaon APMC,Rice,2026-07-29,Other,5.8,1900.0,4800.0,3800.0
Maharashtra,Mumbai APMC,Rice,2026-07-29,Other,291.1,8000.0,11000.0,10200.0
Maharashtra,Murud APMC,Rice,2026-07-29,Other,1.0,4000.0,4500.0,4250.0
Maharashtra,Nagpur APMC,Rice,2026-07-29,Other,1.7,6200.0,6500.0,6425.0
Maharashtra,Palghar APMC,Rice,2026-07-29,1009 Kar,34.0,4700.0,4700.0,4700.0
Maharashtra,Pune APMC,Rice,2026-07-29,Other,55.7,4500.0,6900.0,5700.0
Maharashtra,SHRI.SIDDHESHWAR  APMC,Rice,2026-07-29,Other,78.2,3560.0,7180.0,4165.0
Maharashtra,Sangli APMC,Rice,2026-07-29,Other,38.0,5000.0,9000.0,7000.0
Maharashtra,Ulhasnagar APMC,Rice,2026-07-29,Other,60.0,4000.0,5000.0,4500.0
Maharashtra,APMC VASAI,Rice,2026-07-30,1009 Kar,33.5,3250.0,4920.0,3790.0
Maharashtra,Alibagh APMC,Rice,2026-07-30,Other,1.0,4000.0,4500.0,4250.0
Maharashtra,Bhandara APMC,Rice,2026-07-30,Other,0.1,3100.0,3100.0,3100.0
Maharashtra,Kalyan APMC,Rice,2026-07-30,Other,0.3,3300.0,3500.0,3400.0
Maharashtra,Karjat(Raigad) APMC,Rice,2026-07-30,Other,24.2,4000.0,5600.0,4900.0
Maharashtra,Mangaon APMC,Rice,2026-07-30,Other,5.3,1900.0,4800.0,3800.0
Maharashtra,Mumbai APMC,Rice,2026-07-30,Other,286.0,8000.0,11000.0,10200.0
Maharashtra,Murud APMC,Rice,2026-07-30,Other,1.0,4000.0,4500.0,4250.0
Maharashtra,Palghar APMC,Rice,2026-07-30,1009 Kar,31.0,5270.0,5270.0,5270.0
Maharashtra,SHRI.SIDDHESHWAR  APMC,Rice,2026-07-30,Other,80.6,3560.0,7185.0,4190.0
Maharashtra,Sangli APMC,Rice,2026-07-30,Other,94.1,4500.0,9000.0,6750.0
Maharashtra,Ulhasnagar APMC,Rice,2026-07-30,Other,57.0,4000.0,6000.0,5000.0
Maharashtra,APMC VASAI,Rice,2026-07-31,1009 Kar,30.0,3390.0,4750.0,4260.0
Maharashtra,Alibagh APMC,Rice,2026-07-31,Other,1.0,4000.0,4500.0,4250.0
Maharashtra,Kalyan APMC,Rice,2026-07-31,Other,0.3,3500.0,8500.0,6000.0
Maharashtra,Mangaon APMC,Rice,2026-07-31,Other,16.9,1900.0,4800.0,3800.0
Maharashtra,Mumbai APMC,Rice,2026-07-31,Other,144.6,8000.0,11000.0,10200.0
Maharashtra,Murud APMC,Rice,2026-07-31,Other,1.0,4000.0,4500.0,4250.0
Maharashtra,Nagpur APMC,Rice,2026-07-31,Other,1.0,5000.0,5400.0,5300.0
Maharashtra,Palghar APMC,Rice,2026-07-31,1009 Kar,27.0,5320.0,5320.0,5320.0
Maharashtra,Pune APMC,Rice,2026-07-31,Other,51.8,3200.0,3400.0,3300.0
Maharashtra,SHRI.SIDDHESHWAR  APMC,Rice,2026-07-31,Other,66.9,3570.0,7190.0,4195.0
Maharashtra,Sangli APMC,Rice,2026-07-31,Other,58.0,4500.0,9000.0,6750.0
Maharashtra,Ulhasnagar APMC,Rice,2026-07-31,Other,52.0,4000.0,5000.0,4500.0
